29	::xa|baba:|b|xaxbab	25 7c3a7c3a78617c7c626162617c3a7c7c627c7c786178626162
11	b|babxx|	10 627c7c62616278787c7c
13	aabb	4 61616262
22	b::bxbbb|:a:|bb:a::xxax:a::	21 627c3a7c3a62786262627c7c7c3a617c3a7c7c6262
40	:b||ba:a:|ax|:|	24 7c3a627c7c7c7c62617c3a617c3a7c7c61787c7c7c3a7c7c
26	a|abxbab|:x:x:|ax::a|ab:xx	25 617c7c6162786261627c7c7c3a787c3a787c3a7c7c61787c3a
34	b::xa:::bab:|baaxx|abx::||baa	32 627c3a7c3a78617c3a7c3a7c3a6261627c3a7c7c62616178787c7c6162787c3a
6	bbxb|ab|:b	4 62627862
38	|:b|xbx||:|::||ba|xb|:ba|:x	36 7c7c7c3a627c7c7862787c7c7c7c7c3a7c7c7c3a7c3a7c7c7c7c62617c7c78627c7c7c3a
20	x:a:xa::x:|:::bxa|x:::|:x::	19 787c3a617c3a78617c3a7c3a787c3a7c7c7c3a
36	:|:b|::xbxbb:|:a|bxx	30 7c3a7c7c7c3a627c7c7c3a7c3a78627862627c3a7c7c7c3a617c7c627878
23	|:xx:abbx|xbbba|bbaba	21 7c7c7c3a78787c3a616262787c7c78626262617c7c
35	b|bxa||:|xaxbb:a:|:|ax:axx:a:x	34 627c7c6278617c7c7c7c7c3a7c7c78617862627c3a617c3a7c7c7c3a7c7c61787c3a
12	x::b||xx:|	10 787c3a7c3a627c7c7c7c
11	x|x|b	7 787c7c787c7c62
27	a:a|a:xxxb:x|||b|:|	25 617c3a617c7c617c3a787878627c3a787c7c7c7c7c7c627c7c
21	bxx::|:|a::|	20 6278787c3a7c3a7c7c7c3a7c7c617c3a7c3a7c7c
31	|aax	5 7c7c616178
38	:ab|a|x	10 7c3a61627c7c617c7c78
21	b|ab|:b:	12 627c7c61627c7c7c3a627c3a
32	x|xxaab::x:x:xa	20 787c7c78786161627c3a7c3a787c3a787c3a7861
3	:xbaa:x|axb	2 7c3a
30	|xx||||b:|a:a	21 7c7c78787c7c7c7c7c7c7c7c627c3a7c7c617c3a61
8	:|:bb|x|:xb|xxaab:	6 7c3a7c7c7c3a
5	aa:|a||aaabxab:|bbxb|baxb	4 61617c3a
34	a|a:axxa|xba|a:x|	23 617c7c617c3a617878617c7c7862617c7c617c3a787c7c
17	:ab:bxx:xxx	14 7c3a61627c3a6278787c3a787878
26	axb::xbb	10 6178627c3a7c3a786262
27	|bba:axaaaxx|b	17 7c7c6262617c3a617861616178787c7c62
25	||:axax|ab|baa|bbx|:b::x:||b	24 7c7c7c7c7c3a617861787c7c61627c7c6261617c7c626278
25	:|:xaxxbb|aaaabbba||	24 7c3a7c7c7c3a7861787862627c7c61616161626262617c7c
30		0 
38	:x|:||abbba:||b	23 7c3a787c7c7c3a7c7c7c7c61626262617c3a7c7c7c7c62
25	a:b:ba|a	11 617c3a627c3a62617c7c61
13	::aa||ba::|bbabaxbax|::b|::a|	12 7c3a7c3a61617c7c7c7c6261
33	bbbax|:a|a||baaxxx:aab|a	31 62626261787c7c7c3a617c7c617c7c7c7c6261617878787c3a6161627c7c61
6	b	1 62
17	|aa:||:aabbx|bx	16 7c7c61617c3a7c7c7c7c7c3a61616262
8	:a	3 7c3a61
31	bxabxa|x:||x|xba:	23 6278616278617c7c787c3a7c7c7c7c787c7c7862617c3a
9	bxab:|a:|:bbxa|ba|xb:a|bab::	8 627861627c3a7c7c
27	|:	4 7c7c7c3a
21	xa:bxa|baa|:a|xb:a:bb:|:	19 78617c3a6278617c7c6261617c7c7c3a617c7c
37	a	1 61
9	xaaaab:|:xabx|b:b::abxxb	8 7861616161627c3a
24	xxbb|||a	11 787862627c7c7c7c7c7c61
33	|b|x|b|abx	14 7c7c627c7c787c7c627c7c616278
16	xaab|abaaxb|:||	14 786161627c7c6162616178627c7c
18	:b:xx:	9 7c3a627c3a78787c3a
27	:bax||:bbb|	16 7c3a6261787c7c7c7c7c3a6262627c7c
13	a	1 61
9	a:b:||xxab|a	8 617c3a627c3a7c7c
31	xxxb|a:ax:x|x|x|	22 787878627c7c617c3a61787c3a787c7c787c7c787c7c
5	xxaxb|:xaxb::aaa:xx|:a:ba	4 78786178
27	a::xxxb|xaab:x||a||bxbx:	25 617c3a7c3a787878627c7c786161627c3a787c7c7c7c617c7c
7	ax:bab:::x	6 61787c3a6261
21	ba|bbaxxx||b||xxb:|:ax:b|aba	19 62617c7c6262617878787c7c7c7c627c7c7c7c
32	xxxb|b:xa:aa|bxa:b	23 787878627c7c627c3a78617c3a61617c7c6278617c3a62
40	|bx|aabbaa:b:xax|:bx	26 7c7c62787c7c6161626261617c3a627c3a7861787c7c7c3a6278
11	a:aabb::b|ab|x||aax:	9 617c3a616162627c3a
29	a||:a|:aa|:b:|b:|axa:	28 617c7c7c7c7c3a617c7c7c3a61617c7c7c3a627c3a7c7c627c3a7c7c
20	ax|ab|b:ab	13 61787c7c61627c7c627c3a6162
36	ax||bx|ba|:baab:aa:x||xaabb|a|	35 61787c7c7c7c62787c7c62617c7c7c3a626161627c3a61617c3a787c7c7c7c78616162
33	:x	3 7c3a78
3	aab|x|xxxaba||||	2 6161
12	b:b:b|a:b||b:b|::aab|aa|a|	10 627c3a627c3a627c7c61
32	a|:x|b	9 617c7c7c3a787c7c62
8	a:xaab|	7 617c3a78616162
8	b::bb:xx	7 627c3a7c3a6262
31	aa|:::|xx	14 61617c7c7c3a7c3a7c3a7c7c7878
31	bxb:axa|bb|aaab|bxxb:axba|:ax:	30 6278627c3a6178617c7c62627c7c616161627c7c627878627c3a61786261
31	aa:xx:xx||:bxa	19 61617c3a78787c3a78787c7c7c7c7c3a627861
36	b	1 62
6	|ax:x:|b|:a|axxbx|a	4 7c7c6178
11	aa:b::::|ba::a:|bb:x|bx	9 61617c3a627c3a7c3a
39	a:xaa|ax|aax|a|xx|	24 617c3a7861617c7c61787c7c6161787c7c617c7c78787c7c
32	xaaxaaa	7 78616178616161
22	xxa:a|::|	14 7878617c3a617c7c7c3a7c3a7c7c
23	a:x|||bb:	14 617c3a787c7c7c7c7c7c62627c3a
38	xb|ab:a||xx|bbb|bx|x:ab|:x|xxb	36 78627c7c61627c3a617c7c7c7c78787c7c6262627c7c62787c7c787c3a61627c7c7c3a78
9	b|x:::x	8 627c7c787c3a7c3a
8	:|:x:|	6 7c3a7c7c7c3a
9	aa:aa:xbax|b::a|:a:a::||aa:aba	8 61617c3a61617c3a
9	x|a||ab|axx:ax::a||abbaxx	8 787c7c617c7c7c7c
30	x|	3 787c7c
32	::x	5 7c3a7c3a78
28	|abxb|bb:xab:a|:|xxx::b:||	27 7c7c616278627c7c62627c3a7861627c3a617c7c7c3a7c7c787878
6	xabxb|a|bbbba|:x|b|a:x::	5 7861627862
36	xaba:xx||xx:x:a:b	23 786162617c3a78787c7c7c7c78787c3a787c3a617c3a62
29	:|:b:baa|b:|:	21 7c3a7c7c7c3a627c3a6261617c7c627c3a7c7c7c3a
18	x|:xx:xabx|ax||:abxa|abbbx	17 787c7c7c3a78787c3a786162787c7c6178
38	|a||b:abbxax:|x:ba:xx	29 7c7c617c7c7c7c627c3a6162627861787c3a7c7c787c3a62617c3a7878
32	|a:xab|a|abbab||||:xaaxx	31 7c7c617c3a7861627c7c617c7c61626261627c7c7c7c7c7c7c7c7c3a786161
28	xxxxba|xba:bax:abb|aa|a:b|	27 7878787862617c7c7862617c3a6261787c3a6162627c7c61617c7c
28	a|bbb	6 617c7c626262
26	|b|a:|xb:ab||x|bb:x:abxb:ax|	25 7c7c627c7c617c3a7c7c78627c3a61627c7c7c7c787c7c6262
37	b:baxb|aax|:a|b:aax:|:x|:x	36 627c3a626178627c7c6161787c7c7c3a617c7c627c3a6161787c3a7c7c7c3a787c7c7c3a
33	b||x|ab|:axax	18 627c7c7c7c787c7c61627c7c7c3a61786178
14	ax:aa:|	10 61787c3a61617c3a7c7c
33	:a:axaaa|x	13 7c3a617c3a61786161617c7c78
31	|:b|:x	10 7c7c7c3a627c7c7c3a78
25	axb:ax:a|:|ab:|a:b	23 6178627c3a61787c3a617c7c7c3a7c7c61627c3a7c7c61
35	a|:a|:a|axb:::|xx:xxa	31 617c7c7c3a617c7c7c3a617c7c6178627c3a7c3a7c3a7c7c78787c3a787861
14	||bx||aba|:a::|xxa	13 7c7c7c7c62787c7c7c7c616261
31		0 
40	:axa	5 7c3a617861
33	aaa:::|ba||:b:xxx||x|ab:	32 6161617c3a7c3a7c3a7c7c62617c7c7c7c7c3a627c3a7878787c7c7c7c787c7c
31	xaa|:::a||	16 7861617c7c7c3a7c3a7c3a617c7c7c7c
29	bbx|::bb	11 6262787c7c7c3a7c3a6262
28		0 
27	:bxb|xx|a:	14 7c3a6278627c7c78787c7c617c3a
15	b	1 62
33	|b|xxaax:a::x:baab|a:	29 7c7c627c7c78786161787c3a617c3a7c3a787c3a626161627c7c617c3a
7	bab::b:|aaaba:ab	5 6261627c3a
16	ax:::|b::a|bb|a:|bax	15 61787c3a7c3a7c3a7c7c627c3a7c3a
23	xa:|a:a|baab	16 78617c3a7c7c617c3a617c7c62616162
20	bx|aax:x|::	16 62787c7c6161787c3a787c7c7c3a7c3a
21	bx:|baxxbbax:abbb|xb	20 62787c3a7c7c62617878626261787c3a61626262
3	bbbaxxxx|b|::axbx|xa:x|xa:	2 6262
4	bxb:|:|xx:bb|xxba	3 627862
28	|b:xab:b:|:a::axbaxb:||:a|||b	27 7c7c627c3a7861627c3a627c3a7c7c7c3a617c3a7c3a6178626178
6	|xa|xxabx::xb:|xxb|bx	4 7c7c7861
31	b|||xb|||	15 627c7c7c7c7c7c78627c7c7c7c7c7c
30	xbb:bbaa||xaba|xbaaa	24 7862627c3a626261617c7c7c7c786162617c7c7862616161
23	baa:|xx:bb|x|x	19 6261617c3a7c7c78787c3a62627c7c787c7c78
23	x	1 78
34		0 
15	b	1 62
3	:::bb|ax||b:|:b:|	2 7c3a
38	abb::b:b:a	14 6162627c3a7c3a627c3a627c3a61
23	:axx:abaa|:bxb:	20 7c3a6178787c3a616261617c7c7c3a6278627c3a
22	ba|||aa:x|aaa::x|bb:x::a||xa||	20 62617c7c7c7c7c7c61617c3a787c7c6161617c3a
4	|a:xab|aaxbxx|xb|xx:bba	2 7c7c
3	x||	1 78
16	|:xb:|:bb||:a:axxx:|a|abab|xxb	14 7c7c7c3a78627c3a7c7c7c3a6262
13	bax|bb||xb|	11 6261787c7c62627c7c7c7c
20	:|a|:a|::xbax:::xa:::bb|x|:	19 7c3a7c7c617c7c7c3a617c7c7c3a7c3a786261
10	|bxba:aab|xx|	8 7c7c627862617c3a
24	b:b|axa|:b:b|	19 627c3a627c7c6178617c7c7c3a627c3a627c7c
17	:|:bba|:	13 7c3a7c7c7c3a6262617c7c7c3a
22	|:	4 7c7c7c3a
24	:b	3 7c3a62
4	|b|b||:xxaxba|bx	2 7c7c
21	x::aax:|axbbx::bx|bbx|	19 787c3a7c3a6161787c3a7c7c61786262787c3a
29	||::::a:||xxb:aaaxa	28 7c7c7c7c7c3a7c3a7c3a7c3a617c3a7c7c7c7c7878627c3a61616178
34	xa:b||a|x::x:axxbxxa	27 78617c3a627c7c7c7c617c7c787c3a7c3a787c3a61787862787861
17	a::b	6 617c3a7c3a62
10	a|ab|ab|a:aaxxbxxbx|xx|:	9 617c7c61627c7c6162
4	bx|x:x|	2 6278
10	b|:ba|a|b:x||||b::||	9 627c7c7c3a62617c7c
26	axabx|b::|a::|aaaaaxbab||:|b	25 61786162787c7c627c3a7c3a7c7c617c3a7c3a7c7c61616161
40	ba::a|	9 62617c3a7c3a617c7c
3	bx:bxxbab|ba	2 6278
33	::|||a|xa:bxxaxaax:aa	29 7c3a7c3a7c7c7c7c7c7c617c7c78617c3a62787861786161787c3a6161
40	axbx|ab|:aaab|::b:x|xbbbbba	35 617862787c7c61627c7c7c3a616161627c7c7c3a7c3a627c3a787c7c78626262626261
12	|a:x|babax|b	11 7c7c617c3a787c7c626162
30	:b:xa::b:x:b	18 7c3a627c3a78617c3a7c3a627c3a787c3a62
33	b|b:abxx::ba|aaxb:::a|b	31 627c7c627c3a616278787c3a7c3a62617c7c616178627c3a7c3a7c3a617c7c
10	b|bxb::b|aa::|b:axa|x:xx	8 627c7c6278627c3a
30	|||xax:x|b	15 7c7c7c7c7c7c7861787c3a787c7c62
15	aa::|:x:	13 61617c3a7c3a7c7c7c3a787c3a
12	:b:	5 7c3a627c3a
16	abab:xabxx:x:|a|:|||bab	14 616261627c3a78616278787c3a78
13	:bxb:|b|:||xb::ax:	12 7c3a6278627c3a7c7c627c7c
24	|axxx|axx:bax|xba||a:	23 7c7c617878787c7c6178787c3a6261787c7c7862617c7c
13	b|xa:	7 627c7c78617c3a
30	a|:x:xbx:bbbbb:	20 617c7c7c3a787c3a7862787c3a62626262627c3a
3	|bb|xabb:xba:b|	2 7c7c
32	|:ba	6 7c7c7c3a6261
32	:baxb|b:||axb:abaaa:||bb|||a|	31 7c3a626178627c7c627c3a7c7c7c7c6178627c3a61626161617c3a7c7c7c7c
40	:b|aba::x	13 7c3a627c7c6162617c3a7c3a78
27	|x	3 7c7c78
24	|axxx|b	9 7c7c617878787c7c62
26	||bb::xbb|xa:x|x:bx::::xx	25 7c7c7c7c62627c3a7c3a7862627c7c78617c3a787c7c787c3a
13	a|b|x:	9 617c7c627c7c787c3a
24		0 
22	bb:|b:|bbx	14 62627c3a7c7c627c3a7c7c626278
31	|bxb|abxx:|aa:x:b|ba|:bx:|ab::	29 7c7c6278627c7c616278787c3a7c7c61617c3a787c3a627c7c62617c7c
40	ab	2 6162
24	aaa	3 616161
12	||x:xx:||a:abb|x:ab	11 7c7c7c7c787c3a78787c3a
31	ab:bx:|:a|bb:b:bxb	25 61627c3a62787c3a7c7c7c3a617c7c62627c3a627c3a627862
14	bbxxx||xbbbxbx:xxb:x|x	13 62627878787c7c7c7c78626262
22	b	1 62
16	|a:x:|:aaabbb|:	15 7c7c617c3a787c3a7c7c7c3a616161
32	bb:b|	7 62627c3a627c7c
25		0 
13	ab:x|	7 61627c3a787c7c
38	bxxxa|:b|aabx	16 62787878617c7c7c3a627c7c61616278
12	b|b|||	10 627c7c627c7c7c7c7c7c
20	|x:a:	8 7c7c787c3a617c3a
15	:x|xaaxx:::aabx:|:baa|	14 7c3a787c7c78616178787c3a7c3a
6	xb:aaaa	4 78627c3a
37	:|:aa|xx:ax	16 7c3a7c7c7c3a61617c7c78787c3a6178
33	aa::b|:x::axb:b|bxbx	28 61617c3a7c3a627c7c7c3a787c3a7c3a6178627c3a627c7c62786278
35	:||xx|::	14 7c3a7c7c7c7c78787c7c7c3a7c3a
5	:xxb:b|b|	4 7c3a7878
40	:xx|:|xx|	14 7c3a78787c7c7c3a7c7c78787c7c
12	:xx|x::b||:aab:||ax:ba	11 7c3a78787c7c787c3a7c3a
33	b|b::b||bb:xaxxaxxxx||:ax	32 627c7c627c3a7c3a627c7c7c7c62627c3a7861787861787878787c7c7c7c7c3a
28	ab|a::bax|bxbx|axx|xb:aabab|a	27 61627c7c617c3a7c3a6261787c7c627862787c7c6178787c7c7862
14	a:xbbx:bbb|xx|	12 617c3a786262787c3a626262
21	|xba|xxa||ab|x	19 7c7c7862617c7c7878617c7c7c7c61627c7c78
24	:x::xx|abaxxx	17 7c3a787c3a7c3a78787c7c616261787878
4	bxa	3 627861
21	a|a:a:x:a::|:x|abx:	19 617c7c617c3a617c3a787c3a617c3a7c3a7c7c
29	x|:abx|a:b:x::|ax|b|a|ba	27 787c7c7c3a6162787c7c617c3a627c3a787c3a7c3a7c7c61787c7c
5	|a::aaa:::xx|abb::xbax|ba::	3 7c7c61
8	:	2 7c3a
8	a:b	4 617c3a62
16	b:|b	6 627c3a7c7c62
32	a	1 61
13	a|xbxxax	9 617c7c786278786178
16	ab::	6 61627c3a7c3a
36	bb||:bx|x|x:xbb	21 62627c7c7c7c7c3a62787c7c787c7c787c3a786262
15	b	1 62
28	:xaa:bxxbxa|a:aba	21 7c3a7861617c3a6278786278617c7c617c3a616261
16	a|x:xxaa|xax:xxbxbbx:b|x:|::xx	15 617c7c787c3a787861617c7c786178
33	b|bb:abx:aax:	17 627c7c62627c3a6162787c3a6161787c3a
39	b:b::xbxa:	14 627c3a627c3a7c3a786278617c3a
17	a|ba:||||xb|bbbbbxx|:a:a|bab	15 617c7c62617c3a7c7c7c7c7c7c7c7c
25	:ab	4 7c3a6162
23	axb::aabxa:aabx|:b:a:	22 6178627c3a7c3a61616278617c3a616162787c7c7c3a
27	b|:ax|bbxaxb|:|xxx|	26 627c7c7c3a61787c7c6262786178627c7c7c3a7c7c7878787c7c
6	:bx:bb|b|:ax	4 7c3a6278
9	a|xax:a||aaa:::aa|	8 617c7c7861787c3a
22	xbbbaxx:|x:bxa	17 786262626178787c3a7c7c787c3a627861
35	:bxb:axx:x:x:::|	24 7c3a6278627c3a6178787c3a787c3a787c3a7c3a7c3a7c7c
27	b|:xxa|aaxx|a|aba:|b|aaax:a:	26 627c7c7c3a7878617c7c616178787c7c617c7c6162617c3a7c7c
33	x|axx:xaa|a|ba|b:x	24 787c7c6178787c3a7861617c7c617c7c62617c7c627c3a78
3	xab	2 7861
18	:bxbba|a:aaxbaa||	17 7c3a62786262617c7c617c3a6161786261
34	bx:xx	6 62787c3a7878
29	|	2 7c7c
39	|axa:bax|ax:bax|ab::a|aax||	37 7c7c6178617c3a6261787c7c61787c3a6261787c7c61627c3a7c3a617c7c6161787c7c7c7c
19	||:|xaax:a:xxx:b::a|x|:a	17 7c7c7c7c7c3a7c7c786161787c3a617c3a
37	xbb:x::||xabx:|:aba::a	32 7862627c3a787c3a7c3a7c7c7c7c786162787c3a7c7c7c3a6162617c3a7c3a61
25	a:|b:xa|b:xbxx:b:baa|ab:a:	24 617c3a7c7c627c3a78617c7c627c3a786278787c3a627c3a
40	x:bxxabaa|b||b|abxx|	26 787c3a627878616261617c7c627c7c7c7c627c7c616278787c7c
34	a	1 61
18	|baa|x	8 7c7c6261617c7c78
28	ax::xa:ax||bxa	19 61787c3a7c3a78617c3a61787c7c7c7c627861
22	a::a	6 617c3a7c3a61
39	xxx	3 787878
19	bb|x:x|ax|a:axabxa:a:	17 62627c7c787c3a787c7c61787c7c617c3a
24	xa|bbxb:xa:baab|a:x|axb::b|	23 78617c7c626278627c3a78617c3a626161627c7c617c3a
40	||axxx|xa|b:xbxaa|:b|:b:	34 7c7c7c7c617878787c7c78617c7c627c3a78627861617c7c7c3a627c7c7c3a627c3a
23	::ba|aa|xab:	17 7c3a7c3a62617c7c61617c7c7861627c3a
25	b|bb:x||ax	14 627c7c62627c3a787c7c7c7c6178
16	:axx:bxx:|:abx:xb	14 7c3a6178787c3a6278787c3a7c7c
34	|b|x	6 7c7c627c7c78
28	||b	5 7c7c7c7c62
40	x|xbx:xbxxxb|:axa	21 787c7c7862787c3a7862787878627c7c7c3a617861
36	b:abax:|x|xa:xabb:|xab:ba:bab	35 627c3a616261787c3a7c7c787c7c78617c3a786162627c3a7c7c7861627c3a62617c3a
15	aaxb:x:a:x|a||aaa:|a:b:|||ax	13 616178627c3a787c3a617c3a78
9	:xabb:bbbbabxa|	8 7c3a786162627c3a
26	b:aa|:aaaab:a:|bx	23 627c3a61617c7c7c3a61616161627c3a617c3a7c7c6278
34	:|bxbbbxbbbba|	17 7c3a7c7c62786262627862626262617c7c
34	xa:a|:	9 78617c3a617c7c7c3a
21	aa:a::xx|bax::b|bbbaa|x::ax:	20 61617c3a617c3a7c3a78787c7c6261787c3a7c3a
10	bxabx::xx|xbxxxbbxa:xbbxbxab|	9 62786162787c3a7c3a
39	bax	3 626178
16		0 
27	b:|x	6 627c3a7c7c78
9	abx|bb:aa:|xaaxabb	7 6162787c7c6262
30	:|:x||a:b||bxa|a|axa	29 7c3a7c7c7c3a787c7c7c7c617c3a627c7c7c7c6278617c7c617c7c6178
30	b:|xaaba|b::babaabbxa:	28 627c3a7c7c78616162617c7c627c3a7c3a6261626161626278617c3a
38	xb|xabx:a:a:ba	18 78627c7c786162787c3a617c3a617c3a6261
7	abx:||a	5 6162787c3a
31	aaxxbb|a|x::ab|axbbaaa	27 6161787862627c7c617c7c787c3a7c3a61627c7c61786262616161
27	a|abaa	7 617c7c61626161
35	a:xxx:bx|ax|	16 617c3a7878787c3a62787c7c61787c7c
4	ax:|ba:xx:a:::|bb|x:x	2 6178
34	b|:	5 627c7c7c3a
17	x||	5 787c7c7c7c
21	:|xa:|xx:a|xb|ab|ab:ba|baaax	19 7c3a7c7c78617c3a7c7c78787c3a617c7c7862
23	|a|bxxbbxab|xxxx|||	21 7c7c617c7c62787862627861627c7c787878787c7c
30	|abbbbab|aa:a:xaa:axa|b:|x|	28 7c7c616262626261627c7c61617c3a617c3a7861617c3a6178617c7c
25	a|xabba:x||ba|	19 617c7c78616262617c3a787c7c7c7c62617c7c
14	a:bbaxa:aaxbxa||xaaxaa	13 617c3a62626178617c3a616178
37	|:xbaxa:ab:b:x::xx|	27 7c7c7c3a78626178617c3a61627c3a627c3a787c3a7c3a78787c7c
23	:xxab||||:x::b:|a	21 7c3a787861627c7c7c7c7c7c7c7c7c3a787c3a7c3a
25	b:x:axb|xbx:|:ba:xax:|	24 627c3a787c3a6178627c7c7862787c3a7c7c7c3a62617c3a
27	b:bx:	7 627c3a62787c3a
13	:|aa:ba|aaaxb||bab	12 7c3a7c7c61617c3a62617c7c
22	xb:|xb:xb:	14 78627c3a7c7c78627c3a78627c3a
23	bb|||:xab::x::	22 62627c7c7c7c7c7c7c3a7861627c3a7c3a787c3a7c3a
36	bax:||a|:x:ab::ba	25 6261787c3a7c7c7c7c617c7c7c3a787c3a61627c3a7c3a6261
13		0 
8	:||:|ba|:aaa	6 7c3a7c7c7c7c
35	b|:bb::bbxb::	19 627c7c7c3a62627c3a7c3a626278627c3a7c3a
13	x:ax:|:xab|xx	11 787c3a61787c3a7c7c7c3a
38	a:b|xaxabxaax|bx|:b|:bbx	31 617c3a627c7c7861786162786161787c7c62787c7c7c3a627c7c7c3a626278
17	a:bbx|bxx|a:xaaa|:	16 617c3a6262787c7c6278787c7c617c3a
15	|:x|b:::abxx||b|a	14 7c7c7c3a787c7c627c3a7c3a7c3a
7	aa:ba|x|x|||b	6 61617c3a6261
13	bbxx::a|:bxa||xba:	11 626278787c3a7c3a617c7c
24	a||x:axxbbbb::b|xaa	22 617c7c7c7c787c3a617878626262627c3a7c3a627c7c
34	:xb|xx:||aba::a:aab::x	32 7c3a78627c7c78787c3a7c7c7c7c6162617c3a7c3a617c3a6161627c3a7c3a78
8	x|:||:axa::bb:x	7 787c7c7c3a7c7c
35	xxb	3 787862
21	ba:b|:xxbba|||bx|bxxbx	20 62617c3a627c7c7c3a78786262617c7c7c7c7c7c
39	x|b|:::|||b	19 787c7c627c7c7c3a7c3a7c3a7c7c7c7c7c7c62
15	:xx|axa|aaaax|ax::xxbb:bbx|axa	14 7c3a78787c7c6178617c7c616161
29	||b	5 7c7c7c7c62
36	:a|||a::xa|xxb::xb|aax::|a	34 7c3a617c7c7c7c7c7c617c3a7c3a78617c7c7878627c3a7c3a78627c7c6161787c3a
5	:::abb|aa::|bb:xba|x|xa	4 7c3a7c3a
19	|a|x||||bx:	18 7c7c617c7c787c7c7c7c7c7c7c7c62787c3a
33	xabxaba|a|xbb:x|xx:x|:xa:aaa|	31 786162786162617c7c617c7c7862627c3a787c7c78787c3a787c7c7c3a7861
30	b::aax:|x:	15 627c3a7c3a6161787c3a7c7c787c3a
22	ba:|aabbabbxbaaaxa|a:|	20 62617c3a7c7c6161626261626278626161617861
24	b|bb:aba|xaxx|:xxabx|a|a|:x	23 627c7c62627c3a6162617c7c786178787c7c7c3a787861
4	:bx:|:::|b	2 7c3a
24	baxab|aaxa::abxbaxxb:baaa	23 62617861627c7c616178617c3a7c3a6162786261787862
5	b|b:ax:abbb:x:baxxab:b	3 627c7c
10	ba|xaa:	9 62617c7c7861617c3a
33	::|aa|xbxxabx	17 7c3a7c3a7c7c61617c7c78627878616278
3	a	1 61
38		0 
38	x	1 78
11	xa|	4 78617c7c
31	x::bb|xaabb|x:|bba|xxa|b:bbabx	29 787c3a7c3a62627c7c78616162627c7c787c3a7c7c6262617c7c787861
13	|bx|b:a||:bx	12 7c7c62787c7c627c3a617c7c
35	b|:::||a|a:x::a:bxxbx|b	34 627c7c7c3a7c3a7c3a7c7c7c7c617c7c617c3a787c3a7c3a617c3a62787862787c7c
39	|abbbb:b:|:b:axbaa:bx::axbx	36 7c7c61626262627c3a627c3a7c7c7c3a627c3a61786261617c3a62787c3a7c3a61786278
39	|:|b|a	10 7c7c7c3a7c7c627c7c61
36	a|a|xx||bb:|b:bxa|bx|b	31 617c7c617c7c78787c7c7c7c62627c3a7c7c627c3a6278617c7c62787c7c62
25	:x:x	6 7c3a787c3a78
37	|:xaxx:a	11 7c7c7c3a786178787c3a61
15		0 
25	a:x:||	10 617c3a787c3a7c7c7c7c
10	:|xa|xb:|x|bb:b|aa:|::xa	8 7c3a7c7c78617c7c
20	:x|xxaba:||bxa	19 7c3a787c7c78786162617c3a7c7c7c7c627861
9	||xxa|aaaa||	7 7c7c7c7c787861
19	:axbbbxxb	10 7c3a6178626262787862
32	:x:b	6 7c3a787c3a62
23	|b:xxb||aa:||:axb:bxxaxxx:::a	22 7c7c627c3a7878627c7c7c7c61617c3a7c7c7c7c7c3a
25	x|:bax|	10 787c7c7c3a6261787c7c
37	bbbbbabxxb|xbaa:b:	21 626262626261627878627c7c786261617c3a627c3a
40	aab|a|||:|b:a:	22 6161627c7c617c7c7c7c7c7c7c3a7c7c627c3a617c3a
12	b:a:a|b|::x:xx|bb|x	10 627c3a617c3a617c7c62
33	x:||::|bx:x|:|xaabbx	30 787c3a7c7c7c7c7c3a7c3a7c7c62787c3a787c7c7c3a7c7c786161626278
30	||xba:b	10 7c7c7c7c7862617c3a62
9	:|:a|x:baxaxaxba|x	7 7c3a7c7c7c3a61
4	axb:b|::ax|x:|ax:axaba||x	3 617862
16	:b|ba:xab:xax||b::x|:bbx	14 7c3a627c7c62617c3a7861627c3a
28	:|b|b:|aa:x|x:|x|b:xabba:|xa	27 7c3a7c7c627c7c627c3a7c7c61617c3a787c7c787c3a7c7c787c7c
17	|:abb:a:x::bbxaxbx:bx|:b|b|bb	15 7c7c7c3a6162627c3a617c3a787c3a
40	bb:b|a	8 62627c3a627c7c61
19	xx|ab::x:x||b:|axx:x|b|a:	18 78787c7c61627c3a7c3a787c3a787c7c7c7c
34	xxb:ba:x|a:xa:|b|abx	27 7878627c3a62617c3a787c7c617c3a78617c3a7c7c627c7c616278
13	|||:	8 7c7c7c7c7c7c7c3a
11		0 
10	::bb|b|b|x:a:||aba|:|baa:a:	8 7c3a7c3a62627c7c
5	|::a	4 7c7c7c3a
11	bbbb::|:a|:|x:aaaaaa:x:|	10 626262627c3a7c3a7c7c
6	|:::|abxx:|bbb	4 7c7c7c3a
28	x|::xb|axxxbx:b:::baaa|||b	26 787c7c7c3a7c3a78627c7c6178787862787c3a627c3a7c3a7c3a
37	aa:aa:b:x:ab:|baa|:	27 61617c3a61617c3a627c3a787c3a61627c3a7c7c6261617c7c7c3a
22	aa|	4 61617c7c
31	||bb:x|x	12 7c7c7c7c62627c3a787c7c78
17	a:bb|xb::ax:a	15 617c3a62627c7c78627c3a7c3a6178
11	:ab:baaab|:b:bx|xxb|aaxa:a:xb|	10 7c3a61627c3a62616161
9	axa:|:ba	7 6178617c3a7c7c
5	x::|b||b||abxa:bb:aabxxbx|b	3 787c3a
32	:xx:a|xaxx||:a|::x	27 7c3a78787c3a617c7c786178787c7c7c7c7c3a617c7c7c3a7c3a78
4	bb:|abx	2 6262
11	x:|x|||baaa::x:a	10 787c3a7c7c787c7c7c7c
21	|xb	4 7c7c7862
32	:|:b:b:	12 7c3a7c7c7c3a627c3a627c3a
5	bx|x	4 62787c7c
37	ba	2 6261
4	axbbx|b	3 617862
3	x|ax|axa||:xaxb|xabx	1 78
33	xb|babb:ax|xxb:	19 78627c7c626162627c3a61787c7c7878627c3a
25	||:	6 7c7c7c7c7c3a
33	a|:::b::a:b|x|bx:	27 617c7c7c3a7c3a7c3a627c3a7c3a617c3a627c7c787c7c62787c3a
26	::axabba	10 7c3a7c3a617861626261
14	a:abxaabbx:abax|a|x|x|xx	13 617c3a61627861616262787c3a
26	:aabbabxxb:axxxxbaxx|ab	24 7c3a6161626261627878627c3a6178787878626178787c7c
33		0 
17	b||axaa	9 627c7c7c7c61786161
34	b:|:|a	10 627c3a7c7c7c3a7c7c61
35	b	1 62
3	:a	2 7c3a
19	||axxaa|	11 7c7c7c7c61787861617c7c
8	||:bxa:bxba	6 7c7c7c7c7c3a
33	|:||abb|xx::x:xa::b|	31 7c7c7c3a7c7c7c7c6162627c7c78787c3a7c3a787c3a78617c3a7c3a627c7c
18	xaaxaaxba:abb|a:x|x:bx:	16 7861617861617862617c3a6162627c7c
21	|||xxb|bx|	15 7c7c7c7c7c7c7878627c7c62787c7c
29	x	1 78
35	bbbx|xx||:|:ab:x:ax	27 626262787c7c78787c7c7c7c7c3a7c7c7c3a61627c3a787c3a6178
22	aa::|:|axbaababb:||:x|xbxaax	21 61617c3a7c3a7c7c7c3a7c7c617862616162616262
29	xxxax:a::x::x	18 78787861787c3a617c3a7c3a787c3a7c3a78
10	b|:a|a:a|xb:axx::	8 627c7c7c3a617c7c
40	ba:a|ba||ab:b:|	22 62617c3a617c7c62617c7c7c7c61627c3a627c3a7c7c
28	::axaxb||bxabx|:ab:|bbb::bbb	26 7c3a7c3a61786178627c7c7c7c62786162787c7c7c3a61627c3a
12	xax|xx	7 7861787c7c7878
14	|x|abxxxx:a|xaaaa:abxb||:aabab	13 7c7c787c7c6162787878787c3a
24	|bx|aa:bx:aaaa||	22 7c7c62787c7c61617c3a62787c3a616161617c7c7c7c
27	ax||b:a:	12 61787c7c7c7c627c3a617c3a
30	bax:xx::aaba|axabbab:::	28 6261787c3a78787c3a7c3a616162617c7c617861626261627c3a7c3a
21	b:||x|:a|	15 627c3a7c7c7c7c787c7c7c3a617c7c
21	ab|bxxbbaa	11 61627c7c62787862626161
40	:xbb:a|:|a|xxbb|:|	27 7c3a7862627c3a617c7c7c3a7c7c617c7c787862627c7c7c3a7c7c
27	:aaab||aa:xxx:	19 7c3a616161627c7c7c7c61617c3a7878787c3a
16	b|:xa::bbxx:b:|xa:::xbaxbxxx	15 627c7c7c3a78617c3a7c3a62627878
31	xabx|a|xax|a:xaxx:|	25 786162787c7c617c7c7861787c7c617c3a786178787c3a7c7c
18		0 
16	b:xb|:aab|b|xxaxxa	14 627c3a78627c7c7c3a6161627c7c
10	bxb:	5 6278627c3a
24	:bxx||:x|a|xa:x:::|aaxx|baxab|	22 7c3a6278787c7c7c7c7c3a787c7c617c7c78617c3a78
32	aa:a:bab::bbx:|::x|aa|xxbx	30 61617c3a617c3a6261627c3a7c3a6262787c3a7c7c7c3a7c3a787c7c6161
25	xbxa:|ab|bx|:|:b|||xxaab|ba:	23 786278617c3a7c7c61627c7c62787c7c7c3a7c7c7c3a62
38	abxbxb:|xa|:	16 6162786278627c3a7c7c78617c7c7c3a
32	:b|ab:bbb|x::bbx::x|x:aax	30 7c3a627c7c61627c3a6262627c7c787c3a7c3a6262787c3a7c3a787c7c78
27	::ba:aaaa|:|xxxxbbxb|b|b|bb	26 7c3a7c3a62617c3a616161617c7c7c3a7c7c7878787862627862
6	:bx::||abaa|x|aaxb:b:x	4 7c3a6278
12	xxab::a:x|:||xx:a::|:|baa	11 787861627c3a7c3a617c3a
30	aa||a:|||x|xbb|:x	26 61617c7c7c7c617c3a7c7c7c7c7c7c787c7c7862627c7c7c3a78
27		0 
24	xx|ba||x||:a|ba:ba||b:	22 78787c7c62617c7c7c7c787c7c7c7c7c3a617c7c6261
7	||ba|x|xxa:a	6 7c7c7c7c6261
39	b|x|	6 627c7c787c7c
15	bbxaaaa||bab||	14 626278616161617c7c7c7c626162
19	bbxa	4 62627861
12		0 
26	b|x:x:||x:|:b::::aaxb	25 627c7c787c3a787c3a7c7c7c7c787c3a7c7c7c3a627c3a7c3a
15	:x|bxb	8 7c3a787c7c627862
26	bb:|bab||:|:xbax	23 62627c3a7c7c6261627c7c7c7c7c3a7c7c7c3a78626178
26	x::a|xa|x::x|xx:x:	24 787c3a7c3a617c7c78617c7c787c3a7c3a787c7c78787c3a
6	:ab||b::xa:bb	4 7c3a6162
7	xa::x|||:aab::|xb:	6 78617c3a7c3a
5	axxxx::xb	4 61787878
29	::b|abbabxx:::	20 7c3a7c3a627c7c616262616278787c3a7c3a7c3a
4	bx	2 6278
17	xbxb:::	10 786278627c3a7c3a7c3a
36	xx:bx:aabx:b	15 78787c3a62787c3a616162787c3a62
11	xabb:x::a|b:|::baa:baabxxb	9 786162627c3a787c3a
24	||x:bb:bxbx|b:ab|	22 7c7c7c7c787c3a62627c3a627862787c7c627c3a6162
28	::bx	6 7c3a7c3a6278
8		0 
5	ax:xaxbx:bxa|x:||bxxbx	4 61787c3a
34	|aa|xabb	10 7c7c61617c7c78616262
15	aax||x||:bxxbx::axx	14 6161787c7c7c7c787c7c7c7c7c3a
30	b	1 62
39	:xbaa	6 7c3a78626161
5	|b||bbaa:bax:xa::|bxba:bx|x	3 7c7c62
8	abxababxxa:ba::b	7 61627861626162
20	|x||a:|xbbbx:a|::x	19 7c7c787c7c7c7c617c3a7c7c78626262787c3a
20	|axx:xb:a:bb|bbxb|xa:a:|:|:bxb	18 7c7c6178787c3a78627c3a617c3a62627c7c
19	b:a|abbxb||b::::|::::aab	18 627c3a617c7c61626278627c7c7c7c627c3a
13	a||b:b:xx||:x:ab|:b	11 617c7c7c7c627c3a627c3a
7	x:a|bxx:bab	6 787c3a617c7c
25	|a:bxx|	10 7c7c617c3a6278787c7c
3	|axa|ab	2 7c7c
21	b|x|a|::xbbb::bb|aaa:a:	19 627c7c787c7c617c7c7c3a7c3a786262627c3a
36	a|bbx:xxa|bab:xb:baxb:aa	30 617c7c6262787c3a7878617c7c6261627c3a78627c3a626178627c3a6161
25	b:bb	5 627c3a6262
39	bxx|baax|:xabb||a||x|xa:|:	37 6278787c7c626161787c7c7c3a786162627c7c7c7c617c7c7c7c787c7c78617c3a7c7c7c3a
23	aaaaa::b:|	14 61616161617c3a7c3a627c3a7c7c
15	bbx||a	8 6262787c7c7c7c61
37	x|x|abb::|b:x	19 787c7c787c7c6162627c3a7c3a7c7c627c3a78
13	:b|ab|aaxaaxxa::axba|:||:ba:|	12 7c3a627c7c61627c7c616178
18	b|baxa:axx|x	15 627c7c626178617c3a6178787c7c78
39	|x::b	8 7c7c787c3a7c3a62
26	:	2 7c3a
17	x:::x	8 787c3a7c3a7c3a78
4	:|b:xa:a:b|xxbxb::a|abx:a	2 7c3a
6		0 
39	:||bxbbx:baaa:x||axb:x|x|	35 7c3a7c7c7c7c62786262787c3a626161617c3a787c7c7c7c6178627c3a787c7c787c7c
30	xxb:||ba::b||b	21 7878627c3a7c7c7c7c62617c3a7c3a627c7c7c7c62
12	:	2 7c3a
15	xab:|a:a|||bx	13 7861627c3a7c7c617c3a617c7c
34	xa|bab||b::b|bxb|b	25 78617c7c6261627c7c7c7c627c3a7c3a627c7c6278627c7c62
7	|xa|a|:a:x::|x	6 7c7c78617c7c
29	a	1 61
14	aa|a::::::a:||:bb::|a	13 61617c7c617c3a7c3a7c3a7c3a
6	abxxx|b:|a	5 6162787878
4	axx:|xaxaxaxx||a|x||b|:|a	3 617878
19	xba|a||a|b|:abxa	18 7862617c7c617c7c7c7c617c7c627c7c7c3a
37	b:|:bxxbxb:|:|	21 627c3a7c7c7c3a6278786278627c3a7c7c7c3a7c7c
39	x|aa:||bb:abbxbx|b|xb:a:|bxxb	38 787c7c61617c3a7c7c7c7c62627c3a6162627862787c7c627c7c78627c3a617c3a7c7c627878
19	a	1 61
39	::a:bxbxxxab|:|:bxb	26 7c3a7c3a617c3a62786278787861627c7c7c3a7c7c7c3a627862
27	bxb|b:a:a:b:|:xbabb	26 6278627c7c627c3a617c3a617c3a627c3a7c7c7c3a7862616262
5	|xx|::a|a:ax|x::xx	4 7c7c7878
12	a:a||bx|	10 617c3a617c7c7c7c6278
29	|:axb:|xx:x|||b|xb:xb|b:	27 7c7c7c3a6178627c3a7c7c78787c3a787c7c7c7c7c7c627c7c7862
29	a	1 61
36	:bb	4 7c3a6262
39	xbaa	4 78626161
19	xaa|:|xx||bxa:|x:x:b::b|axb::b	18 7861617c7c7c3a7c7c78787c7c7c7c627861
16	|b:bbxbaa:aa|||x|a|bb:a:abx	15 7c7c627c3a6262786261617c3a6161
14	:|b|ax|baxbb:|xaa	13 7c3a7c7c627c7c61787c7c6261
3	bxabxa:xb|a:xbbaxxaabb:bx:x|	2 6278
31	:x:bxb:ax:|x	17 7c3a787c3a6278627c3a61787c3a7c7c78
9	bbbabb	6 626262616262
10	x||ax::|:a|b:|xa:	9 787c7c7c7c61787c3a
27	bxa::x||aa:bbx||||::|b:||b:|xb	25 6278617c3a7c3a787c7c7c7c61617c3a6262787c7c7c7c7c7c
20	|:bxxxxxa|:a|a	18 7c7c7c3a627878787878617c7c7c3a617c7c
39	:x:x|xbaa|a|:a|bbaxxb	28 7c3a787c3a787c7c786261617c7c617c7c7c3a617c7c626261787862
31	x::ab|xax:xax::a::|::xbxabxa:a	30 787c3a7c3a61627c7c7861787c3a7861787c3a7c3a617c3a7c3a7c7c7c3a
10	x||:x|:b|b||baab:	8 787c7c7c7c7c3a78
24	bxaxb:a|x	11 62786178627c3a617c7c78
8	:babb|xaxbxa|:b|a|:bb:xxbax:	6 7c3a62616262
19	b|:bxa|	10 627c7c7c3a6278617c7c
19	x||b:b:|xbxba|baa|b|||b:||a|a|	18 787c7c7c7c627c3a627c3a7c7c7862786261
19	xax:|b:|baa:ba	17 7861787c3a7c7c627c3a7c7c6261617c3a
24	b:	3 627c3a
17		0 
30		0 
36	:xabbb:aaxb|bb:b:	22 7c3a78616262627c3a616178627c7c62627c3a627c3a
26	|xb||ab|:x|x:a|x:||:b::axaa|b	24 7c7c78627c7c7c7c61627c7c7c3a787c7c787c3a617c7c78
11	b:xb:bxx|:xx:abb|b|:a|a	10 627c3a78627c3a627878
28	bxa||abb:|bx:a|:b|xaxaxxb|x|x|	26 6278617c7c7c7c6162627c3a7c7c62787c3a617c7c7c3a627c7c
3	|::xxaxxaaaaxxx:a|a:a:ba	2 7c7c
34	::|	6 7c3a7c3a7c7c
24	b|:aa|abxbxaxba|x:|||	23 627c7c7c3a61617c7c6162786278617862617c7c787c3a
40	xxxa:aaab|x:b:baa|x|aaax	30 787878617c3a616161627c7c787c3a627c3a6261617c7c787c7c61616178
16	a|:|:|b:babax:ba:bbx|::aab|x	14 617c7c7c3a7c7c7c3a7c7c627c3a
7	xx::b|bxba|b|x::b::bxbx|	6 78787c3a7c3a
22	xab|||x:a:b:||a:baaxaxx	20 7861627c7c7c7c7c7c787c3a617c3a627c3a7c7c
5	a:bb|x:x:x||aax|b:bbxbx|b:	3 617c3a
29	:xx:a|b::|::|:ax	26 7c3a78787c3a617c7c627c3a7c3a7c7c7c3a7c3a7c7c7c3a6178
33	a:a:a	7 617c3a617c3a61
16	b:::ba|xbx	14 627c3a7c3a7c3a62617c7c786278
39	:||xx|bx||:b:babx	25 7c3a7c7c7c7c78787c7c62787c7c7c7c7c3a627c3a62616278
18	|xx:b|:bxb	14 7c7c78787c3a627c7c7c3a627862
6	:|x|:	4 7c3a7c7c
19	bxaaabbb|b:b:a:	17 62786161616262627c7c627c3a627c3a61
4	ax:abb|xx:bb:aax:aaabb	2 6178
33	||:a|xbxb	13 7c7c7c7c7c3a617c7c78627862
14	xxxaxabb:bba|xxx	13 78787861786162627c3a626261
9	a:xbxx|a:aa::bab	7 617c3a78627878
7		0 
29	axx:	5 6178787c3a
39	:||x:aax:ab|bx	20 7c3a7c7c7c7c787c3a6161787c3a61627c7c6278
34	bbx:ax:||:|::b:aaab	28 6262787c3a61787c3a7c7c7c7c7c3a7c7c7c3a7c3a627c3a61616162
23	:xxbx	6 7c3a78786278
25	ab:a|:xxaxb::||xa||:xx|a:	24 61627c3a617c7c7c3a78786178627c3a7c3a7c7c7c7c7861
6	|b|bxxb:bx|a:b:	5 7c7c627c7c
40	|b:axa:|a	13 7c7c627c3a6178617c3a7c7c61
40	xxba:|x|b||ab:ab	22 787862617c3a7c7c787c7c627c7c7c7c61627c3a6162
10	:|aaaa:aaxabxaxxbx|b:xbx	8 7c3a7c7c61616161
8	ax||x:ax||a|bbbaxbxb||	6 61787c7c7c7c
19	:|bab:aba	12 7c3a7c7c6261627c3a616261
39	|baxxx	7 7c7c6261787878
9	:bx::xa|x|xbab:babaa:xaa:x	8 7c3a62787c3a7c3a
19	xx||b|abaa:::x:ab:x|bxaxax	17 78787c7c7c7c627c7c616261617c3a7c3a
33	b|xbxa|:::b:abb:bbxbx|:x	32 627c7c786278617c7c7c3a7c3a7c3a627c3a6162627c3a62627862787c7c7c3a
15	b:::xx||b:bxbxbb|:xxb|a	13 627c3a7c3a7c3a78787c7c7c7c
29	|:::||aax:xxabb:xax|a||x|aax	27 7c7c7c3a7c3a7c3a7c7c7c7c6161787c3a78786162627c3a786178
6	||axaxaxxbba|a:	4 7c7c7c7c
20	b|xaa::	10 627c7c7861617c3a7c3a
28	bxxbbbxxbxbbxx:|:|axx:xbax:	27 62787862626278786278626278787c3a7c7c7c3a7c7c6178787c3a
15	aaxaaxax|::a:|bb:xx:::bxxa	14 61617861617861787c7c7c3a7c3a
36	xxbxx:|ba::::|a:bx	26 78786278787c3a7c7c62617c3a7c3a7c3a7c3a7c7c617c3a6278
22	|aab:xxxx|x:x:a:|aaxxbxabxx:xa	20 7c7c6161627c3a787878787c7c787c3a787c3a61
29	:|	4 7c3a7c7c
37	|:|ba|a||a	16 7c7c7c3a7c7c62617c7c617c7c7c7c61
21	|ababxb:baxxbaab|xabxb:ba::	20 7c7c6162616278627c3a62617878626161627c7c
20	|bxaa::|::b|babx|x:xb:::a:bxa	19 7c7c627861617c3a7c3a7c7c7c3a7c3a627c7c
24	bb	2 6262
8	bxaax:a	7 62786161787c3a
5		0 
20	x|bb|xbaa:xxba	17 787c7c62627c7c786261617c3a78786261
33	a||ax:a	10 617c7c7c7c61787c3a61
30	|abaabb:b||bxx|||ab:axabx|	28 7c7c6162616162627c3a627c7c7c7c6278787c7c7c7c7c7c61627c3a
18	|:xabx|	10 7c7c7c3a786162787c7c
12	:|xb:x:x	11 7c3a7c7c78627c3a787c3a
31	|b|x::aab	13 7c7c627c7c787c3a7c3a616162
25	ba|b:|:|x	14 62617c7c627c3a7c7c7c3a7c7c78
11	xa|:axa:xxx|xx:xb|bb|a	9 78617c7c7c3a617861
18	baxxb|:||a:x::b:bax:aaaab::	16 62617878627c7c7c3a7c7c7c7c617c3a
13	abxbx:b:x	11 61627862787c3a627c3a78
30	b|::ax|b:::xa|bb:ba:|xbx:ax	28 627c7c7c3a7c3a61787c7c627c3a7c3a7c3a78617c7c62627c3a6261
30	b|:a|x	9 627c7c7c3a617c7c78
23	:aba:b:a|xax	16 7c3a6162617c3a627c3a617c7c786178
7	axabb|bb	5 6178616262
20	:	2 7c3a
19	:xaxb|a|ax|bbab:bbbbx:xx:xx:	18 7c3a786178627c7c617c7c61787c7c626261
11	bx|babxax:x::bxxb:b|a:axxx|:|	10 62787c7c626162786178
38	b::x||a:x:b	17 627c3a7c3a787c7c7c7c617c3a787c3a62
38	ba||axaxbbxxa::xb:|xb:bxa|xxb:	37 62617c7c7c7c6178617862627878617c3a7c3a78627c3a7c7c78627c3a6278617c7c787862
16	bba|a::xbb:|b|:|x:b:x:|ba:xb	15 6262617c7c617c3a7c3a7862627c3a
20	x:xxaaxbax||	15 787c3a78786161786261787c7c7c7c
32	:b::b|:b|:||:ba	25 7c3a627c3a7c3a627c7c7c3a627c7c7c3a7c7c7c7c7c3a6261
35	:xb:	6 7c3a78627c3a
35	|baxbba::||ax||b|:xbaxab:|a	33 7c7c6261786262617c3a7c3a7c7c7c7c61787c7c7c7c627c7c7c3a786261786162
22	bab	3 626162
29	:x:||aabx|bb	17 7c3a787c3a7c7c7c7c616162787c7c6262
29	bb|bx|a:a:|	16 62627c7c62787c7c617c3a617c3a7c7c
19	|:xxbxb:b|xbbb	18 7c7c7c3a78786278627c3a627c7c78626262
26	xa:	4 78617c3a
21	a	1 61
10	xa:|ba|b:|b:b|x:bx|bb||xx	8 78617c3a7c7c6261
40	bb:xxb	7 62627c3a787862
23	|	2 7c7c
20	a|:a:bxx|:ab	17 617c7c7c3a617c3a6278787c7c7c3a6162
40	|b::b:b|:a|b||::	27 7c7c627c3a7c3a627c3a627c7c7c3a617c7c627c7c7c7c7c3a7c3a
22	:aa:||ababxa|b:xb:x:b:||aab	21 7c3a61617c3a7c7c7c7c6162616278617c7c627c3a
32	a:ba||	9 617c3a62617c7c7c7c
33	ba|x|a|||	14 62617c7c787c7c617c7c7c7c7c7c
12	|b:a::xbbbx|:x|:||:bxbx	10 7c7c627c3a617c3a7c3a
15	xa:a	5 78617c3a61
40	:b|a|::	12 7c3a627c7c617c7c7c3a7c3a
40		0 
29	:baaabb|xaa	13 7c3a6261616162627c7c786161
37	:|aa:xxx|a:bxabb:	23 7c3a7c7c61617c3a7878787c7c617c3a62786162627c3a
29		0 
40	:ab|:x:bbxx:a:abxbax	26 7c3a61627c7c7c3a787c3a626278787c3a617c3a616278626178
26	axaaba|b::aa||ab|bx	25 6178616162617c7c627c3a7c3a61617c7c7c7c61627c7c6278
12	:||x:aa::bab|||	11 7c3a7c7c7c7c787c3a6161
21	|b|xbabaxaaxax	16 7c7c627c7c7862616261786161786178
14	axxbx:::xb:b|	13 61787862787c3a7c3a7c3a7862
38	|ab:::||aa|:|:xbx:baba:	35 7c7c61627c3a7c3a7c3a7c7c7c7c61617c7c7c3a7c7c7c3a7862787c3a626162617c3a
31	a|xxa|b|	11 617c7c7878617c7c627c7c
10	:bb:bbba:|x||||:bbaa:x|:|	9 7c3a62627c3a626262
29	xaa|aaaxx:a:a	16 7861617c7c61616178787c3a617c3a61
10	|:xbbaxbaabaa:a|x:x:	9 7c7c7c3a7862626178
40	b:a:xbaxxbx:::|:x|	26 627c3a617c3a786261787862787c3a7c3a7c3a7c7c7c3a787c7c
16	|b:|b|x|bbxxb::bxxb:a|aa	15 7c7c627c3a7c7c627c7c787c7c6262
4	abxx::xb||bbx|:x:	3 616278
21	xaab	4 78616162
19	|b|a:x:aaa||||:bax|:xb::|aa|b	18 7c7c627c7c617c3a787c3a6161617c7c7c7c
17	xb::|b:|bbx:::|xb	16 78627c3a7c3a7c7c627c3a7c7c626278
7	aab|||aaxx	5 6161627c7c
10	|axabxbx|ax:ab	9 7c7c61786162786278
20	a|bxaa||xaa||a::x::axxx	18 617c7c627861617c7c7c7c7861617c7c7c7c
27	b::xx:bxb|x|:ab::x	25 627c3a7c3a78787c3a6278627c7c787c7c7c3a61627c3a7c3a
25	:xx|b|	9 7c3a78787c7c627c7c
29	::a|baa:x|aaaaaax||a:bx:bb	27 7c3a7c3a617c7c6261617c3a787c7c616161616161787c7c7c7c61
9	bbaxba:b:b::b	8 6262617862617c3a
26	baxxb|b:abxb:	16 62617878627c7c627c3a616278627c3a
34	:|b|:|a	12 7c3a7c7c627c7c7c3a7c7c61
25	|b:b:bbaxb|::bbx	22 7c7c627c3a627c3a62626178627c7c7c3a7c3a626278
16	axb:x	6 6178627c3a78
14	abxx:|x|baax	13 616278787c3a7c7c787c7c6261
29	a	1 61
4	bxax|x:abx|:|bxxxb|bb|b|b:b	3 627861
20	a|a	4 617c7c61
29	axxa	4 61787861
7		0 
20	ax:a	5 61787c3a61
5	|:abb:bbax	4 7c7c7c3a
39	bb|::||x|	15 62627c7c7c3a7c3a7c7c7c7c787c7c
35	|b|ax	7 7c7c627c7c6178
8	xb:x:|	7 78627c3a787c3a
15	bb	2 6262
23	a:x|:x:ab:xxxax:bx|xaax|||xb||	22 617c3a787c7c7c3a787c3a61627c3a78787861787c3a
16	a::x::b|ax::|a	15 617c3a7c3a787c3a7c3a627c7c6178
13	xx:bbx:xb|||	11 78787c3a6262787c3a7862
13	:::a|b:b:	12 7c3a7c3a7c3a617c7c627c3a
13	|xxab|xaba:aa|bx:|	12 7c7c787861627c7c78616261
33	|::|abaa:||:aaaxb|x|	30 7c7c7c3a7c3a7c7c616261617c3a7c7c7c7c7c3a61616178627c7c787c7c
13	b|xb|x:xa|b:::bbaabx|:	12 627c7c78627c7c787c3a7861
14	aa::xbxa:xaa::|axx|a|b||b	12 61617c3a7c3a786278617c3a
20	|a:::axba:	15 7c7c617c3a7c3a7c3a617862617c3a
15	:ax|a|bxxb:	13 7c3a61787c7c617c7c62787862
18	ba:baab||xbb|a:|||b	17 62617c3a626161627c7c7c7c7862627c7c
27	bb||::axbbxxa:xaa:|b::	26 62627c7c7c7c7c3a7c3a617862627878617c3a7861617c3a7c7c
4	bbxxx:x|x:|babb|b|b::b:bb	3 626278
32	a:x|:bxxbb|axa:xaxx||xx	30 617c3a787c7c7c3a62787862627c7c6178617c3a786178787c7c7c7c7878
5	x|:ax|b:bx:aabb:ab:|	3 787c7c
28	b|xa:bxaxbba|b|::::b:b:a||	27 627c7c78617c3a627861786262617c7c627c7c7c3a7c3a7c3a7c3a
26	:bb|b|:a:bxx:bab	22 7c3a62627c7c627c7c7c3a617c3a6278787c3a626162
34	x|b|xxbx|:::xxbb:xba:b	30 787c7c627c7c787862787c7c7c3a7c3a7c3a787862627c3a7862617c3a62
10	a|:xa|a	9 617c7c7c3a78617c7c
37	xx|xx|bbbxbb:a|:|:xb:xa::|a	35 78787c7c78787c7c6262627862627c3a617c7c7c3a7c7c7c3a78627c3a78617c3a7c3a
17	b:a:xxxa:xx|ax:bba	16 627c3a617c3a787878617c3a78787c7c
22	xxxx|xax:|	13 787878787c7c7861787c3a7c7c
21	x:||bx||a	14 787c3a7c7c7c7c62787c7c7c7c61
25	:xaxb	6 7c3a78617862
40	|a	3 7c7c61
38	|b:	5 7c7c627c3a
39	||x||axxa|bbab|:xx|	27 7c7c7c7c787c7c7c7c617878617c7c626261627c7c7c3a78787c7c
21	:aa	4 7c3a6161
24	|ba|aax|b:a:	17 7c7c62617c7c6161787c7c627c3a617c3a
38	xxaa||a:aabxbx|x|babaa:xb:	33 787861617c7c7c7c617c3a6161627862787c7c787c7c62616261617c3a78627c3a
35	|	2 7c7c
4	x|	3 787c7c
12	:xx:x:bba:bxbb||xaab	11 7c3a78787c3a787c3a6262
40	:x||bb:b:x|bxxxb:	24 7c3a787c7c7c7c62627c3a627c3a787c7c62787878627c3a
29	|abxbb|xb	11 7c7c61627862627c7c7862
23	x|baba	7 787c7c62616261
38		0 
30	:ab	4 7c3a6162
23	ax:aaxx:|bxbaxa:|x:|x|b:a:bb	22 61787c3a616178787c3a7c7c6278626178617c3a7c7c
25	::a|aa|:|xb:a|:bx:aa|||b:x	24 7c3a7c3a617c7c61617c7c7c3a7c7c78627c3a617c7c7c3a
12	|||:axbab	11 7c7c7c7c7c7c7c3a617862
35	abb:||b	10 6162627c3a7c7c7c7c62
25	b||xx	7 627c7c7c7c7878
26	a	1 61
28	aaa::	7 6161617c3a7c3a
7	a:||b||b|x|:xx	5 617c3a7c7c
34	bb	2 6262
8	x:ba||bb||:a:|:xxbx|	7 787c3a62617c7c
7	abxx|:::xxaxa:b|ba:|baxb	6 616278787c7c
4	|aaax|b:ab:ab	2 7c7c
21	|ax	4 7c7c6178
6	xb|bxx:b::xxaa:b||axax:|xa:	4 78627c7c
18	xa|x|b:x:a:	16 78617c7c787c7c627c3a787c3a617c3a
3	|xxxx:xbbaxbxbbaxx|:	2 7c7c
7	xxb:	5 7878627c3a
37	|b:|||aaaa|xx|x||	26 7c7c627c3a7c7c7c7c7c7c616161617c7c78787c7c787c7c7c7c
15	bb|aa	6 62627c7c6161
15	aa||abx|xba|xxaaa	14 61617c7c7c7c6162787c7c786261
22	:a:b::x	11 7c3a617c3a627c3a7c3a78
35	||aa|:xbxbx|b:x:	23 7c7c7c7c61617c7c7c3a78627862787c7c627c3a787c3a
7	ab::x|a|a	6 61627c3a7c3a
24		0 
31	bb|b:::|::x|axa||||a|bx:	29 62627c7c627c3a7c3a7c3a7c7c7c3a7c3a787c7c6178617c7c7c7c7c7c
31	xa:|x:b|ab|a:x|a:a	26 78617c3a7c7c787c3a627c7c61627c7c617c3a787c7c617c3a61
10	xb|axb::baabax:ab:xbabx:	9 78627c7c6178627c3a
29	axxaa|b::xbb|:aa	21 61787861617c7c627c3a7c3a7862627c7c7c3a6161
20	xabx|aab:xa||ab|x::bx	19 786162787c7c6161627c3a78617c7c7c7c6162
22	a|:a::b|aa||bxaxax|b	21 617c7c7c3a617c3a7c3a627c7c61617c7c7c7c6278
38	b:babx|xa:::baaa|:|x|a::xx	37 627c3a626162787c7c78617c3a7c3a7c3a626161617c7c7c3a7c7c787c7c617c3a7c3a7878
31	baxa:||xxa|ax:b	20 626178617c3a7c7c7c7c7878617c7c61787c3a62
10	bb|x::a|aax||xaabx|:ax	9 62627c7c787c3a7c3a
21	a|xax:aba:ab:ab|xxb::xbxaaba:	19 617c7c7861787c3a6162617c3a61627c3a6162
33	ba::b	7 62617c3a7c3a62
35	aa|xabb|:::axxbxa:::	28 61617c7c786162627c7c7c3a7c3a7c3a6178786278617c3a7c3a7c3a
22	|bbaaa:::a:a|a	20 7c7c62626161617c3a7c3a7c3a617c3a617c7c61
23	xb|:x	7 78627c7c7c3a78
18	b:x:bba|:b:a:bxbax:aaa|x	16 627c3a787c3a6262617c7c7c3a627c3a
14	xx|bbba	8 78787c7c62626261
33	|babaaab|:b:a:||x|baab::bx:	32 7c7c626162616161627c7c7c3a627c3a617c3a7c7c7c7c787c7c626161627c3a
38	ab:b	5 61627c3a62
7	:ababba:	6 7c3a61626162
18	xbxabb	6 786278616262
35	|::x|:|::b|a|:a	26 7c7c7c3a7c3a787c7c7c3a7c7c7c3a7c3a627c7c617c7c7c3a61
30	xxxaa:b	8 78787861617c3a62
25	babxx|aaaa|ba:b::x	23 62616278787c7c616161617c7c62617c3a627c3a7c3a78
11	b:x|xb:b:x|a:|:a||abx|bx	10 627c3a787c7c78627c3a
37	abxb:||:xxbb:a::bbaax:	30 616278627c3a7c7c7c7c7c3a787862627c3a617c3a7c3a62626161787c3a
27	:xb|:||:baxx:axa:::bx	25 7c3a78627c7c7c3a7c7c7c7c7c3a626178787c3a6178617c3a
35	a|a:b|b	10 617c7c617c3a627c7c62
37	|bba:bb:|:|	17 7c7c6262617c3a62627c3a7c7c7c3a7c7c
24	xb|::bax:baabxb|xx:::b:x|:|	23 78627c7c7c3a7c3a6261787c3a6261616278627c7c7878
12	xb:|b::|:ba	11 78627c3a7c7c627c3a7c3a
22	:ax	4 7c3a6178
24	b:|a:x::xbaax:a|b||b:bxa:	23 627c3a7c7c617c3a787c3a7c3a78626161787c3a617c7c
28	|x	3 7c7c78
9	||a:bxx	7 7c7c7c7c617c3a
28	:|b:b|xb:::b|bbxbaxx|b:abb|	27 7c3a7c7c627c3a627c7c78627c3a7c3a7c3a627c7c626278626178
10	b:b:aaa:	9 627c3a627c3a616161
5	::ba:a:|axabbx||xxbxbb	4 7c3a7c3a
31	:xb:xbbaxxx:bba:abbaxa:b|b	29 7c3a78627c3a786262617878787c3a6262617c3a6162626178617c3a62
40	:	2 7c3a
13	:b:b:aa:x||axxb|:xbbx	12 7c3a627c3a627c3a61617c3a
36	x|b:|x|x:xxbbb|bx:::a	30 787c7c627c3a7c7c787c7c787c3a78786262627c7c62787c3a7c3a7c3a61
10	b	1 62
8	a||ba|:xax:	7 617c7c7c7c6261
18	:|:bb||	12 7c3a7c7c7c3a62627c7c7c7c
34	bxa:abaxb:||	16 6278617c3a61626178627c3a7c7c7c7c
38	x|x:abxb:	12 787c7c787c3a616278627c3a
34	|:ba|||b:::x:aaxbb:ax:||x||x:x	33 7c7c7c3a62617c7c7c7c7c7c627c3a7c3a7c3a787c3a61617862627c3a61787c3a
35	ax:a:|:bab	14 61787c3a617c3a7c7c7c3a626162
16	|ba|:|axb::xa:x:::a:|	15 7c7c62617c7c7c3a7c7c6178627c3a
24	:xb|x|||xxx:bb	20 7c3a78627c7c787c7c7c7c7c7c7878787c3a6262
29	axxx:xb|xxax|x::bxb|bb::b||	28 617878787c3a78627c7c787861787c7c787c3a7c3a6278627c7c6262
21	::x|x:|xbab|::	20 7c3a7c3a787c7c787c3a7c7c786261627c7c7c3a
37	x:a|a::|bx::	19 787c3a617c7c617c3a7c3a7c7c62787c3a7c3a
10	b:|:x:baa|xx	8 627c3a7c7c7c3a78
29	a:aab|axx:|:x::|ba::ab:	28 617c3a6161627c7c6178787c3a7c7c7c3a787c3a7c3a7c7c62617c3a
23	||b|bx:baa:b:||:xbxx	21 7c7c7c7c627c7c62787c3a6261617c3a627c3a7c7c
12	:baa|:b|b|x:aab|:b|b	10 7c3a6261617c7c7c3a62
19	xxbxxbb:xbxa:a|a|xbb|:ab|x	18 787862787862627c3a786278617c3a617c7c
40	b|:	5 627c7c7c3a
37	xx|a|b|b::	15 78787c7c617c7c627c7c627c3a7c3a
36	b|bx|ab:|x|x:x|	22 627c7c62787c7c61627c3a7c7c787c7c787c3a787c7c
35	b:a::bbx||xabxxb|aa:b|b:a|b|	33 627c3a617c3a7c3a6262787c7c7c7c7861627878627c7c61617c3a627c7c627c3a
10	a:ab|::	9 617c3a61627c7c7c3a
13	axab||xaxa:|a:bab::baxa	12 617861627c7c7c7c78617861
34	|:x:a:axxx::bab|	23 7c7c7c3a787c3a617c3a617878787c3a7c3a6261627c7c
25	:aax|ab:aa|ba|	19 7c3a6161787c7c61627c3a61617c7c62617c7c
15	xbbxab:||xabax|:::x::b:x|ax	14 7862627861627c3a7c7c7c7c7861
3	:aa|::b:x::x:xbxbxaxa:a:|:x::|	2 7c3a
29	:abx|:|x|::||||b	27 7c3a6162787c7c7c3a7c7c787c7c7c3a7c3a7c7c7c7c7c7c7c7c62
7	b:||b::a||bbax:|xba:|a|b|x:|b	5 627c3a7c7c
33	::|:xba|x:axxabxa:|x:bb:xxxbx	32 7c3a7c3a7c7c7c3a7862617c7c787c3a617878616278617c3a7c7c787c3a6262
40	|axbx||xxxbaab|ax|b	24 7c7c617862787c7c7c7c787878626161627c7c61787c7c62
20	b|a||a	9 627c7c617c7c7c7c61
31	|aba:axx	10 7c7c6162617c3a617878
36	xxaabbbbb|x:x::ax|b|a:	29 7878616162626262627c7c787c3a787c3a7c3a61787c7c627c7c617c3a
26	abb:x	6 6162627c3a78
23	b	1 62
11	a:|b:bxb:|a:x|bbbbxxb::xxa:	10 617c3a7c7c627c3a6278
33	x:xax	6 787c3a786178
40	:xxab:xx:|axxab|:|bbba|	31 7c3a787861627c3a78787c3a7c7c61787861627c7c7c3a7c7c626262617c7c
4	::::b||xbx||x	2 7c3a
6	|bxbxx|a|b:bbx:|x:b:b:a|::b|ab	5 7c7c627862
8	:|bbxxxbabbxb:bxbx:||b:|x|	7 7c3a7c7c626278
19	:::ax|a	11 7c3a7c3a7c3a61787c7c61
34	|a|x|b:ba|aaax:bx	23 7c7c617c7c787c7c627c3a62617c7c616161787c3a6278
12	|xbbbx::|:b|::ba:x:xb:bab:a	11 7c7c78626262787c3a7c3a
26	|aa|bb:bba:ba|xax	22 7c7c61617c7c62627c3a6262617c3a62617c7c786178
30	b||axabxxaxa	14 627c7c7c7c617861627878617861
5	:xax|ab|ax:a|:	4 7c3a7861
40	xa||a	7 78617c7c7c7c61
39	axxb:a||xa:aa|xaxxa:||abb	33 617878627c3a617c7c7c7c78617c3a61617c7c78617878617c3a7c7c7c7c616262
34	|bx:bx:baxaa:b:	20 7c7c62787c3a62787c3a62617861617c3a627c3a
39	:ba:x|:xba	14 7c3a62617c3a787c7c7c3a786261
5	xa:a:bx|||	4 78617c3a
24	a::bx|||x||:xa	22 617c3a7c3a62787c7c7c7c7c7c787c7c7c7c7c3a7861
4	:|:xx:xb|xxa|:a	2 7c3a
25		0 
39	ab|xa|x:bxaaa:x:a|ab:b||x	34 61627c7c78617c7c787c3a62786161617c3a787c3a617c7c61627c3a627c7c7c7c78
13	a|x:|bbb|axb|bax||b|b:axaa|	11 617c7c787c3a7c7c626262
22	b|aaxx|b:b|b	16 627c7c616178787c7c627c3a627c7c62
16	:abba:b||b	14 7c3a616262617c3a627c7c7c7c62
31	:x||bxa	10 7c3a787c7c7c7c627861
39	aax|abax|b	12 6161787c7c616261787c7c62
28	||:ax:	10 7c7c7c7c7c3a61787c3a
31	bba|ab	7 6262617c7c6162
38	xb|abaxx||:xa||a::	26 78627c7c61626178787c7c7c7c7c3a78617c7c7c7c617c3a7c3a
26	x|ab	5 787c7c6162
29	bxaba:baabb|a:xaa	20 62786162617c3a62616162627c7c617c3a786161
37	x|axx|aaxab::babx:|:::ax:bx:bx	35 787c7c6178787c7c61617861627c3a7c3a626162787c3a7c7c7c3a7c3a7c3a61787c3a
21	|b:|axxa|:|||ax:x:abx|	19 7c7c627c3a7c7c617878617c7c7c3a7c7c7c7c
8	|axaa:|||:a|axbaa	6 7c7c61786161
13	|aa	4 7c7c6161
3	::b|x|abxbaax	2 7c3a
14	xb:x:bx|x:	12 78627c3a787c3a62787c7c78
11		0 
11	|x||xaa||xa::|bb	10 7c7c787c7c7c7c786161
7	aaa:	5 6161617c3a
25	|xabb|aaa:|bbxb	19 7c7c786162627c7c6161617c3a7c7c62627862
24	abaxxa:||:xxbab:x|ax|x:axa	22 6162617878617c3a7c7c7c7c7c3a78786261627c3a78
26	xba:bx:|x||bb|axaa:aax:x|:|	24 7862617c3a62787c3a7c7c787c7c7c7c62627c7c61786161
20	:a|:a||ab|:	18 7c3a617c7c7c3a617c7c7c7c61627c7c7c3a
34	abbb|a:x	10 616262627c7c617c3a78
36	a::	5 617c3a7c3a
36	:baxba:a||x:|xb|bxxaxx|xx:baa	35 7c3a62617862617c3a617c7c7c7c787c3a7c7c78627c7c6278786178787c7c78787c3a
7	|xxbax:axx:::|	6 7c7c78786261
26	x:::||axxababa:|x	24 787c3a7c3a7c3a7c7c7c7c61787861626162617c3a7c7c78
8	ab	2 6162
30	||bb:|xba:|b:xxxbxb|abax::a	28 7c7c7c7c62627c3a7c7c7862617c3a7c7c627c3a7878786278627c7c
19	x:::b:x|aax:aa:aaxaax	18 787c3a7c3a7c3a627c3a787c7c6161787c3a
10	::	4 7c3a7c3a
40	:	2 7c3a
37	a||xbx::	12 617c7c7c7c7862787c3a7c3a
7	x|:xax:ba|||b|:|:xba:x|:xb	5 787c7c7c3a
6	x::ab|xxxb	5 787c3a7c3a
5	a:a:x:aab:aa:a|ab:a:|ax:|:|	3 617c3a
24	b||a:::axaaxxaa::|a	22 627c7c7c7c617c3a7c3a7c3a61786161787861617c3a
22	:xbaaaa	8 7c3a786261616161
7	b:||:|x|xxbxxaba::axxxb:x:x:a	5 627c3a7c7c
13	a:::	7 617c3a7c3a7c3a
28	xxb|:::|b	14 7878627c7c7c3a7c3a7c3a7c7c62
13	xx|aabab	9 78787c7c6161626162
3	ab|||aax||x:bbbxxxxa	2 6162
37	:ab|b:|aabb::bxbx|bb	27 7c3a61627c7c627c3a7c7c616162627c3a7c3a627862787c7c6262
10	:ax|b|bb|x:b	9 7c3a61787c7c627c7c
5	aa||xxx:bx:aaaxaxx|bb	4 61617c7c
6	baaa|||baxba|:b:xx|b|ba	4 62616161
16	abxaxbab|b:|xxb::bxaax|a|a|x:	15 61627861786261627c7c627c3a7c7c
4	a:a:x:xa|||aa|	3 617c3a
9	:|a:|x	7 7c3a7c7c617c3a
20	|a:axa||x	13 7c7c617c3a6178617c7c7c7c78
4	xxxb|abaxaaax|b	3 787878
11	aba:a|:xxxa|	10 6162617c3a617c7c7c3a
33	|ba	4 7c7c6261
10	b	1 62
35	bbxbba:bbx:xxxaa	18 6262786262617c3a6262787c3a7878786161
19	bx||::a|:aaa:a:|:	18 62787c7c7c7c7c3a7c3a617c7c7c3a616161
29	|:ba|bbabx|ba:|a:axbb||||:|	28 7c7c7c3a62617c7c62626162787c7c62617c3a7c7c617c3a61786262
31	|:|a:xxaba:abxaa:	23 7c7c7c3a7c7c617c3a78786162617c3a61627861617c3a
6	b||bxx::xaa|	5 627c7c7c7c
31	bbx:b|||	12 6262787c3a627c7c7c7c7c7c
22	xx:axxa	8 78787c3a61787861
19	bx|aa:xx|	12 62787c7c61617c3a78787c7c
28	aaaaab|x:b||bbbba|b	24 6161616161627c7c787c3a627c7c7c7c62626262617c7c62
6	:x:||:axx	5 7c3a787c3a
11		0 
9	xb:b|ax||x::|a|xxb:b	7 78627c3a627c7c
8	:::|	6 7c3a7c3a7c3a
26	aaxab:|aaba:b	16 61617861627c3a7c7c616162617c3a62
25	|axaa|bbxx|:	16 7c7c617861617c7c626278787c7c7c3a
22	|:b::b|a|b|ax|axxbbxa	20 7c7c7c3a627c3a7c3a627c7c617c7c627c7c6178
19	|b::abb:aa:bbxbaa:x|a|ababxx|x	18 7c7c627c3a7c3a6162627c3a61617c3a6262
6	ax||xb:b	4 61787c7c
32	xxb|aa:b|xaabb:b|a:|||abxa	31 7878627c7c61617c3a627c7c78616162627c3a627c7c617c3a7c7c7c7c7c7c
38	ba:|:x:xa|:bxx:xbax||:|	34 62617c3a7c7c7c3a787c3a78617c7c7c3a6278787c3a786261787c7c7c7c7c3a7c7c
34	||:|	8 7c7c7c7c7c3a7c7c
32	axab|:|b:xa:bx	19 617861627c7c7c3a7c7c627c3a78617c3a6278
32	ax:bb|:|::||aaa|baabbabaa	31 61787c3a62627c7c7c3a7c7c7c3a7c3a7c7c7c7c6161617c7c626161626261
4	a|x::bb:x:|:|x|:	3 617c7c
25	bbxab|:a|bbx:bbxa||b|x	23 62627861627c7c7c3a617c7c6262787c3a626278617c7c
39	:abxbaa|xa||||x||:ab:x	32 7c3a6162786261617c7c78617c7c7c7c7c7c7c7c787c7c7c7c7c3a61627c3a78
8	:x|:ab|b|x	7 7c3a787c7c7c3a
34	|bx|xa::aabx:|a|:|	27 7c7c62787c7c78617c3a7c3a616162787c3a7c7c617c7c7c3a7c7c
37	|xa:ab:a|:b|ba|b|bxxa	29 7c7c78617c3a61627c3a617c7c7c3a627c7c62617c7c627c7c62787861
3	|xxaxaabx|xaa::x:a:|a:|axaabab	2 7c7c
34	b:xa:a||x:|aa:	21 627c3a78617c3a617c7c7c7c787c3a7c7c61617c3a
14	axxaba:|ab||aab:bxb|baa	12 6178786162617c3a7c7c6162
14	a|x:ba|a|x|axb:	13 617c7c787c3a62617c7c617c7c
15	|:|xabbb:	13 7c7c7c3a7c7c78616262627c3a
36	axaba::::xba|a:bxbx	25 61786162617c3a7c3a7c3a7c3a7862617c7c617c3a62786278
20	|x:|baaabb:|a::|:|a:|b	18 7c7c787c3a7c7c6261616162627c3a7c7c61
17	|xxabxbxbxx|:xax:	16 7c7c787861627862786278787c7c7c3a
14	|abab||::a|	12 7c7c616261627c7c7c7c7c3a
33	|b|aa|xb:xxa:aba	21 7c7c627c7c61617c7c78627c3a7878617c3a616261
22	b|a|xxxx:	12 627c7c617c7c787878787c3a
34	x:xaxbx:::a::	19 787c3a78617862787c3a7c3a7c3a617c3a7c3a
32	a|xx:ab	9 617c7c78787c3a6162
3	:ab	2 7c3a
20	a|:bb:xbbxx|abx|:b|axbab:x|b|:	19 617c7c7c3a62627c3a78626278787c7c616278
23	bxx|aa	7 6278787c7c6161
30	b::|xa||	13 627c3a7c3a7c7c78617c7c7c7c
7	:::|b|baa||:||a:::ax||axbax|	6 7c3a7c3a7c3a
5	a:|bxb:|bx|:|	3 617c3a
31	x|xb:x:xabb|x|:a|:a|:a:::	29 787c7c78627c3a787c3a786162627c7c787c7c7c3a617c7c7c3a617c7c
16	bb:a:xxb:bax|:||a|b:a:aaaxb:b	15 62627c3a617c3a7878627c3a626178
39	::ab|x|ab:xabba::bb|a|x	32 7c3a7c3a61627c7c787c7c61627c3a78616262617c3a7c3a62627c7c617c7c78
20	:|:|	8 7c3a7c7c7c3a7c7c
24	aba:xabxabxb:abx||a:b|abb	22 6162617c3a78616278616278627c3a6162787c7c7c7c
40	:a||bx||b||bbx::	25 7c3a617c7c7c7c62787c7c7c7c627c7c7c7c6262787c3a7c3a
14	|:bab|a|x:abaaa:|:	12 7c7c7c3a6261627c7c617c7c
26	abaxax:	8 6162617861787c3a
24	b:|b|	8 627c3a7c7c627c7c
29	:xx:b||||a|xbxa|:::|xx|:b|	28 7c3a78787c3a627c7c7c7c7c7c7c7c617c7c786278617c7c7c3a7c3a
16	|	2 7c7c
6	bx||xxbaaa|b:xx||xabxb|::xxa	4 62787c7c
7	|:ab	6 7c7c7c3a6162
38	|||axaxbx:b||:bb||xa|	31 7c7c7c7c7c7c6178617862787c3a627c7c7c7c7c3a62627c7c7c7c78617c7c
12	b|abxbbb::|:a|	11 627c7c6162786262627c3a
40	b|bxabx:::a|:|:|x:a:x|	34 627c7c62786162787c3a7c3a7c3a617c7c7c3a7c7c7c3a7c7c787c3a617c3a787c7c
8	:|:xa|abx|b|	6 7c3a7c7c7c3a
28	:xaba|b|bxx:b:::axabax|a|	27 7c3a786162617c7c627c7c6278787c3a627c3a7c3a7c3a61786162
39	:bbbabb|:xbabxababxx	23 7c3a6262626162627c7c7c3a7862616278616261627878
5	axxb:xxabba|::baxaxbxa:bx|b:x	4 61787862
5	aa:	4 61617c3a
40	ba:axa:|x:xb||x|:x:bb|ab	34 62617c3a6178617c3a7c7c787c3a78627c7c7c7c787c7c7c3a787c3a62627c7c6162
19	:aax:::x|a|b|:b:	17 7c3a6161787c3a7c3a7c3a787c7c617c7c
36	|a|bxb:abaa	14 7c7c617c7c6278627c3a61626161
22	b:a:	6 627c3a617c3a
22	b|:a:aa:|:xx:	20 627c7c7c3a617c3a61617c3a7c7c7c3a78787c3a
19	:	2 7c3a
26	|x|a||xx:bb	16 7c7c787c7c617c7c7c7c78787c3a6262
5	:|bb:bxax|||aaaa||:bx|bb|	4 7c3a7c7c
13	x	1 78
6	|xx:|x:aab|:xx::bax|	4 7c7c7878
29	a:bb:|xbb|bx:xxaxax|	26 617c3a62627c3a7c7c7862627c7c62787c3a7878617861787c7c
39	axbax|b|	10 61786261787c7c627c7c
29	|axbbb:ax:|b	16 7c7c61786262627c3a61787c3a7c7c62
29	aaa::	7 6161617c3a7c3a
24	|bbx:ab:a||axx	19 7c7c6262787c3a61627c3a617c7c7c7c617878
39	:	2 7c3a
32	|:b||||a:	16 7c7c7c3a627c7c7c7c7c7c7c7c617c3a
18	xa|xxxxb	9 78617c7c7878787862
18	abb:axa|b:b|a:aab:xbx||b:bb	16 6162627c3a6178617c7c627c3a627c7c
16	x:	3 787c3a
28	aba|x:a:||xbxxx|x::abxb:	27 6162617c7c787c3a617c3a7c7c7c7c78627878787c7c787c3a7c3a
35	::x:aa|||a:x|:a:|abbbab:b|:	34 7c3a7c3a787c3a61617c7c7c7c7c7c617c3a787c7c7c3a617c3a7c7c616262626162
12	:ax|b|a:|b:|:b:x	10 7c3a61787c7c627c7c61
8	b|:bxa:b|	7 627c7c7c3a6278
11		0 
11	a:aa|x	8 617c3a61617c7c78
26	|xax	5 7c7c786178
20	aa:baax	8 61617c3a62616178
25	xxbb::bb|ax::aaaaxxbbb	24 787862627c3a7c3a62627c7c61787c3a7c3a616161617878
16	a:x	4 617c3a78
37		0 
35	abb|||:	11 6162627c7c7c7c7c7c7c3a
39	aab|b|:x:|a||b|bxaxxa|	31 6161627c7c627c7c7c3a787c3a7c7c617c7c7c7c627c7c6278617878617c7c
25	|:xxbxxx:xb:xb|a:x:axa:b:b	23 7c7c7c3a7878627878787c3a78627c3a78627c7c617c3a
17	xb||a:|axb|:|aab::	16 78627c7c7c7c617c3a7c7c6178627c7c
14	bbx:|ab:b|xba:	12 6262787c3a7c7c61627c3a62
31	baa:xaaxxbax|:a::	22 6261617c3a78616178786261787c7c7c3a617c3a7c3a
9	xab:a:ab::xb:b:aaa|:aa|:|:|bab	8 7861627c3a617c3a
4	aa	2 6161
27	:||a::	11 7c3a7c7c7c7c617c3a7c3a
19	|axba|b:||abx|bbx|x	18 7c7c617862617c7c627c3a7c7c7c7c616278
16	:a|b:||:baaxba:b|b	14 7c3a617c7c627c3a7c7c7c7c7c3a
38	aa:x|xa	9 61617c3a787c7c7861
34	a|||b:bbx:bxxb|xaxbxa|xbbb	33 617c7c7c7c7c7c627c3a6262787c3a627878627c7c7861786278617c7c78626262
17	:||ax:	10 7c3a7c7c7c7c61787c3a
25	x|::axa|b|baxxbbbab:a	24 787c7c7c3a7c3a6178617c7c627c7c626178786262626162
19	|::xxab	10 7c7c7c3a7c3a78786162
12	|:|:bx:	10 7c7c7c3a7c7c7c3a6278
32	bx|||:bxaax:aax|a:xb:bx	31 62787c7c7c7c7c7c7c3a62786161787c3a6161787c7c617c3a78627c3a6278
10	b|ax:|:bxa|b	9 627c7c61787c3a7c7c
23	a:b|xx:bx	12 617c3a627c7c78787c3a6278
33	xaa|xbbba:x|x||a|x||bxaa|:xx:	32 7861617c7c78626262617c3a787c7c787c7c7c7c617c7c787c7c7c7c62786161
23	:axx:aa:xab|bbb	19 7c3a6178787c3a61617c3a7861627c7c626262
18		0 
23	a:||axa:a:|::bxbxb:x	21 617c3a7c7c7c7c6178617c3a617c3a7c7c7c3a7c3a
22	abb:b|xx||a||xxbxbbxaxb:|	21 6162627c3a627c7c78787c7c7c7c617c7c7c7c7878
7	|:aaxax||a|bbx|x|bb:|b:::bb:b	6 7c7c7c3a6161
14	|:x:aaxx||xa:axxaaxb:|xaab	13 7c7c7c3a787c3a616178787c7c
29	xa	2 7861
9	bba|xa:||||x:	7 6262617c7c7861
23	::x|::bxb||b:b|a:a:bxax|:a	21 7c3a7c3a787c7c7c3a7c3a6278627c7c7c7c627c3a
21	|axaa:b||ax:a:::|:||xba|||	20 7c7c617861617c3a627c7c7c7c61787c3a617c3a
5	ax:xxb|ax|:ab	4 61787c3a
40	:x:b|:|a:x:|xxb:abx	28 7c3a787c3a627c7c7c3a7c7c617c3a787c3a7c7c7878627c3a616278
8	|b|ax:||:::xx|bax|b:abxa|b	7 7c7c627c7c6178
29	|aaa:a:aaax:|	18 7c7c6161617c3a617c3a616161787c3a7c7c
4	:|axxabba|axa|x||	2 7c3a
6	x:|b||b|ab	5 787c3a7c7c
4	:b	2 7c3a
10	b:a|:aabb::b::b|x	8 627c3a617c7c7c3a
19	|:||::|axxxxb	18 7c7c7c3a7c7c7c7c7c3a7c3a7c7c61787878
7	a:bbbb:	6 617c3a626262
9	bxx:a||x:a|:b:xbxa|b||	8 6278787c3a617c7c
18	babbx|xbba:bxa:::::xaa:||:	16 62616262787c7c786262617c3a627861
34	xb|abbx|a:	13 78627c7c616262787c7c617c3a
3	xbbaxab	2 7862
7	||:b:|x|b:xba:ab|:::|x|a:	6 7c7c7c7c7c3a
20	x|:xax::ab|bb::|b:|:bx:xx:	18 787c7c7c3a7861787c3a7c3a61627c7c6262
39	:||b|x|bxbxbxaba|:||b	30 7c3a7c7c7c7c627c7c787c7c6278627862786162617c7c7c3a7c7c7c7c62
40	:|bxb|ax:xx::a:x:axxb	29 7c3a7c7c6278627c7c61787c3a78787c3a7c3a617c3a787c3a61787862
23	bxx:ba||x:bxa:	19 6278787c3a62617c7c7c7c787c3a6278617c3a
15	aax::b:a|	13 6161787c3a7c3a627c3a617c7c
6	ax|||:|ba	4 61787c7c
18	|||aaxxab:baba	17 7c7c7c7c7c7c6161787861627c3a626162
40	x:xa:xa::xaaxa	18 787c3a78617c3a78617c3a7c3a7861617861
19	::|a:b|::	16 7c3a7c3a7c7c617c3a627c7c7c3a7c3a
19		0 
26	aaxabxx|:b|	14 616178616278787c7c7c3a627c7c
34	xx:ab:|:|xbx:bxaxbb	25 78787c3a61627c3a7c7c7c3a7c7c7862787c3a627861786262
16	bb:b|xx|x:|:xx:	14 62627c3a627c7c78787c7c787c3a
8	bbbxxxbxa|x	7 62626278787862
40	||x||:	11 7c7c7c7c787c7c7c7c7c3a
25	a|b:::|:|x:|a:xxax	24 617c7c627c3a7c3a7c3a7c7c7c3a7c7c787c3a7c7c617c3a
24	bbb|a|xxbx:x::|b|:xx	22 6262627c7c617c7c787862787c3a787c3a7c3a7c7c62
5	:b|	3 7c3a62
13	b|b:x|::|||x|x:bx|ba|axx	11 627c7c627c3a787c7c7c3a
4	|a	2 7c7c
33	|bbaa|	8 7c7c626261617c7c
34	:|:a|x:b|aax|:baa::xb::xax:x:	33 7c3a7c7c7c3a617c7c787c3a627c7c6161787c7c7c3a6261617c3a7c3a78627c3a
26	|:|x|x:|:b|b|	22 7c7c7c3a7c7c787c7c787c3a7c7c7c3a627c7c627c7c
34		0 
10	ax::a:bbaabb|b:|b|xb::|::	9 61787c3a7c3a617c3a
40	|	2 7c7c
5	||:a:x::x:b:b|bxba|bbbaxxxba	4 7c7c7c7c
35	|ab:b:abxbbxa	16 7c7c61627c3a627c3a61627862627861
12	x||bx|	9 787c7c7c7c62787c7c
25	axaxbb:baax:b	15 6178617862627c3a626161787c3a62
5	:bx:xxbb|||aa|a||axxb	4 7c3a6278
24	x::xa:baaxaba|a:bxbb||	23 787c3a7c3a78617c3a626161786162617c7c617c3a6278
16	:bb:b|b:xb:a|xabx|:x:x::bbx	14 7c3a62627c3a627c7c627c3a7862
29	b:|:b:b:::aaxxb:b|	27 627c3a7c7c7c3a627c3a627c3a7c3a7c3a61617878627c3a627c7c
30	bx::x|:xb:x|:ba:x|b|xxbxx:	28 62787c3a7c3a787c7c7c3a78627c3a787c7c7c3a62617c3a787c7c62
18	:aaabb|ba:xx||xbx:	17 7c3a61616162627c7c62617c3a78787c7c
25	x|a|a:||::a|aa|b|axaxxxxxx	24 787c7c617c7c617c3a7c7c7c7c7c3a7c3a617c7c61617c7c
13	|xxb|bb|aabxa||::b|:xaxa::|:a	11 7c7c7878627c7c62627c7c
21	|||a|xx||:	17 7c7c7c7c7c7c617c7c78787c7c7c7c7c3a
4	||||:b:x:	2 7c7c
4	a:|||a||b::xa|:	3 617c3a
21	:ax	4 7c3a6178
9	b:	3 627c3a
22	|xaa|xbxabxxa:xx:baaa|||x	21 7c7c7861617c7c78627861627878617c3a78787c3a
4	b:x|||a:::a|ax|x	3 627c3a
35	:bab:|:bb::xa::bbxxxbaa|a	33 7c3a6261627c3a7c7c7c3a62627c3a7c3a78617c3a7c3a62627878786261617c7c
17	:b|x:aa::xbxb|ax:ab:b:a	16 7c3a627c7c787c3a61617c3a7c3a7862
20	xa:ab	6 78617c3a6162
16	b::abba::xaxba|:|xab||||	15 627c3a7c3a616262617c3a7c3a7861
32	|bb|bb|x|:xa|:aaax|x::|axaax	30 7c7c62627c7c62627c7c787c7c7c3a78617c7c7c3a616161787c7c787c3a
5	|b	3 7c7c62
4	:x:a:bb||	2 7c3a
8	b:b	4 627c3a62
26	|bbxabxb:|ax||a:x|x|xb	25 7c7c626278616278627c3a7c7c61787c7c7c7c617c3a787c7c
17	xxxxb|abb:|a:xaa|bba|baba|a|:	15 78787878627c7c6162627c3a7c7c61
9	:bb:ax|:ba:a:xa:|x:a	8 7c3a62627c3a6178
23	axb|a|||	12 6178627c7c617c7c7c7c7c7c
18	bxxxx:a|b:x|ab	16 62787878787c3a617c7c627c3a787c7c
30	:b:a::xa|ax|||xa|	26 7c3a627c3a617c3a7c3a78617c7c61787c7c7c7c7c7c78617c7c
16	bxa:|xx::|xx|bx|b:	15 6278617c3a7c7c78787c3a7c3a7c7c
16	::|babx:xaax:|	15 7c3a7c3a7c7c626162787c3a786161
20	xaxb:|ab|aax:xaabxxxbxb|	19 786178627c3a7c7c61627c7c6161787c3a7861
10	ba:x	5 62617c3a78
10	b|b|::xabax:	8 627c7c627c7c7c3a
29	|b:bb|bbaxxx|xa||b	24 7c7c627c3a62627c7c6262617878787c7c78617c7c7c7c62
3	b||:xxa:	1 62
3	|:	2 7c7c
15	:xx:::::ax:bx:bbbx|bxba:x::	14 7c3a78787c3a7c3a7c3a7c3a7c3a
15	xbabb:xb	9 78626162627c3a7862
36	a|||:b	10 617c7c7c7c7c7c7c3a62
31	||xab::x::a|ax|b:xaxa:	30 7c7c7c7c7861627c3a7c3a787c3a7c3a617c7c61787c7c627c3a78617861
27	b	1 62
34	:baaa|xx|a:b:x|bba:x|:|abxx	33 7c3a626161617c7c78787c7c617c3a627c3a787c7c6262617c3a787c7c7c3a7c7c
19	:x|b::x:xba	16 7c3a787c7c627c3a7c3a787c3a786261
21	|bxx|ba|||baaaxxa|aaba:bbbxaax	20 7c7c6278787c7c62617c7c7c7c7c7c6261616178
23	:a	3 7c3a61
23	b:a|xxbaxbxaaxb:aaba:	22 627c3a617c7c78786261786278616178627c3a616162
12	|::xb|:	10 7c7c7c3a7c3a78627c7c
37	|:xbaaba|ax:::b|x:|	28 7c7c7c3a7862616162617c7c61787c3a7c3a7c3a627c7c787c3a7c7c
25	xbaa|	6 786261617c7c
17	:b|xxa|::xbb|ba	16 7c3a627c7c7878617c7c7c3a7c3a7862
23	a:x|	6 617c3a787c7c
29	|b|a::a:b|||x:a|a||:aa|:	27 7c7c627c7c617c3a7c3a617c3a627c7c7c7c7c7c787c3a617c7c61
38	baxaxxb::xa	13 626178617878627c3a7c3a7861
35	aa|x:|:|:b:|:xax|bba||x|xx::	34 61617c7c787c3a7c7c7c3a7c7c7c3a627c3a7c7c7c3a7861787c7c6262617c7c7c7c
23	|baa:bb	9 7c7c6261617c3a6262
21	bxa|:x:x	11 6278617c7c7c3a787c3a78
25	:|aaxaxax|	13 7c3a7c7c616178617861787c7c
37	bbxax|||a::aba::a|	26 62627861787c7c7c7c7c7c617c3a7c3a6162617c3a7c3a617c7c
22	xb|:a|xa|:ba|bx|b|x:	21 78627c7c7c3a617c7c78617c7c7c3a62617c7c6278
7	:||x||xaxaax	6 7c3a7c7c7c7c
21	:|x|a:b|a:bb|xa|:|xabb|	20 7c3a7c7c787c7c617c3a627c7c617c3a62627c7c
32	|xbxbxx|xb::|:|bba||a:	30 7c7c7862786278787c7c78627c3a7c3a7c7c7c3a7c7c6262617c7c7c7c61
39	bxbx:a|::	13 627862787c3a617c7c7c3a7c3a
8	:xb:a:	6 7c3a78627c3a
20	x:bx||xbx:axxba	19 787c3a62787c7c7c7c7862787c3a6178786261
37	a:a:	6 617c3a617c3a
18	bba::ba:x:::bx:ab|bbb	16 6262617c3a7c3a62617c3a787c3a7c3a
18	ax:b:b:	10 61787c3a627c3a627c3a
19	x|b||a:axb:baa::x::ba|||babx||	18 787c7c627c7c7c7c617c3a6178627c3a6261
8	aaxa::::b:axbx:b|:xxaa::	6 616178617c3a
5	|::||bb||b::x|x:x:::b:a:a	4 7c7c7c3a
15	|ba:xa|:b:abx|:x||:x|:abx:x	13 7c7c62617c3a78617c7c7c3a62
23	xx:x:x||x:|ba:||a	21 78787c3a787c3a787c7c7c7c787c3a7c7c62617c3a
3	x:xxbbbxxb|x|a|x:xb:||x::xx	1 78
10	bxb	3 627862
8	x|aax::|aabb|bax|bx|:xx:|aaxaa	6 787c7c616178
22	|	2 7c7c
39	||xa	6 7c7c7c7c7861
16	x::bb:abx	12 787c3a7c3a62627c3a616278
4	ab:ba|bb||babaxa	2 6162
9	b|b|ba|||x:||ab||:|axb:|	8 627c7c627c7c6261
36	|axxaxxaa|ab::xa:a:aaxb|:::bx	35 7c7c61787861787861617c7c61627c3a7c3a78617c3a617c3a616178627c7c7c3a7c3a
21	ba|:|ax|xbx	15 62617c7c7c3a7c7c61787c7c786278
21	|a:	5 7c7c617c3a
35	bxaa|x|a:xba|:aa:x|a|xxx	32 627861617c7c787c7c617c3a7862617c7c7c3a61617c3a787c7c617c7c787878
14	a|:x:a:::x::bax:aaa:xb:b::xx	13 617c7c7c3a787c3a617c3a7c3a
8	ba|::x:bx||	6 62617c7c7c3a
17	x:	3 787c3a
40	:b|bxb|xa|a|a:|:ax:aa:||a	37 7c3a627c7c6278627c7c78617c7c617c7c617c3a7c7c7c3a61787c3a61617c3a7c7c7c7c61
10	|b|x|abbaa	8 7c7c627c7c787c7c
18	b|bxbx|axbb::|:	17 627c7c627862787c7c617862627c3a7c3a
15	bxxxbxb|b|x:bbxx	13 627878786278627c7c627c7c78
23	:|a:bxa|bxxx::|b::xxx:||:a:||	22 7c3a7c7c617c3a6278617c7c627878787c3a7c3a7c7c
35	ba:a	5 62617c3a61
9	aba|:xa|:axx:b|:x	7 6162617c7c7c3a
7	|xa:b|xx	6 7c7c78617c3a
16	x|	3 787c7c
12	|x||axa||bb:a:axa|x:|bbab	10 7c7c787c7c7c7c617861
16	|:	4 7c7c7c3a
4	a	1 61
8	a|xa:xxbxxaaxab|xa:b|ba|a:|b:	7 617c7c78617c3a
33	axaxaxbaaa:x:aabaaaxb::aa	29 617861786178626161617c3a787c3a61616261616178627c3a7c3a6161
3	xxxaxx::bxx|:a|xbbbxx:a|x:ax:b	2 7878
38	||abb|xaxax:|b:ab|bbx::	32 7c7c7c7c6162627c7c78617861787c3a7c7c627c3a61627c7c6262787c3a7c3a
20	||b:xb|ab||bxaaba||xxb:a::x::|	19 7c7c7c7c627c3a78627c7c61627c7c7c7c6278
16	|x:ba	7 7c7c787c3a6261
6	bb	2 6262
27	ax|b:xa	9 61787c7c627c3a7861
21	a||	5 617c7c7c7c
9	:|x|xbba|bb	7 7c3a7c7c787c7c
13	x::a:b:x	11 787c3a7c3a617c3a627c3a
13	:a:x::|	12 7c3a617c3a787c3a7c3a7c7c
20	xab|bxaaabba:x|xx:xb:bax	18 7861627c7c62786161616262617c3a787c7c
9	x|axb|xbbb||a	8 787c7c6178627c7c
12	|xabxaa|ba:b:a:|xb|:axx:::xa:	10 7c7c7861627861617c7c
23	baab|:x|xabx:bxbxxaab:|x|xaab	22 626161627c7c7c3a787c7c786162787c3a6278627878
3	b||aa	1 62
31	|::|:b|a:baabba:a	25 7c7c7c3a7c3a7c7c7c3a627c7c617c3a6261616262617c3a61
3	x	1 78
30	||xx	6 7c7c7c7c7878
33	|aaxbb:abb:	14 7c7c61617862627c3a6162627c3a
21	:|x||axaxb:b:bb::|:b:||xx:	19 7c3a7c7c787c7c7c7c61786178627c3a627c3a
31	:b:ax|aa||baxx:ba:babbb|xxb|ax	30 7c3a627c3a61787c7c61617c7c7c7c626178787c3a62617c3a6261626262
10	bxxb|xxabxx||xb	9 627878627c7c787861
11	b|a:x:abb|a|ba::	9 627c7c617c3a787c3a
9	ab|axa|b:ax|bb|a::a||bx	7 61627c7c617861
14	xx|:xxbx:xbb|ax	12 78787c7c7c3a787862787c3a
32	abb|bx|	9 6162627c7c62787c7c
36	|aaba:xaxx||x|a:::|abab	32 7c7c616162617c3a786178787c7c7c7c787c7c617c3a7c3a7c3a7c7c61626162
35	bax	3 626178
8	:a|x|ab|a:bba::b:|bx:baxabb	6 7c3a617c7c78
12	xba|xx|x:	10 7862617c7c78787c7c78
16	bbx|:b||x|||bx:baaaa:	15 6262787c7c7c3a627c7c7c7c787c7c
17	::x:bb|:xxab|:|b|:bax	16 7c3a7c3a787c3a62627c7c7c3a787861
24	x:ba:aaaa||:aax|::	22 787c3a62617c3a616161617c7c7c7c7c3a6161787c7c
18	::baa:|a|xa|x:|xxa:ba	16 7c3a7c3a6261617c3a7c7c617c7c7861
25	a|x|ax|xa:bb||x|	23 617c7c787c7c61787c7c78617c3a62627c7c7c7c787c7c
19	a:x|xa|:|:xxa|:	18 617c3a787c7c78617c7c7c3a7c7c7c3a7878
40	|x:bbx::b|a|b	19 7c7c787c3a6262787c3a7c3a627c7c617c7c62
6	|:xbb:a|a:bbab|:b:|b|bxb	4 7c7c7c3a
16	:ax::a|:xabxbxba:|a|xb	15 7c3a61787c3a7c3a617c7c7c3a7861
15	ba|:b	7 62617c7c7c3a62
21	abaa|aba|x:bxbaa::b|x:x|b:	19 616261617c7c6162617c7c787c3a6278626161
38	:b:aaaxb:b:::bb||x:||:a:ab	37 7c3a627c3a61616178627c3a627c3a7c3a7c3a62627c7c7c7c787c3a7c7c7c7c7c3a617c3a
37	a|xx	5 617c7c7878
32	a|:xb::b:|x||a:baabbax|bxx	31 617c7c7c3a78627c3a7c3a627c3a7c7c787c7c7c7c617c3a62616162626178
32	bab|:::||b|:	20 6261627c7c7c3a7c3a7c3a7c7c7c7c627c7c7c3a
11	b:xbaxb:xbba|b|x:|a|:a	10 627c3a78626178627c3a
33	::ab:x|	11 7c3a7c3a61627c3a787c7c
5	xxaabb|:|x:bxb|x|:bba	4 78786161
28	abxax:xa|:b|	16 61627861787c3a78617c7c7c3a627c7c
39	:a|ab:ax	11 7c3a617c7c61627c3a6178
25	ba:bb:||:|b|x|:	24 62617c3a62627c3a7c7c7c7c7c3a7c7c627c7c787c7c7c3a
30	axbx||:a|||a|:	22 617862787c7c7c7c7c3a617c7c7c7c7c7c617c7c7c3a
23	bxb:x:aabx|||a:|:	21 6278627c3a787c3a616162787c7c7c7c7c7c617c3a
24	x:abaxbb|b:bb:b|x	22 787c3a6162617862627c7c627c3a62627c3a627c7c78
18	|b||	7 7c7c627c7c7c7c
24	aa|a:ax:|:|xbabaxa::|xabxb|:	23 61617c7c617c3a61787c3a7c7c7c3a7c7c786261626178
3	bb:|:|	2 6262
38	axba:bx:b::xx:axb|xxx	27 617862617c3a62787c3a627c3a7c3a78787c3a6178627c7c787878
36	xxxbax||:xxx:||aa|	25 7878786261787c7c7c7c7c3a7878787c3a7c7c7c7c61617c7c
31	:|x:axaxbb||:::b	24 7c3a7c7c787c3a6178617862627c7c7c7c7c3a7c3a7c3a62
40	|a	3 7c7c61
28	aaaxax::bx:x||x|xaxxxbb	27 6161617861787c3a7c3a62787c3a787c7c7c7c787c7c7861787878
17	b::|axxb|||b:::|b:xax|axa	15 627c3a7c3a7c7c617878627c7c7c7c
11	ax:a:|:::b|ab:|:axxa|:	9 61787c3a617c3a7c7c
7	:|	4 7c3a7c7c
34	xb:bbb|::b|x:x|axx|xxb:ba|xb|	32 78627c3a6262627c7c7c3a7c3a627c7c787c3a787c7c6178787c7c7878627c3a
35	b:b||xxaaxx|xx	18 627c3a627c7c7c7c7878616178787c7c7878
12	b|xx|a|x|a:b|:xa:||a:xxbx::	10 627c7c78787c7c617c7c
5	aaba:bb::axxx:ba::x|x	4 61616261
25	|:bb:||:xxax	18 7c7c7c3a62627c3a7c7c7c7c7c3a78786178
3	xx||a:|aa|bab:xx::a|:xb||bxx	2 7878
21	b|x:axabaxb|a|a:axa:a||b|	19 627c7c787c3a617861626178627c7c617c7c61
25	a||:|b|::b:x||baxa	24 617c7c7c7c7c3a7c7c627c7c7c3a7c3a627c3a787c7c7c7c
34	x|:b:aba:axx|aa:|a::	29 787c7c7c3a627c3a6162617c3a6178787c7c61617c3a7c7c617c3a7c3a
33	b|xa:x||a|::xb:|:xx	29 627c7c78617c3a787c7c7c7c617c7c7c3a7c3a78627c3a7c7c7c3a7878
3	xb:|:ax|:a:b|xx:|	2 7862
26	bax||xbaxax	13 6261787c7c7c7c786261786178
13	bxba:xaxbax:b|x|b|ax:	12 627862617c3a786178626178
17	xxb|a::|:x::bb|ab|a	15 7878627c7c617c3a7c3a7c7c7c3a78
9	:aa|b:b	7 7c3a61617c7c62
30	|aab|bbxx::	15 7c7c6161627c7c626278787c3a7c3a
35	a::ab:xxba|xb:axxb|xx:x||	34 617c3a7c3a61627c3a787862617c7c78627c3a617878627c7c78787c3a787c7c7c7c
16	bxbxbxbx|ab|x|b|bba|	14 62786278627862787c7c61627c7c
31	aabba	5 6161626261
31	:x:abaaa	10 7c3a787c3a6162616161
6	:b|xx	5 7c3a627c7c
40	|||	6 7c7c7c7c7c7c
30	b|axbxbxbba|xb::x:x:axb:b|	29 627c7c6178627862786262617c7c78627c3a7c3a787c3a787c3a617862
12	a:x|bx|:xxa||aax::|a:|aaxbx|:	10 617c3a787c7c62787c7c
15	b:a:|a::	13 627c3a617c3a7c7c617c3a7c3a
26	bbb|a|ab:|ax|baaaa::|x|xxb:	25 6262627c7c617c7c61627c3a7c7c61787c7c62616161617c3a
28	|xaa|b::a:b:|x:b|x||:ab:ab:|	26 7c7c7861617c7c627c3a7c3a617c3a627c3a7c7c787c3a627c7c
35	bbbxaa|x:|a|bx	18 6262627861617c7c787c3a7c7c617c7c6278
33	::ax||bb|	14 7c3a7c3a61787c7c7c7c62627c7c
21	a:|bb:::x||	18 617c3a7c7c62627c3a7c3a7c3a787c7c7c7c
10	babab|:||a|axxbxa||:|:xbxx|axa	9 62616261627c7c7c3a
13	:aa:b|:|||a|::|bb	11 7c3a61617c3a627c7c7c3a
39	xa|xaxb:a:|||xbxaax:b||	32 78617c7c786178627c3a617c3a7c7c7c7c7c7c7862786161787c3a627c7c7c7c
9	a:|:::|a	7 617c3a7c7c7c3a
33	||xbb:bxaab:bxxxx:xb:||bx|ab	31 7c7c7c7c7862627c3a62786161627c3a62787878787c3a78627c3a7c7c7c7c
19	|xba::b|axa::||ax|xxb:|b|b	17 7c7c7862617c3a7c3a627c7c6178617c3a
38	|:x|xxab::ab|b|xbb|a|:||	36 7c7c7c3a787c7c787861627c3a7c3a61627c7c627c7c7862627c7c617c7c7c3a7c7c7c7c
38	:abx|x:b|ab:b:|a|a	26 7c3a6162787c7c787c3a627c7c61627c3a627c3a7c7c617c7c61
31	xaabxxbb|aba:	15 78616162787862627c7c6162617c3a
32	ab::xxa:bbb:b|a|b	23 61627c3a7c3a7878617c3a6262627c3a627c7c617c7c62
3	xabaaa:|:|x:xx|b	2 7861
38	:baxb::xx|::abaxba|:a:bx|xxba	37 7c3a626178627c3a7c3a78787c7c7c3a7c3a6162617862617c7c7c3a617c3a62787c7c7878
21	|b|:bxaa||x:|abab:|:aa	20 7c7c627c7c7c3a627861617c7c7c7c787c3a7c7c
30	|aax|ab|::	15 7c7c6161787c7c61627c7c7c3a7c3a
23	::xaxb:	10 7c3a7c3a786178627c3a
20	|::||	10 7c7c7c3a7c3a7c7c7c7c
17	b|xxb||::ab:||xx	16 627c7c7878627c7c7c7c7c3a7c3a6162
28	babb	4 62616262
6	x:xbbxb:	5 787c3a7862
38	:bxxa||:||a|:bbxb|b:xx::a|xxxx	36 7c3a627878617c7c7c7c7c3a7c7c7c7c617c7c7c3a626278627c7c627c3a78787c3a7c3a
33	aaa|a	6 6161617c7c61
36	axx:b:xbba:b|bb||a	24 6178787c3a627c3a786262617c3a627c7c62627c7c7c7c61
16	|x|	5 7c7c787c7c
4	|:|xb:	2 7c7c
14	:|:x:|:b::|a:|xxx:bbab|||x:b	13 7c3a7c7c7c3a787c3a7c7c7c3a
9	b|:|:baxaxbbx|bax|x	7 627c7c7c3a7c7c
36	b|x::::	12 627c7c787c3a7c3a7c3a7c3a
31		0 
22	||babba|bxxab	16 7c7c7c7c62616262617c7c6278786162
3	:aa:b:|xxx:|b:|b:a|a|b:a	2 7c3a
25	::bba|	9 7c3a7c3a6262617c7c
9	ba:baaabx|a|a|x	8 62617c3a62616161
9	bxx:ba|xx:b||a|b:xbxxx:bb:x|a	7 6278787c3a6261
12	:a:bx:axx:xb||axbxb	11 7c3a617c3a62787c3a6178
35	bxabx:|xa::	15 62786162787c3a7c7c78617c3a7c3a
10	||ba|aa|::a:b|b|b:ba|	8 7c7c7c7c62617c7c
38	a	1 61
24	:ba:b|xaa:||x:	21 7c3a62617c3a627c7c7861617c3a7c7c7c7c787c3a
31	:x|ax|xx:|:x:x::|::|	29 7c3a787c7c61787c7c78787c3a7c7c7c3a787c3a787c3a7c3a7c7c7c3a
36	aabaxa	6 616162617861
32	|:|bbx||	13 7c7c7c3a7c7c6262787c7c7c7c
10	ax:|:|::b:bx:a|b|	8 61787c3a7c7c7c3a
5	x:a|xbb:a::	3 787c3a
11	b|a:aba:b:::bx	9 627c7c617c3a616261
40	a:aa::bxbbx:	16 617c3a61617c3a7c3a62786262787c3a
31	abx	3 616278
36	|bx:|ba||a	15 7c7c62787c3a7c7c62617c7c7c7c61
32	a:x||||x:bxxba|xxb:bbbxbax|b	31 617c3a787c7c7c7c7c7c7c7c787c3a62787862617c7c7878627c3a62626278
8	|:aaa|:bxaa||b:|xxaxx:|xa	7 7c7c7c3a616161
35	|::x|	9 7c7c7c3a7c3a787c7c
19	|||:b|b::x	17 7c7c7c7c7c7c7c3a627c7c627c3a7c3a78
15	bb||:ab:|a::bx|xxa|axa:aaab||	14 62627c7c7c7c7c3a61627c3a7c7c
30	xxx|:xa|bxa:a:xxxb::::a|:::	29 7878787c7c7c3a78617c7c6278617c3a617c3a787878627c3a7c3a7c3a
36	::xxxbb:||xxaa|::::aabb||a|:	35 7c3a7c3a78787862627c3a7c7c7c7c787861617c7c7c3a7c3a7c3a7c3a616162627c7c
40	babababxabax:|aabbx|||:	29 6261626162616278616261787c3a7c7c61616262787c7c7c7c7c7c7c3a
21	||a	5 7c7c7c7c61
8	b||::|||b	7 627c7c7c7c7c3a
28	a:|a:ax:x|bx|:||axxaxba	27 617c3a7c7c617c3a61787c3a787c7c62787c7c7c3a7c7c7c7c6178
19	ax|:b|aa	11 61787c7c7c3a627c7c6161
13	bx::a|:|||xxx::a::|	11 62787c3a7c3a617c7c7c3a
28	:xx|bxax:	12 7c3a78787c7c627861787c3a
23	ba::||b:ab|x|:b|xab|xb|a:	22 62617c3a7c3a7c7c7c7c627c3a61627c7c787c7c7c3a
33	a	1 61
9	babb|a:::baa||b:a	7 626162627c7c61
13	||a:axbba:|ax|a	12 7c7c7c7c617c3a6178626261
15	a|:a|aa	10 617c7c7c3a617c7c6161
35	|:|xx::|b:axb|:xaa::xxb:a|xx	34 7c7c7c3a7c7c78787c3a7c3a7c7c627c3a6178627c7c7c3a7861617c3a7c3a787862
10	:|aa|aabxa::ax:|||x|b:x	8 7c3a7c7c61617c7c
21	b:a::bax:|a:xb::x||xxbx	20 627c3a617c3a7c3a6261787c3a7c7c617c3a7862
32	|:a:b||	12 7c7c7c3a617c3a627c7c7c7c
3	:xbx:axa::x:|b:baa|xaa||x	2 7c3a
40	bxx:|::a	12 6278787c3a7c7c7c3a7c3a61
25	aba::	7 6162617c3a7c3a
21	:ab:x:bxaa:bbbbbxx|	20 7c3a61627c3a787c3a627861617c3a6262626262
10	a|xxx|:b|a:bxx:|x|:x:|a:|a|	8 617c7c7878787c7c
25	baaa	4 62616161
20	|xxabxxaax:x||ax||ba|xb:ax|a:	18 7c7c7878616278786161787c3a787c7c7c7c
3		0 
14	::bb:|a|b::	13 7c3a7c3a62627c3a7c7c617c7c
28	a:	3 617c3a
40	|bx:xb:||	14 7c7c62787c3a78627c3a7c7c7c7c
29	ba|||a|x:b||:|abxxx:ba|a	28 62617c7c7c7c7c7c617c7c787c3a627c7c7c7c7c3a7c7c6162787878
39	||::|a|x|:|b:x:ba|axb:x:x	38 7c7c7c7c7c3a7c3a7c7c617c7c787c7c7c3a7c7c627c3a787c3a62617c7c6178627c3a787c3a
36	:|xa:axa:xxb	16 7c3a7c7c78617c3a6178617c3a787862
31	a|xxbb||:aa:x|:|||b||::bab	29 617c7c787862627c7c7c7c7c3a61617c3a787c7c7c3a7c7c7c7c7c7c62
29	|:x:b:|:xbxxab|:x|:b	27 7c7c7c3a787c3a627c3a7c7c7c3a7862787861627c7c7c3a787c7c
19	|a:bx|::xx:bx|ab	17 7c7c617c3a62787c7c7c3a7c3a78787c3a
6	:x:	5 7c3a787c3a
13	bxba:bxx:aa|b:bx:x	11 627862617c3a6278787c3a
16	bb:a:abxaxba:bxaaxa|xax|x|||bx	14 62627c3a617c3a61627861786261
34	bb|a:axa|ba:bbx	19 62627c7c617c3a6178617c7c62617c3a626278
22	|bbba|xx:x||||x:axa|:	21 7c7c626262617c7c78787c3a787c7c7c7c7c7c7c7c
26	a:b	4 617c3a62
27	x||b	6 787c7c7c7c62
31	bbabx|b|:x	13 62626162787c7c627c7c7c3a78
9	babx:b|ab:|:aax:|x:|:bb|bxxa:	7 626162787c3a62
15	xaa:	5 7861617c3a
3	|a:aab|a|xbx|bax:b|ax:b:b	2 7c7c
28	xxa|ax	7 7878617c7c6178
36	|xxbbabx:abxxx:x:aa:x|xb:|x|:b	34 7c7c787862626162787c3a61627878787c3a787c3a61617c3a787c7c78627c3a7c7c
29	|b:|a:x	11 7c7c627c3a7c7c617c3a78
13	x:x	4 787c3a78
12	|:	4 7c7c7c3a
27	:b||bx:|:x|aa|b:a:::ax	25 7c3a627c7c7c7c62787c3a7c7c7c3a787c7c61617c7c627c3a
8	::b|ab|ba|a:	7 7c3a7c3a627c7c
37	b:abaa|x|bx:ax	18 627c3a616261617c7c787c7c62787c3a6178
6	a	1 61
36	xaa||:aa|:baax	19 7861617c7c7c7c7c3a61617c7c7c3a62616178
19	:xbbb	6 7c3a78626262
15	|b:b	6 7c7c627c3a62
16	|a|xxaab:a:|bb:bb	15 7c7c617c7c78786161627c3a617c3a
9	b:a|x|a|aaaabx|bb:	7 627c3a617c7c78
20	a|:axbb	9 617c7c7c3a61786262
17	:|xbxx|xaxxab|	16 7c3a7c7c786278787c7c786178786162
13	:x:abbabb:::x|a|axax:b||xa	11 7c3a787c3a616262616262
15	a|xaa|a|ba||aba:axx|a:x::bax:b	13 617c7c7861617c7c617c7c6261
18	|xxaaxa|bbx	13 7c7c7878616178617c7c626278
11	xx::xb:xba|x|:	10 78787c3a7c3a78627c3a
40	||bbbaxa:::b|xaaa:|:xxxxba|bx:	39 7c7c7c7c6262626178617c3a7c3a7c3a627c7c786161617c3a7c7c7c3a7878787862617c7c6278
30	ax	2 6178
29	::a|ax:aa||bxxax:x::x	27 7c3a7c3a617c7c61787c3a61617c7c7c7c62787861787c3a787c3a
38	:bbbb|a|a|xaab|ax|:	26 7c3a626262627c7c617c7c617c7c786161627c7c61787c7c7c3a
9	:xb||aab:||a:xa:x:aabxa:::a	8 7c3a78627c7c7c7c
18	x|	3 787c7c
25	|a|aba:x::a	16 7c7c617c7c6162617c3a787c3a7c3a61
13	|:aa|a:|||:||:|b:axab:xa:|bxaa	11 7c7c7c3a61617c7c617c3a
28	x:|b|ab|:ax:a|||	25 787c3a7c7c627c7c61627c7c7c3a61787c3a617c7c7c7c7c7c
25	xbaabab|:x|a	15 786261616261627c7c7c3a787c7c61
19	:bxx:xaabx:|:aa||a:a|x:	18 7c3a6278787c3a78616162787c3a7c7c7c3a
14	|bb	4 7c7c6262
38	|xx|:aaaabx|bbxxx|||b:x:b:x||	36 7c7c78787c7c7c3a6161616162787c7c62627878787c7c7c7c7c7c627c3a787c3a627c3a
31	bxxx|b::bxbb||:a|::|::|xb	30 627878787c7c627c3a7c3a627862627c7c7c7c7c3a617c7c7c3a7c3a7c7c
20	xbx||xabb|:a|ax::aaxbaxax||	18 7862787c7c7c7c786162627c7c7c3a617c7c
10	bx|:|aa|bab:|bx:xab|xaxx	8 62787c7c7c3a7c7c
39	|bb:|:bx|xbab:a|:|ax|bb|:	37 7c7c62627c3a7c7c7c3a62787c7c786261627c3a617c7c7c3a7c7c61787c7c62627c7c7c3a
27	|:aa:xbb:	13 7c7c7c3a61617c3a7862627c3a
39	x:b:	6 787c3a627c3a
20	:bx	4 7c3a6278
3	axaaa|axa|:b|a	2 6178
29	x:|||xaaab|bb|:|	24 787c3a7c7c7c7c7c7c78616161627c7c62627c7c7c3a7c7c
34	x|bxab|x|b|xaa||b:xa:x|ba:x|x	32 787c7c627861627c7c787c7c627c7c7861617c7c7c7c627c3a78617c3a787c7c
22	xaxbb|bb|b::	16 78617862627c7c62627c7c627c3a7c3a
5	aba:ba:a|a|::|	3 616261
35	xbba:x:||x	14 786262617c3a787c3a7c7c7c7c78
11	a|::b	8 617c7c7c3a7c3a62
25	xbbx|||ba	12 786262787c7c7c7c7c7c6261
40	::|aaab||ba||x|abb:b:a|:b||a	39 7c3a7c3a7c7c616161627c7c7c7c62617c7c7c7c787c7c6162627c3a627c3a617c7c7c3a627c7c
14	a:bxbab:::	12 617c3a62786261627c3a7c3a
15	|abxxx|x|b:b::	13 7c7c61627878787c7c787c7c62
8	|baa||a:x::bx:xba|	7 7c7c6261617c7c
26	:|b:x|a|b::b|a|b	24 7c3a7c7c627c3a787c7c617c7c627c3a7c3a627c7c617c7c
38	bx|xxbbb|bb:a	16 62787c7c78786262627c7c62627c3a61
3	bxa:|xxxx|b:|xx|b|a::||:aaxb	2 6278
22	a|xx|:|axx:||:b::axx::b:	20 617c7c78787c7c7c3a7c7c6178787c3a7c7c7c7c
36	::b:xx:b|xab|xb||:bbbax	32 7c3a7c3a627c3a78787c3a627c7c7861627c7c78627c7c7c7c7c3a6262626178
7	:a::bx||b|:b|x:b|xbbx|b:	5 7c3a617c3a
15	:|:a:|abxx:bax|ax|x|xbb	14 7c3a7c7c7c3a617c3a7c7c616278
19	|:|aaa:xa|axx|ax||b:|abbabb	18 7c7c7c3a7c7c6161617c3a78617c7c617878
30	axa::xbx:|ba:b::|b:	28 6178617c3a7c3a7862787c3a7c7c62617c3a627c3a7c3a7c7c627c3a
6	:baxbb|aax:a	5 7c3a626178
10	|a::b|:x|x|bb:x:x:a::|a::	8 7c7c617c3a7c3a62
20	bax:xa:a:x:b|a:xax:b||a:|	18 6261787c3a78617c3a617c3a787c3a627c7c
27	bbx:ab|a:xaa:x|a:ax	25 6262787c3a61627c7c617c3a7861617c3a787c7c617c3a6178
18	:abxb|::|:a|:abb:	16 7c3a616278627c7c7c3a7c3a7c7c7c3a
17	:a	3 7c3a61
23	::xa|aa:xbx:x|xa|:|||:::::x||	22 7c3a7c3a78617c7c61617c3a7862787c3a787c7c7861
19	|xaxaxxx|a|||xbx:x:|a:|axx|b	18 7c7c786178617878787c7c617c7c7c7c7c7c
5	:||||bbxbb	4 7c3a7c7c
33	a|xx:b||:a:axbbx||:bb|	32 617c7c78787c3a627c7c7c7c7c3a617c3a61786262787c7c7c7c7c3a62627c7c
9	:a	3 7c3a61
4	:::a:a|baaaabbx::babbbb:|x	2 7c3a
7	|bx:xb:|	6 7c7c62787c3a
18	bx|b	5 62787c7c62
5	|xx	4 7c7c7878
16	|xaa	5 7c7c786161
14	|:a::ba:|bab|b	13 7c7c7c3a617c3a7c3a62617c3a
26	a|a:a::xab:bx|:|:b	24 617c7c617c3a617c3a7c3a7861627c3a62787c7c7c3a7c7c
33	axaxxba::|||ab	19 617861787862617c3a7c3a7c7c7c7c7c7c6162
24	abxa:|::a||aabaa:a|bx|x|	22 616278617c3a7c7c7c3a7c3a617c7c7c7c6161626161
24	bbx:a||	10 6262787c3a617c7c7c7c
34	:|xxxbb|axb|ba|a:|||xa:xb:a	33 7c3a7c7c78787862627c7c6178627c7c62617c7c617c3a7c7c7c7c7c7c78617c3a
40	:x:::abx|a:|b||abb|	29 7c3a787c3a7c3a7c3a6162787c7c617c3a7c7c627c7c7c7c6162627c7c
28	b|a|xbba:||a:axxb	23 627c7c617c7c786262617c3a7c7c7c7c617c3a61787862
7	:ax|::xx|:ba:b::bx	6 7c3a61787c7c
18	b|x||x:a:x|a:b|:	17 627c7c787c7c7c7c787c3a617c3a787c7c
19	:ba	4 7c3a6261
20	:xxxba|bx:|xa|aax|b::ax|a:xbb	19 7c3a78787862617c7c62787c3a7c7c78617c7c
36	aa|ab||::	14 61617c7c61627c7c7c7c7c3a7c3a
19	:b	3 7c3a62
22	a|bax:|xaa::|:axa|x|:bab	21 617c7c6261787c3a7c7c7861617c3a7c3a7c7c7c3a
17	a:	3 617c3a
21	b|axbx:xxb:baabaax:ax:ax:::|xx	20 627c7c617862787c3a7878627c3a626161626161
38	||ab:xx	10 7c7c7c7c61627c3a7878
16	xx:|xba|a	12 78787c3a7c7c7862617c7c61
6	b||xb:	5 627c7c7c7c
36	::	4 7c3a7c3a
35	::bxx|bbx	12 7c3a7c3a6278787c7c626278
6	||xaa:abxb|:xxbx:bbbxx	4 7c7c7c7c
23		0 
27	:baabx|b:x|:aa||b:bbxx	26 7c3a62616162787c7c627c3a787c7c7c3a61617c7c7c7c627c3a
14	||:bb:xxaba:xx|:ba	13 7c7c7c7c7c3a62627c3a787861
34	a|bb:axa:a:	15 617c7c62627c3a6178617c3a617c3a
39	xx:ba|:|bb|:|:x|:aa:|bbb:xb:	38 78787c3a62617c7c7c3a7c7c62627c7c7c3a7c7c7c3a787c7c7c3a61617c3a7c7c6262627c3a
36	xxx:|ax|b:x:|a:|::::|::b||aax	34 7878787c3a7c7c61787c7c627c3a787c3a7c7c617c3a7c7c7c3a7c3a7c3a7c3a7c7c
26	b:x|a|a|a	13 627c3a787c7c617c7c617c7c61
36	bax::b|b||b	16 6261787c3a7c3a627c7c627c7c7c7c62
12	bb||	6 62627c7c7c7c
31	|ax|	6 7c7c61787c7c
40	::b::b|b:xb:|	21 7c3a7c3a627c3a7c3a627c7c627c3a78627c3a7c7c
22	b::b:|:||:||:|:	20 627c3a7c3a627c3a7c7c7c3a7c7c7c7c7c3a7c7c
19	:abba:xx:ba|bxxa:	18 7c3a616262617c3a78787c3a62617c7c6278
25	bb|:xx|:abb:x:||aab:b|a:a|	24 62627c7c7c3a78787c7c7c3a6162627c3a787c3a7c7c7c7c
39	bxa|:|a||x:|aab|x|:b	30 6278617c7c7c3a7c7c617c7c7c7c787c3a7c7c6161627c7c787c7c7c3a62
22	:|a:b:a|b|	16 7c3a7c7c617c3a627c3a617c7c627c7c
19	b||:|	9 627c7c7c7c7c3a7c7c
12	bbxba|bxx::a|xbaabb	10 62627862617c7c627878
6	b:bbbx::xaa:b::xbaax|xbx:|||a	5 627c3a6262
9	|a:aaxxbab||xa|ba|	8 7c7c617c3a616178
37	b:b||a|:b|axba:|x:a|	30 627c3a627c7c7c7c617c7c7c3a627c7c617862617c3a7c7c787c3a617c7c
15	||x|xbx:bxb||ax|aa	14 7c7c7c7c787c7c7862787c3a6278
7	b|:||:aba:a||	5 627c7c7c3a
4	::bb	2 7c3a
27	b|||x:::bb:a	19 627c7c7c7c7c7c787c3a7c3a7c3a62627c3a61
35	|||a	7 7c7c7c7c7c7c61
38	xbb|:||x:|bb	18 7862627c7c7c3a7c7c7c7c787c3a7c7c6262
31	|b||:|:ab|bb|:x||	28 7c7c627c7c7c7c7c3a7c7c7c3a61627c7c62627c7c7c3a787c7c7c7c
11	a|:x|||:|bba::	10 617c7c7c3a787c7c7c7c
40	:aa	4 7c3a6161
32	:aa:xxb|:aba|:xxa:::	29 7c3a61617c3a7878627c7c7c3a6162617c7c7c3a7878617c3a7c3a7c3a
7	b:|	5 627c3a7c7c
21	a::b:bxxa|xa|bx	20 617c3a7c3a627c3a627878617c7c78617c7c6278
15	|a||b|aabx	14 7c7c617c7c7c7c627c7c61616278
17	|x:ax:b||bxxa||bx|a:b|	16 7c7c787c3a61787c3a627c7c7c7c6278
40	a|a:|x:|ba:babx:xa|||b|b	35 617c7c617c3a7c7c787c3a7c7c62617c3a626162787c3a78617c7c7c7c7c7c627c7c62
12	|:|bxaa:|bax:aaab	10 7c7c7c3a7c7c62786161
16	bbbaba:|axbaa	15 6262626162617c3a7c7c6178626161
18	a|||||a	12 617c7c7c7c7c7c7c7c7c7c61
37	:b:bx||a|x	15 7c3a627c3a62787c7c7c7c617c7c78
21	x|:|ax:abx||b:	19 787c7c7c3a7c7c61787c3a6162787c7c7c7c62
23	bxxbaxx	7 62787862617878
33	ab:b:a|b||:ba:b:::abx|x|bbbx:	31 61627c3a627c3a617c7c627c7c7c7c7c3a62617c3a627c3a7c3a7c3a616278
40	bb|:bxa|:xa||x:bba:|:x	32 62627c7c7c3a6278617c7c7c3a78617c7c7c7c787c3a6262617c3a7c7c7c3a78
26	baaa|a|xa||bb:x:a:xb|xa:xa	25 626161617c7c617c7c78617c7c7c7c62627c3a787c3a617c3a
12	baaab:|axa|bb::x:b	11 62616161627c3a7c7c6178
22	ax:ba:a:a	12 61787c3a62617c3a617c3a61
28	xabb:x	7 786162627c3a78
38	a|bbbaaab:bxax|:axa:	25 617c7c626262616161627c3a627861787c7c7c3a6178617c3a
4	b:::|:x:	3 627c3a
22	bxbxaa||xx	12 6278627861617c7c7c7c7878
13	|aaab|:bx|a:b|axx|:|:ax	12 7c7c616161627c7c7c3a6278
22	xbxbxb	6 786278627862
8	:|a|axbxa|:::abbaxb|ax	7 7c3a7c7c617c7c
11	|xxa:xxxxbax||b:xa:|||axxxx	10 7c7c7878617c3a787878
7	||xbx:x::bab:bxaax|aaxbb:b::	6 7c7c7c7c7862
23	b||xa:|baaaxabax|:x:b:	22 627c7c7c7c78617c3a7c7c6261616178616261787c7c
33	:abx:abb	10 7c3a6162787c3a616262
6	||b|x|:bxbx|b|bbxx|::	4 7c7c7c7c
38	:	2 7c3a
12	|abx:xbbxaaxa:a::xx:ba::|x	11 7c7c6162787c3a78626278
17	|bbb|a::::xaa||axaxaa|ba	16 7c7c6262627c7c617c3a7c3a7c3a7c3a
36	b::|:	9 627c3a7c3a7c7c7c3a
27	abx|ab|x|:|b|:|abb:ab:|b|xa	26 6162787c7c61627c7c787c7c7c3a7c7c627c7c7c3a7c7c616262
3	x|xa|a||::||ba::bbbaax:xba	1 78
20	x|a|aa::bb|b|:b:	19 787c7c617c7c61617c3a7c3a62627c7c627c7c
23	|:ab|bx:|	14 7c7c7c3a61627c7c62787c3a7c7c
5	|::::	4 7c7c7c3a
21	x:|ax	7 787c3a7c7c6178
15	xb|xaaxbaa::a:aba|ba	13 78627c7c786161786261617c3a
17	::::babaxbba||b|a|	16 7c3a7c3a7c3a7c3a6261626178626261
9		0 
28	a:a:abab|x:|:xabba|axx:babx|	26 617c3a617c3a616261627c7c787c3a7c7c7c3a78616262617c7c
37	|abbb:x:b|:b|axab|xa|:x	32 7c7c616262627c3a787c3a627c7c7c3a627c7c617861627c7c78617c7c7c3a78
24	::b|	7 7c3a7c3a627c7c
16	ba:bbaabbb|a:bxxb:b|axxb	14 62617c3a626261616262627c7c61
5	baaa:aa|x:::|xaa||:bb::	4 62616161
27		0 
11	:|xbbaax:	10 7c3a7c7c786262616178
31	b:::baab|bxxa:xx|	23 627c3a7c3a7c3a626161627c7c627878617c3a78787c7c
23	|xa:::axb|||:||x|ba|x:|xaxax|x	21 7c7c78617c3a7c3a7c3a6178627c7c7c7c7c7c7c3a
28	|x||xx|:xaxxx	18 7c7c787c7c7c7c78787c7c7c3a7861787878
20	|axb|:x|b:|xa|	19 7c7c6178627c7c7c3a787c7c627c3a7c7c7861
15	:xba|:xbxa|b||aaa|x:|:xaxa|b	13 7c3a7862617c7c7c3a78627861
14	:b|axa:b|ax::ab||ax:x:::||ax	13 7c3a627c7c6178617c3a627c7c
40	bxbbxx|bxxax||ba|	21 6278626278787c7c62787861787c7c7c7c62617c7c
32	|bxbb	6 7c7c62786262
26	b:|ab:xab|axx::axaxa:|b	25 627c3a7c7c61627c3a7861627c7c6178787c3a7c3a61786178
19	:xx:||:	12 7c3a78787c3a7c7c7c7c7c3a
39	xa::bxa:|::baab:::	27 78617c3a7c3a6278617c3a7c7c7c3a7c3a626161627c3a7c3a7c3a
8	|x:xbbx:x|b|a	7 7c7c787c3a7862
8	a|b|bab|b|x:	6 617c7c627c7c
8	xabb::::b|::x	6 786162627c3a
19		0 
5	::x:|a:a	4 7c3a7c3a
32	xa:aax:::	13 78617c3a6161787c3a7c3a7c3a
9	xa|x:a:xb|:::x|xxax|xxabx	7 78617c7c787c3a
5	xxbxaab||b	4 78786278
25	b|a|ba:xabb|b:aaa::	24 627c7c617c7c62617c3a786162627c7c627c3a6161617c3a
31	||:bbba:|xxb	17 7c7c7c7c7c3a626262617c3a7c7c787862
40	bx:|b:b::||	18 62787c3a7c7c627c3a627c3a7c3a7c7c7c7c
9	a:aax:a:x:||axa	8 617c3a6161787c3a
25	a:|	5 617c3a7c7c
35	baa::ax	9 6261617c3a7c3a6178
22	:bxa	5 7c3a627861
32	aa|bxxa:x|	13 61617c7c627878617c3a787c7c
22	bax|:a|axxb:b|xxb:	21 6261787c7c7c3a617c7c617878627c3a627c7c7878
4	ax:::x:aaxx|ab||:bx	2 6178
31	|b:ab	7 7c7c627c3a6162
10	x:|xx:x|a::b	9 787c3a7c7c78787c3a
38	abb|:b|xxx|a:aa|ab||a:	31 6162627c7c7c3a627c7c7878787c7c617c3a61617c7c61627c7c7c7c617c3a
11		0 
9	:|a||:aax	7 7c3a7c7c617c7c
25	xxaax:a:|:|ab|:a|::bba|	23 78786161787c3a617c3a7c7c7c3a7c7c61627c7c7c3a61
31	|:xb|bbbx:bb:bb:|xxx:xb:a	29 7c7c7c3a78627c7c626262787c3a62627c3a62627c3a7c7c7878787c3a
7	bxa::|xbbxxxax|aaabbx|x	5 6278617c3a
15	|::	6 7c7c7c3a7c3a
5	|xb||::a|a|a|x|:b	4 7c7c7862
5		0 
7	a|:aax|ab:b	5 617c7c7c3a
6	:x|:b	5 7c3a787c7c
3		0 
25	a:b:ax|axx|a|bxab	22 617c3a627c3a61787c7c6178787c7c617c7c62786162
39	|xx:|	8 7c7c78787c3a7c7c
3	aaa::||||a|abb::|	2 6161
33	baxxab:xa:aab:||x|b:|xb	31 6261787861627c3a78617c3a6161627c3a7c7c7c7c787c7c627c3a7c7c7862
35	a|x:ba||x:bbxxbbx|:b:::::	33 617c7c787c3a62617c7c7c7c787c3a626278786262787c7c7c3a627c3a7c3a7c3a
10	|bba|||a|x:x|aabb:a||||	9 7c7c6262617c7c7c7c
27		0 
8	a:ax|b:xxa::xa:ax:axbxa	7 617c3a61787c7c
22	:xxxb|b	9 7c3a787878627c7c62
33	baa:::|a|::b	19 6261617c3a7c3a7c3a7c7c617c7c7c3a7c3a62
32	|xaax||aa:|a|	19 7c7c786161787c7c7c7c61617c3a7c7c617c7c
27	:xab:x:|b|xa|:b|ba|||a:bxx	26 7c3a7861627c3a787c3a7c7c627c7c78617c7c7c3a627c7c6261
11	xbx	3 786278
30	bbb:axbx:|x|bxxba:|:	27 6262627c3a617862787c3a7c7c787c7c62787862617c3a7c7c7c3a
31	|b||:||ba|xa:bx:	25 7c7c627c7c7c7c7c3a7c7c7c7c62617c7c78617c3a62787c3a
33	::abb|xaa||b	17 7c3a7c3a6162627c7c7861617c7c7c7c62
27	::::bb|xax|::ba|bax:bx	25 7c3a7c3a7c3a7c3a62627c7c7861787c7c7c3a7c3a62617c7c
25	|aa:xxaa:b:b:bxa:b:x	23 7c7c61617c3a787861617c3a627c3a627c3a6278617c3a
40	xx:::bb:a:x:a|:b:|bb|a:a::	38 78787c3a7c3a7c3a62627c3a617c3a787c3a617c7c7c3a627c3a7c7c62627c7c617c3a617c3a
13	b:|:ab	9 627c3a7c7c7c3a6162
7	:x	3 7c3a78
20	x:xb:a|:|xb|a::aabbax	18 787c3a78627c3a617c7c7c3a7c7c78627c7c
8	:|xxb||xxba|xx:x|x:x::bb||a	7 7c3a7c7c787862
30	xb:b|aa||a:b|:b:a||:|::bbx|a:b	29 78627c3a627c7c61617c7c7c7c617c3a627c7c7c3a627c3a617c7c7c7c
23	b	1 62
15	b|aaab	7 627c7c61616162
38	aaxx|xx:b|b||:|a:|	27 616178787c7c78787c3a627c7c627c7c7c7c7c3a7c7c617c3a7c7c
5	a	1 61
8	xx:x|aba|:bxba|bb|abb:|x|aaa::	7 78787c3a787c7c
28	ab|||x:a|||||	22 61627c7c7c7c7c7c787c3a617c7c7c7c7c7c7c7c7c7c
28	xx:x:bb|	11 78787c3a787c3a62627c7c
4	a|a||b	3 617c7c
10	bbaxxbxxx|::bbaa|a|||bxxx:a|	9 626261787862787878
19	bxa	3 627861
13	axbx	4 61786278
19	b:||a:xx|||||aa:bb:xaaaax::	18 627c3a7c7c7c7c617c3a78787c7c7c7c7c7c
7	:|:b:xba::	6 7c3a7c7c7c3a
28	:a:b:xb:	12 7c3a617c3a627c3a78627c3a
11	:|b:ba|bx:a||:axaab|a:a|baa	9 7c3a7c7c627c3a6261
7	:|xa|aba|a	6 7c3a7c7c7861
16	aa|x::a:ax:b:|a|a:a:b:xabb::	14 61617c7c787c3a7c3a617c3a6178
31	:ax|::ba::a|a|:::|	30 7c3a61787c7c7c3a7c3a62617c3a7c3a617c7c617c7c7c3a7c3a7c3a7c7c
21	ax:axbaxbb|b:axa|b	19 61787c3a617862617862627c7c627c3a617861
26	:|	4 7c3a7c7c
32	baa|:bx|:x:::axbb||:x:ax|ax|xb	30 6261617c7c7c3a62787c7c7c3a787c3a7c3a7c3a617862627c7c7c7c7c3a
10	b:|:b:|baxa:ax|x|xa	8 627c3a7c7c7c3a62
40	bax:b|bb:b|b:a|x::xb:	30 6261787c3a627c7c62627c3a627c7c627c3a617c7c787c3a7c3a78627c3a
5	abb	3 616262
35	|axxx|:xabx||a:|a|:::	32 7c7c617878787c7c7c3a786162787c7c7c7c617c3a7c7c617c7c7c3a7c3a7c3a
36	axbbx:ab|baa|:abbaaaaxbxb	29 61786262787c3a61627c7c6261617c7c7c3a6162626161616178627862
22	x|aa|ax	9 787c7c61617c7c6178
36	x	1 78
27	ab|b:b	8 61627c7c627c3a62
19	b|b:xba	9 627c7c627c3a786261
30	xa:a|ba||a::a:xab:|a:	28 78617c3a617c7c62617c7c7c7c617c3a7c3a617c3a7861627c3a7c7c
22	aa|a	5 61617c7c61
28	a:xaxa:babb|::b::aab|:a:x|b|	27 617c3a786178617c3a626162627c7c7c3a7c3a627c3a7c3a616162
34	xxx|ab|:aaxxxxxb:||aax:baba|x|	33 7878787c7c61627c7c7c3a61617878787878627c3a7c7c7c7c6161787c3a626162
17	a|:xxba||b|ab:a	16 617c7c7c3a787862617c7c7c7c627c7c
7	:xb||x|	6 7c3a78627c7c
14	bxabab|b::ax:ab:bbxxxba:x	13 6278616261627c7c627c3a7c3a
3	xa:xabbb|b|bxb|bbba:bxb:a	2 7861
19	abababb:x:xx::ax::	18 616261626162627c3a787c3a78787c3a7c3a
3	x:xba|a	1 78
15	|:|::axbb||:x::b:bbab	14 7c7c7c3a7c7c7c3a7c3a61786262
17	|b|	5 7c7c627c7c
5		0 
10	aa:bx|b||bx|a	8 61617c3a62787c7c
29	baxxxabx:bbbaabaxx::b:b||:|:b	27 62617878786162787c3a6262626161626178787c3a7c3a627c3a62
31	bax::b|ax||:	18 6261787c3a7c3a627c7c61787c7c7c7c7c3a
17	a|||||:xbbbxx|:|	16 617c7c7c7c7c7c7c7c7c7c7c3a786262
29	bxx|xx:|abbb:::|a::::axxb|:||	28 6278787c7c78787c3a7c7c616262627c3a7c3a7c3a7c7c617c3a7c3a
38	:xx||b	9 7c3a78787c7c7c7c62
35	||baa:a:ax||b:bab:xbx:bb|axx::	33 7c7c7c7c6261617c3a617c3a61787c7c7c7c627c3a6261627c3a7862787c3a6262
22	xxx	3 787878
15	a|a::x:|a|x:xba:abb|b|:	13 617c7c617c3a7c3a787c3a7c7c
20	x|xa|:||b::axaxaaxbbx|::ax:b	18 787c7c78617c7c7c3a7c7c7c7c627c3a7c3a
19	|:xbx	7 7c7c7c3a786278
14	bx	2 6278
24	xb:::|b	11 78627c3a7c3a7c3a7c7c62
37	bbb:ab	7 6262627c3a6162
34	bb::b:|:b:x:ax|	23 62627c3a7c3a627c3a7c7c7c3a627c3a787c3a61787c7c
30	:|b::|:|ax|:aax|ba||:ax|b:bx	28 7c3a7c7c627c3a7c3a7c7c7c3a7c7c61787c7c7c3a6161787c7c6261
31	:b|:xba||aaxbb::aaaax||xax	30 7c3a627c7c7c3a7862617c7c7c7c61617862627c3a7c3a61616161787c7c
32	xbb|::b|:abaa::ba	24 7862627c7c7c3a7c3a627c7c7c3a616261617c3a7c3a6261
26	xxbxab:x|b|a	15 7878627861627c3a787c7c627c7c61
3	:|:||ax|xa:ba:x:|bb:	2 7c3a
8	aax::||aaabx|:xbb:::x	7 6161787c3a7c3a
8	|a|b|b	6 7c7c617c7c62
13	aaxbxa	6 616178627861
40	bbax::xx	10 626261787c3a7c3a7878
23	:x	3 7c3a78
4	xa::x||ba:aaax||x	2 7861
23	:a||:::||x||xx|ba|ba|a:|:	22 7c3a617c7c7c7c7c3a7c3a7c3a7c7c7c7c787c7c7c7c
33	:bb:b:xa	11 7c3a62627c3a627c3a7861
29	||:xba	9 7c7c7c7c7c3a786261
18	::x::b:bbax:|b:|b	16 7c3a7c3a787c3a7c3a627c3a62626178
21	:xbba:|:xa:|b:ab:bx|x:|bax:	19 7c3a786262617c3a7c7c7c3a78617c3a7c7c62
5	x:x||a||baxaxa	3 787c3a
33	bbb:a::|ax|:a|a:bbbba|||x|	31 6262627c3a617c3a7c3a7c7c61787c7c7c3a617c7c617c3a62626262617c7c
25	a|:axx||aabaaxbb::::|x|a::xx	24 617c7c7c3a6178787c7c7c7c61616261617862627c3a7c3a
37	b:|baba|bb:|b	18 627c3a7c7c626162617c7c62627c3a7c7c62
34	x:|:ba:xa	13 787c3a7c7c7c3a62617c3a7861
30	a	1 61
18	:a:b:	8 7c3a617c3a627c3a
40	b|x|a|ba|axxxxa|:|a|:|b::x|aa|	38 627c7c787c7c617c7c62617c7c6178787878617c7c7c3a7c7c617c7c7c3a7c7c627c3a7c3a78
12	aaa:|xba|b:b|aab:xa:||	10 6161617c3a7c7c786261
19	:ax:a|a::::|aabxb|x:a|aa|	18 7c3a61787c3a617c7c617c3a7c3a7c3a7c3a
40	xx:xa:xa|:|:a:	21 78787c3a78617c3a78617c7c7c3a7c7c7c3a617c3a
24	ax:xaxxa||:xx:baaab:::::a|a	23 61787c3a78617878617c7c7c7c7c3a78787c3a62616161
4	::|a|a:|aa|bxa:	2 7c3a
12	:xa:xaa:||:x::xaxaa||:b	11 7c3a78617c3a7861617c3a
24	aa:x:	7 61617c3a787c3a
17	bxx|ab|:a|x|ax	15 6278787c7c61627c7c7c3a617c7c78
20	a	1 61
30	xb:::abx:aax:|bxb:|ab	29 78627c3a7c3a7c3a6162787c3a6161787c3a7c7c6278627c3a7c7c6162
20	aababxa|	9 616162616278617c7c
8	:|x:|:xbbb:axxa::bbax	7 7c3a7c7c787c3a
34	ax|a:xx|aa|baba|axx:axx|ba:	33 61787c7c617c3a78787c7c61617c7c626162617c7c6178787c3a6178787c7c6261
36	||xx	6 7c7c7c7c7878
38	|a:|::x:|aabxbaxx:a|bb|:x	36 7c7c617c3a7c7c7c3a7c3a787c3a7c7c61616278626178787c3a617c7c62627c7c7c3a78
37	ax|:|:|xbx|ab||bxa	26 61787c7c7c3a7c7c7c3a7c7c7862787c7c61627c7c7c7c627861
8	x::::|xbx|||aab|b|b::|:bb	7 787c3a7c3a7c3a
4	xx::a:|:x:|:aaxxb	2 7878
36	|:||:aaab::bab:x|:bxa|::	35 7c7c7c3a7c7c7c7c7c3a616161627c3a7c3a6261627c3a787c7c7c3a6278617c7c7c3a
10	a:b:|b|xx:xbaxa:	8 617c3a627c3a7c7c
20	a|b|axb|aaxxxa:b:a|xa	19 617c7c627c7c6178627c7c6161787878617c3a
5	||xbbaba|b|:b:ba:baabxxx|	4 7c7c7c7c
32	a:a|bax|aab:b|bb||	25 617c3a617c7c6261787c7c6161627c3a627c7c62627c7c7c7c
17	axabb||axba	13 61786162627c7c7c7c61786261
39	:|ba|:aabab||:||axbabx:bbx	36 7c3a7c7c62617c7c7c3a61616261627c7c7c7c7c3a7c7c7c7c6178626162787c3a626278
36	a|a:|	8 617c7c617c3a7c7c
19	b|xx::::aababa	18 627c7c78787c3a7c3a7c3a7c3a6161626162
32	aa:||ax|a:xa	17 61617c3a7c7c7c7c61787c7c617c3a7861
34	b::||xxa:xa|xb|bxxx|ab|||ab	32 627c3a7c3a7c7c7c7c7878617c3a78617c7c78627c7c627878787c7c61627c7c
34	|:bbba|:xab|b||a|x	26 7c7c7c3a626262617c7c7c3a7861627c7c627c7c7c7c617c7c78
27	xb:a|xaaxx	12 78627c3a617c7c7861617878
3	b:|xabxaxa:xxbb::||||x|b	1 62
30	:|||:b:xbx:xx|a:a:|x|bx:	28 7c3a7c7c7c7c7c7c7c3a627c3a7862787c3a78787c7c617c3a617c3a
30	:ax|x|xbbb:|a|x|:axb|	28 7c3a61787c7c787c7c786262627c3a7c7c617c7c787c7c7c3a617862
28	:b:aaxa|xaab:|::|b||b:	26 7c3a627c3a616178617c7c786161627c3a7c7c7c3a7c3a7c7c62
6	:b|x||:bb|b::xb	5 7c3a627c7c
26		0 
35	bx|a	5 62787c7c61
13	x|x|axxx	10 787c7c787c7c61787878
3	b||x|xb|	1 62
6	xb::|:x|aba	4 78627c3a
26	||bxaa:|::bxb:x::	24 7c7c7c7c627861617c3a7c7c7c3a7c3a6278627c3a787c3a
14	xx|bbaxxx:ba::ba:bxb:x	12 78787c7c6262617878787c3a
6	|a|ab|baaaa|::|bxab:x:a|xa:||	5 7c7c617c7c
27	aab	3 616162
37	:xx|aa|aa:a	15 7c3a78787c7c61617c7c61617c3a61
35	:|	4 7c3a7c7c
7	:xa:b|a:bx:x|x:ba|aaa:ab	6 7c3a78617c3a
19	:|b||:ab::baxxa:b	17 7c3a7c7c627c7c7c7c7c3a61627c3a7c3a
30	:xb	4 7c3a7862
17	x|x|ba	8 787c7c787c7c6261
12	x||bb:	9 787c7c7c7c62627c3a
13	x|:::a|bx|bax:	12 787c7c7c3a7c3a7c3a617c7c
27	aa|:bxbbbbxxb|a::bbax||:	26 61617c7c7c3a6278626262627878627c7c617c3a7c3a62626178
9	aba	3 616261
19	bx|:aa||baxbx	17 62787c7c7c3a61617c7c7c7c6261786278
9	bbx|:xaabba|b:bx	7 6262787c7c7c3a
31		0 
37	b::x:xbbxxxb|:xaxaxxxx:a::	34 627c3a7c3a787c3a786262787878627c7c7c3a78617861787878787c3a617c3a7c3a
34	a|a|xaxa	10 617c7c617c7c78617861
6	aa|:ba|b:x:a|xaa	4 61617c7c
24	xbxa|abaxaab	13 786278617c7c61626178616162
12	xx:xx||:|xb|xxbx:x|x:ab|bbx	10 78787c3a78787c7c7c7c
39	bx:xa|	8 62787c3a78617c7c
21		0 
20	xax|a::|ax:	16 7861787c7c617c3a7c3a7c7c61787c3a
15	ab:xbaxa||bx:baxx||aaaabax:	13 61627c3a78626178617c7c7c7c
35	aa|ba|bxabaa||xb	20 61617c7c62617c7c6278616261617c7c7c7c7862
14	||:|b::ax|:xb|xaaab	13 7c7c7c7c7c3a7c7c627c3a7c3a
8	:	2 7c3a
22	xb|xa|b:|	13 78627c7c78617c7c627c3a7c7c
9	|a|a|aba:axb|bxaxb:x|	8 7c7c617c7c617c7c
4	:abx:b|bxba:x:x|:b::|a::a	2 7c3a
8	xb|:|::xax|axxx:	6 78627c7c7c3a
16	ab|axb:	9 61627c7c6178627c3a
40	x|xbaaa|ab||a	17 787c7c78626161617c7c61627c7c7c7c61
32	abb|x|xx|:b|a|aax:|xabb:ab|	31 6162627c7c787c7c78787c7c7c3a627c7c617c7c6161787c3a7c7c78616262
27	||:ba:b::bxaab:aaa:xabab:xbxx	25 7c7c7c7c7c3a62617c3a627c3a7c3a62786161627c3a616161
21	:a|xa|bx|ba|a|:x	20 7c3a617c7c78617c7c62787c7c62617c7c617c7c
27	x:b:|bxx:xabb:	19 787c3a627c3a7c7c6278787c3a786162627c3a
14	x|xb:|abxa|:a|a	13 787c7c78627c3a7c7c61627861
23	|xa|	6 7c7c78617c7c
21	xx:xax|a|:::xaxaa	20 78787c3a7861787c7c617c7c7c3a7c3a7c3a7861
29	a|xabxbxax|:	15 617c7c78616278627861787c7c7c3a
4	a:|bbxa|:||bb:|:baaa	3 617c3a
19	x|b:x|xxa|:axb||||:b::b:x||a	18 787c7c627c3a787c7c7878617c7c7c3a6178
26	:baa|aa||bx:::a::ab	24 7c3a6261617c7c61617c7c7c7c62787c3a7c3a7c3a617c3a
8	bxaaax:b::x:xx:xxxxxb:x|x	6 627861616178
19	|xa||xab||axa:xx:|baa	18 7c7c78617c7c7c7c7861627c7c7c7c617861
22	a	1 61
25	:x|a:aa|:xa|baa|	23 7c3a787c7c617c3a61617c7c7c3a78617c7c6261617c7c
15	bxxx|babxb	11 627878787c7c6261627862
32	:a	3 7c3a61
8		0 
5	a||bax:|b:|	3 617c7c
31	::a|a|ab::b|::aa:|x	29 7c3a7c3a617c7c617c7c61627c3a7c3a627c7c7c3a7c3a61617c3a7c7c
7	|xa::bxxxb	6 7c7c78617c3a
23	|::x|bbbbbxa|aa	20 7c7c7c3a7c3a787c7c626262626278617c7c6161
25	bxxxa|aax:axab||:a	23 62787878617c7c6161787c3a617861627c7c7c7c7c3a61
30	babxxxa|:b|aaax||	22 626162787878617c7c7c3a627c7c616161787c7c7c7c
10	a||bbb:axa|xx|aa:x|a||:bx|:ab	8 617c7c7c7c626262
4	abbxx	3 616262
3	|abaxxx|	2 7c7c
3	b|b|x:x|||bax:aax|	1 62
7	xx|bxax::a:abxb:bb:x|aa:b:	6 78787c7c6278
9	bb:x|	7 62627c3a787c7c
9	b||:|:|bbxa:|b::	7 627c7c7c7c7c3a
13	xaa|x:|:bxxb::bbxa	12 7861617c7c787c3a7c7c7c3a
22	x::|x|b||:x|a:b:x|ab|bxx|bxax	20 787c3a7c3a7c7c787c7c627c7c7c7c7c3a787c7c
40	aax:xa::b::	16 6161787c3a78617c3a7c3a627c3a7c3a
14	|b|a:bb|a:bbb:::bx|b:x	12 7c7c627c7c617c3a62627c7c
35	aab::xxb	10 6161627c3a7c3a787862
19	xxxbx|:ba:||x:x|aa	17 78787862787c7c7c3a62617c3a7c7c7c7c
34	|a	3 7c7c61
33	x|xx:axbxxxbb|:	19 787c7c78787c3a61786278787862627c7c7c3a
5	|xa|x||x:b|aa|b:|:ab|xaa	4 7c7c7861
24	aaaabb|xaa|:b:bxa|a:ab|:::a	23 6161616162627c7c7861617c7c7c3a627c3a6278617c7c
18	xxa	3 787861
39	xx:a:|:|b:xb:::|b|	29 78787c3a617c3a7c7c7c3a7c7c627c3a78627c3a7c3a7c3a7c7c627c7c
28	bbba||:xb|ba	16 626262617c7c7c7c7c3a78627c7c6261
25	:bx:xa:ax:b|xb|x:x|:|b	24 7c3a62787c3a78617c3a61787c3a627c7c78627c7c787c3a
23	aabx:::aab|a:|bbbb|:ba::xb:a||	22 616162787c3a7c3a7c3a6161627c7c617c3a7c7c6262
29	b|baxb:b:	12 627c7c626178627c3a627c3a
26	x|axbab:b::a:a|aa|aa|	25 787c7c61786261627c3a627c3a7c3a617c3a617c7c61617c7c
24	aa|a|abxb|	13 61617c7c617c7c616278627c7c
37	a||bxaa	9 617c7c7c7c62786161
27	:bx:abb||:bx:	19 7c3a62787c3a6162627c7c7c7c7c3a62787c3a
20	b|x	4 627c7c78
30	baaa|xa:|a|||x	20 626161617c7c78617c3a7c7c617c7c7c7c7c7c78
36	bx:abxa|aba|:|b:|	24 62787c3a616278617c7c6162617c7c7c3a7c7c627c3a7c7c
7	axb|xaaa:	5 6178627c7c
34	|xxaba:bb||bbbab|aabbbax:|baax	33 7c7c78786162617c3a62627c7c7c7c62626261627c7c616162626261787c3a7c7c
33	babx||aaaa|ax	16 626162787c7c7c7c616161617c7c6178
36	b||x:b|xb|::|:bb|:|::xa:|b|:	35 627c7c7c7c787c3a627c7c78627c7c7c3a7c3a7c7c7c3a62627c7c7c3a7c7c7c3a7c3a
26	x|ax:xax|::a:b|xxbb:	25 787c7c61787c3a7861787c7c7c3a7c3a617c3a627c7c787862
31	:bxx||||xxxa|:b||x|a|:xxb:::b	29 7c3a6278787c7c7c7c7c7c7c7c787878617c7c7c3a627c7c7c7c787c7c
36	bb::x:xa|x:|::	22 62627c3a7c3a787c3a78617c7c787c3a7c7c7c3a7c3a
5	|::bxxb::bbxxxa|bbxbb:b|	4 7c7c7c3a
30	bx	2 6278
7	axb:ba	5 6178627c3a
35	bbxx:ab::|x:	17 626278787c3a61627c3a7c3a7c7c787c3a
38	|a|:x|b:xx:|a:|	24 7c7c617c7c7c3a787c7c627c3a78787c3a7c7c617c3a7c7c
8	b:a||a|b|x|:xxabb:baa|b::||	6 627c3a617c7c
33	|b|x|axa:|:abb:xa:	26 7c7c627c7c787c7c6178617c3a7c7c7c3a6162627c3a78617c3a
22	aaba:bxb	9 616162617c3a627862
26	:b:a	6 7c3a627c3a61
18	:b::bb:|xab|a	16 7c3a627c3a7c3a62627c3a7c7c786162
40	::bab|a:a|	15 7c3a7c3a6261627c7c617c3a617c7c
5	:aa|xxb|	4 7c3a6161
30	bb|	4 62627c7c
28	xx|:bb|b:b|a|:bxxabxabaaa	27 78787c7c7c3a62627c7c627c3a627c7c617c7c7c3a627878616278
34	x:|xaabxbaaab	15 787c3a7c7c78616162786261616162
34	:a:x:b|xx:b	16 7c3a617c3a787c3a627c7c78787c3a62
7	xa:	4 78617c3a
35	ax:x	5 61787c3a78
19	a|a	4 617c7c61
28	xa|b:a||a:axax|bb|abbxxxb	27 78617c7c627c3a617c7c7c7c617c3a617861787c7c62627c7c6162
25	:aa|x:abx||:|||	24 7c3a61617c7c787c3a6162787c7c7c7c7c3a7c7c7c7c7c7c
19	xa:b|aa	9 78617c3a627c7c6161
6	a:x:	4 617c3a78
33	b:abax	7 627c3a61626178
28	|:a|a||xbb:||abx	24 7c7c7c3a617c7c617c7c7c7c7862627c3a7c7c7c7c616278
26	bbxaa|x|b:bbxb:|ba:b:bxx|xab|	25 62627861617c7c787c7c627c3a626278627c3a7c7c62617c3a
33	:::|::xbaa:|bxb:a:xb|a:	32 7c3a7c3a7c3a7c7c7c3a7c3a786261617c3a7c7c6278627c3a617c3a78627c7c
13	a:a|:|bbbxx||:b:::x|	12 617c3a617c7c7c3a7c7c6262
31	b	1 62
33	xbaxb|bx:x|b	15 78626178627c7c62787c3a787c7c62
36	b|xba::ax:|b|	19 627c7c7862617c3a7c3a61787c3a7c7c627c7c
18	:xa||::x	13 7c3a78617c7c7c7c7c3a7c3a78
25	bb:xb:bab::xxx:baab:ab	24 62627c3a78627c3a6261627c3a7c3a7878787c3a62616162
36	|:x|ba|xxa|bbx:x|x|xb	29 7c7c7c3a787c7c62617c7c7878617c7c6262787c3a787c7c787c7c7862
28	xxxabx:a::xa|b|bxxb|xxxb:::	26 7878786162787c3a617c3a7c3a78617c7c627c7c627878627c7c
13	a	1 61
5	aa||xaxa|b|b	4 61617c7c
11	bbxab|xxb	10 62627861627c7c787862
11	a:ab|abbbbxb::bxabab:x:b|x	10 617c3a61627c7c616262
34	x|xbx:||ax|::bab:a||:xbxa	32 787c7c7862787c3a7c7c7c7c61787c7c7c3a7c3a6261627c3a617c7c7c7c7c3a
30	abaa:|xbaxax:::bx||bx|ab|b:	28 616261617c3a7c7c7862617861787c3a7c3a7c3a62787c7c7c7c6278
5	axx::a|a::baxa	3 617878
30	:aaxba||:x:	16 7c3a61617862617c7c7c7c7c3a787c3a
34	|aabx||ab:xb:	18 7c7c616162787c7c7c7c61627c3a78627c3a
7	aa|b:b:|babba|::ba|||baa:bxa	5 61617c7c62
32	::xb:|ab|xxabxx::a:axbax:axba	31 7c3a7c3a78627c3a7c7c61627c7c7878616278787c3a7c3a617c3a61786261
31	ax|a|ab	9 61787c7c617c7c6162
27	xb:|bx:::	14 78627c3a7c7c62787c3a7c3a7c3a
38	x||bxx:x:a:a|a:xaaxx	27 787c7c7c7c6278787c3a787c3a617c3a617c7c617c3a7861617878
24	a:bx:x|||x|ab:|	23 617c3a62787c3a787c7c7c7c7c7c787c7c61627c3a7c7c
40	xb|baa:ax	11 78627c7c6261617c3a6178
31	a:b||:xbbbbbbabb	20 617c3a627c7c7c7c7c3a78626262626262616262
23	|axbx::aa:aaxxa|::||a	21 7c7c617862787c3a7c3a61617c3a61617878617c7c
4	x:a|b|x|::bbaxa|xxa|:xax:a|	3 787c3a
30	b|a|:|x|||x|abxaxbxxxabax:xb	29 627c7c617c7c7c3a7c7c787c7c7c7c7c7c787c7c616278617862787878
28	:baab::|:aa|:xxx:abb	27 7c3a626161627c3a7c3a7c7c7c3a61617c7c7c3a7878787c3a6162
10	:bx:||x	8 7c3a62787c3a7c7c
22	xx|:|a||b:|x|bxa:|bxx|:x:|	21 78787c7c7c3a7c7c617c7c7c7c627c3a7c7c787c7c
25	|:|aax:x||:bbxa|:|xax	24 7c7c7c3a7c7c6161787c3a787c7c7c7c7c3a626278617c7c
17	x|x|a:a|ax:ax|x::||bbbb	16 787c7c787c7c617c3a617c7c61787c3a
9	b:b|b:b|:|:|:x:|bbxaabxxx	7 627c3a627c7c62
20	a|bbx|xbbaaxa|ax:|xa|:bx	19 617c7c6262787c7c786262616178617c7c6178
25	b||:a|ab:ax:x:ababbabb:	24 627c7c7c7c7c3a617c7c61627c3a61787c3a787c3a616261
6	bxa|b|||abb:axx::a|:|bbxx|:||	5 6278617c7c
9	|x|a::|||:babb|aa|	8 7c7c787c7c617c3a
3	bax:abbaabaxbbax|:ab	2 6261
35	|:xxa|:x::b|::a:|	28 7c7c7c3a7878617c7c7c3a787c3a7c3a627c7c7c3a7c3a617c3a7c7c
24	x:bx:axxx|b::bxxbxba|::xbaaab	23 787c3a62787c3a617878787c7c627c3a7c3a6278786278
22	|	2 7c7c
34	xa:x::xaxx:a	16 78617c3a787c3a7c3a786178787c3a61
13	b:bxba|xaax:bbbxbbba:b||	12 627c3a627862617c7c786161
16	:b||bb||:x:ax	15 7c3a627c7c7c7c62627c7c7c7c7c3a
23	a:b|:a	9 617c3a627c7c7c3a61
24	|b|x::a:b|bx	18 7c7c627c7c787c3a7c3a617c3a627c7c6278
20	axxa|bbbaa||a::|:xb|bxba:|	18 617878617c7c62626261617c7c7c7c617c3a
11	x:|x::	10 787c3a7c7c787c3a7c3a
40	b|:::	9 627c7c7c3a7c3a7c3a
33	b|	3 627c7c
10	abxa|abxa:ab||a	9 616278617c7c616278
16	a::|b:bbab|ba	14 617c3a7c3a7c7c627c3a62626162
39	ba	2 6261
26	|xa|::::a|xx|x::ax|||x|||	24 7c7c78617c7c7c3a7c3a7c3a7c3a617c7c78787c7c787c3a
14	xb|a:|:|	13 78627c7c617c3a7c7c7c3a7c7c
7		0 
16	abxbxxxx|bbaaax|a::	15 61627862787878787c7c6262616161
35		0 
3	|ax::b||b||x||	2 7c7c
15	|xbb:x	8 7c7c7862627c3a78
31	bb|:|xabbx:b	16 62627c7c7c3a7c7c78616262787c3a62
30	ax||||abax|b|bbaxbbab:|ba|::	29 61787c7c7c7c7c7c7c7c616261787c7c627c7c62626178626261627c3a
10	x:|x:|||:b:bxab:|a||x|bx|:a|a	8 787c3a7c7c787c3a
38	xbaxx:a:ax::a:axaabb|xb:	31 78626178787c3a617c3a61787c3a7c3a617c3a6178616162627c7c78627c3a
8	|bba|ba:xab:aaax:a:b:|::|:|	7 7c7c6262617c7c
4	ab	2 6162
31	|bxa::	9 7c7c6278617c3a7c3a
18	axb:bx:|:|a::x|a:	16 6178627c3a62787c3a7c7c7c3a7c7c61
5	|:||b:a	4 7c7c7c3a
23	xbx:x:axab:b:b|baaa|bb|ax	22 7862787c3a787c3a617861627c3a627c3a627c7c6261
11	|b:a	6 7c7c627c3a61
34	axx|b:a|	11 6178787c7c627c3a617c7c
32	:ax|||:a||b	18 7c3a61787c7c7c7c7c7c7c3a617c7c7c7c62
39	bax|a:|b::|b:a::|abaaaxxa	35 6261787c7c617c3a7c7c627c3a7c3a7c7c627c3a617c3a7c3a7c7c6162616161787861
6	:a:xxxa:|:b:xa|ax|:a:|:	5 7c3a617c3a
32	abb|b|aa||x:||:b:	26 6162627c7c627c7c61617c7c7c7c787c3a7c7c7c7c7c3a627c3a
31	xba:xxx::ab	14 7862617c3a7878787c3a7c3a6162
22	xbaa|xax:|:xbax:|::xa|:a:x||	21 786261617c7c7861787c3a7c7c7c3a786261787c3a
16	:	2 7c3a
29	|:|:||:|xabxxxba|	26 7c7c7c3a7c7c7c3a7c7c7c7c7c3a7c7c78616278787862617c7c
26	:a|:|abx:::aba|bb:xxxa	25 7c3a617c7c7c3a7c7c6162787c3a7c3a7c3a6162617c7c6262
22	:x::bbax||a:baa:aa|	21 7c3a787c3a7c3a626261787c7c7c7c617c3a626161
16	ab||bxbbb::|:	15 61627c7c7c7c62786262627c3a7c3a
25	::a||x|:x	15 7c3a7c3a617c7c7c7c787c7c7c3a78
17	abxbx|aaabbxxb|	15 61627862787c7c6161616262787862
23	:||ab:|:bb::b|xx:xb::|x:a	21 7c3a7c7c7c7c61627c3a7c7c7c3a62627c3a7c3a62
17	|baa:ba|:xx	15 7c7c6261617c3a62617c7c7c3a7878
11	:xb:bbx:abb|xb||b	9 7c3a78627c3a626278
32	:	2 7c3a
34	:|bxbxb|:bxbx:|::bax|	30 7c3a7c7c62786278627c7c7c3a627862787c3a7c7c7c3a7c3a6261787c7c
32	xxxaaaab:|:|::xa|:xxxx|||x:|	30 78787861616161627c3a7c7c7c3a7c7c7c3a7c3a78617c7c7c3a78787878
14	a||::a|a	12 617c7c7c7c7c3a7c3a617c7c
37	bxxba:|b|xxx	15 62787862617c3a7c7c627c7c787878
18	:ax|xaaxx|	13 7c3a61787c7c78616178787c7c
14	a:b|:xbbxb	13 617c3a627c7c7c3a7862627862
27	a|	3 617c7c
28	b|xb	5 627c7c7862
9	|a:|:x:||	7 7c7c617c3a7c7c
11	:b:xxb:	10 7c3a627c3a7878627c3a
27	:||x|bax:	14 7c3a7c7c7c7c787c7c6261787c3a
19	|:xax:	9 7c7c7c3a7861787c3a
29	xbaxxa	6 786261787861
26	:xbxbxb::|aa|:b:	23 7c3a7862786278627c3a7c3a7c7c61617c7c7c3a627c3a
11	a::bxxaa|:abaxb|:b:|xbx|x	10 617c3a7c3a6278786161
38	:|ab|bx|xxa||a|axxx|	28 7c3a7c7c61627c7c62787c7c7878617c7c7c7c617c7c617878787c7c
25	a|:ba|a||bax||||x:b|abb|a||	23 617c7c7c3a62617c7c617c7c7c7c6261787c7c7c7c7c7c
13	x:axabaa:x|bb::	11 787c3a6178616261617c3a
7	xb:xa|baabx||bxxaaaax||xb	6 78627c3a7861
26	ab|:aa|ax|xbaba|xbbaxa|aa|	25 61627c7c7c3a61617c7c61787c7c78626162617c7c78626261
25	b||||a:|b|xxxxb|:baaax||:x	24 627c7c7c7c7c7c7c7c617c3a7c7c627c7c78787878627c7c
24	xb|x:xb|a:xxx:b:a|	22 78627c7c787c3a78627c7c617c3a7878787c3a627c3a
16	|a	3 7c7c61
4	b|b|bx|	3 627c7c
27	x:a::|xaaba:b	18 787c3a617c3a7c3a7c7c78616162617c3a62
5	:ba	4 7c3a6261
10	|xxb|:bba	9 7c7c7878627c7c7c3a
39	b:xaa:b:b|aa:bx|b|x|a	29 627c3a7861617c3a627c3a627c7c61617c3a62787c7c627c7c787c7c61
34	axab:b::||x|:||aaa:a	30 617861627c3a627c3a7c3a7c7c7c7c787c7c7c3a7c7c7c7c6161617c3a61
6	x::b:xa:::x:b|abx:|:a::b:a	5 787c3a7c3a
6	xaba:aaaa|xb|:x:|:	4 78616261
5	|ba|babaxax|a:xaa:axaaa:a	4 7c7c6261
22	a:aax:x|b	12 617c3a6161787c3a787c7c62
3	:xxx:	2 7c3a
13	abx:a|bbb|x|a||a|x	11 6162787c3a617c7c626262
33	x:xa::xxbxab:baa::ba|:bb||	32 787c3a78617c3a7c3a7878627861627c3a6261617c3a7c3a62617c7c7c3a6262
17	:bxbxax::a||bxaa||:a|xb:a	15 7c3a6278627861787c3a7c3a617c7c
16	:xbb:axxx:x	14 7c3a7862627c3a617878787c3a78
13	b:bbx|:xx:x|bbbab||b	12 627c3a6262787c7c7c3a7878
39	x::a|:|bx:b|bb|:bx	27 787c3a7c3a617c7c7c3a7c7c62787c3a627c7c62627c7c7c3a6278
34	b|b|bbbbxx:abx|	19 627c7c627c7c6262626278787c3a6162787c7c
17	:ax:xxa|::baabbb::abxaax	15 7c3a61787c3a7878617c7c7c3a7c3a
15	|b|a:ab|bbaaaa::::ax||bax|xa	14 7c7c627c7c617c3a61627c7c6262
36	:|b:b||aax|x:bb:	24 7c3a7c7c627c3a627c7c7c7c6161787c7c787c3a62627c3a
36	xaaaa:bxxb|:a||aaaxx:x:x:	33 78616161617c3a627878627c7c7c3a617c7c7c7c61616178787c3a787c3a787c3a
23	bbxbab:|xba||:::ax|	21 6262786261627c3a7c7c7862617c7c7c7c7c3a7c3a
24	|:a|bbxxaa:|	17 7c7c7c3a617c7c6262787861617c3a7c7c
38	:ax:xxab:|aaxabbb:|xx:x	30 7c3a61787c3a787861627c3a7c7c616178616262627c3a7c7c78787c3a78
31	|b|x:a:b:|a|:	21 7c7c627c7c787c3a617c3a627c3a7c7c617c7c7c3a
10	x|b::ab|bb	8 787c7c627c3a7c3a
6	ab|b:|	4 61627c7c
18	bbb|a|x|b|	14 6262627c7c617c7c787c7c627c7c
16	|:bab:x	10 7c7c7c3a6261627c3a78
25	bxx	3 627878
5	||||bbxb|xaaaaxxb|::|:b:bxx||x	4 7c7c7c7c
23	a:|axab	9 617c3a7c7c61786162
3	x|	1 78
9	bb|aaxb:xa	8 62627c7c61617862
24	axb:xa:xxb:a|a:||b|x	22 6178627c3a78617c3a7878627c3a617c7c617c3a7c7c
30	a|	3 617c7c
13	|:	4 7c7c7c3a
17	xxxxxb|xa|axbxb|bbb||ba|baxb|	16 7878787878627c7c78617c7c61786278
6	|xx:|bx:	4 7c7c7878
30	x	1 78
16	xa|abb	7 78617c7c616262
7	ab:xb|bbxbb|bbaaax|axxbx|a||	6 61627c3a7862
31	|x:a::a|x::baaba:aa|	29 7c7c787c3a617c3a7c3a617c7c787c3a7c3a62616162617c3a61617c7c
24	x:x||x:::b:bx|bxa:::a|b||ax	22 787c3a787c7c7c7c787c3a7c3a7c3a627c3a62787c7c
22	:|xxxxxx|bxbba|x:|:b:	20 7c3a7c7c7878787878787c7c62786262617c7c78
18	|:|b|::b:|x|ax|:|:bx	16 7c7c7c3a7c7c627c7c7c3a7c3a627c3a
35	|:|xb	8 7c7c7c3a7c7c7862
3	xxbab|b:|:b|:|b:|b||a|axxa||	2 7878
8		0 
15		0 
33	|:	4 7c7c7c3a
22	:aax|:baaa::a|xaa:|xb:|ax	20 7c3a6161787c7c7c3a626161617c3a7c3a617c7c
17	ababb||a|a::xbxxa|:b||:|bb	15 61626162627c7c7c7c617c7c617c3a
12	:x	3 7c3a78
26	::::bxxab:a||:xxxab|xx|bb|||	25 7c3a7c3a7c3a7c3a62787861627c3a617c7c7c7c7c3a787878
27	bb|x|bbxax	12 62627c7c787c7c6262786178
23	bbbxbb||:x:bbxa::||b:ba::|x	21 6262627862627c7c7c7c7c3a787c3a626278617c3a
27	xb:bx:|bbx||	17 78627c3a62787c3a7c7c6262787c7c7c7c
19	|||ab:xxbb||aaa:	18 7c7c7c7c7c7c61627c3a787862627c7c7c7c
6	bx::abxxaxb:	4 62787c3a
9	aa::b:|a:|bxb:bxa:xb||x:x|	7 61617c3a7c3a62
12	aa|b	5 61617c7c62
19	bb:bbxxxa::ab|baax:||	18 62627c3a6262787878617c3a7c3a61627c7c
5		0 
21	b:baaax	8 627c3a6261616178
25	:b|a:|x|b:b	17 7c3a627c7c617c3a7c7c787c7c627c3a62
28	a:bxx	6 617c3a627878
5	b:bb:b|:|b:bb||x|ax:|::	3 627c3a
6	b:|a|:aaxba:|xxb::::	5 627c3a7c7c
25	x||a|xbx:ab	15 787c7c7c7c617c7c7862787c3a6162
24	baxb|x:b:x:a	16 626178627c7c787c3a627c3a787c3a61
13	:|bab|a:::x:a	12 7c3a7c7c6261627c7c617c3a
18	:|bb:x:a||a:xx:	16 7c3a7c7c62627c3a787c3a617c7c7c7c
38	:xb:xaab:	12 7c3a78627c3a786161627c3a
28	|x:|a|xbbaxabaax	20 7c7c787c3a7c7c617c7c78626261786162616178
14	xbaaa:|axa:x|:x|:|	12 78626161617c3a7c7c617861
7	bbxb|abxxx|ab:bxbbb|x|||||	6 626278627c7c
11	|:x|b|axxx||:|::xb:b:a:|aaba	10 7c7c7c3a787c7c627c7c
4	axx:a|aba	3 617878
28		0 
13	|x::|b:b|||:xb:	12 7c7c787c3a7c3a7c7c627c3a
14	:|::x|baxxbxbbx|	13 7c3a7c7c7c3a7c3a787c7c6261
25	|bax:|ab:bxxabxxabab:xb|::xab	24 7c7c6261787c3a7c7c61627c3a6278786162787861626162
18	:axaxbx||:	14 7c3a6178617862787c7c7c7c7c3a
39		0 
22	|aaax|bx|xx:b||xb|:	21 7c7c616161787c7c62787c7c78787c3a627c7c7c7c
9	|baxaa:aa::|b|:|ab|x|b|	7 7c7c6261786161
37	|:|x:|a||a	17 7c7c7c3a7c7c787c3a7c7c617c7c7c7c61
31	xx|x||a:x:x|:bab|:	27 78787c7c787c7c7c7c617c3a787c3a787c7c7c3a6261627c7c7c3a
4	aa|a:|:|xabxx:|:	2 6161
28	a|bb:a|axxxa||xx||	25 617c7c62627c3a617c7c61787878617c7c7c7c78787c7c7c7c
5	xx|xaxb:|ab:aaa:|:b:::|:xxax	4 78787c7c
30	ba|abbxba:ax	14 62617c7c6162627862617c3a6178
39	a||b||bba::x|abx:x:xbb|a:|	38 617c7c7c7c627c7c7c7c6262617c3a7c3a787c7c6162787c3a787c3a7862627c7c617c3a7c7c
6	xx|abb|xaxb:xb|x:ax	4 78787c7c
6	:b|xaxba|b|x::bb:baax:|xabbaa	5 7c3a627c7c
11	:|xab|:	9 7c3a7c7c7861627c7c
11	abaa|abxx:|bb:|:ba|bbb	10 616261617c7c61627878
18	|:a|ab|::xx::||:b|a:b::aa|||b:	17 7c7c7c3a617c7c61627c7c7c3a7c3a7878
37	b	1 62
14	a:|xax|aaaxbbxa	13 617c3a7c7c7861787c7c616161
33	b	1 62
22	aab:|bbab|b|||x:b|:|ab	20 6161627c3a7c7c626261627c7c627c7c7c7c7c7c
39	xaa|:|:xbb::|b::ab	27 7861617c7c7c3a7c7c7c3a7862627c3a7c3a7c7c627c3a7c3a6162
16	x:xb|xabxbb::aaaabaxa	15 787c3a78627c7c7861627862627c3a
8	|a:ab:bxaa	7 7c7c617c3a6162
30	||xb:bxbax:|:x	20 7c7c7c7c78627c3a62786261787c3a7c7c7c3a78
29	b|:|	7 627c7c7c3a7c7c
27	b	1 62
9	|xxbax||xx:|xa||abxb	7 7c7c7878626178
29	:b||b|x:	13 7c3a627c7c7c7c627c7c787c3a
39	||:x:|bxxxa::bb|ax|bb|ax|:a	38 7c7c7c7c7c3a787c3a7c7c62787878617c3a7c3a62627c7c61787c7c62627c7c61787c7c7c3a
8	aa|b:xbaa:	7 61617c7c627c3a
38	bb:	4 62627c3a
34	ax:aa::axbxb||a|:bxabx:aa	33 61787c3a61617c3a7c3a61786278627c7c7c7c617c7c7c3a62786162787c3a6161
24	|::||||axba|a::b	23 7c7c7c3a7c3a7c7c7c7c7c7c7c7c617862617c7c617c3a
18	aaax|:ba|:	14 616161787c7c7c3a62617c7c7c3a
30	xab|xb|:|bb	15 7861627c7c78627c7c7c3a7c7c6262
37	bx|bxxx	8 62787c7c62787878
38	a::axxxxx:b||:bb:aaxa||ab|||a	36 617c3a7c3a6178787878787c3a627c7c7c7c7c3a62627c3a616178617c7c7c7c61627c7c
31	a:::x	8 617c3a7c3a7c3a78
6	bx||:bab:abbbx	4 62787c7c
36	x:xab|a:axxab:x|x:b|bx:x	32 787c3a7861627c7c617c3a61787861627c3a787c7c787c3a627c7c62787c3a78
15	:	2 7c3a
37	:|:::b:a|:bb:xxx|b::bbb:xaa	35 7c3a7c7c7c3a7c3a7c3a627c3a617c7c7c3a62627c3a7878787c7c627c3a7c3a626262
20	::babxbbb	11 7c3a7c3a62616278626262
9	xb||aaxb|:|ax:bb|:aa:a:xxa:a:|	8 78627c7c7c7c6161
25	a|	3 617c7c
4	aabxxabx|:b::abx:b:|a::b|b|b	3 616162
25	aaba|:::xbxxb::::abx:|:ax:ab|a	23 616162617c7c7c3a7c3a7c3a78627878627c3a7c3a7c3a
12	b:b:xb||x::xb:xax|xx|xaa	10 627c3a627c3a78627c7c
3	|ax|:::ax|:ax:x||a:x	2 7c7c
17	b:b:ba:|xbxb	16 627c3a627c3a62617c3a7c7c78627862
39	aa	2 6161
16	:b||:aa::bb|	15 7c3a627c7c7c7c7c3a61617c3a7c3a
19	bbb|x|b:ax|a:||ax|ab:a:xxaa	18 6262627c7c787c7c627c3a61787c7c617c3a
18	|::x|b:xb||b	16 7c7c7c3a7c3a787c7c627c3a78627c7c
13	xbb:||a||b:a	12 7862627c3a7c7c7c7c617c7c
24	:|x||bx:ab	15 7c3a7c7c787c7c7c7c62787c3a6162
13	x|::|::bxb|a:|a::abx:a:|xa::a:	11 787c7c7c3a7c3a7c7c7c3a
8	:ba:a	6 7c3a62617c3a
30	|bab:::|||||||x:|aa:|b:b|bxxa	28 7c7c6261627c3a7c3a7c3a7c7c7c7c7c7c7c7c7c7c7c7c7c7c787c3a
8	ab	2 6162
14	bxba:	6 627862617c3a
13	|||bab:|a	11 7c7c7c7c7c7c6261627c3a
39	||bab|x::|a|:x:x::||x::|b|	38 7c7c7c7c6261627c7c787c3a7c3a7c7c617c7c7c3a787c3a787c3a7c3a7c7c7c7c787c3a7c3a
33	|:|b||bx::|xx	21 7c7c7c3a7c7c627c7c7c7c62787c3a7c3a7c7c7878
26	a:|xax|aaxbaa:xb|b:axx:|b|xxa	25 617c3a7c7c7861787c7c6161786261617c3a78627c7c627c3a
32		0 
36	bba:x	6 6262617c3a78
16	x|::|ba|	13 787c7c7c3a7c3a7c7c62617c7c
26	xxa	3 787861
25	|ax|xbxx|a	13 7c7c61787c7c786278787c7c61
19	a:|x:a	9 617c3a7c7c787c3a61
37	x|:|aabxx|:|x|xxbab|ba:::::	36 787c7c7c3a7c7c61616278787c7c7c3a7c7c787c7c78786261627c7c62617c3a7c3a7c3a
26	axbxaxx:a:b|:axxa|:x|xbb	25 617862786178787c3a617c3a627c7c7c3a617878617c7c7c3a
13	a:x|	6 617c3a787c7c
23	xa|bbxb|xxb:a:||xx:::b|:b::	22 78617c7c626278627c7c7878627c3a617c3a7c7c7c7c
9	ba||a:bbbba:aaa:xxbxab|a:|	7 62617c7c7c7c61
30	xb:	4 78627c3a
10	::a||xaxbx|abab	9 7c3a7c3a617c7c7c7c
18	a:bb|:axb|bx:b|xxb	16 617c3a62627c7c7c3a6178627c7c6278
29	:xabxba||:b:|xx||a:b:b:|a:|a:b	28 7c3a7861627862617c7c7c7c7c3a627c3a7c7c78787c7c7c7c617c3a
17	|:|x:	9 7c7c7c3a7c7c787c3a
19	b::bb|xb|babaaxaaa||a|a	18 627c3a7c3a62627c7c78627c7c6261626161
20	aaabbaxb:a:a	14 61616162626178627c3a617c3a61
18	||x	5 7c7c7c7c78
34	|bbb:x|a|a:a|:||:x|a::b|x|ba:|	33 7c7c6262627c3a787c7c617c7c617c3a617c7c7c3a7c7c7c7c7c3a787c7c617c3a
25	b|xa||x::abaaa|ba|:|xb	23 627c7c78617c7c7c7c787c3a7c3a61626161617c7c6261
17	|:|x::|x	14 7c7c7c3a7c7c787c3a7c3a7c7c78
23	|xaa:b|bxa|xbaxx	20 7c7c7861617c3a627c7c6278617c7c7862617878
13	|a|b:bxaxa::a||::a|ab:a|bb|:aa	12 7c7c617c7c627c3a62786178
22	aaxba|xaaxxa|ax	17 61617862617c7c7861617878617c7c6178
9	|axb:|bx:bb:	7 7c7c6178627c3a
15	a:ab:ab	9 617c3a61627c3a6162
13	:axb	5 7c3a617862
13	:babxb||:aa|axxxa|:|	11 7c3a62616278627c7c7c7c
33	ax:abx|b:a|	15 61787c3a6162787c7c627c3a617c7c
20	::x|b|ax::xax:b:b|bbxbbb|	19 7c3a7c3a787c7c627c7c61787c3a7c3a786178
37	bax|x|:a:a|ba|ax:aaxb|bxbab|bb	35 6261787c7c787c7c7c3a617c3a617c7c62617c7c61787c3a616178627c7c6278626162
35	:|:ab:b|:a||:aa:aaabb:bb	33 7c3a7c7c7c3a61627c3a627c7c7c3a617c7c7c7c7c3a61617c3a61616162627c3a
30	xbxxa:ab::x|xaaa|baaxab:ba	28 78627878617c3a61627c3a7c3a787c7c786161617c7c626161786162
25	:b:x|:xxa|:::b:ax|:|:ax:x	24 7c3a627c3a787c7c7c3a7878617c7c7c3a7c3a7c3a627c3a
16	b:bax:a:|:||:bx:bax	15 627c3a6261787c3a617c3a7c7c7c3a
13	:|:ba::baaa::x|bxb:xaa	12 7c3a7c7c7c3a62617c3a7c3a
16	b	1 62
27	|axb	5 7c7c617862
27	||	4 7c7c7c7c
9	b	1 62
3	|||aaxx|bababxxbxxbxaxxx|x:|:	2 7c7c
15	:bbxaaa:baaxa|:axx:baxa	14 7c3a6262786161617c3a62616178
12	ab:	4 61627c3a
11	|:|x|:axaxx:||:a:a::x:x||xabbx	9 7c7c7c3a7c7c787c7c
10	:aa|b:b|b:x|:axbxb||a||aax:	9 7c3a61617c7c627c3a
30	bx::|bb:||b:|bax:xxbxb:bbbx|	29 62787c3a7c3a7c7c62627c3a7c7c7c7c627c3a7c7c6261787c3a787862
5		0 
26	x|xb:|a:xxb|x	18 787c7c78627c3a7c7c617c3a7878627c7c78
40	bab|b|xbb:::bxax	21 6261627c7c627c7c7862627c3a7c3a7c3a62786178
25	b|x	4 627c7c78
33	::|a::baa||:bxb:bx::xa:|x|:|b	31 7c3a7c3a7c7c617c3a7c3a6261617c7c7c7c7c3a6278627c3a62787c3a7c3a
23	:aa:|:xa::aaaa	20 7c3a61617c3a7c7c7c3a78617c3a7c3a61616161
9	aa:bxx::ababaaa:a|x:xx:x|a:|aa	7 61617c3a627878
19	aab:x:xb:xbbabab|::x|abx	18 6161627c3a787c3a78627c3a786262616261
20	b:bxx|a|xxbb||xa	19 627c3a6278787c7c617c7c787862627c7c7c7c
9	b|xb|b:ab||a|ba:x|abba:bx:|	7 627c7c78627c7c
26	:|xaabbaa|bb:b:xxx|xx|ba||b:a	25 7c3a7c7c786161626261617c7c62627c3a627c3a7878787c7c
9	b::	5 627c3a7c3a
27	:axx:axxaaaaba|bx:bb|	26 7c3a6178787c3a6178786161616162617c7c62787c3a62627c7c
14	bb:|b|:xa|:abb:b::x	13 62627c3a7c7c627c7c7c3a7861
3	xb|baaa|||:|:b	2 7862
21	|bb|:x:abxx|:xxx:bax:bax|a::	19 7c7c62627c7c7c3a787c3a616278787c7c7c3a
24	|:b:x|baba|xxx	19 7c7c7c3a627c3a787c7c626162617c7c787878
26	:bbx	5 7c3a626278
22	bxabb	5 6278616262
35	:b|:||:|b|:babxx:|x:|abxx:ab	34 7c3a627c7c7c3a7c7c7c7c7c3a7c7c627c7c7c3a62616278787c3a7c7c787c3a7c7c
31	a|:xxabxaxb:|b|:|xb	26 617c7c7c3a78786162786178627c3a7c7c627c7c7c3a7c7c7862
24	|bxx|a:xa:b:::b	22 7c7c6278787c7c617c3a78617c3a627c3a7c3a7c3a62
8	:xaa||:xb|xb:xabbxa	7 7c3a7861617c7c
27	bx|:xxba:ax:|a::::	25 62787c7c7c3a787862617c3a61787c3a7c7c617c3a7c3a7c3a
39	ba|ba:x||x:axxxbbxxxa|abaa	32 62617c7c62617c3a787c7c7c7c787c3a617878786262787878617c7c61626161
18	b|a:|:a:bx:|:xax|b	17 627c7c617c3a7c7c7c3a617c3a62787c3a
28	:a:xx|:xxbx:bxaa|a:aab|b|axa|a	26 7c3a617c3a78787c7c7c3a787862787c3a627861617c7c617c3a
12	:|x|	7 7c3a7c7c787c7c
10	xa:bbbbbaa|::abba||xa	9 78617c3a6262626262
27	::a|x:x:x|:::axaaaab|x:|a:x||	26 7c3a7c3a617c7c787c3a787c3a787c7c7c3a7c3a7c3a61786161
20	|bb::b:|:||a	19 7c7c62627c3a7c3a627c3a7c7c7c3a7c7c7c7c
40	:x||a:x:bb|:||x||::b:xab|	38 7c3a787c7c7c7c617c3a787c3a62627c7c7c3a7c7c7c7c787c7c7c7c7c3a7c3a627c3a786162
16	bbaa|	6 626261617c7c
38	:xaxx	6 7c3a78617878
15	||||baxbbbb:x::	14 7c7c7c7c7c7c7c7c626178626262
6	bba||:axxxa:x	5 6262617c7c
10		0 
17	xab:|b:ba:xbaa	16 7861627c3a7c7c627c3a62617c3a7862
23	bbb:x|a|x:x:bba:	22 6262627c3a787c7c617c7c787c3a787c3a6262617c3a
19	:aab:|a:b|a:xa	18 7c3a6161627c3a7c7c617c3a627c7c617c3a
14	|xaa|:b|xa|xabb|	12 7c7c7861617c7c7c3a627c7c
18	ba|x	5 62617c7c78
18	bxxbb|||a:baaaxa:x|:||b|bb|	17 62787862627c7c7c7c7c7c617c3a626161
11	a::x:|xx:ba|xbx::|:bxb	10 617c3a7c3a787c3a7c7c
7	abbxbxb:b|	6 616262786278
15	x	1 78
40	bb|a||:|aabbx|a:bxb|:::ab::x|	38 62627c7c617c7c7c7c7c3a7c7c61616262787c7c617c3a6278627c7c7c3a7c3a7c3a61627c3a
34	:a|b|:b:bbxxaxxx|:aabbbb||	33 7c3a617c7c627c7c7c3a627c3a62627878617878787c7c7c3a6161626262627c7c
16	||a:::xa|a|||b|:||:b|::x	15 7c7c7c7c617c3a7c3a7c3a78617c7c
37	:xx:x:ba:bbbxxaaa:|xx:x|x	33 7c3a78787c3a787c3a62617c3a62626278786161617c3a7c7c78787c3a787c7c78
5	|bbaxb|x|x|axx|aabaxx|a||x|	4 7c7c6262
11	b::|aba:axxxx:bb|	10 627c3a7c3a7c7c616261
38	baaaabax|b:aa|:|bb	23 62616161616261787c7c627c3a61617c7c7c3a7c7c6262
17	b:b::xax:a|:xbb:xb	16 627c3a627c3a7c3a7861787c3a617c7c
18		0 
30	babaaab|:ab|aabbaxxx:x|bxx|:x:	28 626162616161627c7c7c3a61627c7c61616262617878787c3a787c7c
37	b|:bb	7 627c7c7c3a6262
40	bxabaabb|bba:ab:xb	21 62786162616162627c7c6262617c3a61627c3a7862
10	|baa|xx:x::axa|bbbb	9 7c7c6261617c7c7878
35	ba	2 6261
33	:x|a:b:::|:||:bba:bxxx	32 7c3a787c7c617c3a627c3a7c3a7c3a7c7c7c3a7c7c7c7c7c3a6262617c3a6278
29		0 
10	b::|aabax::	9 627c3a7c3a7c7c6161
37	aax|a:xaaa|aa:|x|bb||a	30 6161787c7c617c3a786161617c7c61617c3a7c7c787c7c62627c7c7c7c61
34	ab:bxx:abaxb	14 61627c3a6278787c3a6162617862
9	|::x:x|ba:|x|x:xbb:x:ba|ab|x|	7 7c7c7c3a7c3a78
31		0 
17	b:xax::b|ab||:::a||a|bbaaba::|	15 627c3a7861787c3a7c3a627c7c6162
8	axab|aaa	6 617861627c7c
16	::b|b|xx|b||xax|	14 7c3a7c3a627c7c627c7c78787c7c
26	aba::||:b:a	17 6162617c3a7c3a7c7c7c7c7c3a627c3a61
5	:x	3 7c3a78
34	:bbb:a:xx:|a:bbxx	23 7c3a6262627c3a617c3a78787c3a7c7c617c3a62627878
32	bbx::bxabx::|:bx|:xa	28 6262787c3a7c3a62786162787c3a7c3a7c7c7c3a62787c7c7c3a7861
16	babxb|a	8 62616278627c7c61
19	x|abb|:|a|aaaax	18 787c7c6162627c7c7c3a7c7c617c7c616161
31		0 
24	xaaxxa|x|xxbax|b:xxbb:bxa|::|x	23 7861617878617c7c787c7c78786261787c7c627c3a7878
40	|||	6 7c7c7c7c7c7c
28	bxaa|xbb:a:ax|:ab:aaaa|:::	27 627861617c7c7862627c3a617c3a61787c7c7c3a61627c3a616161
11	xbbaab|:axbb|b	10 7862626161627c7c7c3a
32	:|:	6 7c3a7c7c7c3a
26	abb:babxa:xa:a:|aaxaa:b::|a	25 6162627c3a62616278617c3a78617c3a617c3a7c7c61617861
31	|xxaax|x|xx::xb:|:x|xx:a|:	29 7c7c78786161787c7c787c7c78787c3a7c3a78627c3a7c7c7c3a787c7c
11	baxb::x|b:xa|||a:xa|::a:|x	9 626178627c3a7c3a78
19	|x:axa:a|:bb	17 7c7c787c3a6178617c3a617c7c7c3a6262
32	:|:||x|||xx::|:baxb::	31 7c3a7c7c7c3a7c7c7c7c787c7c7c7c7c7c78787c3a7c3a7c7c7c3a62617862
22	:b|x:xaab:xxabax|bb:x::aax:	20 7c3a627c7c787c3a786161627c3a787861626178
38	ax:bxxbx|bbab:|::	23 61787c3a62787862787c7c626261627c3a7c7c7c3a7c3a
17	||:::|:a:::xba	15 7c7c7c7c7c3a7c3a7c3a7c7c7c3a61
8	b:|a	6 627c3a7c7c61
27	b:b|:bbbbx:xa:x:xba::abbaxb:x	25 627c3a627c7c7c3a62626262787c3a78617c3a787c3a786261
21	a|:::	9 617c7c7c3a7c3a7c3a
4	:ba	2 7c3a
15	axbx:ax:xa:x|a|:	14 617862787c3a61787c3a78617c3a
17	|bx:baa	9 7c7c62787c3a626161
33	a|b|x	7 617c7c627c7c78
34	axb:a:axbxax:x:||xxa:xaxaa	33 6178627c3a617c3a6178627861787c3a787c3a7c7c7c7c7878617c3a7861786161
7	x:a:b:::xb:abxa|baxx|xb	6 787c3a617c3a
40	|a	3 7c7c61
10	:xa|ab|bba||	8 7c3a78617c7c6162
3	xb|:|ba|a|ax|baxbx||xaab|abaax	2 7862
3	bx||	2 6278
18	bbx|bb:xa|b:	16 6262787c7c62627c3a78617c7c627c3a
34	bbbb|ba:|::abax|b:a:xb|b|	32 626262627c7c62617c3a7c7c7c3a7c3a616261787c7c627c3a617c3a78627c7c
4		0 
7	ax|bbb|axxb	6 61787c7c6262
37	|:a||xxxxbaaabaa|b|::	29 7c7c7c3a617c7c7c7c78787878626161616261617c7c627c7c7c3a7c3a
13	||x|xbbbb:ba:bxxbx	12 7c7c7c7c787c7c7862626262
27	bx|baxba:b:ab|x::a|b	26 62787c7c62617862617c3a627c3a61627c7c787c3a7c3a617c7c
5	|babb|baxx|:|:abb:bb	4 7c7c6261
27	:aa:	6 7c3a61617c3a
4	:|:b|xa|aa:x|:aa:::b:ab:|bb	2 7c3a
16	a:x|b|xa	11 617c3a787c7c627c7c7861
26	bxa	3 627861
32	bb|	4 62627c7c
7	|b|b:||:xxx:|x:b||a|a|bb	5 7c7c627c7c
5	:b|x::a:b:ab	3 7c3a62
35	bbb|bxxax::bxbx|||:axbbbaa||	33 6262627c7c62787861787c3a7c3a627862787c7c7c7c7c7c7c3a61786262626161
27	x:a||aa||x|ab|a	22 787c3a617c7c7c7c61617c7c7c7c787c7c61627c7c61
11	:||:x	9 7c3a7c7c7c7c7c3a78
37	ax||xa|b|::a|ab:|a:aaxb|::a	35 61787c7c7c7c78617c7c627c7c7c3a7c3a617c7c61627c3a7c7c617c3a616178627c7c
39	b:bxx|x||a:xbba:ax|xb|x|:||	37 627c3a6278787c7c787c7c7c7c617c3a786262617c3a61787c7c78627c7c787c7c7c3a7c7c
6	||a|	4 7c7c7c7c
33	x:bbbax:ba:xb:b:x|	24 787c3a62626261787c3a62617c3a78627c3a627c3a787c7c
27	:b|xbbb:::bb|bx|:x::bb	25 7c3a627c7c786262627c3a7c3a7c3a62627c7c62787c7c7c3a
10	a|:x:baaxaa:x	8 617c7c7c3a787c3a
11	ba:b	5 62617c3a62
36	axaabbbbb||:x	16 6178616162626262627c7c7c7c7c3a78
25	ab::x|b::b|xx||bxx::a||x|xx	23 61627c3a7c3a787c7c627c3a7c3a627c7c78787c7c7c7c
28	:bb::xb:b|bb:xb:ax|:b|b:b	27 7c3a62627c3a7c3a78627c3a627c7c62627c3a78627c3a61787c7c
24	b|aa|xxa|:abaaxbb:	23 627c7c61617c7c7878617c7c7c3a616261617862627c3a
12	:xa	4 7c3a7861
30	axaaxx:xaxaa:b||	20 6178616178787c3a78617861617c3a627c7c7c7c
30	x:ba	5 787c3a6261
40	xbxxx:ab|||axba::bab:aa:xb:|a	38 78627878787c3a61627c7c7c7c7c7c617862617c3a7c3a6261627c3a61617c3a78627c3a7c7c
40	|b:	5 7c7c627c3a
35	xx:	4 78787c3a
26	xb|xbb:bxbxx:|aaaaxa	24 78627c7c7862627c3a62786278787c3a7c7c616161617861
38	a:a|b:	9 617c3a617c7c627c3a
18	|	2 7c7c
40	|b:bx	7 7c7c627c3a6278
18	xbbx|bx|:ax:ba:x||a	16 786262787c7c62787c7c7c3a61787c3a
37	ab:bxb|axx|xbx:b::xxbxaxb:aa	35 61627c3a6278627c7c6178787c7c7862787c3a627c3a7c3a787862786178627c3a6161
13	|	2 7c7c
5	bxabx|xb	4 62786162
27	|ab:a::axxbab|:	21 7c7c61627c3a617c3a7c3a6178786261627c7c7c3a
16	ax|::||a:b|axab|x:|||a	15 61787c7c7c3a7c3a7c7c7c7c617c3a
5	x||aa::xaa:xx:	3 787c7c
21	:x:|:ax|::b:|ba|b|xabx:xxb	20 7c3a787c3a7c7c7c3a61787c7c7c3a7c3a627c3a
3	|b|baab|bbbbabx:||:	2 7c7c
12	ba|xb|axaxx:x|a|ba:a:axx:b|	11 62617c7c78627c7c617861
40	::x|x:aa::bax||b:xbb:|b	34 7c3a7c3a787c7c787c3a61617c3a7c3a6261787c7c7c7c627c3a7862627c3a7c7c62
6	b::	5 627c3a7c3a
15	b|a	4 627c7c61
34	a|::xb|bbxa:b|xxx:xa:|x|	32 617c7c7c3a7c3a78627c7c626278617c3a627c7c7878787c3a78617c3a7c7c78
14	xa:x:a:axaba|aabx::x:b	13 78617c3a787c3a617c3a617861
19	:abxx|x	9 7c3a616278787c7c78
24	axxbaaxxbx:b:aa:b:	22 617878626161787862787c3a627c3a61617c3a627c3a
29	|a	3 7c7c61
34	|xx||||:|:ab|	22 7c7c78787c7c7c7c7c7c7c7c7c3a7c7c7c3a61627c7c
35	xxbaax|axx|a|xb:a:	23 7878626161787c7c6178787c7c617c7c78627c3a617c3a
13	b|:a|x|::xxx|ba||babx|:xa|b|ab	11 627c7c7c3a617c7c787c7c
29	||x|aax::a|b	18 7c7c7c7c787c7c6161787c3a7c3a617c7c62
29	:bba::x:bxa:b|xaa	23 7c3a6262617c3a7c3a787c3a6278617c3a627c7c786161
9	b|x:||bxbxaxb:xxx|a|xaa	8 627c7c787c3a7c7c
21	aa:ax|b|a|a|:|bx:bxxab	19 61617c3a61787c7c627c7c617c7c617c7c7c3a
30	|b::::abb:ab::|	24 7c7c627c3a7c3a7c3a7c3a6162627c3a61627c3a7c3a7c7c
4	|:xxa::b:xax:xaa:|x|aaxxb|b:ba	2 7c7c
28	x|aax|b:|xbbababxa|b:	27 787c7c6161787c7c627c3a7c7c7862626162616278617c7c627c3a
10	ba:bx||b|bx::bx	8 62617c3a62787c7c
18	x:ax:b|xxa|:a|x|	17 787c3a61787c3a627c7c7878617c7c7c3a
13	|	2 7c7c
39	:|	4 7c3a7c7c
13	|b::|xa|b:x|b	11 7c7c627c3a7c3a7c7c7861
19	|:|||b	11 7c7c7c3a7c7c7c7c7c7c62
23	:|bb|||:bxx:a::ab:bxa|a|||b	22 7c3a7c7c62627c7c7c7c7c7c7c3a6278787c3a617c3a
20	:|||::||aba|baba:	19 7c3a7c7c7c7c7c7c7c3a7c3a7c7c7c7c616261
39	|:axaxa|b|baxa||:bax:xxbbb|||	38 7c7c7c3a61786178617c7c627c7c626178617c7c7c7c7c3a6261787c3a78786262627c7c7c7c
26	x:bxaxa	8 787c3a6278617861
28	|a:a	6 7c7c617c3a61
4	x	1 78
34	:ba:	6 7c3a62617c3a
20	ax::b|||:a|:b|::|x|a:aba	18 61787c3a7c3a627c7c7c7c7c7c7c3a617c7c
11	bbab|bba:b|	9 626261627c7c626261
7	|bbbbbbb:xababaa::aax:|bb	6 7c7c62626262
16	b|aaxb:xa	11 627c7c616178627c3a7861
22	:ab::|||b:	17 7c3a61627c3a7c3a7c7c7c7c7c7c627c3a
40	axbab|||xbx||	18 61786261627c7c7c7c7c7c7862787c7c7c7c
3	|::xbax:bbxaaba|axx|bab|bax:	2 7c7c
10	:aaaxa|b:|x::bb|::	9 7c3a61616178617c7c
28	:ab||a|||b	16 7c3a61627c7c7c7c617c7c7c7c7c7c62
24	aa:a|b|x|ab|::|baa|bbx:aab	23 61617c3a617c7c627c7c787c7c61627c7c7c3a7c3a7c7c
20	||b::a|||	16 7c7c7c7c627c3a7c3a617c7c7c7c7c7c
11	bx|xxxa::a:bx::x|xa|::a	10 62787c7c787878617c3a
37	:|axb:xx|::abxaa|axxb|a|ab|a	35 7c3a7c7c6178627c3a78787c7c7c3a7c3a61627861617c7c617878627c7c617c7c6162
23	x::b:a:baaxxbx|x|	21 787c3a7c3a627c3a617c3a626161787862787c7c78
13	xxab|x:a	10 787861627c7c787c3a61
36		0 
25	axb	3 617862
13	b|:bx::::||x|x|bba|aabbbabbabb	11 627c7c7c3a62787c3a7c3a
24	x|ba	5 787c7c6261
22		0 
36	bx|:bbx||bb::xb:bax	26 62787c7c7c3a6262787c7c7c7c62627c3a7c3a78627c3a626178
9	ba:x|abaxa:||baaaax:|:aaxa	7 62617c3a787c7c
34	|:|b:a:a|abbbb||bx:|::b|:	32 7c7c7c3a7c7c627c3a617c3a617c7c61626262627c7c7c7c62787c3a7c7c7c3a
18	::ab	6 7c3a7c3a6162
35	xxxx	4 78787878
38	|aab	5 7c7c616162
8	:aa|xax:a:ax|b::|b||x|x:bb	6 7c3a61617c7c
28	x	1 78
14	ab|:b:b|x|aa|x:||x|b	12 61627c7c7c3a627c3a627c7c
19	a	1 61
7	:aa	4 7c3a6161
36	:bbxxx	7 7c3a6262787878
33	:bbaxabb|	11 7c3a626261786162627c7c
20	xabbaa:b:b:b:bbbaaxxa:x|xb	19 7861626261617c3a627c3a627c3a627c3a6262
9	ab:ax:|x:|b|:::xxxxx:|xab:	8 61627c3a61787c3a
11	x:xb:ab:|a:ba||bb||||xax::	9 787c3a78627c3a6162
31	|a|a|||aab||:aab|xxx|	29 7c7c617c7c617c7c7c7c7c7c6161627c7c7c7c7c3a6161627c7c787878
34	xb||a:|x:::::ax:|x|:xx:|x|b:	33 78627c7c7c7c617c3a7c7c787c3a7c3a7c3a7c3a7c3a61787c3a7c7c787c7c7c3a
27	xxa::::	11 7878617c3a7c3a7c3a7c3a
3	|||:|bx||::bxx::bxxabbb:a|b:x:	2 7c7c
21	b||x:ab:bxb|x:b:a|xax:|ab	20 627c7c7c7c787c3a61627c3a6278627c7c787c3a
4	xbba|x:x|:x:xx|bb|bxbaa	3 786262
37	:::::xaxb:a:||x|	26 7c3a7c3a7c3a7c3a7c3a786178627c3a617c3a7c7c7c7c787c7c
37	:a:|:aabb::bbab|xbba:	29 7c3a617c3a7c7c7c3a616162627c3a7c3a626261627c7c786262617c3a
6	b|x|b	4 627c7c78
38	aa:bbb||axxaax|:ba:|x	28 61617c3a6262627c7c7c7c6178786161787c7c7c3a62617c3a7c7c78
10	a:b|:	8 617c3a627c7c7c3a
40	xxx::x:|abaxabx:abba|ab|	31 7878787c3a7c3a787c3a7c7c616261786162787c3a616262617c7c61627c7c
15	a|x|b:abx::bbxa:|x:b:ab:aaa	14 617c7c787c7c627c3a6162787c3a
28	|ba	4 7c7c6261
30	x|bb|a|	10 787c7c62627c7c617c7c
17	:a|:axa|x|bb:x|:|bxb:x|:x	15 7c3a617c7c7c3a6178617c7c787c7c
21	b	1 62
6	|:|||:||:|xx|||ba:	4 7c7c7c3a
4	|aaa	2 7c7c
18	b|x|:|x|x:x:b	16 627c7c787c7c7c3a7c7c787c7c787c3a
15	a|ax:|:b|	14 617c7c61787c3a7c7c7c3a627c7c
32	:a|aaba|aax	14 7c3a617c7c616162617c7c616178
12	xx|a|:xbb:::abxa:|xax|||bxb	11 78787c7c617c7c7c3a7862
24	x|xxbx:b||bbb:xbxa:xbbaxxb:b	23 787c7c787862787c3a627c7c7c7c6262627c3a78627861
14	aaa::|aabxxbab|::aa|b:x	13 6161617c3a7c3a7c7c61616278
37	bb|bbxa|bab:|x:b	21 62627c7c626278617c7c6261627c3a7c7c787c3a62
20	bab||a|ab:|:|	18 6261627c7c7c7c617c7c61627c3a7c7c7c3a
26	|||:a	9 7c7c7c7c7c7c7c3a61
40	xa|::xb:xx:bb::b|ax	27 78617c7c7c3a7c3a78627c3a78787c3a62627c3a7c3a627c7c6178
20	a|b:|::|:xxb:|xx|a||babaa|	19 617c7c627c3a7c7c7c3a7c3a7c7c7c3a787862
18	xa:bbbabb|::bxaax|abx|:|:|ba	16 78617c3a6262626162627c7c7c3a7c3a
9	b::bab::axax:|::xx|:bba|	8 627c3a7c3a626162
7	x::|xa:xaa:bxxba|ax	5 787c3a7c3a
9	xbx|xxb||::	8 7862787c7c787862
26	axa|:b|	10 6178617c7c7c3a627c7c
34	a:||:ab:::|babax|b:|x:b|x:|b:	32 617c3a7c7c7c7c7c3a61627c3a7c3a7c3a7c7c62616261787c7c627c3a7c7c78
15	:a:	5 7c3a617c3a
32	aaxa::|xbba	14 616178617c3a7c3a7c7c78626261
37	x|:a:x|xx	13 787c7c7c3a617c3a787c7c7878
23	|:xxaa|	10 7c7c7c3a787861617c7c
7	||b	5 7c7c7c7c62
31	a:	3 617c3a
27	b|a:ab:b:xa|	17 627c7c617c3a61627c3a627c3a78617c7c
24	|ba|:|:a|b::bxba:|:x|a:	23 7c7c62617c7c7c3a7c7c7c3a617c7c627c3a7c3a627862
34	a|xbaba:bxxxxb|:xxxxa|x	28 617c7c78626162617c3a6278787878627c7c7c3a78787878617c7c78
17	|:aaab::xaa|b	15 7c7c7c3a616161627c3a7c3a786161
39	b|x|	6 627c7c787c7c
33	|ba:b:xa::	15 7c7c62617c3a627c3a78617c3a7c3a
24	bb||:b:bab|x	17 62627c7c7c7c7c3a627c3a6261627c7c78
26	::aaaba::x::axb:aaax:x	25 7c3a7c3a61616162617c3a7c3a787c3a7c3a6178627c3a6161
32	abb||	7 6162627c7c7c7c
26	ba|axax::a:x|	18 62617c7c617861787c3a7c3a617c3a787c7c
17	x|abbba:|||::ba|xxx|baxx:abab:	16 787c7c61626262617c3a7c7c7c7c7c7c
30	aa:x|a:a|bx|aa::ax|	27 61617c3a787c7c617c3a617c7c62787c7c61617c3a7c3a61787c7c
17	:|xa:||a|xx||axa|bx:xaxx::	15 7c3a7c7c78617c3a7c7c7c7c617c7c
10	|||:|:bxa|a	8 7c7c7c7c7c7c7c3a
9	a|||xx|a::|	7 617c7c7c7c7c7c
29		0 
39	x|bbx||x||abbb|ax:b|b|||xb|	37 787c7c6262787c7c7c7c787c7c7c7c616262627c7c61787c3a627c7c627c7c7c7c7c7c7862
29		0 
18	xxaxabb:|bb:|a	17 787861786162627c3a7c7c62627c3a7c7c
21	:xab:axxxaxbbbba||xxbx||aa|x:a	20 7c3a7861627c3a61787878617862626262617c7c
14	|:xaxb:ba|:abb:bbbxxb	12 7c7c7c3a786178627c3a6261
3	aaba|ba||a|bbxbx:b|	2 6161
29	a::|b:bx	12 617c3a7c3a7c7c627c3a6278
35	|:x:x|a:xbxab	18 7c7c7c3a787c3a787c7c617c3a7862786162
22	xaaxxa|a:a|b::x:xbabxxxax:	20 7861617878617c7c617c3a617c7c627c3a7c3a78
27	:baa|x:a:aax:	18 7c3a6261617c7c787c3a617c3a6161787c3a
12	:xa:aa:aa|	10 7c3a78617c3a61617c3a
21	xb|:x:ab|aaaaxxa:|xxb|xax:b	20 78627c7c7c3a787c3a61627c7c61616161787861
29	x:b:xx:ax|:a::	21 787c3a627c3a78787c3a61787c7c7c3a617c3a7c3a
37	x:|aa:||xbbxx|:	22 787c3a7c7c61617c3a7c7c7c7c78626278787c7c7c3a
23	b|::	7 627c7c7c3a7c3a
37	a:|xxxbxxb:xa||bbxa|a|:||:x:	35 617c3a7c7c787878627878627c3a78617c7c7c7c626278617c7c617c7c7c3a7c7c7c7c
19	x|	3 787c7c
37	:|axabbxaaaa:a||::a	26 7c3a7c7c617861626278616161617c3a617c7c7c7c7c3a7c3a61
3	:b::baabb||	2 7c3a
9	xaxb:a||bbbbxba:bb	7 786178627c3a61
22	ba:xaa||b|a:bbx:x:x|:a:|x||ax|	20 62617c3a7861617c7c7c7c627c7c617c3a626278
39	xxxxx:xabax:|x||ba|x|b||a	34 78787878787c3a78616261787c3a7c7c787c7c7c7c62617c7c787c7c627c7c7c7c61
20	|:|xbbx||a|	17 7c7c7c3a7c7c786262787c7c7c7c617c7c
17	b::|a||aab:xbxbxb::x:a:a:	15 627c3a7c3a7c7c617c7c7c7c616162
7	:|x|:||ab	5 7c3a7c7c78
14	b::|babaab|b:x:baa:abaax	13 627c3a7c3a7c7c626162616162
35	:a:bbx|xxb:|b||a	23 7c3a617c3a6262787c7c7878627c3a7c7c627c7c7c7c61
29	|a	3 7c7c61
23	:xaxaaaxxb|:|xb|bb:a:	21 7c3a7861786161617878627c7c7c3a7c7c78627c7c
35	xxxx:xabax::b	16 787878787c3a78616261787c3a7c3a62
28	xa::ab|::baxb|aabb|x:x	26 78617c3a7c3a61627c7c7c3a7c3a626178627c7c616162627c7c
22	:xa:xa|b::xx::	21 7c3a78617c3a78617c7c627c3a7c3a78787c3a7c3a
21	aa|a:ba	9 61617c7c617c3a6261
9	:baaxaxx|xa|xb:bbx	8 7c3a626161786178
37	bxb:	5 6278627c3a
7	baaab||b||xbx|:::	5 6261616162
29	:|xbx|xxa:|	16 7c3a7c7c7862787c7c7878617c3a7c7c
5	|:a|x:a	4 7c7c7c3a
37	x::|bxbx::bbaaab:bbx	26 787c3a7c3a7c7c627862787c3a7c3a6262616161627c3a626278
20	:x|:|x|x|xbb|ba|	18 7c3a787c7c7c3a7c7c787c7c787c7c786262
12	ab	2 6162
11	x|:x|xa:b|b	10 787c7c7c3a787c7c7861
5	bx	2 6278
35	:aa::|x|xx:bx||x|b:bx	31 7c3a61617c3a7c3a7c7c787c7c78787c3a62787c7c7c7c787c7c627c3a6278
27	:|xx|bbb:x|:babx:xb:|baabax	26 7c3a7c7c78787c7c6262627c3a787c7c7c3a626162787c3a7862
38	ababxa:a:bax:abx:a:xa:	28 6162616278617c3a617c3a6261787c3a6162787c3a617c3a78617c3a
7	bb|aa:a::	6 62627c7c6161
17	|||xa	8 7c7c7c7c7c7c7861
19	|x:|babb|xaxaaabba:x:x|ab	18 7c7c787c3a7c7c626162627c7c7861786161
37	bx||:ax:|a||xab:xb:ba|x|b||	35 62787c7c7c7c7c3a61787c3a7c7c617c7c7c7c7861627c3a78627c3a62617c7c787c7c
37	:a	3 7c3a61
7	:a:xaxbbx:	5 7c3a617c3a
40	x:bb|xb|x|:abb|bab:	26 787c3a62627c7c78627c7c787c7c7c3a6162627c7c6261627c3a
7	x||:|x|axbb|:|:ba	5 787c7c7c7c
24	|baxa|aaxbxa|x:|bxabbba	23 7c7c626178617c7c6161786278617c7c787c3a7c7c6278
33	xx|:baxxbx:ba:||:x:xxb:	32 78787c7c7c3a6261787862787c3a62617c3a7c7c7c7c7c3a787c3a7878627c3a
25	:|::bb:b:|baa|aaxbbb|||	24 7c3a7c7c7c3a7c3a62627c3a627c3a7c7c6261617c7c6161
4	axa|x|babaaxxxa::xa:	3 617861
3	b::bb	1 62
15	aba|xb:x:aaxxbb|axa:|ax|	14 6162617c7c78627c3a787c3a6161
38	abbbxbxb::x:b::bb|axaa|baa:|x:	37 61626262786278627c3a7c3a787c3a627c3a7c3a62627c7c617861617c7c6261617c3a7c7c
5	b||x::xx|abxxb:aaxxxxxxb	3 627c7c
10	::|aabxaxxbx:|:bx::|:ab|	9 7c3a7c3a7c7c616162
35	a||||x:xa|bxa	19 617c7c7c7c7c7c7c7c787c3a78617c7c627861
9	:x:|:b:|x|a|bx::bax	7 7c3a787c3a7c7c
10		0 
20	aa:|:|b:|	15 61617c3a7c7c7c3a7c7c627c3a7c7c
10	:abx|xa||bbb|x:	9 7c3a6162787c7c7861
40	|bxxx||aa	12 7c7c627878787c7c7c7c6161
39	axa||xb|b::xbxa|a	23 6178617c7c7c7c78627c7c627c3a7c3a786278617c7c61
22	|:|a:aab:xbbx|:x:bxb	20 7c7c7c3a7c7c617c3a6161627c3a786262787c7c
11	aab::b:	10 6161627c3a7c3a627c3a
7	|aaxbxxb:|ba|:xb	6 7c7c61617862
12	axbxa::bb	11 61786278617c3a7c3a6262
39	bx|ab|b|||||bxaa:|:a:|a:a||b	37 62787c7c61627c7c627c7c7c7c7c7c7c7c7c7c627861617c3a7c7c7c3a617c3a7c7c617c3a
25	ab::b|x|:aa||:	22 61627c3a7c3a627c7c787c7c7c3a61617c7c7c7c7c3a
27	bx:bx||ab:	14 62787c3a62787c7c7c7c61627c3a
7	a|baa:|::a|bab:b	6 617c7c626161
40	:|:|||a:ba:xa|xab|:b|aa:	37 7c3a7c7c7c3a7c7c7c7c7c7c617c3a62617c3a78617c7c7861627c7c7c3a627c7c61617c3a
10	xba:xxx::ab|a|ab||b|:	8 7862617c3a787878
25	a|axa:::|:xa|:ba:|:||x|axxxbba	24 617c7c6178617c3a7c3a7c3a7c7c7c3a78617c7c7c3a6261
24	:||xab|:x|xbaa:aab|::|:	22 7c3a7c7c7c7c7861627c7c7c3a787c7c786261617c3a
7	x:bx|:a:	5 787c3a6278
28	|xax||aaaxbb::|aa:ax|:a	27 7c7c7861787c7c7c7c6161617862627c3a7c3a7c7c61617c3a6178
24	aa:xbx:|:b|x|	19 61617c3a7862787c3a7c7c7c3a627c7c787c7c
12	a:|axxb:b:ax:ax	11 617c3a7c7c617878627c3a
36	x::x::	10 787c3a7c3a787c3a7c3a
13	a:axx::	10 617c3a6178787c3a7c3a
9	b|x:bab|x|:	8 627c7c787c3a6261
4	aab|:bbaxa||b:|xa:bb|b	3 616162
39	:abb:x:b|b:	16 7c3a6162627c3a787c3a627c7c627c3a
35	x|xx:b|aba:ax||a|xbbxxxx:|::b	33 787c7c78787c3a627c7c6162617c3a61787c7c7c7c617c7c786262787878787c3a
4	|a	2 7c7c
40	:aa::|	10 7c3a61617c3a7c3a7c7c
7	ab::a:xb:|bb:axxb|a|a|a	6 61627c3a7c3a
11	|x|xax:||:|a|a:x	10 7c7c787c7c7861787c3a
22	:|b:|xb|x|x|:|x:ab|	21 7c3a7c7c627c3a7c7c78627c7c787c7c787c7c7c3a
16	::|xb:::a:b:aba:|:aa|ax::x:b	14 7c3a7c3a7c7c78627c3a7c3a7c3a
36	axbba	5 6178626261
16	::axx|:abxx:aaxaxa|axx:xba|bxa	15 7c3a7c3a6178787c7c7c3a61627878
20	|:|::axxxb|b	18 7c7c7c3a7c7c7c3a7c3a61787878627c7c62
21	a|xx|x|:||:b|::b|x|babxx:b|::	19 617c7c78787c7c787c7c7c3a7c7c7c7c7c3a62
30	aaxb|b||x	12 616178627c7c627c7c7c7c78
15	:|:ax:x||a	13 7c3a7c7c7c3a61787c3a787c7c
10	:|x:|::|a|aaxb|xbaba:ax|b	9 7c3a7c7c787c3a7c7c
31	x||b|:x:a:	16 787c7c7c7c627c7c7c3a787c3a617c3a
11	aaxb	4 61617862
8	ab:aaxx|ab|::xbaa|	7 61627c3a616178
27	|:axax::b:aab	18 7c7c7c3a617861787c3a7c3a627c3a616162
8	:bx	4 7c3a6278
14	baa:x:xx|a|aa::a|	12 6261617c3a787c3a78787c7c
26	aabaa:x|ab::::ax|bx|xx:ba|	24 61616261617c3a787c7c61627c3a7c3a7c3a7c3a61787c7c
5	x|xabaa|xxab||:baaaa	3 787c7c
40	a:a:bbb|x|||a:a:::x|x:a:a|	38 617c3a617c3a6262627c7c787c7c7c7c7c7c617c3a617c3a7c3a7c3a787c7c787c3a617c3a61
29	:axx|aa::a:xaa:xa|:xax	27 7c3a6178787c7c61617c3a7c3a617c3a7861617c3a78617c7c7c3a
20	|::ab|:xa:a|b:xa|aa:xbbb|:bx	19 7c7c7c3a7c3a61627c7c7c3a78617c3a617c7c
37	:|a:||:bb|:b|x|baab|bab||xx:b|	36 7c3a7c7c617c3a7c7c7c7c7c3a62627c7c7c3a627c7c787c7c626161627c7c6261627c7c
35	a:|bbxba|x|b	16 617c3a7c7c62627862617c7c787c7c62
20	|||a|b|b	13 7c7c7c7c7c7c617c7c627c7c62
21	bb:bx:ax||bxxbaax::a|:b:xx	20 62627c3a62787c3a61787c7c7c7c627878626161
39	xxaxaa|||||bx:xxxabbb|a::b	35 7878617861617c7c7c7c7c7c7c7c7c7c62787c3a787878616262627c7c617c3a7c3a62
18	xbbxaba:xba:abxx	17 786262786162617c3a7862617c3a616278
10	x|b:|b|:xb:||a:b|:a|x::x|a|	8 787c7c627c3a7c7c
19	xaxx:|a:a	12 786178787c3a7c7c617c3a61
3	:::x|aax|b:::b	2 7c3a
8	:x:xb|:ax|x	7 7c3a787c3a7862
3	xa|a|a|:xb|||:b|xaab:axx	2 7861
20	x||a|abxa:xxx:b	19 787c7c7c7c617c7c616278617c3a7878787c3a
40		0 
14	bxb|:|xx:ab:a|a||:|||||b:::|	13 6278627c7c7c3a7c7c78787c3a
24	b|xb|:bb|a|bba:bxx	23 627c7c78627c7c7c3a62627c7c617c7c6262617c3a6278
18	:xxab|bx|:bx:b||:|x	16 7c3a787861627c7c62787c7c7c3a6278
35	xaa::bxx||||ax:|a	25 7861617c3a7c3a6278787c7c7c7c7c7c7c7c61787c3a7c7c61
36	:b|a|xa:a|b:axb|x::|xb|aab||a	34 7c3a627c7c617c7c78617c3a617c7c627c3a6178627c7c787c3a7c3a7c7c78627c7c
28	:bxxab|b|a|a|||bxb|:	27 7c3a62787861627c7c627c7c617c7c617c7c7c7c7c7c6278627c7c
9	||:|b|	8 7c7c7c7c7c3a7c7c
37	a|	3 617c7c
14	|x:::	9 7c7c787c3a7c3a7c3a
14	|::x|x::xb:|x|||x|	12 7c7c7c3a7c3a787c7c787c3a
14		0 
10	ba|||a|b:::ax:bx||a|a:	8 62617c7c7c7c7c7c
33	|bx:|:||a|:x::	24 7c7c62787c3a7c7c7c3a7c7c7c7c617c7c7c3a787c3a7c3a
12	::|:axb::xx|x:	11 7c3a7c3a7c7c7c3a617862
5	:|aa	4 7c3a7c7c
10	||x::bxxxa	9 7c7c7c7c787c3a7c3a
13	a||x|b:bba::|:::|x|b:x||::bbxx	11 617c7c7c7c787c7c627c3a
29	a:x	4 617c3a78
32	|:axax:b|b|a	17 7c7c7c3a617861787c3a627c7c627c7c61
20	aa:x::::|b|axx|x|	18 61617c3a787c3a7c3a7c3a7c3a7c7c627c7c
40	|xb:::::ab|	18 7c7c78627c3a7c3a7c3a7c3a7c3a61627c7c
31	b:ab	5 627c3a6162
32	bb::aabb|	12 62627c3a7c3a616162627c7c
28		0 
3	x||::||b:|a|b||ba:xa|	1 78
4	bb|a:aababb	2 6262
21	::|b|||	13 7c3a7c3a7c7c627c7c7c7c7c7c
38	b::ba|baxb:|:|xa:a|bxxb:	34 627c3a7c3a62617c7c626178627c3a7c7c7c3a7c7c78617c3a617c7c627878627c3a
40	::||x:xx|xba|xa::bb||b:bxx:a	38 7c3a7c3a7c7c7c7c787c3a78787c7c7862617c7c78617c3a7c3a62627c7c7c7c627c3a627878
37	|a:ba:bx:bxa	16 7c7c617c3a62617c3a62787c3a627861
30	x:bb|||b::	16 787c3a62627c7c7c7c7c7c627c3a7c3a
27	b::a:a|bxa::aaa:|xa|:xa|	25 627c3a7c3a617c3a617c7c6278617c3a7c3a6161617c3a7c7c
21	b:bbbx	7 627c3a62626278
34	||x|:xbaxbaxx:x::|xbbb:aa|	32 7c7c7c7c787c7c7c3a78626178626178787c3a787c3a7c3a7c7c786262627c3a
4	xaxbx:|	3 786178
14	bb|xaa:|:|a:x:|:|x::a:x	13 62627c7c7861617c3a7c7c7c3a
13	axbx|a	7 617862787c7c61
33	axax::x:|a|ax:aaa|b	26 617861787c3a7c3a787c3a7c7c617c7c61787c3a6161617c7c62
15	b|:xbb::|bx::|b|b:aba||::x	14 627c7c7c3a7862627c3a7c3a7c7c
33	axa:b|a|||xxba|||ax|:	31 6178617c3a627c7c617c7c7c7c7c7c787862617c7c7c7c7c7c61787c7c7c3a
19	|:baxabb|a:x|bxb||	18 7c7c7c3a6261786162627c7c617c3a787c7c
4	baxa|ax||a:a||a:|x|x|a	3 626178
16	bbab:bb||xx:x|	14 626261627c3a62627c7c7c7c7878
9	xbx||xa|xb::|abba|:b	7 7862787c7c7c7c
17	xa:ax:::a:abab:a|xa|babxxx	15 78617c3a61787c3a7c3a7c3a617c3a
7	bb:bb:baxbbb||xxbx:a:aax:b::x|	6 62627c3a6262
11	|bxxa|aa:xxb|::xxaxaab|b::bb	10 7c7c627878617c7c6161
17	bb:xab|x	10 62627c3a7861627c7c78
39	a	1 61
32	||:bb|x:a|bx:||xa:b||bbabb	31 7c7c7c7c7c3a62627c7c787c3a617c7c62787c3a7c7c7c7c78617c3a627c7c
39	:bxbxx||aa	13 7c3a62786278787c7c7c7c6161
23	a:b::bb:xxa|x	18 617c3a627c3a7c3a62627c3a7878617c7c78
3	bbbabbaa||	2 6262
11	a|axabxa:aax|	9 617c7c617861627861
10	x:|b:x:xx	8 787c3a7c7c627c3a
5	xxx:aaaxabxba||x|||a:|:b	3 787878
16		0 
6	ax:b:a:ba	4 61787c3a
24	:aa	4 7c3a6161
28	::xab:x|:aa:xbbxb|	25 7c3a7c3a7861627c3a787c7c7c3a61617c3a78626278627c7c
17	|aax:baxa|axbbb	16 7c7c6161787c3a626178617c7c617862
5	|x|a|b:|x:a:::a	3 7c7c78
22	|b:xaaax:xaaxba:a|:xx	20 7c7c627c3a78616161787c3a7861617862617c3a
19	bxbab||xab:|:	18 62786261627c7c7c7c7861627c3a7c7c7c3a
30	a||xa:|x|b|x||xxxaa|b:|:::|	29 617c7c7c7c78617c3a7c7c787c7c627c7c787c7c7c7c78787861617c7c
40		0 
8	x:b:xaax::aaaxabb:x:|b|a::|ab	6 787c3a627c3a
17	a|a:abaxab:|bb|ab||ab|abx||b	16 617c7c617c3a6162617861627c3a7c7c
31	:a:x:bxa|:::a|xxa|ba	29 7c3a617c3a787c3a6278617c7c7c3a7c3a7c3a617c7c7878617c7c6261
12	bx||x|x:xba|bx|xbbbb|	10 62787c7c7c7c787c7c78
16	:x:aaab	9 7c3a787c3a61616162
26	ab:::a	9 61627c3a7c3a7c3a61
28	a|:bb|aaax	13 617c7c7c3a62627c7c61616178
27	:bx:ax:axba|bxbx||xxb:axb|	26 7c3a62787c3a61787c3a617862617c7c627862787c7c7c7c7878
31	|bb::xb:|x|b|:::aab:bxxb	29 7c7c62627c3a7c3a78627c3a7c7c787c7c627c7c7c3a7c3a7c3a616162
25	|||b	7 7c7c7c7c7c7c62
29	::xax|||bbb:||::xb:b	28 7c3a7c3a7861787c7c7c7c7c7c6262627c3a7c7c7c7c7c3a7c3a7862
11	b:ax|a:bx	10 627c3a61787c7c617c3a
31	aaxx||:a:b	14 616178787c7c7c7c7c3a617c3a62
23	|xab:axxxaa:	15 7c7c7861627c3a6178787861617c3a
4	:b:ax:ba	2 7c3a
34	|ab||xba||a	16 7c7c61627c7c7c7c7862617c7c7c7c61
27	bx:|bx|a:aa:xaa:|:xa	26 62787c3a7c7c62787c7c617c3a61617c3a7861617c3a7c7c7c3a
10	a:aa|bbb::|	9 617c3a61617c7c6262
40	|b|a:ab:bbba	16 7c7c627c7c617c3a61627c3a62626261
15	:|baxa|:aaaaa||:	14 7c3a7c7c626178617c7c7c3a6161
30	a:bbxbb:b	11 617c3a62627862627c3a62
17	xx|xxb|x:|a:|bbxb:x::	15 78787c7c7878627c7c787c3a7c7c61
33	|:x|b:axaab:a:x:axb|x	29 7c7c7c3a787c7c627c3a61786161627c3a617c3a787c3a6178627c7c78
22	xa|xxbaaaaabaa	15 78617c7c7878626161616161626161
16	a	1 61
12	b::bxxb||abx|:::|aaaba|:::	11 627c3a7c3a627878627c7c
21	b:ax|::|xxa|a:b|:a:b|b	19 627c3a61787c7c7c3a7c3a7c7c7878617c7c61
38	|a|b:	8 7c7c617c7c627c3a
11	:x:|a	8 7c3a787c3a7c7c61
24	xxbaaba|a:	12 787862616162617c7c617c3a
39	axxa::|axx:||||:ax:||xb	35 617878617c3a7c3a7c7c6178787c3a7c7c7c7c7c7c7c7c7c3a61787c3a7c7c7c7c7862
15	|xbxb:x::|abb|bbabb	13 7c7c786278627c3a787c3a7c3a
28	bxb||a:bx	12 6278627c7c7c7c617c3a6278
35		0 
18	x	1 78
17	x:b:b:aaxaxx	15 787c3a627c3a627c3a616178617878
13	xx::::xxbb|:||a|axxx|	12 78787c3a7c3a7c3a7c3a7878
37	bx	2 6278
17	:a:xxbbx:xbx::	15 7c3a617c3a78786262787c3a786278
34	a|:xxxbxbaabbxb	17 617c7c7c3a787878627862616162627862
33	x|b:x||	11 787c7c627c3a787c7c7c7c
9		0 
16	:|	4 7c3a7c7c
25	:|bbaaa:bbxax|b|xbbba:bba:	24 7c3a7c7c62626161617c3a62627861787c7c627c7c786262
26	|a|x|:bbaxxxx|	19 7c7c617c7c787c7c7c3a626261787878787c7c
15	||b::bb||xax:x|||a	13 7c7c7c7c627c3a7c3a62627c7c
8	b:	3 627c3a
14	bbabaaxb|x:b|:b::a	13 62626162616178627c7c787c3a
31	ba||:|b|b|::|x|x::bx:xb|:x	30 62617c7c7c7c7c3a7c7c627c7c627c7c7c3a7c3a7c7c787c7c787c3a7c3a
15	b|b:x|:||:bb	13 627c7c627c3a787c7c7c3a7c7c
10		0 
19	ab:a:xa:b	12 61627c3a617c3a78617c3a62
22	|b:xx||baxbxa:xaa	21 7c7c627c3a78787c7c7c7c6261786278617c3a7861
37	ax:x::x|aabb:xxaaxx|abx:xx	33 61787c3a787c3a7c3a787c7c616162627c3a7878616178787c7c6162787c3a7878
15	xab||:b::|:bxax	14 7861627c7c7c7c7c3a627c3a7c3a
9	bxxxabbx:x||a:x:bxxx:|bb	8 6278787861626278
35	bb|:x::ax|b|bbxaa::::bb|aaa	33 62627c7c7c3a787c3a7c3a61787c7c627c7c62627861617c3a7c3a7c3a7c3a6262
34	|a	3 7c7c61
17	xbab::a:abxa:abx	15 786261627c3a7c3a617c3a61627861
23		0 
30	bxbax|x:	10 62786261787c7c787c3a
29	:|ax||b||bb||xx|:aaxa|xbb|:	27 7c3a7c7c61787c7c7c7c627c7c7c7c62627c7c7c7c78787c7c7c3a
3	||x|	2 7c7c
4	bx:xbaxaxaxaaaxb:|ba|bb:x:ab	2 6278
4	bb::a:|x:x:aa|bxbaaa|bx::xx	2 6262
18	:xbba:ab:bx::xxx|ab:a|:x|a	16 7c3a786262617c3a61627c3a62787c3a
22	b:a||x:ab|:x	18 627c3a617c7c7c7c787c3a61627c7c7c3a78
34	x|b|bxbxx	11 787c7c627c7c6278627878
18	xbx::bb|:bb:a:|a:axx:b|b|:	17 7862787c3a7c3a62627c7c7c3a62627c3a
9	||ab|a|:bbx	8 7c7c7c7c61627c7c
25	bxbx::b:xaa:axaxa:ax|:xb:bb	23 627862787c3a7c3a627c3a7861617c3a61786178617c3a
31	:xbx:bxba	11 7c3a7862787c3a62786261
37	a|:||x||bb||	20 617c7c7c3a7c7c7c7c787c7c7c7c62627c7c7c7c
9	bxb|	5 6278627c7c
7	::|b|aaxb||:bx|b:	6 7c3a7c3a7c7c
16	bb:xba:a	10 62627c3a7862617c3a61
34	xba|bx:xabxba|:	19 7862617c7c62787c3a7861627862617c7c7c3a
3	:b:|::xb|x||xaxab	2 7c3a
9	|::a|xax:xab:xbb|xba|bbaax:	7 7c7c7c3a7c3a61
31	bbxbxb:xb||:xb:	20 6262786278627c3a78627c7c7c7c7c3a78627c3a
22	|:xbbx	8 7c7c7c3a78626278
35	|a|:b|a:::xbxb:x|x|ba||	33 7c7c617c7c7c3a627c7c617c3a7c3a7c3a786278627c3a787c7c787c7c62617c7c
16	|b:b:axb::a:	15 7c7c627c3a627c3a6178627c3a7c3a
33	|x:abx::a::||b|x:	27 7c7c787c3a6162787c3a7c3a617c3a7c3a7c7c7c7c627c7c787c3a
24		0 
18	::xx|x:x|::::x|bba	16 7c3a7c3a78787c7c787c3a787c7c7c3a
16	bxx|a	6 6278787c7c61
27	a|	3 617c7c
20	x|a|:|:x:x::|aaax:aa	18 787c7c617c7c7c3a7c7c7c3a787c3a787c3a
29	bb:xaa|:a|a::b|aab||:ax|	27 62627c3a7861617c7c7c3a617c7c617c3a7c3a627c7c6161627c7c
23	|x:::baxa:x|axaxb:b|x:xbxx|x	22 7c7c787c3a7c3a7c3a626178617c3a787c7c61786178
39	abaa:|:|||:xxa|b:ab|b::xbba:	38 616261617c3a7c7c7c3a7c7c7c7c7c7c7c3a7878617c7c627c3a61627c7c627c3a7c3a786262
19	:bb:|||xa:abaa|xxbbb:b	18 7c3a62627c3a7c7c7c7c7c7c78617c3a6162
25	aaaa:xaax|b:bbx|aba:|x|b:x	23 616161617c3a786161787c7c627c3a6262787c7c616261
31	|aa:x||x|:xxaxb||b|b|xax|b|	29 7c7c61617c3a787c7c7c7c787c7c7c3a78786178627c7c7c7c627c7c62
4	aabxx:a::::aaxxx:x|:|:||b:	3 616162
21		0 
19	:aab	5 7c3a616162
39	|xb|a	7 7c7c78627c7c61
34	x:||a:ab|x	15 787c3a7c7c7c7c617c3a61627c7c78
8	:baab|a	6 7c3a62616162
8	:aa:	6 7c3a61617c3a
7	aba:|:a:a|b|:b|xb|	5 6162617c3a
9	xbxx:xa	8 786278787c3a7861
39	::bb|axb|:|xb|baxa	25 7c3a7c3a62627c7c6178627c7c7c3a7c7c78627c7c62617861
4	|:b:|b	2 7c7c
20	:xx:::bxxbbb|bbx|b:||:|x	18 7c3a78787c3a7c3a7c3a6278786262627c7c
29	:|:bbbaxbx	13 7c3a7c7c7c3a62626261786278
3	xxabax:x|	2 7878
34	:xaaxabb|bxxa:	17 7c3a786161786162627c7c627878617c3a
23	a:xaax|:x|a|bxbx	21 617c3a786161787c7c7c3a787c7c617c7c62786278
19	b|b:x:abaxa:abb:||||xb::abxb	18 627c7c627c3a787c3a61626178617c3a6162
18	xx:::|bax:b:	16 78787c3a7c3a7c3a7c7c6261787c3a62
26	x:|a:|bxb:|x::x:||bx:|b	25 787c3a7c7c617c3a7c7c6278627c3a7c7c787c3a7c3a787c3a
23	xxx|axb|:x||ax:x:axx||:b|:a:	21 7878787c7c6178627c7c7c3a787c7c7c7c61787c3a
8	a|xxa:a|b|xb	6 617c7c787861
12	axb::::b	11 6178627c3a7c3a7c3a7c3a
6		0 
3	|x:b:bbxxx|:x:axb|ba:baa:b:b	2 7c7c
24	xx|a	5 78787c7c61
37	xab|baxaxx|xb:abx|	22 7861627c7c6261786178787c7c78627c3a6162787c7c
23	|:a	5 7c7c7c3a61
19	||abaxaaxx||::axb|bbx:	18 7c7c7c7c61626178616178787c7c7c7c7c3a
17	xab:xbaa:b|xx|::ax	16 7861627c3a786261617c3a627c7c7878
14	xx	2 7878
11	b|xxxxx:x:::bx	10 627c7c78787878787c3a
4	ab|::xxx:b:b::ab:	2 6162
24	xxx|:x|xxbbxx:|ab:::baa|x:baa|	22 7878787c7c7c3a787c7c7878626278787c3a7c7c6162
18	||a:bx||:||axx|b|bab:::a:b	17 7c7c7c7c617c3a62787c7c7c7c7c3a7c7c
5	a||axx:a||ax|b|ba:x:|||:||	3 617c7c
17	:a|ax:abbb::x	15 7c3a617c7c61787c3a616262627c3a
7	a:b|xx||aabx|aaaa|b	6 617c3a627c7c
39	x::|axa|x:::b|x:bbb:	30 787c3a7c3a7c7c6178617c7c787c3a7c3a7c3a627c7c787c3a6262627c3a
25	bxax:a	7 627861787c3a61
33	xb|:x:|ax	13 78627c7c7c3a787c3a7c7c6178
14	x	1 78
35	xx:xbbbx||::|::bx|:aab:b|xxaaa	34 78787c3a78626262787c7c7c7c7c3a7c3a7c7c7c3a7c3a62787c7c7c3a6161627c3a
25		0 
15	a||bba:|bxx:bx	14 617c7c7c7c6262617c3a7c7c6278
8	|bbbxb||baxx::bb|:	7 7c7c6262627862
34	:x:x:ab|b||x	18 7c3a787c3a787c3a61627c7c627c7c7c7c78
13	baxbbbbxa	9 626178626262627861
10	xax:b|xbaa:xa::||b:a:axba	8 7861787c3a627c7c
38	b:x|:b:bb:b|aaabaabbaa|b	31 627c3a787c7c7c3a627c3a62627c3a627c7c616161626161626261617c7c62
3	ax|:|bx|abb|ba||xax|aa	2 6178
32	a:bxa|ab:	12 617c3a6278617c7c61627c3a
13	aa|::x	9 61617c7c7c3a7c3a78
5	b||b||b:b|	3 627c7c
4	xxbab|xa:aa|a	3 787862
9	bxa:aaaa|||:b:|bxabx|xbaxa	8 6278617c3a616161
18	::|xax:xa:b|axba|b|::xaax|	16 7c3a7c3a7c7c7861787c3a78617c3a62
15	axa:|xab|xb:|ba:axbbxbbb||aa	14 6178617c3a7c7c7861627c7c7862
12	bxa:aax:xbb	10 6278617c3a6161787c3a
40	::|:b|xb:|x:b|:b|b	29 7c3a7c3a7c7c7c3a627c7c78627c3a7c7c787c3a627c7c7c3a627c7c62
21	xxb|ax|	9 7878627c7c61787c7c
35	|:ab:baa|b|a|:b:aaa|	29 7c7c7c3a61627c3a6261617c7c627c7c617c7c7c3a627c3a6161617c7c
31	:::b|b::	14 7c3a7c3a7c3a627c7c627c3a7c3a
25	a|:aa||a:x||bx:a:baxx	23 617c7c7c3a61617c7c7c7c617c3a787c7c7c7c62787c3a
32	||xa:ba	10 7c7c7c7c78617c3a6261
29	a:||aba|bx|x|x:a|xa|b|	27 617c3a7c7c7c7c6162617c7c62787c7c787c7c787c3a617c7c7861
9	||axxaxxx||xb	8 7c7c7c7c61787861
26	|baxb:b:bb|bb	17 7c7c626178627c3a627c3a62627c7c6262
6	axa|a|x:ax|xxb|:|baxxba::xabb	5 6178617c7c
24	aaxa|a||a	12 616178617c7c617c7c7c7c61
27	bxab|||::aa:|::::	26 627861627c7c7c7c7c7c7c3a7c3a61617c3a7c7c7c3a7c3a7c3a
5	a:x::|b:|x||x|xbaa||||||xx|	3 617c3a
16	:a:|b::a:x|	15 7c3a617c3a7c7c627c3a7c3a617c3a
34	xb|b:b::xaaxx:aaxaaa|:a|a	32 78627c7c627c3a627c3a7c3a78616178787c3a6161786161617c7c7c3a617c7c
32	ab::b|:ax:|abx||||::bbb:::	30 61627c3a7c3a627c7c7c3a61787c3a7c7c6162787c7c7c7c7c7c7c7c7c3a
39	axb|xaxa:b:axaa:a:aa||aaaa|	35 6178627c7c786178617c3a627c3a617861617c3a617c3a61617c7c7c7c616161617c7c
6	a|::abx:|x	5 617c7c7c3a
5	b:b||a:b:xxaxb	3 627c3a
3	b|b||	1 62
25	aabxbxx:::|xb||ax:xax|:x	23 616162786278787c3a7c3a7c3a7c7c78627c7c7c7c6178
30	aaaba|abb:b:a:x	19 61616162617c7c6162627c3a627c3a617c3a78
36	x:b::	8 787c3a627c3a7c3a
8	:||x|x|::x|:::bx:a:|a|ab:bxbbb	6 7c3a7c7c7c7c
38	||::axbxb|::a	20 7c7c7c7c7c3a7c3a61786278627c7c7c3a7c3a61
17	xbaaxb:a|ab	13 7862616178627c3a617c7c6162
10	a::ax:abaaaba::ba:aa|	9 617c3a7c3a61787c3a
12	|axa||a|x:	10 7c7c6178617c7c7c7c61
15	ax|a:a::	12 61787c7c617c3a617c3a7c3a
33	|aa|aba:b:x||	19 7c7c61617c7c6162617c3a627c3a787c7c7c7c
12	|xxb|::abb|a|baaxxbxax|a	11 7c7c7878627c7c7c3a7c3a
38	bx:xxbaabax:b:bxa|abx::xabx|xa	37 62787c3a78786261616261787c3a627c3a6278617c7c6162787c3a7c3a786162787c7c7861
17	bbxa:|:abxx:x:abx:b	16 626278617c3a7c7c7c3a616278787c3a
26	||a|:b	10 7c7c7c7c617c7c7c3a62
3	bax:	2 6261
14	:x::|:b::ab:axa:ax|	12 7c3a787c3a7c3a7c7c7c3a62
33	x|xbbax|x|:b:bax|x|ba|::::	32 787c7c78626261787c7c787c7c7c3a627c3a6261787c7c787c7c62617c7c7c3a
25	x::aa	7 787c3a7c3a6161
6		0 
11	bx|:a|x::bb	9 62787c7c7c3a617c7c
24	abbx	4 61626278
9	|bx:a:x:	7 7c7c62787c3a61
39	b|a|baxb|b|:ax:aa:::|	31 627c7c617c7c626178627c7c627c7c7c3a61787c3a61617c3a7c3a7c3a7c7c
22	ba|a:ab:|x	14 62617c7c617c3a61627c3a7c7c78
23	ba:bxax:aabx|a|bx:	21 62617c3a627861787c3a616162787c7c617c7c6278
27	aa::xba:x|x::	19 61617c3a7c3a7862617c3a787c7c787c3a7c3a
6	:aa|	4 7c3a6161
24	xxaaax::bb:|b|xx	21 7878616161787c3a7c3a62627c3a7c7c627c7c7878
38	aa|x|b:::b|abab|xba::b|b|	36 61617c7c787c7c627c3a7c3a7c3a627c7c616261627c7c7862617c3a7c3a627c7c627c7c
17	a|b:ab|x	11 617c7c627c3a61627c7c78
37	a	1 61
37	|||abx|:aa:	17 7c7c7c7c7c7c6162787c7c7c3a61617c3a
33	x||xa|:axxa:a:x||bx::b|x:bb|b	31 787c7c7c7c78617c7c7c3a617878617c3a617c3a787c7c7c7c62787c3a7c3a
39	|:axa:b:xa:bbbx|a	23 7c7c7c3a6178617c3a627c3a78617c3a626262787c7c61
11	b|x:||bb|axa:|x|x|xb	10 627c7c787c3a7c7c7c7c
12	bxxaa:b||:baa:a|:|:|b	10 62787861617c3a627c7c
32	x|x|a|x:||xx|:a	23 787c7c787c7c617c7c787c3a7c7c7c7c78787c7c7c3a61
22	x|bb:x|:||:|ba|b:b	20 787c7c62627c3a787c7c7c3a7c7c7c7c7c3a7c7c
12	::|xx::|bxaxb:x	10 7c3a7c3a7c7c78787c3a
4	axxb:bab|axx|bx:x:bb|:ba|	3 617878
38	bxxxba:a	9 6278787862617c3a61
16	a:b:::x|:|a:a::|bxb:b:	15 617c3a627c3a7c3a7c3a787c7c7c3a
28	bxxxxxab|b:abxbba|x|bbb:||b	27 62787878787861627c7c627c3a6162786262617c7c787c7c626262
8	aaba||b:::||::bb:xb|::xbb:b|	6 616162617c7c
5	axxbx||b:xaxa:ax:	4 61787862
28	ax|	4 61787c7c
31	:xaba:|::::|x::	25 7c3a786162617c3a7c7c7c3a7c3a7c3a7c3a7c7c787c3a7c3a
14	||x::a|bax|a|::xaabb||b|a	12 7c7c7c7c787c3a7c3a617c7c
6	x:a:::|x:aa	4 787c3a61
38	bb|abxaxxabax::x:xaxbx|x	29 62627c7c616278617878616261787c3a7c3a787c3a78617862787c7c78
24	:xx|:	8 7c3a78787c7c7c3a
34	ax	2 6178
15	:|xbx	7 7c3a7c7c786278
23	:a:||::b|aab||b|b:x|aaax|b	21 7c3a617c3a7c7c7c7c7c3a7c3a627c7c6161627c7c
22	xx:ba:||x:	15 78787c3a62617c3a7c7c7c7c787c3a
37	b:bxbbaxb|||bx:|x|b:xx	30 627c3a627862626178627c7c7c7c7c7c62787c3a7c7c787c7c627c3a7878
29	aa|:|::|aaaa:a	21 61617c7c7c3a7c7c7c3a7c3a7c7c616161617c3a61
3	b|xaxa|	1 62
24	baxb:|:x||bxb	18 626178627c3a7c7c7c3a787c7c7c7c627862
22	baa	3 626161
35	:||baa	9 7c3a7c7c7c7c626161
16	a:|x::	10 617c3a7c7c787c3a7c3a
37		0 
19	:xx:aaaa:aaax|baxabx|b:ba:a	18 7c3a78787c3a616161617c3a616161787c7c
17	bb|b|x:xa	12 62627c7c627c7c787c3a7861
25	|abxb|	8 7c7c616278627c7c
14	ba	2 6261
9	aabxbx|:aa:axaba|xxb	8 6161627862787c7c
20	|	2 7c7c
23	ab|::aaa:bbbb|::ba	21 61627c7c7c3a7c3a6161617c3a626262627c7c7c3a
19	:x:xa:|x:|babaax|b|x:xaaxxax	18 7c3a787c3a78617c3a7c7c787c3a7c7c6261
22	a|x:|axb:xx|aa:bbbab|xbb:x	21 617c7c787c3a7c7c6178627c3a78787c7c61617c3a
35	abx|aa	7 6162787c7c6161
25	x|||xbbb|:aax|xbxxx:xab:bx:a:	24 787c7c7c7c7c7c786262627c7c7c3a6161787c7c78627878
31	x||:a|xbx|xbabb:bx:	26 787c7c7c7c7c3a617c7c7862787c7c78626162627c3a62787c3a
28	aa|ax:bbb:b|bb:b:b:||axx:|b:x	26 61617c7c61787c3a6262627c3a627c7c62627c3a627c3a627c3a
24	|baxbx|:|||b|x||bb	23 7c7c62617862787c7c7c3a7c7c7c7c7c7c627c7c787c7c
36	xb|ab::::b:b|:b	23 78627c7c61627c3a7c3a7c3a7c3a627c3a627c7c7c3a62
15	||::axx:|ba|bb:a:|	13 7c7c7c7c7c3a7c3a6178787c3a
25	xxb|axaaab|bbbx||xxaababbx	24 7878627c7c6178616161627c7c626262787c7c7c7c787861
27	xa::a|	9 78617c3a7c3a617c7c
21		0 
38	babxbb||a||bxxxaa:bb|a:b|:	35 6261627862627c7c7c7c617c7c7c7c6278787861617c3a62627c7c617c3a627c7c7c3a
20	|b|:	7 7c7c627c7c7c3a
12	:x:b:x:a:bxa:a|:a:bxbx:|b:	11 7c3a787c3a627c3a787c3a
27	::ab	6 7c3a7c3a6162
29	bx||x|aab|bx	16 62787c7c7c7c787c7c6161627c7c6278
28	xa|abx:xaa:b:ba:b	22 78617c7c6162787c3a7861617c3a627c3a62617c3a62
37	|x:ba|b|bxba:|::xa:a:|b	34 7c7c787c3a62617c7c627c7c627862617c3a7c7c7c3a7c3a78617c3a617c3a7c7c62
15	|:a|a|aaaxa:|bx	14 7c7c7c3a617c7c617c7c61616178
16	:	2 7c3a
10	a|xb|bx:x:aa:aa:aaba|aa:x:	9 617c7c78627c7c6278
24	b::||x|ab|x:x:|a|:bax|:|	22 627c3a7c3a7c7c7c7c787c7c61627c7c787c3a787c3a
20	|xxbbaaa|b|b|a:	18 7c7c787862626161617c7c627c7c627c7c61
35	|baxx|:xab|||:bbx|x	27 7c7c626178787c7c7c3a7861627c7c7c7c7c7c7c3a6262787c7c78
26	b|xaxbxabbxb:|bx|	21 627c7c786178627861626278627c3a7c7c62787c7c
16	axxaxb|xbb	11 6178786178627c7c786262
18	b:bxa	6 627c3a627861
24	bbb|xxba|b:bx:x|:bbb	23 6262627c7c787862617c7c627c3a62787c3a787c7c7c3a
27	|ab|	6 7c7c61627c7c
26	bbb|ba:aabxxb:b:	20 6262627c7c62617c3a6161627878627c3a627c3a
25	::a:||ax||:xaa|aaab:xbaabb|	24 7c3a7c3a617c3a7c7c7c7c61787c7c7c7c7c3a7861617c7c
19	bxx||a::x|xa|xx|xb|:a:x||:xb:x	17 6278787c7c7c7c617c3a7c3a787c7c7861
7	aaa||:b|b|:b|abaaa:xa|xbxb	5 6161617c7c
33	a||:xbbba:a:b:b:|a|:abbx:|x	32 617c7c7c7c7c3a78626262617c3a617c3a627c3a627c3a7c7c617c7c7c3a6162
13	ba|a:a|xx||:ax	12 62617c7c617c3a617c7c7878
4	||bx:xaxx|xxb:aa|||:a::bx	2 7c7c
35	|||	6 7c7c7c7c7c7c
15	||b||x|xaxaba	14 7c7c7c7c627c7c7c7c787c7c7861
31	xxa|bbxbxxaxb|:|x|||bb|xb:|b	29 7878617c7c6262786278786178627c7c7c3a7c7c787c7c7c7c7c7c6262
6	aa|bxx|x||bb	4 61617c7c
11	:x|:||::xa:x|xbba|a:aa||x	9 7c3a787c7c7c3a7c7c
20	a|:a::bb:x|b:bab||:a:|	18 617c7c7c3a617c3a7c3a62627c3a787c7c62
34	x|ax	5 787c7c6178
9	aba|aba|a|xaa|xbx||x:bbbb:	8 6162617c7c616261
14	b|:b:|b|ax|:axa:::a:x|xxx:|:	13 627c7c7c3a627c3a7c7c627c7c
23	bx:abxa:axb|a|b:x|bx:ax	21 62787c3a616278617c3a6178627c7c617c7c627c3a
27	:xxa||b||	14 7c3a7878617c7c7c7c627c7c7c7c
3	|:bx:|bxxbabb	2 7c7c
31	a:axx:||axxaaa:|xxxaax	28 617c3a6178787c3a7c7c7c7c6178786161617c3a7c7c787878616178
10	axbx:||	8 617862787c3a7c7c
34	::b:bb::|a:	18 7c3a7c3a627c3a62627c3a7c3a7c7c617c3a
37	bx:b|ba:b||ax|b:xab|x:a	32 62787c3a627c7c62617c3a627c7c7c7c61787c7c627c3a7861627c7c787c3a61
10	x::a||x:abaab:	8 787c3a7c3a617c7c
20	xx:x:|::::bxx:|xbax|a|bb	19 78787c3a787c3a7c7c7c3a7c3a7c3a7c3a6278
36	|:a:||ab:baa|xxa|:a:xxa|:a	35 7c7c7c3a617c3a7c7c7c7c61627c3a6261617c7c7878617c7c7c3a617c3a7878617c7c
23	|xa:x:	9 7c7c78617c3a787c3a
34	bxa:x||aaa|bb::xx|bxx|xb|:|	32 6278617c3a787c7c7c7c6161617c7c62627c3a7c3a78787c7c6278787c7c7862
38		0 
23	::ab:a|ba||||b|a|||:b:a:ab:b	21 7c3a7c3a61627c3a617c7c62617c7c7c7c7c7c7c7c
35	axa:|bax|aaa|aabaxx	23 6178617c3a7c7c6261787c7c6161617c7c616162617878
33	ba:xa:xaxxxx	14 62617c3a78617c3a786178787878
32	b||x:bb	10 627c7c7c7c787c3a6262
29	xab:||x:ab:b:x|x:x:xa	28 7861627c3a7c7c7c7c787c3a61627c3a627c3a787c7c787c3a787c3a
16	baabx|axb|baaa:bbbb|a:xaa::a	15 62616162787c7c6178627c7c626161
40	bbb|	5 6262627c7c
37	xbba|xbb|xb|xx|a|bxb:x	28 786262617c7c7862627c7c78627c7c78787c7c617c7c6278627c3a78
17	abaxb:|b|ababx|	16 61626178627c3a7c7c627c7c61626162
20	:|b|x|x|bxaxa|||xaa|ba	18 7c3a7c7c627c7c787c7c787c7c6278617861
37	||:bbax:ab:::	20 7c7c7c7c7c3a626261787c3a61627c3a7c3a7c3a
29	:axax|x	9 7c3a617861787c7c78
36	:b:bax	8 7c3a627c3a626178
20	xa|:xxa:axbxbbxbx|	19 78617c7c7c3a7878617c3a6178627862627862
24	xbx	3 786278
35	::ab||abaab|aa:baxb:a:||	34 7c3a7c3a61627c7c7c7c61626161627c7c61617c3a626178627c3a617c3a7c7c7c7c
17	:::||	10 7c3a7c3a7c3a7c7c7c7c
22	a:|b:b:||x:b::x:x:x	21 617c3a7c7c627c3a627c3a7c7c7c7c787c3a627c3a
6	xa||a|bbabxxaa||:|	4 78617c7c
11	b|b:a:b:xx|a|xab|ab|bx||:::ax:	9 627c7c627c3a617c3a
5	axa:aa:|:|x:xbb	3 617861
17	b:::x|xa:::babb::||:bbaaa	16 627c3a7c3a7c3a787c7c78617c3a7c3a
5	b|axb:bba:	3 627c7c
17	:	2 7c3a
26	b|:b|||x|:a|b	21 627c7c7c3a627c7c7c7c7c7c787c7c7c3a617c7c62
26	|x:||bb|baa:|:a|x|xxb:b:bb	25 7c7c787c3a7c7c7c7c62627c7c6261617c3a7c7c7c3a617c7c
18	abxxxx:a	9 6162787878787c3a61
9		0 
4	|b:bax||:x|	2 7c7c
6		0 
3	xx	2 7878
14	|:bxax|:axa	12 7c7c7c3a627861787c7c7c3a
38	xxa|bxb||ab|a	17 7878617c7c6278627c7c7c7c61627c7c61
13	x::x::xx	12 787c3a7c3a787c3a7c3a7878
10	bbba:baax|axx:x	9 626262617c3a626161
12	|:aab:a|aabb	10 7c7c7c3a6161627c3a61
16	|x:ax:a	10 7c7c787c3a61787c3a61
34	xx::|x:aabab:abbb|x:xx||x:	33 78787c3a7c3a7c7c787c3a61616261627c3a616262627c7c787c3a78787c7c7c7c
38	|axxa|abaa||:a|bx:bxx|xx:abxba	37 7c7c617878617c7c616261617c7c7c7c7c3a617c7c62787c3a6278787c7c78787c3a616278
13	xbax:a|:ba|b:a|x:x:xaa:abx|bx:	11 786261787c3a617c7c7c3a
29	bxaxxa:|xab::bbba:baa|xax:|	28 6278617878617c3a7c7c7861627c3a7c3a626262617c3a6261617c7c
17	:x||::x:b:a|b:|	15 7c3a787c7c7c7c7c3a7c3a787c3a62
32	a|baabx	8 617c7c6261616278
24	axx|a::a:x:|:xbx:x::|:|:a	23 6178787c7c617c3a7c3a617c3a787c3a7c7c7c3a786278
27	:bb:a|:aa:|abxaa|::xbaxaxax|b	26 7c3a62627c3a617c7c7c3a61617c3a7c7c61627861617c7c7c3a
15	:|:xx:b||a|a::bx||aa|a:xbb||a	13 7c3a7c7c7c3a78787c3a627c7c
6	b|:	5 627c7c7c3a
17	ab|	4 61627c7c
18	:|abbbb:a|b|	17 7c3a7c7c61626262627c3a617c7c627c7c
23	a|aa:	7 617c7c61617c3a
17	xxbx:::bab|aa:abbxb|::	15 787862787c3a7c3a7c3a6261627c7c
38	b|x:axbx||abb||:	23 627c7c787c3a617862787c7c7c7c6162627c7c7c7c7c3a
35	ba:xbaxx|bbxxabbb:ababa|x:xb:	33 62617c3a78626178787c7c62627878616262627c3a61626162617c7c787c3a7862
34	||::xbb|a	14 7c7c7c7c7c3a7c3a7862627c7c61
22	|bxa::ax:xx	15 7c7c6278617c3a7c3a61787c3a7878
21	xxb::|:bxaa:xbxb:abb||x:	20 7878627c3a7c3a7c7c7c3a627861617c3a786278
12	b|a:ba|abba|::||aa	10 627c7c617c3a62617c7c
37	xx|:ax:|	12 78787c7c7c3a61787c3a7c7c
19		0 
10	xb|	4 78627c7c
23	x::a:a|||:::::||	21 787c3a7c3a617c3a617c7c7c7c7c7c7c3a7c3a7c3a
20	xb|b||bbbab|:xbbxa:x:bxaa	18 78627c7c627c7c7c7c62626261627c7c7c3a
29	axb|xaabb|:bx::|bxabbbax:bbb	28 6178627c7c78616162627c7c7c3a62787c3a7c3a7c7c627861626262
38	x:a::||x|b|:	20 787c3a617c3a7c3a7c7c7c7c787c7c627c7c7c3a
33	b:b|b:x|:|aab|bab:	26 627c3a627c7c627c3a787c7c7c3a7c7c6161627c7c6261627c3a
35	:|a:bbxaxa|x:xxbxb||	27 7c3a7c7c617c3a6262786178617c7c787c3a78786278627c7c7c7c
40	xb|ab||	10 78627c7c61627c7c7c7c
14	:xx|:xb|xx||x|	12 7c3a78787c7c7c3a78627c7c
7	x|bx|:bb|||a:ba|	5 787c7c6278
19	xx|:bbx|xaa|baxabxab|x	18 78787c7c7c3a6262787c7c7861617c7c6261
19		0 
9	xb	2 7862
7	:x|axxba|bax:xab::|:a|bbb:	5 7c3a787c7c
7	b:xx|||a:b|aaaxa|bababx	5 627c3a7878
35	ax|aab:axb:	14 61787c7c6161627c3a6178627c3a
10	a|b:b:a	9 617c7c627c3a627c3a
19	x:|xa:a::a|xa:bb::xxb:x:|	17 787c3a7c7c78617c3a617c3a7c3a617c7c
9	axx:b:b::b||bxa	8 6178787c3a627c3a
33	|bb	4 7c7c6262
15	:	2 7c3a
12	bba|ab|xxbbaa||	11 6262617c7c61627c7c7878
10	b:a:|a:|:	8 627c3a617c3a7c7c
37	a:bx:a:b:::b:||b	25 617c3a62787c3a617c3a627c3a7c3a7c3a627c3a7c7c7c7c62
3	x|aa:	1 78
16	:xx:bx:axb:x|xb:x||baxx	15 7c3a78787c3a62787c3a6178627c3a
34	x|abaaaa	9 787c7c616261616161
40	xaxbxx:abaax|:b|aa:||a|x	32 7861786278787c3a61626161787c7c7c3a627c7c61617c3a7c7c7c7c617c7c78
32	x:::b||xb|axbax:bba||||:bbxbax	30 787c3a7c3a7c3a627c7c7c7c78627c7c61786261787c3a6262617c7c7c7c
15	|ax||axab||b|::xbx|x:x:bbba	14 7c7c61787c7c7c7c617861627c7c
10	b|ab:aaxa|a|:xx|axa|xa|aabx:x|	9 627c7c61627c3a6161
31	xxaa|xab:b:a||	19 787861617c7c7861627c3a627c3a617c7c7c7c
22	x|xabbx||a|xb|b:::xaxaa:x:xbx:	20 787c7c78616262787c7c7c7c617c7c78627c7c62
17	aba||::x	12 6162617c7c7c7c7c3a7c3a78
8	x|axax:b::x:	7 787c7c61786178
32	:bx|xx::b:b:baaxaa|a|:xaxx|x	31 7c3a62787c7c78787c3a7c3a627c3a627c3a6261617861617c7c617c7c7c3a
27	:	2 7c3a
24	ax:|baa	9 61787c3a7c7c626161
18	bxa:ba||:|bx	17 6278617c3a62617c7c7c7c7c3a7c7c6278
11	:|:xb:b:a|a|:|a|bb:a||	10 7c3a7c7c7c3a78627c3a
13	:::xx:x:	11 7c3a7c3a7c3a78787c3a78
28	x:a|:xxx||:::aaxbbxxab|axx:	27 787c3a617c7c7c3a7878787c7c7c7c7c3a7c3a7c3a616178626278
3	xb:b|xa	2 7862
14	xbb:aab	8 7862627c3a616162
24	||xab:xaa|:baa|::bxaba	23 7c7c7c7c7861627c3a7861617c7c7c3a6261617c7c7c3a
39	|bb||a||b|:|x::x	26 7c7c62627c7c7c7c617c7c7c7c627c7c7c3a7c7c787c3a7c3a78
30	baa||bxaxb::x:ba:b|a|b:bbbaa|	29 6261617c7c7c7c62786178627c3a7c3a787c3a62617c3a627c7c617c7c
17	ax|a	5 61787c7c61
32	||aaxaaxaa:x|baxxx|b|x|ab	30 7c7c7c7c61617861617861617c3a787c7c62617878787c7c627c7c787c7c
22	xxbxb:b|xbabb|xa|xx:x|bxa	21 78786278627c3a627c7c78626162627c7c78617c7c
8	|:||:|bxx:xxxxxxx:x||	6 7c7c7c3a7c7c
22	::x:|a|a:|:babaxx:	21 7c3a7c3a787c3a7c7c617c7c617c3a7c7c7c3a6261
32	bxxabx:bxbaa	13 6278786162787c3a6278626161
25	||x:::x:xb:|axax|:b:|:aaab	24 7c7c7c7c787c3a7c3a7c3a787c3a78627c3a7c7c61786178
35		0 
26	|x:xa::x|baax:|:bab:x|b|b	24 7c7c787c3a78617c3a7c3a787c7c626161787c3a7c7c7c3a
20	:|:xb:|||	16 7c3a7c7c7c3a78627c3a7c7c7c7c7c7c
15	:b:|xxx::xa|ab:xxbx	14 7c3a627c3a7c7c7878787c3a7c3a
18		0 
27	b:x:a:bbaa|a:x	19 627c3a787c3a617c3a626261617c7c617c3a78
26	b|a||a|xx|b|:xxxxxbbb||a	25 627c7c617c7c7c7c617c7c78787c7c627c7c7c3a7878787878
24	|b||a|::|||a|a:aaxb|x:::bxa|x|	23 7c7c627c7c7c7c617c7c7c3a7c3a7c7c7c7c7c7c617c7c
35	|:xab||ba|b|:a:a|:ba|bb	34 7c7c7c3a7861627c7c7c7c62617c7c627c7c7c3a617c3a617c7c7c3a62617c7c6262
9	ba|aaa:xxx	7 62617c7c616161
6	xa|xbab:|xb:|:b|:a|b	4 78617c7c
34	:ba::x|xxx	14 7c3a62617c3a7c3a787c7c787878
7	:|	4 7c3a7c7c
26	b|a:	6 627c7c617c3a
8		0 
4	bxa:|:|b:|bb:aa:abb	3 627861
20	bbaa:xax	9 626261617c3a786178
19	aaxaa:b:xxbxx|x	17 61617861617c3a627c3a78786278787c7c
19	:a:b|::x:xab	18 7c3a617c3a627c7c7c3a7c3a787c3a786162
11	|a||ab:x	9 7c7c617c7c7c7c6162
40	baa:bxxaax|:|a|:aa|::xb::a::|x	39 6261617c3a6278786161787c7c7c3a7c7c617c7c7c3a61617c7c7c3a7c3a78627c3a7c3a617c3a
17	x:|x:xx|a|xb|	15 787c3a7c7c787c3a78787c7c617c7c
14	b:xx|b|aaa||bab:|x|bx:a|a|	13 627c3a78787c7c627c7c616161
30	x:a|||x|:|a|||ba:|:::xxbb|:x	28 787c3a617c7c7c7c7c7c787c7c7c3a7c7c617c7c7c7c7c7c62617c3a
40	bx:x:aa|a::baxbabx	23 62787c3a787c3a61617c7c617c3a7c3a62617862616278
29	a:ba:a|::ba::|a|ax|	27 617c3a62617c3a617c7c7c3a7c3a62617c3a7c3a7c7c617c7c6178
16	a|:x:|:x	13 617c7c7c3a787c3a7c7c7c3a78
32	xx:a|ax:a|xa:x:x	22 78787c3a617c7c61787c3a617c7c78617c3a787c3a78
33	|b:xxbb|abx:|bbb||aaa|xb	32 7c7c627c3a787862627c7c6162787c3a7c7c6262627c7c7c7c6161617c7c7862
29	|:xba:ba:	13 7c7c7c3a7862617c3a62617c3a
38	:b|aab|::babx	18 7c3a627c7c6161627c7c7c3a7c3a62616278
23	x::|bbaxxbx:|aa|x:|aa|	22 787c3a7c3a7c7c626261787862787c3a7c7c61617c7c
17	abaa	4 61626161
14	xxax||axxbb|aaxxb||||:ba|	13 787861787c7c7c7c6178786262
37	::|bax:b|xx:xabbab:abxa	30 7c3a7c3a7c7c6261787c3a627c7c78787c3a7861626261627c3a61627861
28	a:x:xb:abb||:xabx|:a|	27 617c3a787c3a78627c3a6162627c7c7c7c7c3a786162787c7c7c3a
32	|bxaxxaa:||xba|baxbbb:x|ab:x	31 7c7c627861787861617c3a7c7c7c7c7862617c7c6261786262627c3a787c7c
19	:b|a||	10 7c3a627c7c617c7c7c7c
13	b:x||xaa|axabb	11 627c3a787c7c7c7c786161
28	:b|:a	8 7c3a627c7c7c3a61
31	xa|xx:bb||ab||:|b:x	28 78617c7c78787c3a62627c7c7c7c61627c7c7c7c7c3a7c7c627c3a78
11	:xa:||:|axabxxbbxx:axab||:	10 7c3a78617c3a7c7c7c7c
30	:|::|b	11 7c3a7c7c7c3a7c3a7c7c62
39	:xbxx|x:a|xx	16 7c3a786278787c7c787c3a617c7c7878
18	x:b|bxa|:|a:bxb||xx||||	16 787c3a627c7c6278617c7c7c3a7c7c61
16	x:b:b:::bx:	15 787c3a627c3a627c3a7c3a7c3a6278
27	a||x||aa:xb|xb|xba|xbbxx|:a|	25 617c7c7c7c787c7c7c7c61617c3a78627c7c78627c7c786261
33	:|:|xab|aa	15 7c3a7c7c7c3a7c7c7861627c7c6161
23	ab|bxxab|bxax|xa:|axa|bbb|:	21 61627c7c62787861627c7c627861787c7c78617c3a
31	bx:axb::|xx:b|:|:||b|abbx	30 62787c3a6178627c3a7c3a7c7c78787c3a627c7c7c3a7c7c7c3a7c7c7c7c
36	xa|xbx:ab:abax|b:x:ba	27 78617c7c7862787c3a61627c3a616261787c7c627c3a787c3a6261
16	aa:a|b:a:a|:|	14 61617c3a617c7c627c3a617c3a61
28	|x:ab:a|:	14 7c7c787c3a61627c3a617c7c7c3a
13	xb|ab|a:::bbaaxa|	11 78627c7c61627c7c617c3a
5	:abxbx::|::ba|b	4 7c3a6162
33	:bxx|xxa:::b::x|:bbbb	30 7c3a6278787c7c7878617c3a7c3a7c3a627c3a7c3a787c7c7c3a62626262
13	|:x|b|||axx|baa	12 7c7c7c3a787c7c627c7c7c7c
35	xab:bxa|b|	13 7861627c3a6278617c7c627c7c
11	b|b:|bbax:x|b:b::a:aa:|a|xaa	10 627c7c627c3a7c7c6262
12	x|||b:xbbxxa:bb	10 787c7c7c7c7c7c627c3a
5	babxbx::aaab	4 62616278
31	x:a|xx||:|a:bx|a|a|b:ba|a	29 787c3a617c7c78787c7c7c7c7c3a7c7c617c3a62787c7c617c7c617c7c
38	|	2 7c7c
8	|x||x:a||:x::|x|bb|aba::	7 7c7c787c7c7c7c
23	:bb||b	9 7c3a62627c7c7c7c62
26	|a:a:xababx	14 7c7c617c3a617c3a786162616278
39	||x	5 7c7c7c7c78
28	|::|x::b|	16 7c7c7c3a7c3a7c7c787c3a7c3a627c7c
22	ba	2 6261
23	bb:|xb|ba:||bbb|b||b|x|:x:|xb	21 62627c3a7c7c78627c7c62617c3a7c7c7c7c626262
19	a:::axxx|b|bbabbb:xx	18 617c3a7c3a7c3a617878787c7c627c7c6262
25	|bxax	6 7c7c62786178
4	ba|:xaxx	2 6261
37	|a|a||xxa:|b|axbxbb:|x	31 7c7c617c7c617c7c7c7c7878617c3a7c7c627c7c6178627862627c3a7c7c78
17	|	2 7c7c
7	xx:|bxxa|axb	6 78787c3a7c7c
13	|xab:x|b:bxbx:a||:a	11 7c7c7861627c3a787c7c62
4	xa:|:	2 7861
29	xaxa|bab:aaaa:x:|a::b	27 786178617c7c6261627c3a616161617c3a787c3a7c7c617c3a7c3a
23	xa:xbx:||aax:|b:xbaa	21 78617c3a7862787c3a7c7c7c7c6161787c3a7c7c62
30	x|:bxxbxa:abb:a|x:bxax	28 787c7c7c3a6278786278617c3a6162627c3a617c7c787c3a62786178
8	xbx||:|baaa:ax||:xxb:abab::a:	7 7862787c7c7c7c
23	x|b	4 787c7c62
35	|b|ba:xx:|	15 7c7c627c7c62617c3a78787c3a7c7c
33	b|aa|bxbb:a	14 627c7c61617c7c627862627c3a61
36	:axa|:b:|a:	17 7c3a6178617c7c7c3a627c3a7c7c617c3a
34	ba:|:|a|abbxx|x:b:xax|xaxxbxb	33 62617c3a7c7c7c3a7c7c617c7c61626278787c7c787c3a627c3a7861787c7c7861
8	:|x|bbx|::aaax|ababxa|	7 7c3a7c7c787c7c
5	x||:x:a::|	3 787c7c
39	b::b|bx||::b|xx|ax|xaxa|ax	37 627c3a7c3a627c7c62787c7c7c7c7c3a7c3a627c7c78787c7c61787c7c786178617c7c6178
4	xbbbxbaxx||||:x:	3 786262
31	:x|b|x:xaabxa|ba::xa||x:a|	29 7c3a787c7c627c7c787c3a7861616278617c7c62617c3a7c3a78617c7c
31	:	2 7c3a
20	:x:|x:x	11 7c3a787c3a7c7c787c3a78
7	:xbb|aaxabb:x|aaa|:b:bxxax	5 7c3a786262
33	bbb::b|ba:|x	17 6262627c3a7c3a627c7c62617c3a7c7c78
3	:||axba:axaxbb	2 7c3a
9	|:a::|::||a|abbaa:aa	7 7c7c7c3a617c3a
19	:|a::ab:a|a:::|:|b|xa|:b|:	17 7c3a7c7c617c3a7c3a61627c3a617c7c61
30	baa|bx:bxb|xaa||a:|bxaaa|	29 6261617c7c62787c3a6278627c7c7861617c7c7c7c617c3a7c7c627861
19		0 
12	x|xx|baxaaba||bax	11 787c7c78787c7c62617861
21	a|b||x:b||x:xb:bb	19 617c7c627c7c7c7c787c3a627c7c7c7c787c3a
13	:x|bb|:	11 7c3a787c7c62627c7c7c3a
4	a:xaaaba	3 617c3a
30	:a:a:	8 7c3a617c3a617c3a
10	b:|||x||abax	9 627c3a7c7c7c7c7c7c
3	||bxxaa|:xb:|:ba|b|a|	2 7c7c
34	|b|:aaax|bbbbxx|x	22 7c7c627c7c7c3a616161787c7c6262626278787c7c78
26	xbxax	5 7862786178
9	x|a||b:bx	8 787c7c617c7c7c7c
28	x|bab:a:xx:|:axx::||bxx:a	26 787c7c6261627c3a617c3a78787c3a7c7c7c3a6178787c3a7c3a
29	bb|:x:	9 62627c7c7c3a787c3a
32	|x|b|:|x:x	16 7c7c787c7c627c7c7c3a7c7c787c3a78
23	|ab:aaxbb||::||b|b|:ab|b:b	21 7c7c61627c3a61617862627c7c7c7c7c3a7c3a7c7c
28	ab:|||	10 61627c3a7c7c7c7c7c7c
20	xbaxxaaa|:|x||xa:	19 78626178786161617c7c7c3a7c7c787c7c7c7c
6	bbb|:|xa:bx:	5 6262627c7c
35	|xab	5 7c7c786162
11	:ab|b:bbb:|aa||ax|:xa:bx	9 7c3a61627c7c627c3a
24	bab:bab	8 6261627c3a626162
13	xxb	3 787862
18	|aax::x	10 7c7c6161787c3a7c3a78
19	|x|xbb|	10 7c7c787c7c7862627c7c
7	ba|xx	6 62617c7c7878
12	:baaa::xa:x	10 7c3a626161617c3a7c3a
15	bxx	3 627878
38	a:	3 617c3a
33	ab:ax:abxbxx|||a	21 61627c3a61787c3a6162786278787c7c7c7c7c7c61
15	:ax|abaaxb:|	14 7c3a61787c7c6162616178627c3a
15		0 
30	baxxx:abaa|	13 62617878787c3a616261617c7c
34	:|b:	7 7c3a7c7c627c3a
17	xax:a||b||:a:abbax:	15 7861787c3a617c7c7c7c627c7c7c7c
9	|::|	8 7c7c7c3a7c3a7c7c
39	bxb:ba:	9 6278627c3a62617c3a
16	xbx:|ba:x::|b:axaxb|x|	14 7862787c3a7c7c62617c3a787c3a
12	xbaaxbx:x|b:aabxx:x::x|:||	10 786261617862787c3a78
12	xabaaax	7 78616261616178
39	::||	8 7c3a7c3a7c7c7c7c
3	b:xaa:bbx|bx|xxaxbxb:b|	1 62
24	::a:|axbab|:b:|x:b	23 7c3a7c3a617c3a7c7c61786261627c7c7c3a627c3a7c7c
3	:b:|a||abb:bb|axbx:b:ba:x	2 7c3a
4		0 
14	aab|b:a|aaabxbxxx:|	13 6161627c7c627c3a617c7c6161
39	x||:bxbaa|ba:baa|baa	26 787c7c7c7c7c3a62786261617c7c62617c3a6261617c7c626161
12	:|||xab::ab:x||	11 7c3a7c7c7c7c7c7c786162
11	:aa|ab	8 7c3a61617c7c6162
10	xx|xbab|xx:bxx|a|:	8 78787c7c78626162
32	a::	5 617c3a7c3a
39	:bx:xa:b:ax||a	20 7c3a62787c3a78617c3a627c3a61787c7c7c7c61
27	|x:a|bx|a:b	16 7c7c787c3a617c7c62787c7c617c3a62
28	|ax:::x|:axab|xxa|	26 7c7c61787c3a7c3a7c3a787c7c7c3a617861627c7c7878617c7c
27	xxaxabx:|:|b|:::x:|ba	25 787861786162787c3a7c7c7c3a7c7c627c7c7c3a7c3a7c3a78
18	xa:bba|b:xbxx:||ax|a:	16 78617c3a6262617c7c627c3a78627878
40	b	1 62
20	x:bb|:x|||abxx:bbx	19 787c3a62627c7c7c3a787c7c7c7c7c7c616278
12	b	1 62
15	xxxabxaa:x	11 78787861627861617c3a78
24	b::b|x|:xa|x|:bbb	22 627c3a7c3a627c7c787c7c7c3a78617c7c787c7c7c3a
31	b:	3 627c3a
8	|aa:bb|a:b|a	6 7c7c61617c3a
17	b:aab:|x:	13 627c3a6161627c3a7c7c787c3a
7	aaba|x|x:xbxab	6 616162617c7c
39	:::x	7 7c3a7c3a7c3a78
32	x|::a	8 787c7c7c3a7c3a61
26	x|:b|bxbx:	14 787c7c7c3a627c7c627862787c3a
29	:aaxbaa:x:xb|||xb	23 7c3a6161786261617c3a787c3a78627c7c7c7c7c7c7862
3	a|:abbaba:x|::||x:bx:|a:::|	1 61
22	ab|b:x||bxb|axaaxa:xb|bxb|xb|:	21 61627c7c627c3a787c7c7c7c6278627c7c61786161
17	:b|xba:	10 7c3a627c7c7862617c3a
18	b|xb:||a|:xxba::|a::xx:x||	16 627c7c78627c3a7c7c7c7c617c7c7c3a
11	a	1 61
34	aaba|:b|aaabx:|b:bx:a:b||xx|bb	33 616162617c7c7c3a627c7c61616162787c3a7c7c627c3a62787c3a617c3a627c7c
20	xxaxxbbxa	9 787861787862627861
10	:|x|ax:xb:a|	9 7c3a7c7c787c7c6178
3	baaxax:a|aax:bba:x:|	2 6261
26	a:a	4 617c3a61
7	xbxaax:|a|:xa:a:x||	6 786278616178
8	ax|x|xx|axxxa	7 61787c7c787c7c
7	xbx|||:bx|xx	5 7862787c7c
9	x|axbxab|x:ax:bxbx:|b	8 787c7c6178627861
40	x|abx::	10 787c7c6162787c3a7c3a
23	xa|bbbba:abbax	16 78617c7c62626262617c3a6162626178
24	:ababb|:xb:xx:x|:bb|	22 7c3a61626162627c7c7c3a78627c3a78787c3a787c7c
17		0 
20		0 
23	:aaaaabbxa||x:	18 7c3a6161616161626278617c7c7c7c787c3a
24	xa::|ax|aaa:xbbbaa::aa:b|abax:	23 78617c3a7c3a7c7c61787c7c6161617c3a786262626161
12	bx:b|a::||b	10 62787c3a627c7c617c3a
4	::|:a:x||baxa	2 7c3a
37	:	2 7c3a
12	:x|:x	8 7c3a787c7c7c3a78
14	aaax:ba:xb::|x:b:aa	12 616161787c3a62617c3a7862
38	xx||x::xb|b:::xa|xba	29 78787c7c7c7c787c3a7c3a78627c7c627c3a7c3a7c3a78617c7c786261
34	x:a||x|:::x::||b|bb::baxba:xab	33 787c3a617c7c7c7c787c7c7c3a7c3a7c3a787c3a7c3a7c7c7c7c627c7c62627c3a
7	:x||xa:bx::b:a:|	5 7c3a787c7c
7	b:aabb|xb:a|:x|x:bxbbaabx|xxx:	6 627c3a616162
14	baa||a:b|bx|bax||aa:	13 6261617c7c7c7c617c3a627c7c
33	bx|axx|a:x|xb||:xaaax:a:bb|bb	31 62787c7c6178787c7c617c3a787c7c78627c7c7c7c7c3a78616161787c3a61
37	|xbbbb||x|x||ax|bb|:	29 7c7c78626262627c7c7c7c787c7c787c7c7c7c61787c7c62627c7c7c3a
20	a|	3 617c7c
24	xaa|baaxa|xxb:b	18 7861617c7c62616178617c7c7878627c3a62
20	:b	3 7c3a62
30	aaaxabaaxbx:xa:b::aa|a	27 61616178616261617862787c3a78617c3a627c3a7c3a61617c7c61
10		0 
6	aa:|a::bab|	4 61617c3a
3	x	1 78
9	|xx||ab||bb|	8 7c7c78787c7c7c7c
31	x:xbaxb:b	11 787c3a78626178627c3a62
39	:|xxaab|	11 7c3a7c7c78786161627c7c
38	b	1 62
27	b:x:bbaaaax|bxxbx|x|x::	25 627c3a787c3a626261616161787c7c62787862787c7c787c7c
25	a||:xx:abb|a|bxabxb|b	24 617c7c7c7c7c3a78787c3a6162627c7c617c7c6278616278
27	a||:a|x|b|b|b:aaxa	26 617c7c7c7c7c3a617c7c787c7c627c7c627c7c627c3a61617861
36	bbbb:bax||x|a:b|axbxx	27 626262627c3a6261787c7c7c7c787c7c617c3a627c7c6178627878
31	:	2 7c3a
23	bb|:x::b|:baxbxx:x:xb:ab|x	22 62627c7c7c3a787c3a7c3a627c7c7c3a626178627878
27	xxxxb::x|x|	15 78787878627c3a7c3a787c7c787c7c
32	:	2 7c3a
12	xa:a|	7 78617c3a617c7c
23	:|ab	6 7c3a7c7c6162
32	x|:x:xxx|bab:|axa|x||:::|ba	30 787c7c7c3a787c3a7878787c7c6261627c3a7c7c6178617c7c787c7c7c7c
26	xax||bxabxab	14 7861787c7c7c7c62786162786162
20	a||::a:bb:a:xb||b||	19 617c7c7c7c7c3a7c3a617c3a62627c3a617c3a
13	b|:a:xx||xaa:b:|xxx|xbabaaa	12 627c7c7c3a617c3a78787c7c
20	abbxaa||axbab	15 6162627861617c7c7c7c6178626162
11	b|a	4 627c7c61
23	xbba|bx	8 786262617c7c6278
21	x:|	5 787c3a7c7c
14	xb:bbxba|x|a:aa|abx::xx:b:|b:a	12 78627c3a62627862617c7c78
15	:a|ax:b:::	14 7c3a617c7c61787c3a627c3a7c3a
30	|bx||aaaxx:b|a:x:|:||b:	28 7c7c62787c7c7c7c61616178787c3a627c7c617c3a787c3a7c7c7c3a
24	x|||bbax|b::b|:	23 787c7c7c7c7c7c626261787c7c627c3a7c3a627c7c7c3a
29	|aa|bbxxx|x	14 7c7c61617c7c62627878787c7c78
34	xab|b	6 7861627c7c62
19	|x|abx|:aax:|bbabx::x:b|b|a	17 7c7c787c7c6162787c7c7c3a6161787c3a
39	xxab|ab::a	13 787861627c7c61627c3a7c3a61
39	xabxb||x:|baa:|b	22 78616278627c7c7c7c787c3a7c7c6261617c3a7c7c62
20	|b:|:bb:b::ax||ax|:aba	18 7c7c627c3a7c7c7c3a62627c3a627c3a7c3a
16	aba:a||aa	12 6162617c3a617c7c7c7c6161
40	xbx:b:bbx:|bb|xxx|xx||:a	33 7862787c3a627c3a6262787c3a7c7c62627c7c7878787c7c78787c7c7c7c7c3a61
19	b:|:xabba|a|xb|a:baa|xbbbbxx	17 627c3a7c7c7c3a78616262617c7c617c7c
25	b||:xaa||bab||ab:xbaaa	23 627c7c7c7c7c3a7861617c7c7c7c6261627c7c7c7c6162
22	::|aa|abbb:|::a:b||abaab|	20 7c3a7c3a7c7c61617c7c616262627c3a7c7c7c3a
26	aa||xbba|:ax||b	21 61617c7c7c7c786262617c7c7c3a61787c7c7c7c62
11	aaab|bxx::bx:a	9 616161627c7c627878
25	x:xxa|a::b||:b:bb:||:xx	23 787c3a7878617c7c617c3a7c3a627c7c7c7c7c3a627c3a
37	|bx:|a:||b:x	19 7c7c62787c3a7c7c617c3a7c7c7c7c627c3a78
20	bb|a:	7 62627c7c617c3a
9	|:aax||ax|bba:|:xxxa:	7 7c7c7c3a616178
18	:|ba|xbaxb|	15 7c3a7c7c62617c7c78626178627c7c
10	a:	3 617c3a
36		0 
7	xbaaa|xa:a:bbb|:a:aab:|a::aa	5 7862616161
8	|b:bxb::xba:x|x	7 7c7c627c3a6278
38	::a||ax:x|||axxax:xb	29 7c3a7c3a617c7c7c7c61787c3a787c7c7c7c7c7c61787861787c3a7862
30	|b:b|b:bab:||axaa:|b	28 7c7c627c3a627c7c627c3a6261627c3a7c7c7c7c617861617c3a7c7c
11	axbbbba|:	9 617862626262617c7c
16	|:axxxxxxa:	14 7c7c7c3a61787878787878617c3a
33	:x	3 7c3a78
21	xa::a|:|a|bxxxb:a||xbxb:	20 78617c3a7c3a617c7c7c3a7c7c617c7c62787878
36	a||:|aa	11 617c7c7c7c7c3a7c7c6161
31	ab:axbbb|a:xaax|x:a:xba|:::	29 61627c3a61786262627c7c617c3a786161787c7c787c3a617c3a786261
26	b	1 62
27	bbb|:||b|abxa:baxaxaxb:b:	26 6262627c7c7c3a7c7c7c7c627c7c616278617c3a626178617861
13	bba:|ax:x	11 6262617c3a7c7c61787c3a
18	|x:|x|:::ba|babaa	16 7c7c787c3a7c7c787c7c7c3a7c3a7c3a
3	x:xa|::a::b|xxba:b:|b|:x	1 78
3	|x:xb|x::|	2 7c7c
8	xba:bx|a|a|bb:::b|a|a|b	7 7862617c3a6278
25	xxaxa:a|x:xx:b::::ax|xx|b:xax	24 78786178617c3a617c7c787c3a78787c3a627c3a7c3a7c3a
18	ax:a:axa	10 61787c3a617c3a617861
9	b|	3 627c7c
36		0 
16	|bbbxabaaxaxbaaabxxabxxx::	15 7c7c62626278616261617861786261
13	b|x	4 627c7c78
40	ax::|:|:x|x::|ab|	28 61787c3a7c3a7c7c7c3a7c7c7c3a787c7c787c3a7c3a7c7c61627c7c
20	x|bx:babx	11 787c7c62787c3a62616278
39	|::bxbabbxxb|	17 7c7c7c3a7c3a6278626162627878627c7c
28	ax:xx::aab|xaa	18 61787c3a78787c3a7c3a6161627c7c786161
11	bba|bxbbax	10 6262617c7c6278626261
12	a|babaa|x|xb|:axbx:xaa:b||:xb	10 617c7c62616261617c7c
27	bb::b||:|a|:b:|ax|ba|||x:x	25 62627c3a7c3a627c7c7c7c7c3a7c7c617c7c7c3a627c3a7c7c
27	b:	3 627c3a
40	:x:b|:abx::ax::ax::xx:baa	36 7c3a787c3a627c7c7c3a6162787c3a7c3a61787c3a7c3a61787c3a7c3a78787c3a626161
24	|axaaa|abx|xaxx	18 7c7c61786161617c7c6162787c7c78617878
35	aa:bbxbxbabxxxbxxx	19 61617c3a626278627862616278787862787878
20	:axxbx:abaab:a	17 7c3a61787862787c3a61626161627c3a61
20	::xaxx:	10 7c3a7c3a786178787c3a
38	:|b|	7 7c3a7c7c627c7c
17	b	1 62
22	xbbbaa:xaa|aaxabba	20 7862626261617c3a7861617c7c61617861626261
21	b|bxax:|babab|x|aa:babxb|	19 627c7c627861787c3a7c7c62616261627c7c78
39	a|b|:|x:||x||xbb::|:|	35 617c7c627c7c7c3a7c7c787c3a7c7c7c7c787c7c7c7c7862627c3a7c3a7c7c7c3a7c7c
35		0 
5	b:|b|bx::xxxxb:|xbbx|ba:bbxx	3 627c3a
37	b:|a||ababab::aabb|::	30 627c3a7c7c617c7c7c7c6162616261627c3a7c3a616162627c7c7c3a7c3a
5	ax:|a|ab:b::	4 61787c3a
38	b	1 62
6	:a:x:|:	5 7c3a617c3a
9	|:|x|xx:bbb	7 7c7c7c3a7c7c78
40	ax|:abb:::x||xb:||bbaxab|bax	39 61787c7c7c3a6162627c3a7c3a7c3a787c7c7c7c78627c3a7c7c7c7c6262617861627c7c626178
12	xb	2 7862
26	ba:bxa||:xb:	17 62617c3a6278617c7c7c7c7c3a78627c3a
18		0 
11	bxb:|:b:b|:b|:|b:	9 6278627c3a7c7c7c3a
8	|a:axabba::bbxa:|a|a	7 7c7c617c3a6178
7	a|a|x|::x|	6 617c7c617c7c
35	|:axb|ab|axx:||xbx|xabxb|axb:	34 7c7c7c3a6178627c7c61627c7c6178787c3a7c7c7c7c7862787c7c78616278627c7c
25	|axaaxxxb|a:abxxxxaxb::bxb:::	24 7c7c61786161787878627c7c617c3a616278787878617862
14	:aa|bx:xaaxa::|bx::b|a||ax|a|b	13 7c3a61617c7c62787c3a786161
39	xb:ab||ab:axb|x:ax|a	27 78627c3a61627c7c7c7c61627c3a6178627c7c787c3a61787c7c61
18	:|ab|xx:xbba	16 7c3a7c7c61627c7c78787c3a78626261
14	:|a|x|xbx|xabbxxb	13 7c3a7c7c617c7c787c7c786278
40	x||b:|axbxab|a	19 787c7c7c7c627c3a7c7c6178627861627c7c61
35	:axaxb	7 7c3a6178617862
8	bbx|a|b	6 6262787c7c61
5	::xaa::|a:ab|:aax|xbabbb|a	4 7c3a7c3a
40		0 
25	ab:xb:x|b:bxx|	19 61627c3a78627c3a787c7c627c3a6278787c7c
36	a|x::ab	10 617c7c787c3a7c3a6162
3		0 
28	xaxx|bx:b:b:a:a:|b:b|bb|b	27 786178787c7c62787c3a627c3a627c3a617c3a617c3a7c7c627c3a
39	aba	3 616261
14	|::xbx::ab	13 7c7c7c3a7c3a7862787c3a7c3a
24	xa:xb:xab|aa|xbx|::ab|xx:|:b	22 78617c3a78627c3a7861627c7c61617c7c7862787c7c
27	b:ba|||xxb	14 627c3a62617c7c7c7c7c7c787862
24	:x:aaa::a||b|	20 7c3a787c3a6161617c3a7c3a617c7c7c7c627c7c
15	::aba:b|xabb:	14 7c3a7c3a6162617c3a627c7c7861
11		0 
34	xx|axb|b||axbbbb|:a:::	31 78787c7c6178627c7c627c7c7c7c6178626262627c7c7c3a617c3a7c3a7c3a
28	|aaa:abbbb:x:bx::ba|aaxa|:b	27 7c7c6161617c3a61626262627c3a787c3a62787c3a7c3a62617c7c
14	|b|axbbaxaxbb::b	13 7c7c627c7c6178626261786178
11	bx	2 6278
15	|:xax|axb||a:x	14 7c7c7c3a7861787c7c6178627c7c
6	bb::	4 62627c3a
18	|::xbxb	10 7c7c7c3a7c3a78627862
10	:xxa|x||a:||:a|xa|a:aa:x	8 7c3a7878617c7c78
27		0 
11	bb	2 6262
20	x:x:|x:x:bxxxaab|bbxxb:x:	19 787c3a787c3a7c7c787c3a787c3a6278787861
5	ax|x:||ba:	4 61787c7c
22	xaaxa|b|a:a:b|x:b:ab:	20 78616178617c7c627c7c617c3a617c3a627c7c78
11	aaa|xa|:|||xx:b:xxb|a|||a|bx	9 6161617c7c78617c7c
29	x:	3 787c3a
7	|ax:x|:|:	6 7c7c61787c3a
15	xb	2 7862
19	|ab:xx:|::a|:	17 7c7c61627c3a78787c3a7c7c7c3a7c3a61
27	|b:ab	7 7c7c627c3a6162
12	|xbbbbx:xxx:xa::a||:xb|	10 7c7c7862626262787c3a
33	|xx|axa:xaabb|	18 7c7c78787c7c6178617c3a78616162627c7c
20	:xx	4 7c3a7878
27	||:bxbbx:xba	16 7c7c7c7c7c3a62786262787c3a786261
15	:a|ba|b|:|	14 7c3a617c7c62617c7c627c7c7c3a
39	:|x:|xbx::||b||||ab::b:|	38 7c3a7c7c787c3a7c7c7862787c3a7c3a7c7c7c7c627c7c7c7c7c7c7c7c61627c3a7c3a627c3a
26	|aaaa|:|bb:||xx||xx:	24 7c7c616161617c7c7c3a7c7c62627c3a7c7c7c7c78787c7c
8	|bb:abb	6 7c7c62627c3a
13	aab:bax:xx	12 6161627c3a6261787c3a7878
29	ab|a|x::axaxbxab:xx:a|xabb:b	27 61627c7c617c7c787c3a7c3a61786178627861627c3a78787c3a61
35	xb|bb|:a	11 78627c7c62627c7c7c3a61
12	b|aabaab||xxbbbaaabbbxa	11 627c7c6161626161627c7c
8	|x|x:axb::b|:	6 7c7c787c7c78
15	:ab:abx|bx::xb|xaaa:x:bb:ba	13 7c3a61627c3a6162787c7c6278
10	xxxa|	6 787878617c7c
18	a:a|aaa|:|xa|a|:|baaaa|x|:	17 617c3a617c7c6161617c7c7c3a7c7c7861
26	bx|xb|::x	13 62787c7c78627c7c7c3a7c3a78
37	||aab|aabxbx|x|||:	26 7c7c7c7c6161627c7c6161627862787c7c787c7c7c7c7c7c7c3a
15	b|aa|bb:xx:	13 627c7c61617c7c62627c3a7878
35	bba|:b|xb|baab	18 6262617c7c7c3a627c7c78627c7c62616162
17	||:b|axa|ab|:	16 7c7c7c7c7c3a627c7c6178617c7c6162
28	a	1 61
38	abx::|:xababab|a:xaxb::bb|	35 6162787c3a7c3a7c7c7c3a786162616261627c7c617c3a786178627c3a7c3a62627c7c
13	bbbbx|bxba|:::ba:::b|b|bb:x	11 62626262787c7c62786261
32	ab:bbab|a:	13 61627c3a626261627c7c617c3a
11	a:||x|abaaax||	10 617c3a7c7c7c7c787c7c
32	bxbxxbb::xb:b	16 627862787862627c3a7c3a78627c3a62
4	x	1 78
38	:xxbaa||ab	13 7c3a78786261617c7c7c7c6162
13	:xbbab|x:	12 7c3a78626261627c7c787c3a
14	:|b|aab|||aa:a:x|:ab::	12 7c3a7c7c627c7c6161627c7c
32	||||aaa|a|b:	19 7c7c7c7c7c7c7c7c6161617c7c617c7c627c3a
30	||b|	7 7c7c7c7c627c7c
18	x|a:b:xbx	12 787c7c617c3a627c3a786278
36	x:bba:xaa|bba:x	19 787c3a6262617c3a7861617c7c6262617c3a78
5	xax|:xbx:|a|b|xx	3 786178
23	:ab::xbxx:|x	17 7c3a61627c3a7c3a786278787c3a7c7c78
29	|	2 7c7c
14	ab:	4 61627c3a
26	x|::|bbxxxbbbbbax||a:axabx	25 787c7c7c3a7c3a7c7c6262787878626262626261787c7c7c7c
20	ba|xaaxb|x:bx|ab:x:a:b|x	18 62617c7c78616178627c7c787c3a62787c7c
9	aabaaxaa:::x	8 6161626161786161
37	a:x|bbabx|ab:xxa|:b||xb::a|	35 617c3a787c7c62626162787c7c61627c3a7878617c7c7c3a627c7c7c7c78627c3a7c3a
11	x:x|:bxbaa|	10 787c3a787c7c7c3a6278
17	:xxxxx:x|:::|||:	16 7c3a78787878787c3a787c7c7c3a7c3a
37	axbaxbab:|:||x|a	22 61786261786261627c3a7c7c7c3a7c7c7c7c787c7c61
9	baabb:::|x:aa:bb	7 62616162627c3a
31	x||xax|:	12 787c7c7c7c7861787c7c7c3a
9	|bx:bxbxbxbxa|a|a	8 7c7c62787c3a6278
38	xxabab|abx:|	15 7878616261627c7c6162787c3a7c7c
23	axa|bxa|bx|x|b|a::b:b	21 6178617c7c6278617c7c62787c7c787c7c627c7c61
36	a|x|bx:aa	12 617c7c787c7c62787c3a6161
21	:|x|b:ba||:xbxxababa|::x:|ax|:	20 7c3a7c7c787c7c627c3a62617c7c7c7c7c3a7862
6	|||xx:bbbabxba:|bx|:|aa	4 7c7c7c7c
9	xx|::a::|abaaba|ab	8 78787c7c7c3a7c3a
16	xbxx|:bb||:x:bxxb:xxbaa:x	14 786278787c7c7c3a62627c7c7c7c
23	x|:a|b:bxbx:a|:a|abx|:x:||bxa:	22 787c7c7c3a617c7c627c3a627862787c3a617c7c7c3a
34	aaab:x	7 616161627c3a78
16	|a|b::|	12 7c7c617c7c627c3a7c3a7c7c
28	:	2 7c3a
18	bbaba	5 6262616261
25	|bx|::	10 7c7c62787c7c7c3a7c3a
6	|||ax|:::b|xbx|ax|b|:bbaxax:x	4 7c7c7c7c
34	|:|xxx|aaabaa|a|:::x	29 7c7c7c3a7c7c7878787c7c6161616261617c7c617c7c7c3a7c3a7c3a78
6	xa|:xab:b|b:xb:bx:|xaba	4 78617c7c
11	|aax||x|:b|bbx:	9 7c7c6161787c7c7c7c
4	:axaaxa|:bax::axbaabbxxbb	2 7c3a
13	x|:||xa|aba:aa:x||aa|:aa:a	11 787c7c7c3a7c7c7c7c7861
26	:a:|:b|||xx:x|||bababba:b|	25 7c3a617c3a7c7c7c3a627c7c7c7c7c7c78787c3a787c7c7c7c
16	a:|||ab|a:x:	14 617c3a7c7c7c7c7c7c61627c7c61
11	b:a:a::bb:b|:x|:xxb::	9 627c3a617c3a617c3a
5	::x||aabbx|axxb:|:bb	4 7c3a7c3a
3	a|b|aa|:x|b||:a:b::aax|:aab	1 61
13	||a::bx:bxbx||:|abbb||a	11 7c7c7c7c617c3a7c3a6278
29	x:::::|:aab:x|b	24 787c3a7c3a7c3a7c3a7c3a7c7c7c3a6161627c3a787c7c62
4	aba::|x|aa|a:	3 616261
35	bxb:b|xx	10 6278627c3a627c7c7878
20	b|::x||xbaxa	17 627c7c7c3a7c3a787c7c7c7c7862617861
8	a|b:aabx|b|b::	6 617c7c627c3a
29	||ab|aabxabaaaa:aaaaa|bbx	27 7c7c7c7c61627c7c616162786162616161617c3a61616161617c7c
12	:xxb|xbb::xxxbb:a:	10 7c3a7878627c7c786262
27	axaax|:aa:	13 61786161787c7c7c3a61617c3a
5	|abax:xxabxaax|ab:b:x	4 7c7c6162
26	:ab|:xa	10 7c3a61627c7c7c3a7861
3	|bx|xbab||a:bab:x	2 7c7c
18	x	1 78
29	axabbx	6 617861626278
32	a:xxbaxb|:ab|a::b|xb|	29 617c3a7878626178627c7c7c3a61627c7c617c3a7c3a627c7c78627c7c
37	:xabxxa|::::baaaxxx:a	28 7c3a7861627878617c7c7c3a7c3a7c3a7c3a626161617878787c3a61
5	bbbb:ba|a:|a:aaaxb	4 62626262
29	:a|:a|:|:x||a:|baaax	28 7c3a617c7c7c3a617c7c7c3a7c7c7c3a787c7c7c7c617c3a7c7c6261
33	:x|:x|axaa|x|b|xaxbxa	28 7c3a787c7c7c3a787c7c617861617c7c787c7c627c7c786178627861
7	a||ba|ab|aabbbx	5 617c7c7c7c
40	|x|bxxa:aa|bxx:a:xbbabb|xb::	37 7c7c787c7c627878617c3a61617c7c6278787c3a617c3a7862626162627c7c78627c3a7c3a
29	|x|aa	7 7c7c787c7c6161
27	a	1 61
5	aaxb:xa:a|||b	4 61617862
13	:xx||||ba	12 7c3a78787c7c7c7c7c7c7c7c
35	bbab|bxab	10 626261627c7c62786162
25	||a|xx:ababbbxxx||	24 7c7c7c7c617c7c78787c3a6162616262627878787c7c7c7c
3	:|abbb:b::bx|xa||xxbxx:aaa|:x	2 7c3a
5	aa:bb:a||b:|x|xabx|bx:b|xxx|a:	4 61617c3a
29	|:xb|a|aa|xba:x||a:b:	28 7c7c7c3a78627c7c617c7c61617c7c7862617c3a787c7c7c7c617c3a
29	bx|:ab::|b|bxa||baa:::xaxb	27 62787c7c7c3a61627c3a7c3a7c7c627c7c6278617c7c7c7c626161
11	:aa|x:aaxa:a:|	9 7c3a61617c7c787c3a
21	b|ab:b|b:	13 627c7c61627c3a627c7c627c3a
10		0 
8	bxaa|xba:xx|:a|:ax::b	6 627861617c7c
17	aa	2 6161
28	|x|baa|:xxaa||xbx:xbab	27 7c7c787c7c6261617c7c7c3a787861617c7c7c7c7862787c3a7862
32	|b|b|bxb|a:baxaaxa:	25 7c7c627c7c627c7c6278627c7c617c3a626178616178617c3a
40	x:|b|bbabb|b|axx:ab	25 787c3a7c7c627c7c62626162627c7c627c7c6178787c3a6162
40	x||	5 787c7c7c7c
11	|bab||x:	9 7c7c6261627c7c7c7c
9	:bbb||x|::bax|:x:bxxbxaxax|b:|	7 7c3a6262627c7c
39	x:|b::a|:x|xa|	22 787c3a7c7c627c3a7c3a617c7c7c3a787c7c78617c7c
7	|abxxx:|a|||aabxx:a::|xxa:	6 7c7c61627878
40	|bx:b|x:b:babab|aa	24 7c7c62787c3a627c7c787c3a627c3a62616261627c7c6161
25	|bx|x::xaxb	15 7c7c62787c7c787c3a7c3a78617862
15	xb:a|bbx:ab	14 78627c3a617c7c6262787c3a6162
5	|	2 7c7c
13	::xb|b|ab	11 7c3a7c3a78627c7c627c7c
15	|bb|::a:xb|bxbb:a	13 7c7c62627c7c7c3a7c3a617c3a
20	bxaxbx|:b|b:|b|:bx	18 6278617862787c7c7c3a627c7c627c3a7c7c
7	::a|bx:x|ax|aaxxxxx:::|ax|b	5 7c3a7c3a61
26	x:a	4 787c3a61
30	|b:	5 7c7c627c3a
4	xxbaa:xx:x|abaxbbbx:	3 787862
13	:a::aa:||xx|aaxxx:b:	11 7c3a617c3a7c3a61617c3a
15	x:ax|a:ax|a|xb|:bbaba:b:bb|x	14 787c3a61787c7c617c3a61787c7c
27		0 
30	bb|xx:::a:x:|bbxb|||axx|x:	28 62627c7c78787c3a7c3a7c3a617c3a787c3a7c7c626278627c7c7c7c
27	ab||xa:abax|xxab|b:	25 61627c7c7c7c78617c3a616261787c7c787861627c7c627c3a
30	ab:xaba	8 61627c3a78616261
22	a::xxaaa|b||x:x||xxa:::|x:x:a|	20 617c3a7c3a78786161617c7c627c7c7c7c787c3a
6	:a|b:a:x:xa:ba:abaabb|xaax:x	5 7c3a617c7c
10	b	1 62
21	a:x:	6 617c3a787c3a
25	xxaabb:aaxx|ba:bbba:b|bx:xaxaa	24 7878616162627c3a616178787c7c62617c3a626262617c3a
11	bbxbb|:bxaba|	9 62627862627c7c7c3a
30	x:xaabx|:bax||a:|:xx:b:xba|	28 787c3a78616162787c7c7c3a6261787c7c7c7c617c3a7c7c7c3a7878
35	aab:xbb|x:xb:b:x|:bxx:::b:x|b	34 6161627c3a7862627c7c787c3a78627c3a627c3a787c7c7c3a6278787c3a7c3a7c3a
31	:bb|aabbb:|bxa:|	22 7c3a62627c7c61616262627c3a7c7c6278617c3a7c7c
10	xba::abb|::x|:|ax|xb|x|a:|b	9 7862617c3a7c3a6162
14	|xxxx:x:b|:|a	12 7c7c787878787c3a787c3a62
36	::|a::a	12 7c3a7c3a7c7c617c3a7c3a61
30	aa::|:b	11 61617c3a7c3a7c7c7c3a62
25	axb|a:||x|bba|bxa:a	23 6178627c7c617c3a7c7c7c7c787c7c6262617c7c627861
39	axa|||babxba::|	21 6178617c7c7c7c7c7c6261627862617c3a7c3a7c7c
39	bxb:|a:|xb:a|:::bxb:||b|b	37 6278627c3a7c7c617c3a7c7c78627c3a617c7c7c3a7c3a7c3a6278627c3a7c7c7c7c627c7c
23	bx|ba:x|a	12 62787c7c62617c3a787c7c61
9		0 
17	:|ax	6 7c3a7c7c6178
6	:xxb|x:a:|axxxba:bx:x:	5 7c3a787862
8	a:b:axb|a:x:|a:bbx:|a:|:ba	6 617c3a627c3a
22	|	2 7c7c
23	x|x:xbx:	11 787c7c787c3a7862787c3a
4		0 
26	|a	3 7c7c61
8	xab|a|aba:bx:||a|a::xxx::|	6 7861627c7c61
18	bxbb:|x|a:|bb:	16 627862627c3a7c7c787c7c617c3a7c7c
28	bxb|:ba:|:b:|:bxxa:::	26 6278627c7c7c3a62617c3a7c7c7c3a627c3a7c7c7c3a62787861
22	|a||||::abx::|bb|	20 7c7c617c7c7c7c7c7c7c7c7c3a7c3a6162787c3a
23	xa	2 7861
14	::bb||ab:bxb:bxa|axb	12 7c3a7c3a62627c7c7c7c6162
18	axb||x|bx:baaxb	17 6178627c7c7c7c787c7c62787c3a626161
30	||::xaxxxa|:	18 7c7c7c7c7c3a7c3a7861787878617c7c7c3a
32	ax	2 6178
19	:xa||:x|||b||xa:	17 7c3a78617c7c7c7c7c3a787c7c7c7c7c7c
28	xx|b:axa::bbx||aax:xx||:x	26 78787c7c627c3a6178617c3a7c3a6262787c7c7c7c6161787c3a
37		0 
33	::||b:aax|baaa|xa	24 7c3a7c3a7c7c7c7c627c3a6161787c7c626161617c7c7861
10	:ax	4 7c3a6178
19	:|:|xx::abx||abb	17 7c3a7c7c7c3a7c7c78787c3a7c3a616278
24		0 
18	|:|||	10 7c7c7c3a7c7c7c7c7c7c
25	bba|:bx:	11 6262617c7c7c3a62787c3a
27	b|b|a|a|aabb:|x|b	24 627c7c627c7c617c7c617c7c616162627c3a7c7c787c7c62
29	||x|abb:x:|xb:b:a	25 7c7c7c7c787c7c6162627c3a787c3a7c7c78627c3a627c3a61
29	|xb|a||:a||x:abxbbxaxb|bxbx:b	28 7c7c78627c7c617c7c7c7c7c3a617c7c7c7c787c3a61627862627861
18	ax||:|axbx:|xbx:ab:||bxbb	16 61787c7c7c7c7c3a7c7c617862787c3a
3	|:a|x|:xabxx:bx	2 7c7c
17	:baxaaxx:|x:axab|b|b	16 7c3a626178616178787c3a7c7c787c3a
27	:xa|a:xb:b|:bx:bxab|xxaba|:::a	26 7c3a78617c7c617c3a78627c3a627c7c7c3a62787c3a62786162
11	axaaa|::::ab||abxx	9 61786161617c7c7c3a
14	xb|xax|axb::x	12 78627c7c7861787c7c617862
12	:|xa::bxaa|a||||a|:b	10 7c3a7c7c78617c3a7c3a
12	a|xaa:bbaxbxb|:b:::x||bxxx:a|a	11 617c7c7861617c3a626261
8	|xba|xx:b:xxax	7 7c7c7862617c7c
25	a:||ba|xxxx:x|b:b::bb|bb|:	23 617c3a7c7c7c7c62617c7c787878787c3a787c7c627c3a
39	bax||bbx|axb||	19 6261787c7c7c7c6262787c7c6178627c7c7c7c
29	|xbb::|a:||:x:x:b	27 7c7c7862627c3a7c3a7c7c617c3a7c7c7c7c7c3a787c3a787c3a62
14	||b|	7 7c7c7c7c627c7c
20	bbxxx|xb	9 62627878787c7c7862
25	b:x|:x|:bxb::x|ba:x||xbaaaxb	23 627c3a787c7c7c3a787c7c7c3a6278627c3a7c3a787c7c
10	b|aa	5 627c7c6161
11	x:x|xxb|:aa::	9 787c3a787c7c787862
16	:xb|:bx|a|x|a	15 7c3a78627c7c7c3a62787c7c617c7c
7	|a:|b|:||:a:x:xxab::|b	5 7c7c617c3a
30	:|::|:axbb:ax|:bxb::|b:x|bx	29 7c3a7c7c7c3a7c3a7c7c7c3a617862627c3a61787c7c7c3a6278627c3a
31	|xx:xxxb:a:||:x|x:xxxx:bb	30 7c7c78787c3a787878627c3a617c3a7c7c7c7c7c3a787c7c787c3a787878
23	xx|baa:ba:|b|ax	20 78787c7c6261617c3a62617c3a7c7c627c7c6178
21	|abb|babxxa|x|	18 7c7c6162627c7c6261627878617c7c787c7c
31	::|:xaa|b||::aa|b|::baa|:axx	29 7c3a7c3a7c7c7c3a7861617c7c627c7c7c7c7c3a7c3a61617c7c627c7c
9	bba:x:|aba|bx:::a:x:b	8 6262617c3a787c3a
8	:|:||a:aaabaa:	6 7c3a7c7c7c3a
35	:a:x:a:||xxxb:|b:|axxb:|a|:||b	34 7c3a617c3a787c3a617c3a7c7c7c7c787878627c3a7c7c627c3a7c7c617878627c3a
33	|:xxxa:	10 7c7c7c3a787878617c3a
17	a:|:b:|xxababa|aaaa	16 617c3a7c7c7c3a627c3a7c7c78786162
9	|b|bxaxx:||:x|	8 7c7c627c7c627861
40	x|:ab|bxa:|bx:	20 787c7c7c3a61627c7c6278617c3a7c7c62787c3a
8	xaxxxbbba::xa|a::||b|:	7 78617878786262
18	::x|:|:aaa:|||bb	16 7c3a7c3a787c7c7c3a7c7c7c3a616161
21		0 
27	|xaa|||x|aaax:::bxb:bxxba|abb	26 7c7c7861617c7c7c7c7c7c787c7c616161787c3a7c3a7c3a6278
14	:baa|:b|bbx||ab::b|a||b|:|||	12 7c3a6261617c7c7c3a627c7c
29	aa|ab|xxba:b:|b::ax:	28 61617c7c61627c7c787862617c3a627c3a7c7c627c3a7c3a61787c3a
16	ba|b|bxx|xx|:bab:xaa:xbbxaa	14 62617c7c627c7c6278787c7c7878
13	xb||b||x:a:::||bab|a|ba|a	11 78627c7c7c7c627c7c7c7c
37	aa|a|x::xa:b:xa::|x	28 61617c7c617c7c787c3a7c3a78617c3a627c3a78617c3a7c3a7c7c78
14	bxxba|xaa|aab||ba	12 62787862617c7c7861617c7c
10	xxb|::|	9 7878627c7c7c3a7c3a
29	ab:bb|a:	11 61627c3a62627c7c617c3a
7	:b	3 7c3a62
36	bb|:xa|a:x||bbax	22 62627c7c7c3a78617c7c617c3a787c7c7c7c62626178
39	bx:a:ab::x|xbxbb	21 62787c3a617c3a61627c3a7c3a787c7c7862786262
26	:	2 7c3a
16	baa|aa	7 6261617c7c6161
36	axa:x:babbx:x::|::b|	29 6178617c3a787c3a62616262787c3a787c3a7c3a7c7c7c3a7c3a627c7c
13	axaa:aa::aaxb	12 617861617c3a61617c3a7c3a
3	xbbxa||aa:x:b||xab:axx:	2 7862
25	x:b|xbbb:ba	14 787c3a627c7c786262627c3a6261
19	xb:|:a	9 78627c3a7c7c7c3a61
29	xb|ba:a|baa	14 78627c7c62617c3a617c7c626161
36	|||:a|xxbaxxb||x	23 7c7c7c7c7c7c7c3a617c7c787862617878627c7c7c7c78
11	:x|bb|xab::x|a|	9 7c3a787c7c62627c7c
20	bb::ax::|x|b	18 62627c3a7c3a61787c3a7c3a7c7c787c7c62
18	:|a:aaa:	12 7c3a7c7c617c3a6161617c3a
3	x:bbbbbbax:x|xxb	1 78
11	||xa:|bba	10 7c7c7c7c78617c3a7c7c
4	a:|:	3 617c3a
7	a|bx|ba:xa|bxa:aa	5 617c7c6278
23	abbb|a:bbxbxx||bbabx|	22 616262627c7c617c3a6262786278787c7c7c7c626261
32	b|xa||abbxxxaa|:x::ba|b	30 627c7c78617c7c7c7c61626278787861617c7c7c3a787c3a7c3a62617c7c
10	aax||axa:|xa:bxxxaaabxaxa	9 6161787c7c7c7c6178
16	ax||ba:bbxabaax	15 61787c7c7c7c62617c3a6262786162
24	|:::xa|xab	15 7c7c7c3a7c3a7c3a78617c7c786162
10	x|::|:::|bb:x:	9 787c7c7c3a7c3a7c7c
29	abxbba|||b|:::bxxx::|	27 6162786262617c7c7c7c7c7c627c7c7c3a7c3a7c3a627878787c3a
5	a|bx|:::xxx:xxx|ax:a|:bx	3 617c7c
37	a:b|:::abx:axbbbx	23 617c3a627c7c7c3a7c3a7c3a6162787c3a617862626278
20	::b|a|aa:xb||x:ab|a|a|aa|::bab	18 7c3a7c3a627c7c617c7c61617c3a78627c7c
37	||baa|b:b	13 7c7c7c7c6261617c7c627c3a62
36	bbxb:bxa:|:|	17 626278627c3a6278617c3a7c7c7c3a7c7c
39	axab:|a:|:|ba||:	25 617861627c3a7c7c617c3a7c7c7c3a7c7c62617c7c7c7c7c3a
5	aa:ba||::a||xxxb|:	4 61617c3a
18	|a:|x::bxba||aa::aab:x	16 7c7c617c3a7c7c787c3a7c3a62786261
12	aa|aab|:axxb	11 61617c7c6161627c7c7c3a
11	|ax	4 7c7c6178
37	xb|xba:|xbabxa	17 78627c7c7862617c3a7c7c786261627861
15	|||xa::b:b:a:|xb|::a:	13 7c7c7c7c7c7c78617c3a7c3a62
27	|xaabxa:|aba|b	18 7c7c7861616278617c3a7c7c6162617c7c62
32		0 
6	:|aa:|xb	4 7c3a7c7c
15	x	1 78
34	bb|bb:xaxxab|xx:a	21 62627c7c62627c3a7861787861627c7c78787c3a61
14	xaa:::axxb|x|	13 7861617c3a7c3a7c3a61787862
35		0 
40	|b	3 7c7c62
10	a:|xxx|:bxba	8 617c3a7c7c787878
10	::abbx:b:xa	8 7c3a7c3a61626278
13	:b|a|xaaaxxaabbb:|a|xbb|bba	12 7c3a627c7c617c7c78616161
24	|:x:a:::	14 7c7c7c3a787c3a617c3a7c3a7c3a
17	bbx:x|:	10 6262787c3a787c7c7c3a
20	ab	2 6162
11	x|a|baaxbab:axaa:b	10 787c7c617c7c62616178
19	a||xx::bx:b|x:	18 617c7c7c7c78787c3a7c3a62787c3a627c7c
17	xxb	3 787862
15	:|axxx:a|axab||aaax|a|||xb|x:b	13 7c3a7c7c617878787c3a617c7c
9	|abba|b	8 7c7c616262617c7c
12	xbbbaxxxbxx:x:	11 7862626261787878627878
20	b|bba|b:ab|||aa	19 627c7c6262617c7c627c3a61627c7c7c7c7c7c
27	:abxx:a	9 7c3a616278787c3a61
38	bxxb:|:ab::axaaaa:xx:x|	31 627878627c3a7c7c7c3a61627c3a7c3a6178616161617c3a78787c3a787c7c
7	bxxaaxbx:a::aax:xxx:	6 627878616178
16	b||axbxb|:ab|a|:::::	14 627c7c7c7c61786278627c7c7c3a
22	:aa|xx:	10 7c3a61617c7c78787c3a
30	:xabbaxb:|a	14 7c3a786162626178627c3a7c7c61
23	axx:|b|bab:||bxaa	22 6178787c3a7c7c627c7c6261627c3a7c7c7c7c627861
37	:|abab:	10 7c3a7c7c616261627c3a
11	ax:xabxb||bx:ba	9 61787c3a7861627862
10	aa:|b:a||:bbxbaa:::x||:ba|b|b	9 61617c3a7c7c627c3a
19	bax|a|x|x:bbx|x|bxa:b::x:xa||x	17 6261787c7c617c7c787c7c787c3a626278
16	x|a||xbb::|	15 787c7c617c7c7c7c7862627c3a7c3a
11	:|bbxxbxxa|ba|xa|x|	10 7c3a7c7c626278786278
28	baa|b|xxb|b|x:||xb:ab	27 6261617c7c627c7c7878627c7c627c7c787c3a7c7c7c7c78627c3a
12	x:	3 787c3a
40	ba|||::xxbb|:	20 62617c7c7c7c7c7c7c3a7c3a787862627c7c7c3a
26	bbabx:aa:xb|aab::baaaxxb	25 62626162787c3a61617c3a78627c7c6161627c3a7c3a626161
28	::x|:a:|bbax:|a:ax|:abx:a|b	27 7c3a7c3a787c7c7c3a617c3a7c7c626261787c3a7c7c617c3a6178
9	bax||	7 6261787c7c7c7c
32	x	1 78
24	a||ab|:x:x	15 617c7c7c7c61627c7c7c3a787c3a78
6	bxa||::xa:ax|axbx|b:xb|:|:x:ba	5 6278617c7c
39	bb|:aaxxxaxb|:|b|bx::xa	31 62627c7c7c3a61617878786178627c7c7c3a7c7c627c7c62787c3a7c3a7861
8	ax	2 6178
16	bx:aa::|ab:|:bx	14 62787c3a61617c3a7c3a7c7c6162
13	babababbb:|a::aabaa|bxxaab	11 6261626162616262627c3a
4	axxa|a|xb|b	3 617878
35	x|xa:ax:a	12 787c7c78617c3a61787c3a61
20	b:x|:|a|:a:bbxx:aa:ax:|x	18 627c3a787c7c7c3a7c7c617c7c7c3a617c3a
28	baa	3 626161
23	|b:a|a||xbax|xx|:a::|x	21 7c7c627c3a617c7c617c7c7c7c786261787c7c7878
15	a:abax||x|x|axabx:babxbbaaa:	14 617c3a616261787c7c7c7c787c7c
14	b|b|xxa||:aaa	13 627c7c627c7c7878617c7c7c7c
11	:xaa||bb|	9 7c3a7861617c7c7c7c
30	xa:|ab|baa|x|a	19 78617c3a7c7c61627c7c6261617c7c787c7c61
32	b|:aaxbxb|bb|xabaxxba|bx|abx	31 627c7c7c3a6161786278627c7c62627c7c78616261787862617c7c62787c7c
11	x:aa:|xbx	9 787c3a61617c3a7c7c
32	b:axxb:||a:xa|x||ab	27 627c3a617878627c3a7c7c7c7c617c3a78617c7c787c7c7c7c6162
29	b	1 62
8		0 
17	abx|:b|:x||a|x|:	15 6162787c7c7c3a627c7c7c3a787c7c
12	:b|aa|x|b:xa:	10 7c3a627c7c61617c7c78
37	|:a||abaxbx	15 7c7c7c3a617c7c7c7c616261786278
16	xxxxxa|b|xx|abxa:||a||b:	15 7878787878617c7c627c7c78787c7c
24	aa:b|:bba:x|bbbb:	23 61617c3a627c7c7c3a6262617c3a787c7c626262627c3a
27		0 
30	ax|xxa|xax:xx::a::|xa	29 61787c7c7878617c7c7861787c3a78787c3a7c3a617c3a7c3a7c7c7861
20	bx	2 6278
9	b:xxbxaaax:x||xb	8 627c3a7878627861
4	b	1 62
37	::x:b::|a|bxa:ax:xab|:xbb:aa	36 7c3a7c3a787c3a627c3a7c3a7c7c617c7c6278617c3a61787c3a7861627c7c7c3a786262
8	:|baxxb:	7 7c3a7c7c626178
26	aba|x::b|||x|aaxbb:x:ax::b::b	25 6162617c7c787c3a7c3a627c7c7c7c7c7c787c7c6161786262
14	|b|bx|b|bxbax|	12 7c7c627c7c62787c7c627c7c
15	:xbaxxa|aa:|a|x||axx:|	14 7c3a7862617878617c7c61617c3a
7	bx	2 6278
28	:ax:ba	8 7c3a61787c3a6261
17	a:ab:||xax	14 617c3a61627c3a7c7c7c7c786178
40	b:axa	6 627c3a617861
14	||:ba:baaaaxxaa:|a||x|	13 7c7c7c7c7c3a62617c3a626161
16	axa	3 617861
19	x||||::bxx|aa|x	18 787c7c7c7c7c7c7c7c7c3a7c3a6278787c7c
30	|:axb:|bbbaaabbbaxbbb:	27 7c7c7c3a6178627c3a7c7c62626261616162626261786262627c3a
26	babx|x|ab:axxbb::|	24 626162787c7c787c7c61627c3a61787862627c3a7c3a7c7c
32	xba:abab:ba::|bx	21 7862617c3a616261627c3a62617c3a7c3a7c7c6278
10	bbx|b:bb|||	8 6262787c7c627c3a
12	aa|a|b|:a|	10 61617c7c617c7c627c7c
6	||abxb:||a:xb	4 7c7c7c7c
14	xxx|aaxabab||abb	12 7878787c7c61617861626162
8	aba	3 616261
30	a::a:ax|ax||x:xxabx|||ax|aa:|a	28 617c3a7c3a617c3a61787c7c61787c7c7c7c787c3a78786162787c7c
20	|a|xba|b||a|b:b:x	18 7c7c617c7c7862617c7c627c7c7c7c617c7c
34	x|xxxbxb:bxbbxxaxabx:aaxxx|	31 787c7c7878786278627c3a62786262787861786162787c3a61617878787c7c
10	:bx:aa|a:	8 7c3a62787c3a6161
6	:b|bba:||:|:bbxx|bbabxa:b	5 7c3a627c7c
35	|||aba|xaa:xa|abx|	25 7c7c7c7c7c7c6162617c7c7861617c3a78617c7c6162787c7c
38	x:|x:xaxx|:xbbb:ba|	26 787c3a7c7c787c3a786178787c7c7c3a786262627c3a62617c7c
25	bba||:bbbb::x|xx|b:x:|x|x	24 6262617c7c7c7c7c3a626262627c3a7c3a787c7c78787c7c
11	:|	4 7c3a7c7c
32	:x	3 7c3a78
31	x|x|xb|a||||bb:x:b::ba	29 787c7c787c7c78627c7c617c7c7c7c7c7c7c7c62627c3a787c3a627c3a
31	||b	5 7c7c7c7c62
37	x:babbb|:xb|:bx:||xb||	32 787c3a62616262627c7c7c3a78627c7c7c3a62787c3a7c7c7c7c78627c7c7c7c
28	::baab::b|b|aaxa:	24 7c3a7c3a626161627c3a7c3a627c7c627c7c616178617c3a
19	b|baxa:||b|:xx	18 627c7c626178617c3a7c7c7c7c627c7c7c3a
6	|bbb:|x::b|||ax|x::|:b:bb	5 7c7c626262
20	bab|:bx:||||::|abaa:ba:	19 6261627c7c7c3a62787c3a7c7c7c7c7c7c7c7c
17	:ab|axx|	11 7c3a61627c7c6178787c7c
38	xb|xx:b|x:xb::xxb|	25 78627c7c78787c3a627c7c787c3a78627c3a7c3a7878627c7c
10	abbxxaxx::b|::::b:b:x:xx:|x:x	8 6162627878617878
14		0 
36	:axbaba	8 7c3a617862616261
4	|a|x:||baxbxb	2 7c7c
30	||ba||b:bx|abb:	22 7c7c7c7c62617c7c7c7c627c3a62787c7c6162627c3a
13	ab	2 6162
39	|a::|a||b:xbb|||bb|x	31 7c7c617c3a7c3a7c7c617c7c7c7c627c3a7862627c7c7c7c7c7c62627c7c78
31	:bax|aaxb:b:||:|	24 7c3a6261787c7c616178627c3a627c3a7c7c7c7c7c3a7c7c
39	:x|:||xxxxb|a	19 7c3a787c7c7c3a7c7c7c7c78787878627c7c61
31	bxxb	4 62787862
26	:x|ab||x|b:x:x|b:ababx	24 7c3a787c7c61627c7c7c7c787c7c627c3a787c3a787c7c62
38	bb:a:babx:x|:|:	22 62627c3a617c3a626162787c3a787c7c7c3a7c7c7c3a
39	||:|	8 7c7c7c7c7c3a7c7c
25	:|x:a:abxb:baa|xb:b|:xaa|	23 7c3a7c7c787c3a617c3a616278627c3a6261617c7c7862
11	:xabba:baaabba|axxx	9 7c3a78616262617c3a
10	|:	4 7c7c7c3a
13	bx||:x|:a:aaa:|||b|bb|:x|	11 62787c7c7c7c7c3a787c7c
22	||b::b::a|	17 7c7c7c7c627c3a7c3a627c3a7c3a617c7c
23	xbx::	7 7862787c3a7c3a
11	b|a:bxa|ba:xab:xbxxxxbbx::b||	9 627c7c617c3a627861
11	|:|:|xxbxaa	10 7c7c7c3a7c7c7c3a7c7c
7	aa:bb:abbxx:ba|ax|bxba|:a|:ba	6 61617c3a6262
27	ab:aa	6 61627c3a6161
37		0 
10	baxxb|ax	9 62617878627c7c6178
40	aa|ba:|b:bxa|:aa:|babx:ba|::	38 61617c7c62617c3a7c7c627c3a6278617c7c7c3a61617c3a7c7c626162787c3a62617c7c7c3a
35	a||x|x|b:bbab:b|a|	26 617c7c7c7c787c7c787c7c627c3a626261627c3a627c7c617c7c
33	xaba	4 78616261
20	::aa|x|xax:a|xaab	19 7c3a7c3a61617c7c787c7c7861787c3a617c7c
32	ax|a|abbxxbb:|bx	20 61787c7c617c7c616262787862627c3a7c7c6278
14	ab|b||a||a|xa:aaa|||	12 61627c7c627c7c7c7c617c7c
28	aa|:||x:b|axxbx:|	25 61617c7c7c3a7c7c7c7c787c3a627c7c61787862787c3a7c7c
6	aaxaax|a	5 6161786161
30	||bxb|a:|||ab	20 7c7c7c7c6278627c7c617c3a7c7c7c7c7c7c6162
9	|ab::b	8 7c7c61627c3a7c3a
11	||	4 7c7c7c7c
32	|baab:	8 7c7c626161627c3a
31	aab:|xb|b::::::a:a|b|x:b|bbxb	30 6161627c3a7c7c78627c7c627c3a7c3a7c3a7c3a7c3a7c3a617c3a617c7c
6	::xb:b:b||bxbxb||a:::x	4 7c3a7c3a
32	baaabbba	8 6261616162626261
39	b:x:a|xa:abxx:b|x::|abbax:|	38 627c3a787c3a617c7c78617c3a616278787c3a627c7c787c3a7c3a7c7c61626261787c3a7c7c
29	|	2 7c7c
21	a|:x|bxx|baxaa:axx:||x|:x|x	20 617c7c7c3a787c7c6278787c7c62617861617c3a
14	x:bba	6 787c3a626261
34	|b:|:a:||:|:|:x	27 7c7c627c3a7c7c7c3a617c3a7c7c7c7c7c3a7c7c7c3a7c7c7c3a78
31	:b::x::ba:||:aaa|bx:a	29 7c3a627c3a7c3a787c3a7c3a62617c3a7c7c7c7c7c3a6161617c7c6278
13	:b||bb:|x|ab:aa|xaxaxa|b	11 7c3a627c7c7c7c62627c3a
32	b|x||bb|:x	15 627c7c787c7c7c7c62627c7c7c3a78
14	xx:|b:b|b	12 78787c3a7c7c627c3a627c7c
39	ab|:xaaax|bx|b|b|aa|ax	29 61627c7c7c3a78616161787c7c62787c7c627c7c627c7c61617c7c6178
8	aa|::b::axx:||:a:ax|bb	6 61617c7c7c3a
31	xabx	4 78616278
34	x:|::||	13 787c3a7c7c7c3a7c3a7c7c7c7c
32	aaaabb:b|xab|::xx:aabxaa|	30 6161616162627c3a627c7c7861627c7c7c3a7c3a78787c3a616162786161
36	|x|a::|xxaa|x:abaxaaxxbbxabx|:	35 7c7c787c7c617c3a7c3a7c7c787861617c7c787c3a6162617861617878626278616278
5	|x	3 7c7c78
39	|x	3 7c7c78
6	bb:a::xx:x	4 62627c3a
14	xb:a||x	10 78627c3a617c7c7c7c78
37	x::b|::||xx:ax:xx	26 787c3a7c3a627c7c7c3a7c3a7c7c7c7c78787c3a61787c3a7878
7	a	1 61
23	|:	4 7c7c7c3a
11	|xa	4 7c7c7861
40	bx	2 6278
6	aaa:b|::baab:xax|x:xba||:	5 6161617c3a
3	|||b	2 7c7c
17	xxxx||xa:b:xbb|a::|:|bb:xx	15 787878787c7c7c7c78617c3a627c3a
4	xx|bxax|b|x	2 7878
12	b	1 62
14	xxa|a::b|bb:ba::|abbbax|axab:	13 7878617c7c617c3a7c3a627c7c
23	:baa::xaxbbb:xxbaxaax:a	22 7c3a6261617c3a7c3a7861786262627c3a7878626178
8	b:b||b|baa:|	6 627c3a627c7c
12	xxab:xx	8 787861627c3a7878
17	||x::bxb||bx	16 7c7c7c7c787c3a7c3a6278627c7c7c7c
31	::bax	7 7c3a7c3a626178
31	a:babxx:::|:|ab:a:ab:xb|bb|	29 617c3a62616278787c3a7c3a7c3a7c7c7c3a7c7c61627c3a617c3a6162
8	:xxxb:b|xaxaab||bbaaa|:ax	6 7c3a78787862
6	:xbaax|aa|a	5 7c3a786261
39	babx:b:xxx	12 626162787c3a627c3a787878
17	::xaxaxx|a|	15 7c3a7c3a7861786178787c7c617c7c
16	aa:b|:bbxa||x|bxba|ab|a	15 61617c3a627c7c7c3a626278617c7c
29	||abb|x|baxba|ax	21 7c7c7c7c6162627c7c787c7c62617862617c7c6178
28	aba||bx|:|||a|bbb:	27 6162617c7c7c7c62787c7c7c3a7c7c7c7c7c7c617c7c6262627c3a
9	b|a	4 627c7c61
31	|b|::xaaxx	14 7c7c627c7c7c3a7c3a7861617878
7	b:|:||:	5 627c3a7c7c
23	:::ax	8 7c3a7c3a7c3a6178
9	bxbbxax	7 62786262786178
28	xx:|:b	9 78787c3a7c7c7c3a62
31	xbbbbb|xx::::	18 7862626262627c7c78787c3a7c3a7c3a7c3a
28	|:xbxbxb:|xxxa:|b|x||:b::a|:ax	26 7c7c7c3a7862786278627c3a7c7c787878617c3a7c7c627c7c78
22	:a|bxb:||:	16 7c3a617c7c6278627c3a7c7c7c7c7c3a
16	b|:x|abba:x|bbx|xa:xb|	14 627c7c7c3a787c7c616262617c3a
12	aa:x|baab|	11 61617c3a787c7c62616162
11	a:xxb|abb|	10 617c3a7878627c7c6162
35	|a:xbabbb::|	17 7c7c617c3a7862616262627c3a7c3a7c7c
11	:aaxxxxxx:xxxb|b|a|:	10 7c3a6161787878787878
20	||ax|x:b:|bb:a::aa	18 7c7c7c7c61787c7c787c3a627c3a7c7c6262
3	xaxa:|axx:	2 7861
4	:a|::|b::	2 7c3a
27	aax	3 616178
27	bbx|||a:a	13 6262787c7c7c7c7c7c617c3a61
37	a||xx:bax|:|b|a|xbx	27 617c7c7c7c78787c3a6261787c7c7c3a7c7c627c7c617c7c786278
39	aa:b||x|ax:|:::|xaxxab	32 61617c3a627c7c7c7c787c7c61787c3a7c7c7c3a7c3a7c3a7c7c786178786162
15	x:a	4 787c3a61
15	|abbx|::b|aa||a|:xbbax	13 7c7c616262787c7c7c3a7c3a62
20	xaa	3 786161
28	|bx|:axb|::	17 7c7c62787c7c7c3a6178627c7c7c3a7c3a
11	:|::xbx	10 7c3a7c7c7c3a7c3a7862
40	xxaxxx|b:|xxxaxa||babxx|:a	33 7878617878787c7c627c3a7c7c7878786178617c7c7c7c62616278787c7c7c3a61
22	:ba|:|a||||:xb:|bb	21 7c3a62617c7c7c3a7c7c617c7c7c7c7c7c7c7c7c3a
6	aaa|a	5 6161617c7c
4	ba:a:a:b:x||x:|:x::xb|x	2 6261
40	aaa|bxbb|a:bx	16 6161617c7c627862627c7c617c3a6278
5	xx:x|a::a	4 78787c3a
33	|b|:x|xx|bbx:	19 7c7c627c7c7c3a787c7c78787c7c6262787c3a
24	xaaab:aaabxabxbbxba:xxa|:	22 78616161627c3a616161627861627862627862617c3a
40	aabaaaba|b|a:aa:xaaabb:ba:b	33 61616261616162617c7c627c7c617c3a61617c3a7861616162627c3a62617c3a62
23	:bx	4 7c3a6278
37	:a::|xbb|axxa:ax	22 7c3a617c3a7c3a7c7c7862627c7c617878617c3a6178
21	b:bxx|xbbxxa|:bx	20 627c3a6278787c7c7862627878617c7c7c3a6278
4	|:xa|b:	2 7c7c
32	xbxx:::a|:ab:xb:b	24 786278787c3a7c3a7c3a617c7c7c3a61627c3a78627c3a62
37	x|bbab::bxx||bax|aa:axa|b|:a|	35 787c7c626261627c3a7c3a6278787c7c7c7c6261787c7c61617c3a6178617c7c627c7c
15	::a|bab|b::|a|a|:b:xa||x	13 7c3a7c3a617c7c6261627c7c62
28	|bbxb:ba|aa:xaaxbb	22 7c7c626278627c3a62617c7c61617c3a786161786262
40	b	1 62
7	||xxx:xa:::xa|	6 7c7c7c7c7878
5	|:a::xaaaxb|baaa|:::|bb|bxbbb	4 7c7c7c3a
18	bbb:ab|||x:xa:x:b:|:b|ab:a:x:	16 6262627c3a61627c7c7c7c7c7c787c3a
37	xxxa	4 78787861
38	ba:abxaxxb|:b:x:a:b	25 62617c3a616278617878627c7c7c3a627c3a787c3a617c3a62
4	xxxax|x:xbaaax:ba|xb|	3 787878
3	::xb	2 7c3a
34	x|ax:ba:a|bax	17 787c7c61787c3a62617c3a617c7c626178
6	:|aabx|axa:a:bx::xb	4 7c3a7c7c
12	:b:::|:a||bx:|bb:ab|:xa:	11 7c3a627c3a7c3a7c3a7c7c
6	xbbxa	5 7862627861
7	|:bba||ax:b::|x:	6 7c7c7c3a6262
4	bx	2 6278
8	xb|x|b:|axx:xa:	7 78627c7c787c7c
4	ax:bb|babb:x:axbb|ab:	2 6178
33	|xb:axbb|	12 7c7c78627c3a617862627c7c
6	x|baaa:axa:|:b:axba:abx|::bxxa	5 787c7c6261
33	|:|x:b:	12 7c7c7c3a7c7c787c3a627c3a
13	xxabb|b:	10 78786162627c7c627c3a
28	|xa	4 7c7c7861
14	|ab:|	8 7c7c61627c3a7c7c
5	a:|bxbxbb|b	3 617c3a
36	|:bba|b:bxb|:b|b|a||	30 7c7c7c3a6262617c7c627c3a6278627c7c7c3a627c7c627c7c617c7c7c7c
7	bxxxa:x:ba:::axx|ba:|	5 6278787861
19	:a:aabbbb	11 7c3a617c3a616162626262
40	ba:bxxb:xax||abb||x:xxab	31 62617c3a627878627c3a7861787c7c7c7c6162627c7c7c7c787c3a78786162
6	xb:||abx::x|	4 78627c3a
27	aa:aa:x|xbx|a	17 61617c3a61617c3a787c7c7862787c7c61
4	:abaxxbx||:abxx:aab|x:xa:	2 7c3a
38	|b:||x|::b:b::||a:abbabaaaaa|	37 7c7c627c3a7c7c7c7c787c7c7c3a7c3a627c3a627c3a7c3a7c7c7c7c617c3a616262616261
13	||:bb||x|axax|	12 7c7c7c7c7c3a62627c7c7c7c
5	:x:	3 7c3a78
24	x||baxaxbaax|xa:	20 787c7c7c7c6261786178626161787c7c78617c3a
27	baa|xaxxab||ab:bx	21 6261617c7c7861787861627c7c7c7c61627c3a6278
37	x|xb|xbx:|	14 787c7c78627c7c7862787c3a7c7c
34	ax|b:a|aab|:ba	19 61787c7c627c3a617c7c6161627c7c7c3a6261
25	a|b	4 617c7c62
3	xa:bxba|bbbxa|:|bx	2 7861
19	xxbx:ba::||b|x::||xxb	17 787862787c3a62617c3a7c3a7c7c7c7c62
12	x:b|b|:ax::bab|:	11 787c3a627c7c627c7c7c3a
29	:::x|baxxb|x:	19 7c3a7c3a7c3a787c7c62617878627c7c787c3a
3	bx:bb|:x	2 6278
27	bbabaaabxb|bbb:bab:|:|	26 626261626161616278627c7c6262627c3a6261627c3a7c7c7c3a
36	:|bbaaxa|b	13 7c3a7c7c6262616178617c7c62
7	||xabb|xa:x|	6 7c7c7c7c7861
10	ab|b:bbab:bb:xa:a|ab|bb:xxaba	9 61627c7c627c3a6262
18	axbxbxxa	8 6178627862787861
26	a:||x|:x|bb||xaa:b	24 617c3a7c7c7c7c787c7c7c3a787c7c62627c7c7c7c786161
15	x	1 78
28	::||a:xa:|bx:bx|:	27 7c3a7c3a7c7c7c7c617c3a78617c3a7c7c62787c3a62787c7c7c3a
3	xa:x:|	2 7861
16	|	2 7c7c
39	:x|x:ba:	12 7c3a787c7c787c3a62617c3a
33	:a:b	6 7c3a617c3a62
4	|bxb:|xbbxa|a:|aa:x|::	2 7c7c
17	|xxb|axa:|a:||xb|a:x|a:x	15 7c7c7878627c7c6178617c3a7c7c61
16	:aa|aaaabbbx|	14 7c3a61617c7c6161616162626278
29	::ab	6 7c3a7c3a6162
30	:bb:bb|a:abx|xbaa::	26 7c3a62627c3a62627c7c617c3a6162787c7c786261617c3a7c3a
29	:|bb|:a|a:aa:bx	22 7c3a7c7c62627c7c7c3a617c7c617c3a61617c3a6278
20	x|aba	6 787c7c616261
5	x|b|b||bbb:a|bbabxa|	3 787c7c
29	xaxxb||b|bb	14 78617878627c7c7c7c627c7c6262
12	xbaaaa:bb:bxb:|:x|xa:x	10 7862616161617c3a6262
11	x:|a|xa|:bx|b:	10 787c3a7c7c617c7c7861
31	b:::b|	10 627c3a7c3a7c3a627c7c
8	a::	5 617c3a7c3a
28	:|:ba|:xa:bb|ab|	24 7c3a7c7c7c3a62617c7c7c3a78617c3a62627c7c61627c7c
30	ab|x:xb:xxa|::bbbxb|	27 61627c7c787c3a78627c3a7878617c7c7c3a7c3a62626278627c7c
40	x|a|x:xbxxa|aabxa||a:xxab	32 787c7c617c7c787c3a78627878617c7c61616278617c7c7c7c617c3a78786162
9	xxxxabb|a:xaxx	7 78787878616262
4	a:|:x:b:x|xbxbxx	3 617c3a
17	:b|bb	7 7c3a627c7c6262
5	|:bbab|	4 7c7c7c3a
5	a:xbax|ab:baxx|:|bbxx|bb	3 617c3a
34		0 
8	:a:xbxbbbax:::bxb:abxaxb||	7 7c3a617c3a7862
35		0 
9	|xxaaxxb|	8 7c7c787861617878
32	b|:ab|||ba|	17 627c7c7c3a61627c7c7c7c7c7c62617c7c
6	|ba::xaab:ba||aax|:bb	4 7c7c6261
17	b	1 62
17	:|aax:axa||:|bbx|:x	16 7c3a7c7c6161787c3a6178617c7c7c7c
27	b|:xa||abaa:x	18 627c7c7c3a78617c7c7c7c616261617c3a78
36	:bx::bab:xbaxab|b	22 7c3a62787c3a7c3a6261627c3a7862617861627c7c62
34	|ax	4 7c7c6178
15	b||:b|	10 627c7c7c7c7c3a627c7c
35	x:x:x:::|a|:abba	24 787c3a787c3a787c3a7c3a7c3a7c7c617c7c7c3a61626261
25	|:|ab|b|x:|b|bxb|bba:a:|b	24 7c7c7c3a7c7c61627c7c627c7c787c3a7c7c627c7c627862
23	xxb:abax	9 7878627c3a61626178
40	:abb:bb:a:bxxb:a	21 7c3a6162627c3a62627c3a617c3a627878627c3a61
19	ax:|bxax:|babb:xx:xaa|bbxb	18 61787c3a7c7c627861787c3a7c7c62616262
14	:x:|abbab|xxbbb|b	12 7c3a787c3a7c7c6162626162
7	|xaa:axa	5 7c7c786161
13	|:|b|b|:abxx:|:axaxb:bbxx|b|	12 7c7c7c3a7c7c627c7c627c7c
31	|:|b:aab:b|:	19 7c7c7c3a7c7c627c3a6161627c3a627c7c7c3a
10	abb:bb|xa	9 6162627c3a62627c7c
4	xax|::a||:|||a:||b|::|b	3 786178
40	xxbxx|ab|:aab:	18 78786278787c7c61627c7c7c3a6161627c3a
10	bxaaa|aabba:|:baxaba	9 62786161617c7c6161
5	:a|:a:x:x|||b:b|a|a|aa	3 7c3a61
30	|axx|xb|::b|a:xxaabaa:xb||xx:	28 7c7c6178787c7c78627c7c7c3a7c3a627c7c617c3a78786161626161
7	:aax:xa|aaa	5 7c3a616178
20	:abxxxxbx|:xxx|xxx|bb|x|ab	19 7c3a61627878787862787c7c7c3a7878787c7c
6	:bbbba:xaaxbx:	5 7c3a626262
15	|	2 7c7c
35	||a:	7 7c7c7c7c617c3a
29	:bb|a:a:aaaa:|b:|a	26 7c3a62627c7c617c3a617c3a616161617c3a7c7c627c3a7c7c61
35	ax|abx	7 61787c7c616278
27	:bxabaxb:ba|b|b:x:	24 7c3a627861626178627c3a62617c7c627c7c627c3a787c3a
24	|xxx:xx|a:ab	16 7c7c7878787c3a78787c7c617c3a6162
29	:xbbxbb|:bb	14 7c3a7862627862627c7c7c3a6262
18	|:|:::bx	14 7c7c7c3a7c7c7c3a7c3a7c3a6278
34	x:xbb|b|ba||a|:b::a:a:x	33 787c3a7862627c7c627c7c62617c7c7c7c617c7c7c3a627c3a7c3a617c3a617c3a
25	axbbx|||:b::	18 61786262787c7c7c7c7c7c7c3a627c3a7c3a
24	:|xaxx	8 7c3a7c7c78617878
35	aa:aa:aa::xxbb||bxbaax|:xaabb:	34 61617c3a61617c3a61617c3a7c3a787862627c7c7c7c6278626161787c7c7c3a7861
26	bx|baaa	8 62787c7c62616161
36	aa|baabaxxx|:bba:	21 61617c7c62616162617878787c7c7c3a6262617c3a
15	ax::|::x	13 61787c3a7c3a7c7c7c3a7c3a78
24	b:ax	5 627c3a6178
33	xa|a	5 78617c7c61
3	::|||a:|xxxxbax	2 7c3a
12	||:aa	8 7c7c7c7c7c3a6161
35	:|aaax:a|	13 7c3a7c7c616161787c3a617c7c
33	:::bxaxbbb	13 7c3a7c3a7c3a62786178626262
25	aa|:::ax	12 61617c7c7c3a7c3a7c3a6178
39	:b:bx:bx|b|bbb:	21 7c3a627c3a62787c3a62787c7c627c7c6262627c3a
14	xa|:||:	12 78617c7c7c3a7c7c7c7c7c3a
30	b|bb::	9 627c7c62627c3a7c3a
29	x::::|bxx:::a||x::b:::	28 787c3a7c3a7c3a7c3a7c7c6278787c3a7c3a7c3a617c7c7c7c787c3a
18	abxxxxb	7 61627878787862
13	b:	3 627c3a
34	x:axax:xa:bb|xb	19 787c3a617861787c3a78617c3a62627c7c7862
39	ab|a|xaaxxa:b:a:xa||b:xaab	34 61627c7c617c7c7861617878617c3a627c3a617c3a78617c7c7c7c627c3a78616162
38	a|a:xbxbb|:|x|:ba::b:	31 617c7c617c3a78627862627c7c7c3a7c7c787c7c7c3a62617c3a7c3a627c3a
10	aaxabxbxax:|b|||xba:x:|:|:x:	9 616178616278627861
33	b|aabx||b:bbxx	18 627c7c616162787c7c7c7c627c3a62627878
4	::|aaxa||bxba||b:|bxa:bb:b::b	2 7c3a
26	:	2 7c3a
25	ba|:a:aab:x:|:x::|:||axaxa:b	24 62617c7c7c3a617c3a6161627c3a787c3a7c7c7c3a787c3a
18	:b|bbb|:	12 7c3a627c7c6262627c7c7c3a
35	b|b:b	7 627c7c627c3a62
3	|xb|xxba:xx:	2 7c7c
23	b|a:baxa:b:b:aba:baa	21 627c7c617c3a626178617c3a627c3a627c3a616261
22	::||b|x::xaax|	20 7c3a7c3a7c7c7c7c627c7c787c3a7c3a78616178
26	b|bx|xbb|x|x:bb|axxb:||abxxx:	25 627c7c62787c7c7862627c7c787c7c787c3a62627c7c617878
8	:aa	4 7c3a6161
11	ba	2 6261
31	|||aab||	13 7c7c7c7c7c7c6161627c7c7c7c
33	|baaaax|xa|:|aa|x|:	27 7c7c6261616161787c7c78617c7c7c3a7c7c61617c7c787c7c7c3a
20	xxbb	4 78786262
29	aabba|:bxbx:	15 61616262617c7c7c3a627862787c3a
11	:b::|:bba|x|bx::b:x||:xabb	9 7c3a627c3a7c3a7c7c
21	xa|b|ax::|a|b|a|	19 78617c7c627c7c61787c3a7c3a7c7c617c7c62
9	x|:aba	8 787c7c7c3a616261
14	babb::b|a:|b	12 626162627c3a7c3a627c7c61
31		0 
31	xx:x:|bx|a|a:||x	24 78787c3a787c3a7c7c62787c7c617c7c617c3a7c7c7c7c78
38	:|b|	7 7c3a7c7c627c7c
4	|xx	2 7c7c
27	:	2 7c3a
34	a|:a||::ba|:aa	22 617c7c7c3a617c7c7c7c7c3a7c3a62617c7c7c3a6161
30	x:x	4 787c3a78
40	x::||xb|:x:b	19 787c3a7c3a7c7c7c7c78627c7c7c3a787c3a62
22	b	1 62
36	:aabb:|aaxa|:xa||xbx:x:b|abx	35 7c3a616162627c3a7c7c616178617c7c7c3a78617c7c7c7c7862787c3a787c3a627c7c
12	bbxbbbbb::|:a|:	10 62627862626262627c3a
22	bxaba|xbbb||:aaax|ba|axx||:	21 62786162617c7c786262627c7c7c7c7c3a61616178
13	|b|:|b|b	12 7c7c627c7c7c3a7c7c627c7c
25	|x|b	6 7c7c787c7c62
39	|x::a:xxa::b|bba:bx|xbx	32 7c7c787c3a7c3a617c3a7878617c3a7c3a627c7c6262617c3a62787c7c786278
35	abxa||b::a:bxax|axx|	27 616278617c7c7c7c627c3a7c3a617c3a627861787c7c6178787c7c
30	abxxx:xx:::a||x:a|	26 61627878787c3a78787c3a7c3a7c3a617c7c7c7c787c3a617c7c
28	:	2 7c3a
8	x|a:	6 787c7c617c3a
12	|xa:xbxa|x:bba:aa|xba|a:|b|	10 7c7c78617c3a78627861
21	:aabx:a:::bxxbbbb:x|	20 7c3a616162787c3a617c3a7c3a7c3a6278786262
22	b:ba:|x|ab::|ab::babbaa|a||	20 627c3a62617c3a7c7c787c7c61627c3a7c3a7c7c
24	aabb:b::|x::|x:|	23 616162627c3a627c3a7c3a7c7c787c3a7c3a7c7c787c3a
24	|a|bb|xbbb|b:xxa:bb:a	23 7c7c617c7c62627c7c786262627c7c627c3a7878617c3a
25	||:abx:ba:b	16 7c7c7c7c7c3a6162787c3a62617c3a62
34	a:xa|a|ax||b|ba||xxax:	31 617c3a78617c7c617c7c61787c7c7c7c627c7c62617c7c7c7c787861787c3a
13	xaabx||:|b|	11 78616162787c7c7c7c7c3a
4	:x	2 7c3a
5	x::::x	3 787c3a
10	::ax|xx|:a:xba:aba:x|||axx:ax	8 7c3a7c3a61787c7c
37		0 
36	x	1 78
5	b::xb|:x||aaba:|b||xax:||:||x|	3 627c3a
25	axxa||b:bba	14 617878617c7c7c7c627c3a626261
40	:baxa::ab|abbax|	21 7c3a626178617c3a7c3a61627c7c61626261787c7c
25		0 
20	xa::x|bbab	13 78617c3a7c3a787c7c62626162
16	x|bxab|:x|xx:xb:xa:::|ax	14 787c7c627861627c7c7c3a787c7c
40	xxbaxbabab:|bbbaba::x:	27 787862617862616261627c3a7c7c6262626162617c3a7c3a787c3a
40	xxxxa|x::x:	15 78787878617c7c787c3a7c3a787c3a
11	baxxx::|xxxaxaxa|ba:x|:bxb|	9 62617878787c3a7c3a
16	a	1 61
19	aa:xbbxb:a:x|::	17 61617c3a78626278627c3a617c3a787c7c
5	|bbxx|xxa|a||bax	4 7c7c6262
34	|axba|:|xxbbb||x|:x|aaa|::	32 7c7c617862617c7c7c3a7c7c78786262627c7c7c7c787c7c7c3a787c7c616161
36	:a::|bbxbba:xb||ax::|	31 7c3a617c3a7c3a7c7c6262786262617c3a78627c7c7c7c61787c3a7c3a7c7c
10	xa|x|:bxbaabx|baxxbabx|x||bxa:	9 78617c7c787c7c7c3a
20	b	1 62
4	a|:|aaxx||:bxbb|||:b	3 617c7c
24	b:||:b|ba	14 627c3a7c7c7c7c7c3a627c7c6261
16	x|||:a|:b|::|ax|abbaxax|::	14 787c7c7c7c7c7c7c3a617c7c7c3a
4	b:a:b:xxbx|:|a|x::bx:aa|xaa	3 627c3a
18	:bxx||x:abxxxb	17 7c3a6278787c7c7c7c787c3a6162787878
15	a	1 61
32	xxba|xx|bbxaxb|b|b	22 787862617c7c78787c7c6262786178627c7c627c7c62
10	bxaxx|x:xb::a:xb:ab:	8 62786178787c7c78
39	xb	2 7862
29	x:|:	7 787c3a7c7c7c3a
40	:x:bax	8 7c3a787c3a626178
29	abbxa|xb|xx:xbxxb:	22 61626278617c7c78627c7c78787c3a78627878627c3a
38	a	1 61
8	|b:|:|xa	7 7c7c627c3a7c7c
40	:b|xbbbxa||ax	17 7c3a627c7c7862626278617c7c7c7c6178
36	xab||xa||:|abxa:||::b:bxxb|	34 7861627c7c7c7c78617c7c7c7c7c3a7c7c616278617c3a7c7c7c7c7c3a7c3a627c3a
32	b|||bbabb:xaa|::::bbxx||	31 627c7c7c7c7c7c62626162627c3a7861617c7c7c3a7c3a7c3a7c3a62627878
21	xa::ba	8 78617c3a7c3a6261
31	:|:::bbx:xxx|aa	22 7c3a7c7c7c3a7c3a7c3a6262787c3a7878787c7c6161
12	xx:aa:bax	11 78787c3a61617c3a626178
33	|xxa	5 7c7c787861
29	:b|a:x:|xax|x:a	22 7c3a627c7c617c3a787c3a7c7c7861787c7c787c3a61
22	:xa:x	7 7c3a78617c3a78
13	|::ax|ba|b	12 7c7c7c3a7c3a61787c7c6261
8	ba||xb::x:xaaxaaa	6 62617c7c7c7c
32	aabab:a|:|a	15 61616261627c3a617c7c7c3a7c7c61
25	:|:|	8 7c3a7c7c7c3a7c7c
39	:b::a:axaxx|axb:|x|xb||a|	36 7c3a627c3a7c3a617c3a61786178787c7c6178627c3a7c7c787c7c78627c7c7c7c617c7c
30	bxba	4 62786261
19	|xb|||:ax	14 7c7c78627c7c7c7c7c7c7c3a6178
13	|	2 7c7c
11	|	2 7c7c
17	aa||x:xxxbba|:bbx:x::::|b	15 61617c7c7c7c787c3a787878626261
15	bb::x|abbbx|||:b:||x:|:x|:bxxa	14 62627c3a7c3a787c7c6162626278
32	|xa|a:ab::bxb|	20 7c7c78617c7c617c3a61627c3a7c3a6278627c7c
17	b|b:ax:x|bb|xxbbbb:	15 627c7c627c3a61787c3a787c7c6262
39	aaba:||bx:b|a:|b|bx::::bb|x	37 616162617c3a7c7c7c7c62787c3a627c7c617c3a7c7c627c7c62787c3a7c3a7c3a7c3a6262
25	:axx|:x:x|:xax	20 7c3a6178787c7c7c3a787c3a787c7c7c3a786178
37	a:::abx	10 617c3a7c3a7c3a616278
25	|axx:|xax|ba|:a:	23 7c7c6178787c3a7c7c7861787c7c62617c7c7c3a617c3a
29	bb|:bb::x:aa:	19 62627c7c7c3a62627c3a7c3a787c3a61617c3a
19		0 
13	b:b:a|b:aa	12 627c3a627c3a617c7c627c3a
6	a|b::|	4 617c7c62
22	:ab:x:b	10 7c3a61627c3a787c3a62
9	bab:xxa:	8 6261627c3a787861
28	:	2 7c3a
19	xaaaaa	6 786161616161
14	a:x:x|baxx	13 617c3a787c3a787c7c62617878
24	aaxbbxabb|babb::a::a||aa||	22 6161786262786162627c7c626162627c3a7c3a617c3a
32	|:::|a|xx::|x:aa|	28 7c7c7c3a7c3a7c3a7c7c617c7c78787c3a7c3a7c7c787c3a61617c7c
24	bx::xxa:ba:|a|||b|b||	22 62787c3a7c3a7878617c3a62617c3a7c7c617c7c7c7c
18	b:ax:a:|:aba::bbaa	17 627c3a61787c3a617c3a7c7c7c3a616261
9	:ab||:a:|	8 7c3a61627c7c7c7c
37	aabxx|:||ax	15 61616278787c7c7c3a7c7c7c7c6178
25	bxx	3 627878
16	xax:bbb:b|x	14 7861787c3a6262627c3a627c7c78
34	:xb|	6 7c3a78627c7c
5	bx:::a:|ba	4 62787c3a
29	bxbabb:|abbababb::::	26 6278626162627c3a7c7c61626261626162627c3a7c3a7c3a7c3a
31	:xa::baxxaax|bax:x:bxbbx|xb|x|	30 7c3a78617c3a7c3a626178786161787c7c6261787c3a787c3a6278626278
21	b|a|:x:|x	14 627c7c617c7c7c3a787c3a7c7c78
33	a|:axba||xa|:b:x|	25 617c7c7c3a617862617c7c7c7c78617c7c7c3a627c3a787c7c
36	a|x|ba:xbab	14 617c7c787c7c62617c3a78626162
18	bxb:abbax|||xba:bxbx|::	16 6278627c3a61626261787c7c7c7c7c7c
38	xbaxxa||b:xbbx:baa|a|||:xxb	36 7862617878617c7c7c7c627c3a786262787c3a6261617c7c617c7c7c7c7c7c7c3a787862
25	aa	2 6161
15	|a|ba|||:ab|x	13 7c7c617c7c62617c7c7c7c7c7c
33	ab:ab|xa:xa:	16 61627c3a61627c7c78617c3a78617c3a
31	|ab:abx:|axxa	17 7c7c61627c3a6162787c3a7c7c61787861
21	xbb|b:ab|::ax	18 7862627c7c627c3a61627c7c7c3a7c3a6178
22	a:ba:b	8 617c3a62617c3a62
31	bb|abbaxxa:|:::x|xbax	28 62627c7c616262617878617c3a7c7c7c3a7c3a7c3a787c7c78626178
5	bb||x:b:abbb|a	4 62627c7c
35	a:x:ba:ba||:|:aa	24 617c3a787c3a62617c3a62617c7c7c7c7c3a7c7c7c3a6161
16	ax:|a:aaxb:|axa|a:x:a::::	15 61787c3a7c7c617c3a616178627c3a
39	xaabb|bxbax|aaba|ab|xxa|:b|	34 78616162627c7c62786261787c7c616162617c7c61627c7c7878617c7c7c3a627c7c
9	xxax:b|x|x|x	7 787861787c3a62
8	xxabaxxx||:xab|bbab:|:	7 78786162617878
30	a|xaxbbxxa|bbbxxx|xba|b|xx:	29 617c7c78617862627878617c7c6262627878787c7c7862617c7c627c7c
33	::b:bb|	11 7c3a7c3a627c3a62627c7c
19	xxb|abx|b::xa:|	17 7878627c7c6162787c7c627c3a7c3a7861
38	xxaba|xxaab	12 78786162617c7c7878616162
23	:aax:a|b|xx||xa|:a|b||xaaaa:	21 7c3a6161787c3a617c7c627c7c78787c7c7c7c7861
29	:	2 7c3a
31	x|:aaxb|:x|a:|::::xba:aa|aax|	29 787c7c7c3a616178627c7c7c3a787c7c617c3a7c7c7c3a7c3a7c3a7c3a
34	b|aba:x|::|aaaa	21 627c7c6162617c3a787c7c7c3a7c3a7c7c61616161
18	ababa:bx:|:bxb:xaax:|ax:	17 61626162617c3a62787c3a7c7c7c3a6278
32	ax:|x:|:|:xb|x::||xaa||x|axax:	30 61787c3a7c7c787c3a7c7c7c3a7c7c7c3a78627c7c787c3a7c3a7c7c7c7c
34	bb::|:aaa|b||x	21 62627c3a7c3a7c7c7c3a6161617c7c627c7c7c7c78
8	|ba:a:|bx:xabbabaabbx:b||	6 7c7c62617c3a
33	axa::axabbb|xbx	18 6178617c3a7c3a6178616262627c7c786278
13	b::ab:|	11 627c3a7c3a61627c3a7c7c
32	a|:x:xa|a|::|:|aa|b	30 617c7c7c3a787c3a78617c7c617c7c7c3a7c3a7c7c7c3a7c7c61617c7c62
5	:||b::a:b|baaxa:bb:	4 7c3a7c7c
24	a:|bb|:x:axx|b|:b:a	22 617c3a7c7c62627c7c7c3a787c3a6178787c7c627c7c
18	xb:|abbbb|:|a||	17 78627c3a7c7c61626262627c7c7c3a7c7c
5	xx:ab|||b	4 78787c3a
17	:b|:|abaax|:xax|xb|a	16 7c3a627c7c7c3a7c7c61626161787c7c
13		0 
39	babbaba::bx|:bbab	21 626162626162617c3a7c3a62787c7c7c3a62626162
14	xb::|b|a|a:a|::	12 78627c3a7c3a7c7c627c7c61
28	xa|:a:|xbabx	16 78617c7c7c3a617c3a7c7c7862616278
22	||xbabxx:	12 7c7c7c7c7862616278787c3a
22	x:||xabxbaxb	15 787c3a7c7c7c7c7861627862617862
11	|ax:a:bb||bb:a:aaxaxa|x	9 7c7c61787c3a617c3a
20	|b|:xaaxxx:|:a:a|ab|	19 7c7c627c7c7c3a7861617878787c3a7c7c7c3a
12	aax::||bb	11 6161787c3a7c3a7c7c7c7c
19	a:a:bbxb::xxa||b	17 617c3a617c3a626278627c3a7c3a787861
33	:xax:bx:|a|:xxbax	23 7c3a7861787c3a62787c3a7c7c617c7c7c3a7878626178
26	x:|bxbxaaaxx||aaa:a|:::|a||	24 787c3a7c7c6278627861616178787c7c7c7c6161617c3a61
40	x::|ba:ax:x:xaxxxxb	25 787c3a7c3a7c7c62617c3a61787c3a787c3a78617878787862
15	xbba:||xxb|x|baaa:b|:xb:b|::::	13 786262617c3a7c7c7c7c787862
6	x:abx:xbbbxx::|:||xbbbxxaaaa:	5 787c3a6162
12	bx:x|	7 62787c3a787c7c
9	ax|a:|a:xa:bbxx:x|:axxb:bbxx	7 61787c7c617c3a
11	aaaba:b:|aaax|:|baa|a:a	10 61616162617c3a627c3a
30	bbbbba|||bb:x::::::	29 6262626262617c7c7c7c7c7c62627c3a787c3a7c3a7c3a7c3a7c3a7c3a
8	:|xbab:bb|a:|b:a	7 7c3a7c7c786261
11	|bbaba||x|b|a	9 7c7c62626162617c7c
21	b:::|xbx::|bx:b|	20 627c3a7c3a7c3a7c7c7862787c3a7c3a7c7c6278
26	bx:||:a:x|bbb|a|	24 62787c3a7c7c7c7c7c3a617c3a787c7c6262627c7c617c7c
16	:xxbb::|||	14 7c3a787862627c3a7c3a7c7c7c7c
8	x|xax|:|b:x	6 787c7c786178
26	|:a:|b::xba	17 7c7c7c3a617c3a7c7c627c3a7c3a786261
16	b||x::a|ab|:bxba|:b:x|xaba|:	15 627c7c7c7c787c3a7c3a617c7c6162
25	aax|a:	8 6161787c7c617c3a
22	bxxx|x::b:|:ab:xb||xx	20 627878787c7c787c3a7c3a627c3a7c7c7c3a6162
20	a|xaaa:xxx|xbb:x:	19 617c7c786161617c3a7878787c7c7862627c3a
22	aba:b|:xxx:b|axab|x	21 6162617c3a627c7c7c3a7878787c3a627c7c617861
29	x|b:|::	12 787c7c627c3a7c7c7c3a7c3a
6	xx:xaxbbxa|aa:||:a|abx|x:	4 78787c3a
28	xba|b::a	11 7862617c7c627c3a7c3a61
5	bx:|abbx|b||xa:a	4 62787c3a
39	xaaaax|:|axx:bxx|a|abb|:a|b|:x	38 7861616161787c7c7c3a7c7c6178787c3a6278787c7c617c7c6162627c7c7c3a617c7c627c7c
5	:|a::aabx|xa||	4 7c3a7c7c
34	:ax|xb|a:xb:aaax|ax:x:	30 7c3a61787c7c78627c7c617c3a78627c3a616161787c7c61787c3a787c3a
29	ab|:::ab	12 61627c7c7c3a7c3a7c3a6162
16	bb|a:b|x|::xb:bb:aa|:b|bx	15 62627c7c617c3a627c7c787c7c7c3a
27	|x:x:|axx|b:xb|bab|x|ba	25 7c7c787c3a787c3a7c7c6178787c7c627c3a78627c7c626162
10	a|x|x:axax	9 617c7c787c7c787c3a
33	x||xb:x||:|x:a||bx	28 787c7c7c7c78627c3a787c7c7c7c7c3a7c7c787c3a617c7c7c7c6278
6	:x|:x|aaab|bxxba|a:|::b:bx	5 7c3a787c7c
22	a:::b:||bb|xxbb	21 617c3a7c3a7c3a627c3a7c7c7c7c62627c7c787862
22	a|xbxx|aa|:b|::baxb:a|:|:	20 617c7c786278787c7c61617c7c7c3a627c7c7c3a
13	axb||:xbx|xa:xa:	12 6178627c7c7c7c7c3a786278
28	b|a|x:::|bxaxxxa:bbax|:|::b	27 627c7c617c7c787c3a7c3a7c3a7c7c627861787878617c3a626261
32	:	2 7c3a
21	abxaaba|:|::|b:a|b	19 616278616162617c7c7c3a7c7c7c3a7c3a7c7c
34	:x::|bx	11 7c3a787c3a7c3a7c7c6278
13	b|xbx:a|aab	11 627c7c7862787c3a617c7c
31	|:ab:ax	10 7c7c7c3a61627c3a6178
29	bxx||x	8 6278787c7c7c7c78
34	xbx:x|b:a|||::bx:xa:	30 7862787c3a787c7c627c3a617c7c7c7c7c7c7c3a7c3a62787c3a78617c3a
34	baxb||	8 626178627c7c7c7c
25	abxbxbxb|:x	13 61627862786278627c7c7c3a78
8	ab|xab::|:b:ba:::a:a:b	7 61627c7c786162
26	:aab||ax:ba	15 7c3a6161627c7c7c7c61787c3a6261
40	bx:|	6 62787c3a7c7c
24	|xaa::bb|b||::b::aa::|||:	22 7c7c7861617c3a7c3a62627c7c627c7c7c7c7c3a7c3a
13	:b|aabxxa||:::ax|bb|a||aax	11 7c3a627c7c616162787861
38	||||	8 7c7c7c7c7c7c7c7c
33	:	2 7c3a
23	a:aaa|bb::	14 617c3a6161617c7c62627c3a7c3a
32	bxab:::bxx|:b	18 627861627c3a7c3a7c3a6278787c7c7c3a62
29	|	2 7c7c
33	b:b:a|ab||:|aa	21 627c3a627c3a617c7c61627c7c7c7c7c3a7c7c6161
15	abab|bb|aa:axba	14 616261627c7c62627c7c61617c3a
36	ba:xaa:|aaxxxb|ax|	23 62617c3a7861617c3a7c7c6161787878627c7c61787c7c
38	x||::::a:a:a|:|b|::ababxa|bxb	37 787c7c7c7c7c3a7c3a7c3a7c3a617c3a617c3a617c7c7c3a7c7c627c7c7c3a7c3a61626162
12	xbbba|||::	11 78626262617c7c7c7c7c7c
21	|axbb|:a|axxab:b::bb	20 7c7c617862627c7c7c3a617c7c61787861627c3a
10	xbbab:ba:xbxaa:|	9 78626261627c3a6261
3	b|:	1 62
23	x|:||:x:xbb|:|:ax	21 787c7c7c3a7c7c7c7c7c3a787c3a7862627c7c7c3a
37	xx:xbbb	8 78787c3a78626262
3	axa:b:||x:::	2 6178
18	b	1 62
8	b:a|b:|:|:a|b:xb|:aaxx:x	6 627c3a617c7c
35	bb::xb:a:|a:	18 62627c3a7c3a78627c3a617c3a7c7c617c3a
38	::|:	8 7c3a7c3a7c7c7c3a
23	bba|x|xxxa:xx|||ax	22 6262617c7c787c7c787878617c3a78787c7c7c7c7c7c
4	aa:b::::a|xx:xxx	2 6161
38		0 
4	a:aaxab:a:|bx::::	3 617c3a
14	:xaxx:b|x:|||a|xbxaa:b	12 7c3a786178787c3a627c7c78
40	|bax|b:|:x	15 7c7c6261787c7c627c3a7c7c7c3a78
8	bb::|bax:x:||||xbb||:b|:bx:a	6 62627c3a7c3a
25	ab||bb|bx||a|:baa:|ba|	24 61627c7c7c7c62627c7c62787c7c7c7c617c7c7c3a626161
13	a|bb|a	8 617c7c62627c7c61
36	xxbxx:xx|	11 78786278787c3a78787c7c
24	:x:|ax:xbb:xxx||::x:|bb:xx:	23 7c3a787c3a7c7c61787c3a7862627c3a7878787c7c7c7c
11	a|xa:abaa:|:aa	10 617c7c78617c3a616261
5	xx|aab	4 78787c7c
17	|b:|a|a|bbbx::abxa|::a:|a	16 7c7c627c3a7c7c617c7c617c7c626262
8	a:xbb:baxa::||b:x:ab:|x|a:x	6 617c3a786262
26	b:|x::bxaxb|a:	20 627c3a7c7c787c3a7c3a62786178627c7c617c3a
29	a:x|ba|b|:|:x:|x:xxbba	27 617c3a787c7c62617c7c627c7c7c3a7c7c7c3a787c3a7c7c787c3a
20	aa|:axbxbx|axxabaxaax	19 61617c7c7c3a6178627862787c7c6178786162
28	a:|	5 617c3a7c7c
31	xxxaba|bx|:xbx:xb|::|:|	29 7878786162617c7c62787c7c7c3a7862787c3a78627c7c7c3a7c3a7c7c
22	|a:|x|x	11 7c7c617c3a7c7c787c7c78
25	axbb:xa	8 617862627c3a7861
33	|::a|:ax|:bb	19 7c7c7c3a7c3a617c7c7c3a61787c7c7c3a6262
31	b|	3 627c7c
7	abx	3 616278
19	x:|||abx::ax:abxx:x|x:::babb|:	18 787c3a7c7c7c7c7c7c6162787c3a7c3a6178
3	b|xb:|baxaa:ba|aa||x:bbbxbxb	1 62
19	aa||abb||aaxx|aabbbaxx:::a||bx	17 61617c7c7c7c6162627c7c7c7c61617878
37	:xa:|x||xxb|xxba:x|:	29 7c3a78617c3a7c7c787c7c7c7c7878627c7c787862617c3a787c7c7c3a
7	aaax:|abaxb|abbbaxb|x|:	6 616161787c3a
32	:::bab:a|	14 7c3a7c3a7c3a6261627c3a617c7c
3	ba:b|bxxxax|:xb	2 6261
22	b|:bbbaab:bbbbx|||a|:bx:|ab|	20 627c7c7c3a6262626161627c3a62626262787c7c
9	bxax|a::|aaxx|xbbx:a|:xbx	7 627861787c7c61
31	:axabbx|:bx::|aabb	24 7c3a6178616262787c7c7c3a62787c3a7c3a7c7c61616262
14	xxx:xx|xx||:xba|bbxa:|:ba|:x	13 7878787c3a78787c7c78787c7c
9	bx|aa	6 62787c7c6161
28	x||ba|a|:bxa:abax	23 787c7c7c7c62617c7c617c7c7c3a6278617c3a61626178
18	|xa|axbb::x:::a|bxbxxaxx:|:ax	17 7c7c78617c7c617862627c3a7c3a787c3a
36	xxbx:bb|:aaa|bb:axaxb	26 787862787c3a62627c7c7c3a6161617c7c62627c3a6178617862
39	:||	6 7c3a7c7c7c7c
30	xbxb|bx|	10 786278627c7c62787c7c
24	a|bxbab|b:xxb:|ab:::xxxb	22 617c7c62786261627c7c627c3a7878627c3a7c7c6162
18	:b	3 7c3a62
17	:xa:aabbabbb|bxb|aaxbaxbab:|b:	16 7c3a78617c3a61616262616262627c7c
21	::xxaabx:bxax:	18 7c3a7c3a7878616162787c3a627861787c3a
36	:b:b:||ax|ab|:|xaxb||aa||a	34 7c3a627c3a627c3a7c7c7c7c61787c7c61627c7c7c3a7c7c786178627c7c7c7c6161
30	::aaab:|x:xaa|xb:	24 7c3a7c3a616161627c3a7c7c787c3a7861617c7c78627c3a
8		0 
16	|xxx|xa|axb|a|b:xx	14 7c7c7878787c7c78617c7c617862
8	||abbaxb:|x:aaa|b|:b:x:b|x|:x|	7 7c7c7c7c616262
6	b|::b|b|bab:bx|:x:x	5 627c7c7c3a
5	::x||::abbb:xba:|ba:a:|ba||xb|	4 7c3a7c3a
20	xaaxa	5 7861617861
10	xab:x:ax|x|:||	8 7861627c3a787c3a
17	a|xbb|:::b:::xbxx	15 617c7c7862627c7c7c3a7c3a7c3a62
32	::bxbx|xab|bb:a	20 7c3a7c3a627862787c7c7861627c7c62627c3a61
27	xxa|bb:xbaxb:baa:aa:xbxxb:|a	25 7878617c7c62627c3a78626178627c3a6261617c3a61617c3a
6	ba	2 6261
33	aaax|bx:a:::ax:xa	23 616161787c7c62787c3a617c3a7c3a7c3a61787c3a7861
4	xb|xxa	2 7862
22	:b:|	7 7c3a627c3a7c7c
27	||axb:|b	12 7c7c7c7c6178627c3a7c7c62
19	a|b	4 617c7c62
35	|a:	5 7c7c617c3a
19	|x|xa:bbxaxx|||x	17 7c7c787c7c78617c3a6262786178787c7c
23	aabxb|aa:|aabxa:b|b|	21 61616278627c7c61617c3a7c7c61616278617c3a62
13	|a|:bx|b|axxbb|:a	11 7c7c617c7c7c3a62787c7c
14	:	2 7c3a
20	:||xx	8 7c3a7c7c7c7c7878
34	bbx	3 626278
5	||b	4 7c7c7c7c
37	xabb|ba:	10 786162627c7c62617c3a
38	bbxxbabbb	9 626278786261626262
28	||x||bx:|	15 7c7c7c7c787c7c7c7c62787c3a7c7c
9	:bx|xa||x|babx|baxa	8 7c3a62787c7c7861
16	bxxaa:baab:xax|axbbab|	15 62787861617c3a626161627c3a7861
20	:a:xx||xb|xbxxx||	19 7c3a617c3a78787c7c7c7c78627c7c78627878
13	xbxa	4 78627861
4	|x::baabxb|aax:|b:x	2 7c7c
36	a:abx|:x:a|abaaa	21 617c3a6162787c7c7c3a787c3a617c7c6162616161
31	xx	2 7878
24	xa|x:bab:axbx:xb:x|b	22 78617c7c787c3a6261627c3a617862787c3a78627c3a
11	abbba:|a:|:xxa|b|x	9 61626262617c3a7c7c
38	|ab	4 7c7c6162
28	ax|:ba:b|:x:xxx	21 61787c7c7c3a62617c3a627c7c7c3a787c3a787878
31	|a:x::|xxaxb:axba|xxax|xb|:::	29 7c7c617c3a787c3a7c3a7c7c78786178627c3a617862617c7c78786178
20	|a|:a:xa:|xaaa|	19 7c7c617c7c7c3a617c3a78617c3a7c7c786161
29	b|b:bx|bab:aax|:axa	25 627c7c627c3a62787c7c6261627c3a6161787c7c7c3a617861
9	:bb::|b|:bxaa|a:abxaa|	8 7c3a62627c3a7c3a
25	bba|xb|	9 6262617c7c78627c7c
28	:	2 7c3a
36	|xx|||:b::a|baaxax:a||	33 7c7c78787c7c7c7c7c7c7c3a627c3a7c3a617c7c6261617861787c3a617c7c7c7c
3	a|a:|a|xbbx|::ab|xb:	1 61
38	|xxxa:x:a|:|	18 7c7c787878617c3a787c3a617c7c7c3a7c7c
19		0 
26	b:|xx::|b:|	18 627c3a7c7c78787c3a7c3a7c7c627c3a7c7c
7	aaax||a|bxaxx|xbaaaa|a	6 616161787c7c
40		0 
15	bx::aa|baxx	14 62787c3a7c3a61617c7c62617878
6	|baax:::a:x:||:x:xbbxxaax:b:|b	5 7c7c626161
3	babb:x	2 6261
7	:x:|:::aa|xxab|x:xb|	5 7c3a787c3a
19	bbxb|:xx|:b:b|:b|bba|x||xx:b|	17 626278627c7c7c3a78787c7c7c3a627c3a
28	b	1 62
13	ba:|a:bx	11 62617c3a7c7c617c3a6278
35	b:x:b::aax|xb	18 627c3a787c3a627c3a7c3a6161787c7c7862
40	:ab|x:x|:::::xx|:x	29 7c3a61627c7c787c3a787c7c7c3a7c3a7c3a7c3a7c3a78787c7c7c3a78
30	xa:::|:xx::ab|	22 78617c3a7c3a7c3a7c7c7c3a78787c3a7c3a61627c7c
29	b:|bx::|x|aa|:abba|axab|::	28 627c3a7c7c62787c3a7c3a7c7c787c7c61617c7c7c3a616262617c7c
33	bb:|ax::x:ba|	19 62627c3a7c7c61787c3a7c3a787c3a62617c7c
17	x::b|ax|xbaa|:a||	16 787c3a7c3a627c7c61787c7c78626161
35	:x|axb:baxb::bab|:x|xbb|b:x|::	33 7c3a787c7c6178627c3a626178627c3a7c3a6261627c7c7c3a787c7c7862627c7c
21	xba|babxa:xxx:a	18 7862617c7c62616278617c3a7878787c3a61
15	a:||x|	10 617c3a7c7c7c7c787c7c
37	b|b|a||x|x|b|a:aab:|	30 627c7c627c7c617c7c7c7c787c7c787c7c627c7c617c3a6161627c3a7c7c
29	|x::bb:x::|||	22 7c7c787c3a7c3a62627c3a787c3a7c3a7c7c7c7c7c7c
12	|:::xx|:b:xb:x:x||x|a	10 7c7c7c3a7c3a7c3a7878
14	:x|b:|||::xbx|ba|axbbbx:xxbbxb	12 7c3a787c7c627c3a7c7c7c7c
4	::bbxx::::	2 7c3a
11	:xx:a::|:abbbb::a|:||xb:axbb||	9 7c3a78787c3a617c3a
39	|xxabbx|:b||:b	20 7c7c7878616262787c7c7c3a627c7c7c7c7c3a62
18	bx|xab:a:a|ax:axa|a||x|a	17 62787c7c7861627c3a617c3a617c7c6178
11	xb	2 7862
13	a|	3 617c7c
32	aba	3 616261
10	b|xx::bbxx|xa||:b::x|xxxxba	9 627c7c78787c3a7c3a
39	x:xb	5 787c3a7862
20	x||	5 787c7c7c7c
40	|x|ab|bxx||a	17 7c7c787c7c61627c7c6278787c7c7c7c61
27	x|	3 787c7c
25	aaa:|a:xabx:bax:|:a	23 6161617c3a7c7c617c3a786162787c3a6261787c3a7c7c
24	:x|:bbxb:b|b|:b||xx|x|bxaabbbb	22 7c3a787c7c7c3a626278627c3a627c7c627c7c7c3a62
28		0 
16	:bab|::ba||x||xbbaxabx|x	15 7c3a6261627c7c7c3a7c3a62617c7c
26	|:xx:xaaxaab|b::b	23 7c7c7c3a78787c3a786161786161627c7c627c3a7c3a62
8	|:a|a:bx:b:abxa:	7 7c7c7c3a617c7c
12	xabbaa||b:bxbxxb||b:	10 7861626261617c7c7c7c
22	x	1 78
39	ab|baxbbaa	11 61627c7c62617862626161
37	||bb||aabx|a|xaa::b|abx|	34 7c7c7c7c62627c7c7c7c616162787c7c617c7c7861617c3a7c3a627c7c6162787c7c
3		0 
23	a|axbx|xb|bb:|:x	21 617c7c617862787c7c78627c7c62627c3a7c7c7c3a
35	a|a:xxa::|:xbb:|	24 617c7c617c3a7878617c3a7c3a7c7c7c3a7862627c3a7c7c
15	b:xaa:::bxx|x|	14 627c3a7861617c3a7c3a7c3a6278
18	x||:b:|xbb::bxxax:a:::	17 787c7c7c7c7c3a627c3a7c7c7862627c3a
16	a::aa:ab:bxbba|ab	15 617c3a7c3a61617c3a61627c3a6278
32	b:	3 627c3a
7	:xbbaa:aax|xx|a||:axb|x	6 7c3a78626261
35	ababxba:|b|baaa:ba||:	28 616261627862617c3a7c7c627c7c626161617c3a62617c7c7c7c7c3a
31	:abxx	6 7c3a61627878
35	b|b|:x:x|	14 627c7c627c7c7c3a787c3a787c7c
24	b|a:bbbbx:xx::	19 627c7c617c3a62626262787c3a78787c3a7c3a
27	xxab|bab|||:x|::aa:	26 787861627c7c6261627c7c7c7c7c7c7c3a787c7c7c3a7c3a6161
3	bx::a|:|xxaa|::a:a|:	2 6278
34	|||:::baabxaa:|x|xb:xxxa||x	33 7c7c7c7c7c7c7c3a7c3a7c3a626161627861617c3a7c7c787c7c78627c3a787878
29	ab:xbabb:	11 61627c3a78626162627c3a
8	xx:::xaaxaxx||xx|||axb:	6 78787c3a7c3a
37	:a|ax:bbxa:xb||ab|a:	28 7c3a617c7c61787c3a626278617c3a78627c7c7c7c61627c7c617c3a
27	aa	2 6161
29	ba:aax::|bx:bb:|xxbx:|xb	27 62617c3a6161787c3a7c3a7c7c62787c3a62627c3a7c7c78786278
14	xaaa::|axa|	13 786161617c3a7c3a7c7c617861
7	a	1 61
3	x||xxaxa	1 78
40	xx||x|x|:bx:xb:b|x||a|bx	35 78787c7c7c7c787c7c787c7c7c3a62787c3a78627c3a627c7c787c7c7c7c617c7c6278
10	xb::a|||||axx:x:|xxxb|a:|:x|::	9 78627c3a7c3a617c7c
4	|b:|x|ba::	2 7c7c
16	|bab|ba:|aa:bx	15 7c7c6261627c7c62617c3a7c7c6161
21	b|x|	6 627c7c787c7c
38	:|xb|x:|abxx:x|:xxaab|a:|b	36 7c3a7c7c78627c7c787c3a7c7c616278787c3a787c7c7c3a78786161627c7c617c3a7c7c
32	|:aaxax|	11 7c7c7c3a61617861787c7c
14	xbab	4 78626162
8	aa|xaxb:|:||xxbbababxa::|:aa	7 61617c7c786178
30	abb:|a||b|	15 6162627c3a7c7c617c7c7c7c627c7c
22	:bba|bx:baa:::bbxa:x	20 7c3a6262617c7c62787c3a6261617c3a7c3a7c3a
7	:xaaaxbbb|x:b:b|bab|bx:|baa|:b	6 7c3a78616161
21	a::axxaxb|a:||ab:|a:a:	20 617c3a7c3a6178786178627c7c617c3a7c7c7c7c
3	b:	1 62
4	a|xax::x:ba|ba:axab|x::|axab||	3 617c7c
17	|a:bbxbbbx|ab::a|b|:b||x:a:	16 7c7c617c3a626278626262787c7c6162
4	|abbab:::aaxabx::|:a|a	2 7c7c
14	:xbx:bxab:x:	13 7c3a7862787c3a627861627c3a
14	aax|a|	8 6161787c7c617c7c
15	:bx:a||:|xx||bx:bx|a||::b|	13 7c3a62787c3a617c7c7c7c7c3a
29	ab:|a:bbb|b|a:|xba:|:b:xb	27 61627c3a7c7c617c3a6262627c7c627c7c617c3a7c7c7862617c3a
35	|a|bx	7 7c7c617c7c6278
13	axxb|xbxb:b|aabbxx:x:bb|bx|b|	12 617878627c7c786278627c3a
27	xxa:aa::b:b:xb:xxbbbxbax|xaa	26 7878617c3a61617c3a7c3a627c3a627c3a78627c3a7878626262
28	x::xaxxb:abaxba:abbx:a:a|xxa||	26 787c3a7c3a78617878627c3a6162617862617c3a616262787c3a
6	::bxx|xbb	4 7c3a7c3a
19	:baabx:|	11 7c3a62616162787c3a7c7c
30	x|xx||:	11 787c7c78787c7c7c7c7c3a
39	ba|xa:aa:aaa:ab||axa|ba|xa|b	37 62617c7c78617c3a61617c3a6161617c3a61627c7c7c7c6178617c7c62617c7c78617c7c62
9	:a|b|xa|abaxb:b::baaba:ax	8 7c3a617c7c627c7c
36	b|bbaxa:|xba:x:axx:a::bax|xxb	35 627c7c62626178617c3a7c7c7862617c3a787c3a6178787c3a617c3a7c3a6261787c7c
36	xb:a:abab:ba|xx|::aba:bb	32 78627c3a617c3a616261627c3a62617c7c78787c7c7c3a7c3a6162617c3a6262
32	b|||ab|a|:|bb|aba|||b:||	31 627c7c7c7c7c7c61627c7c617c7c7c3a7c7c62627c7c6162617c7c7c7c7c7c
11	b|x:x:x	9 627c7c787c3a787c3a
24	|	2 7c7c
8	||ax:xx|x|ax:xb:aa:baaxxb:x	6 7c7c7c7c6178
30	abx:b|||b:xax|b|b:a|xb|:b|x|	29 6162787c3a627c7c7c7c7c7c627c3a7861787c7c627c7c627c3a617c7c
3	x:xa::a||:a:|:xax||axx|a	1 78
29	|a|bb|abaab|abb|:bbbx:xb	27 7c7c617c7c62627c7c61626161627c7c6162627c7c7c3a62626278
19	abx:b|b	9 6162787c3a627c7c62
7	axbxbb:ba:||abx:x	6 617862786262
16	|aa:|	8 7c7c61617c3a7c7c
33	aa:bba:|:|ax	17 61617c3a6262617c3a7c7c7c3a7c7c6178
27	x:x|:|axa:bxabxa|a|:xa	26 787c3a787c7c7c3a7c7c6178617c3a6278616278617c7c617c7c
6	b|a	4 627c7c61
24	bb:x|:bx::x::|	22 62627c3a787c7c7c3a62787c3a7c3a787c3a7c3a7c7c
20	b|:|xab:bbb|a:||:	18 627c7c7c3a7c7c7861627c3a6262627c7c61
23	:|:|:b:xxabba|a||:	21 7c3a7c7c7c3a7c7c7c3a627c3a7878616262617c7c
34	x:ba|	7 787c3a62617c7c
7	|axbb	6 7c7c61786262
20	a|abxa|b:xxa:axa::b	19 617c7c616278617c7c627c3a7878617c3a6178
3	xx:a:xa::|b||x|a|ax::x||xb:b	2 7878
20	:b|b|::|xbbxxb|bx	19 7c3a627c7c627c7c7c3a7c3a7c7c7862627878
11	ax|:aa|b:	10 61787c7c7c3a61617c7c
38	|xb:b|xxa	12 7c7c78627c3a627c7c787861
7	x|a	4 787c7c61
20	a|	3 617c7c
3	axa|a::b|bbxa:|b:a|x|:abb|ba|x	2 6178
20	::b|ba|x|xxx::	19 7c3a7c3a627c7c62617c7c787c7c7878787c3a
14	bbx::bxbbb:bab:aa|xxa|:	12 6262787c3a7c3a6278626262
31	xbxa:bxaa:a	13 786278617c3a627861617c3a61
24	xab:aab|b:x:	16 7861627c3a6161627c7c627c3a787c3a
16	:xa|:x||:::abbbbx:	15 7c3a78617c7c7c3a787c7c7c7c7c3a
4	:|ab	2 7c3a
7	:|:x:a:|:xa:|||b||bb	6 7c3a7c7c7c3a
14	xxx:b||xxa|axax	13 7878787c3a627c7c7c7c787861
34	b|aax::bx	12 627c7c6161787c3a7c3a6278
28	|b:a::b|ax::a	20 7c7c627c3a617c3a7c3a627c7c61787c3a7c3a61
18	|ba:::|bbaba:a:|xba|ax|:x:bxb	17 7c7c62617c3a7c3a7c3a7c7c6262616261
6	abaxb|axb	5 6162617862
26	xaaa:::	10 786161617c3a7c3a7c3a
13	:abx|x:b:b	11 7c3a6162787c7c787c3a62
17	x:aaa||x:axx:a|bxa:|aab|	16 787c3a6161617c7c7c7c787c3a617878
4	x|:xbbb:a:a:|bx|ax|xb|xx|a	3 787c7c
13	xab:bxaxaabbbxx:|:bbaa|::|	12 7861627c3a62786178616162
10	:bbb::::||a:|ax:ax|	9 7c3a6262627c3a7c3a
28	|aa:xb	8 7c7c61617c3a7862
27	babbbb:aaa::|||ba||::xxbax	25 6261626262627c3a6161617c3a7c3a7c7c7c7c7c7c62617c7c
37	||bbax:a:a:x|bx::aaax|:|	35 7c7c7c7c626261787c3a617c3a617c3a787c7c62787c3a7c3a616161787c7c7c3a7c7c
33	xax:::babba::|xbaa||xbxxx	32 7861787c3a7c3a7c3a62616262617c3a7c3a7c7c786261617c7c7c7c78627878
19	|:|xxx	9 7c7c7c3a7c7c787878
14	|:|bx:x:|:xx	13 7c7c7c3a7c7c62787c3a787c3a
34	ab|x|	7 61627c7c787c7c
16	:a|ax|bb|baaaa:xxxxa||||	15 7c3a617c7c61787c7c62627c7c6261
25	::a|b::|x|:xx	21 7c3a7c3a617c7c627c3a7c3a7c7c787c7c7c3a7878
11	x:|bbaxbax|ax:|aab|ab:a|x	10 787c3a7c7c6262617862
12	:||xaaa:x::::bax::axa:a:a|x	10 7c3a7c7c7c7c78616161
31	|:|:axbxa:x|:|bba	25 7c7c7c3a7c7c7c3a61786278617c3a787c7c7c3a7c7c626261
40	|b	3 7c7c62
18		0 
27	|||b::b::|:|b::	25 7c7c7c7c7c7c627c3a7c3a627c3a7c3a7c7c7c3a7c7c627c3a
27		0 
4	ax|axbb|aax|	2 6178
19	b|bb|:x|axab:x::a|ab||b	18 627c7c62627c7c7c3a787c7c617861627c3a
27	:x	3 7c3a78
10	:aaa	5 7c3a616161
13	aba:bxbb:baa|x:::a	11 6162617c3a627862627c3a
8	x|a:bxxax:	6 787c7c617c3a
24	:xx|	6 7c3a78787c7c
30		0 
40	|a|b|:::b:abbxxaxxx:::|x|bb	39 7c7c617c7c627c7c7c3a7c3a7c3a627c3a6162627878617878787c3a7c3a7c3a7c7c787c7c6262
29	:aaax||||xab	17 7c3a616161787c7c7c7c7c7c7c7c786162
7	:x|a|axax|b:	5 7c3a787c7c
5	x:x||a:bxb|aab|	3 787c3a
36	|aba:b|bx|	14 7c7c6162617c3a627c7c62787c7c
25	:a::ab|	11 7c3a617c3a7c3a61627c7c
3	baa:||x|a|x:abaxba:::xb|b:	2 6261
13	abxx:a|:	11 616278787c3a617c7c7c3a
7	xa:xxa	6 78617c3a7878
8	xbaxb|baaxbx:a:abaaaa	7 78626178627c7c
26	|xxxa|baa::xab|ab:|bbx|x	24 7c7c787878617c7c6261617c3a7c3a7861627c7c61627c3a
31	b:aa|xx:xx|	15 627c3a61617c7c78787c3a78787c7c
29	xab|xbx:::a|xb	19 7861627c7c7862787c3a7c3a7c3a617c7c7862
14	|a:::x:	12 7c7c617c3a7c3a7c3a787c3a
11	|xbx|:x|a::|x:|xa:xbaax	9 7c7c7862787c7c7c3a
17	bb||x|:ab|:ab:x::	15 62627c7c7c7c787c7c7c3a61627c7c
22	a|b||b:a::ba|:a|x:ba	20 617c7c627c7c7c7c627c3a617c3a7c3a62617c7c
36	||b|xb|baba:||:b:|xb:x|ab:b|::	35 7c7c7c7c627c7c78627c7c626162617c3a7c7c7c7c7c3a627c3a7c7c78627c3a787c7c
12	b:xxx|axabababx|:|a|xabax|bx	11 627c3a7878787c7c617861
13	baaxa:|||bx:aaa|	11 62616178617c3a7c7c7c7c
36	:x|b::	10 7c3a787c7c627c3a7c3a
20	b|ab:xxxbb	12 627c7c61627c3a7878786262
20	abb:|bbxx|ab:::b::	19 6162627c3a7c7c626278787c7c61627c3a7c3a
40	aaxbb	5 6161786262
24	:|:b|axab|||bx	21 7c3a7c7c7c3a627c7c617861627c7c7c7c7c7c6278
6	ax:abba:xxxaabaaa	4 61787c3a
3	bxa|:b|axbxbb:x|||b	2 6278
39	bba:b|aaab|ax:	18 6262617c3a627c7c616161627c7c61787c3a
39	:b:	5 7c3a627c3a
34	b:|bbbb:x::a::xa|:b|a||:	33 627c3a7c7c626262627c3a787c3a7c3a617c3a7c3a78617c7c7c3a627c7c617c7c
35	x|||aa|bxab:a:bb:|:|	30 787c7c7c7c7c7c61617c7c627861627c3a617c3a62627c3a7c7c7c3a7c7c
6	b|b::b|b|:|aabx:abxxa||	4 627c7c62
34	:|bxxaxb|ba|	16 7c3a7c7c6278786178627c7c62617c7c
9	bax	3 626178
31	|::xx|aaab:b::axxx|::::b|||b:	29 7c7c7c3a7c3a78787c7c616161627c3a627c3a7c3a617878787c7c7c3a
10	|||:bab:xaa:	8 7c7c7c7c7c7c7c3a
33	b:|bb|::xa:bbx	20 627c3a7c7c62627c7c7c3a7c3a78617c3a626278
8		0 
4	:xxb|aaba|abx||:bb:x	2 7c3a
20	b|x::axbxaabb||b::	18 627c7c787c3a7c3a61786278616162627c7c
24	:|a|xb:	11 7c3a7c7c617c7c78627c3a
25	|xx||:b|b|b:b|xaxbbx|:bb:	24 7c7c78787c7c7c7c7c3a627c7c627c7c627c3a627c7c7861
20	||:b|bxa:a:|b	19 7c7c7c7c7c3a627c7c6278617c3a617c3a7c7c
7	ab:aaxab|a|:||ax:aa	6 61627c3a6161
32	:x:b|a|b:|xxx:b:ba:|	30 7c3a787c3a627c7c617c7c627c3a7c7c7878787c3a627c3a62617c3a7c7c
11	x|b|b||b||aa	9 787c7c627c7c627c7c
9	axxbbbbbb|a	8 6178786262626262
22	xaaa|ab|x:	13 786161617c7c61627c7c787c3a
10	|::b:xxxax	9 7c7c7c3a7c3a627c3a
13	||	4 7c7c7c7c
7	xx:xxbxaab|xb:x|:xbxbb	6 78787c3a7878
10	|bxx	5 7c7c627878
15	x|b|axa::|xb:|xbax||xaa:|xax	13 787c7c627c7c6178617c3a7c3a
34	a||a|b|bb|x:	18 617c7c7c7c617c7c627c7c62627c7c787c3a
27	a||x:b	9 617c7c7c7c787c3a62
39	ax:ax|b|x:x	15 61787c3a61787c7c627c7c787c3a78
11	xx|x:::xa:|bx:bbb:b:|x|aab:|:b	9 78787c7c787c3a7c3a
5	xbaa:bxa|bx|||b|x|a:a	4 78626161
23	b|b:||xxxbx:|:|a||a:xbabxaax	21 627c7c627c3a7c7c7c7c78787862787c3a7c7c7c3a
26	bb:ab|a:a|:|a:|:bbxa|xb:	25 62627c3a61627c7c617c3a617c7c7c3a7c7c617c3a7c7c7c3a
30	:b:x|x|	11 7c3a627c3a787c7c787c7c
7	b:x:xba|b|:bb	6 627c3a787c3a
38	|xxx:a||b|a::b||:|:|a|:|	36 7c7c7878787c3a617c7c7c7c627c7c617c3a7c3a627c7c7c7c7c3a7c7c7c3a7c7c617c7c
36	xaa|a:	8 7861617c7c617c3a
29	:x:xxab|xxbb	15 7c3a787c3a787861627c7c78786262
32	xb|a:a:aax:a:bx::a:ax:axxx	31 78627c7c617c3a617c3a6161787c3a617c3a62787c3a7c3a617c3a61787c3a
16	:ababx|bxb:|:::axax:x|x::||	14 7c3a61626162787c7c6278627c3a
14	b:bbax:abbx	13 627c3a626261787c3a61626278
24	|bx	4 7c7c6278
23		0 
4	baxaaaba:x|xbaxaab:	3 626178
36	b:xxaxa|aax:axxb	19 627c3a78786178617c7c6161787c3a61787862
16	axbbxx	6 617862627878
7	b:|:bbb	5 627c3a7c7c
24	|bx|b:bba:xxax|	20 7c7c62787c7c627c3a6262617c3a787861787c7c
38	bx||xbbab|	13 62787c7c7c7c78626261627c7c
19	:ab|bbxa:|xbxbbaxbbx:	18 7c3a61627c7c626278617c3a7c7c78627862
5	x	1 78
10	:b:x:|xb:|:|b|a||a|	8 7c3a627c3a787c3a
18	||||xxxx:x::|xa:bax|b|xxx:	17 7c7c7c7c7c7c7c7c787878787c3a787c3a
24	abaaabaxxbaaxx|	16 61626161616261787862616178787c7c
35	a:bxa:bababxx:b	18 617c3a6278617c3a626162616278787c3a62
7	bxbaxb:xb|	6 627862617862
13	a:aaax:abaax:axx:b	12 617c3a616161787c3a616261
39	|ax|:xba:bxx:aa||	24 7c7c61787c7c7c3a7862617c3a6278787c3a61617c7c7c7c
7	b:xxax:x||bxbbxaabxaax:ab	6 627c3a787861
34	abba::ax	10 616262617c3a7c3a6178
40	xbaaab|a|ab:|x|x|a:	26 7862616161627c7c617c7c61627c3a7c7c787c7c787c7c617c3a
29	|xxa:xaba|b::x|abx|	26 7c7c7878617c3a786162617c7c627c3a7c3a787c7c6162787c7c
35	|:abx|bxaa:xa||::a:x:xbax	34 7c7c7c3a6162787c7c627861617c3a78617c7c7c7c7c3a7c3a617c3a787c3a786261
34	::||xab|a|x|aa	21 7c3a7c3a7c7c7c7c7861627c7c617c7c787c7c6161
20	x|:axxba|x|bxx	18 787c7c7c3a61787862617c7c787c7c627878
22	a|bx|	7 617c7c62787c7c
24	|	2 7c7c
34	x|||||xabbbaax|a||	26 787c7c7c7c7c7c7c7c7c7c78616262626161787c7c617c7c7c7c
14	axx:||a|aa|:ax:	12 6178787c3a7c7c7c7c617c7c
37	bb||	6 62627c7c7c7c
15	::axb:x|bba|b	14 7c3a7c3a6178627c3a787c7c6262
26	xx:|xx|	10 78787c3a7c7c78787c7c
5	a:	3 617c3a
7	|bb	4 7c7c6262
16	x|:x||:b	13 787c7c7c3a787c7c7c7c7c3a62
29	:x|ax|	9 7c3a787c7c61787c7c
25	|xab:|ax|:x|b:ba|xb:aba:bb:aa	23 7c7c7861627c3a7c7c61787c7c7c3a787c7c627c3a6261
31	xxbxa||a:aa|:xb	20 78786278617c7c7c7c617c3a61617c7c7c3a7862
24	xxb|	5 7878627c7c
17	:baab::axx|a||bbax||ax|x:	15 7c3a626161627c3a7c3a6178787c7c
36	xx|x|:xxb:xax|a|a:x|axax:|	34 78787c7c787c7c7c3a7878627c3a7861787c7c617c7c617c3a787c7c617861787c3a
30	bx:b	5 62787c3a62
40	a||:	7 617c7c7c7c7c3a
8	x||:b|x||	7 787c7c7c7c7c3a
22	abb:aaxxx	10 6162627c3a6161787878
15	b:b::::b:|x:xx|xx:||xaa	13 627c3a627c3a7c3a7c3a7c3a62
3	:b|:xbba|:b|:	2 7c3a
21	a|||axa::|aaba||aa|xx:x:	20 617c7c7c7c7c7c6178617c3a7c3a7c7c61616261
30	a|bxaabxbb|	13 617c7c62786161627862627c7c
38		0 
32	aabb|a:b	10 616162627c7c617c3a62
18	x|bab::a	11 787c7c6261627c3a7c3a61
6	b|a|	4 627c7c61
28	bb:bbxxb||xb	15 62627c3a62627878627c7c7c7c7862
11	xb:xababb|::ab:x::|:b:a:b	10 78627c3a786162616262
22	||:|x:|xb||x::b:xb:ab	20 7c7c7c7c7c3a7c7c787c3a7c7c78627c7c7c7c78
13	x|xx||ba:xbb|xba	11 787c7c78787c7c7c7c6261
39	|b:a:|xbxxaxx	17 7c7c627c3a617c3a7c7c78627878617878
3	:a:a|ba|bbxa|:a	2 7c3a
21	xxxab::xb:|	15 78787861627c3a7c3a78627c3a7c7c
40	x:aax:aa|:a|x:bb||:bbaba|	35 787c3a6161787c3a61617c7c7c3a617c7c787c3a62627c7c7c7c7c3a62626162617c7c
3	b|xxxb	1 62
8	baxxabbaab|aa	7 62617878616262
10	::aba:a:x:a::bx|xxb	9 7c3a7c3a6162617c3a
30	|aaxxbxbaxb:a:axx|:ba:baa|	28 7c7c616178786278626178627c3a617c3a6178787c7c7c3a62617c3a
30	:|||bba:a	14 7c3a7c7c7c7c7c7c6262617c3a61
22	|:||	8 7c7c7c3a7c7c7c7c
3	bbbaxx:xxbx|b:|xb:||ab|:|b	2 6262
16	:	2 7c3a
19	b:bxb:bb||xxax||x|||bx|	18 627c3a6278627c3a62627c7c7c7c78786178
17	xx:x||axb|x:b|a	15 78787c3a787c7c7c7c6178627c7c78
26	b:b:axxab:x	14 627c3a627c3a61787861627c3a78
33	bx:aaab||:aa|bxbax:x	26 62787c3a616161627c7c7c7c7c3a61617c7c62786261787c3a78
6	:|b|	4 7c3a7c7c
10	aa:a:x:|b:x||:a:	8 61617c3a617c3a78
16	:|xbax:x||x|:b|bab:bx|:xbxb:	15 7c3a7c7c786261787c3a787c7c7c7c
8	ab	2 6162
8	x:bbb:b:::a||x||a|ab:xaxa:|:x	6 787c3a626262
3	:x::b:xx|b||b|::	2 7c3a
8	||||x:x:x|||ax::|a:bax:b:|a:	6 7c7c7c7c7c7c
5	:baxxb:b|xx:|::aa:	4 7c3a6261
11	aab|bx|xxa:|bx	9 6161627c7c62787c7c
22	:xb|	6 7c3a78627c7c
31	|:x||a:x||:a|:x	25 7c7c7c3a787c7c7c7c617c3a787c7c7c7c7c3a617c7c7c3a78
25	bx	2 6278
37	ba:b::bb::|xb|b|bx|bax|ax:	35 62617c3a627c3a7c3a62627c3a7c3a7c7c78627c7c627c7c62787c7c6261787c7c6178
37	aabb||x:x||axxb::b	25 616162627c7c7c7c787c3a787c7c7c7c617878627c3a7c3a62
38	|ba|b:aax:bbb|bxbbbbbx::|::xa	37 7c7c62617c7c627c3a6161787c3a6262627c7c62786262626262787c3a7c3a7c7c7c3a7c3a
33	::|b|:xa|xaba|bx:|	27 7c3a7c3a7c7c627c7c7c3a78617c7c786162617c7c62787c3a7c7c
29	xx:xx|baa|||aa:b:x	25 78787c3a78787c7c6261617c7c7c7c7c7c61617c3a627c3a78
40	|:|xbbxaxbaxx:|:x	23 7c7c7c3a7c7c786262786178626178787c3a7c7c7c3a78
37	x:|	5 787c3a7c7c
21	b|xaa|ax:bxx	15 627c7c7861617c7c61787c3a627878
33	aab|||a|:bxa	17 6161627c7c7c7c7c7c617c7c7c3a627861
10	abbbba|a|::x:b:xxxxxa:x|bx	8 6162626262617c7c
7	:bx:x:a|b|	6 7c3a62787c3a
20	a:|x:a|ab:x|||xaxxxx	18 617c3a7c7c787c3a617c7c61627c3a787c7c
10	b||b:a:bx|aabbbxxxaxx:|::	8 627c7c7c7c627c3a
32	axbx:xxb	9 617862787c3a787862
11	bxxxa:xxb:|a:x:x|bbxxb|aax	10 62787878617c3a787862
15	|ab:axb:::x|ab	13 7c7c61627c3a6178627c3a7c3a
21	aaabab|x||xb|b|x:x|xa:a:b	20 6161616261627c7c787c7c7c7c78627c7c627c7c
15	|bbax	6 7c7c62626178
12	xa:x:b|::|a:b	10 78617c3a787c3a627c7c
9	:::	6 7c3a7c3a7c3a
20	|::|b|x|a|::baabb:xbbxxbxbaa	19 7c7c7c3a7c3a7c7c627c7c787c7c617c7c7c3a
17	||bxb|xxb|b:	15 7c7c7c7c6278627c7c7878627c7c62
3	|::xb::|x:a	2 7c7c
18	a|bx:bba	10 617c7c62787c3a626261
4	b|aba|:baxx|a:xb	3 627c7c
16	|b|:xaaa||	15 7c7c627c7c7c3a786161617c7c7c7c
11	xbbax:xx:|||:	9 78626261787c3a7878
6	axb	3 617862
34	babb:axbab:b|xb	18 626162627c3a61786261627c3a627c7c7862
17	bbb	3 626262
18	bxaa:abaa:xbxa||xab:||	16 627861617c3a616261617c3a78627861
25	xa:a:b|aa::ab:bxx|:	23 78617c3a617c3a627c7c61617c3a7c3a61627c3a627878
40	b|x|b:axx:xx:x::x|b:|::ax	37 627c7c787c7c627c3a6178787c3a78787c3a787c3a7c3a787c7c627c3a7c7c7c3a7c3a6178
24	|baaa::|xxx:baab	21 7c7c626161617c3a7c3a7c7c7878787c3a62616162
40	bb::ba|xxabax|x:	21 62627c3a7c3a62617c7c7878616261787c7c787c3a
3	b|a|xax|baabaa|a||x:|	1 62
14	:b:xaxx:ba:|a|bxxa:	13 7c3a627c3a786178787c3a6261
26	:bbbbxxaa::	14 7c3a62626262787861617c3a7c3a
4	a|aax|ab:babxb|b:x|bx|aa:bba	3 617c7c
4	:axax:ba||bbaaxa	2 7c3a
17	xxx	3 787878
14	abx:b|x:	11 6162787c3a627c7c787c3a
16	|abax::aa	12 7c7c616261787c3a7c3a6161
20		0 
19	x	1 78
33	a|xa::aa:|a	16 617c7c78617c3a7c3a61617c3a7c7c61
25	bxba:|bx:b	13 627862617c3a7c7c62787c3a62
17	xxb:x||:x:||a|||x||b|:xxx:|	15 7878627c3a787c7c7c7c7c3a787c3a
36	|||b|b|x	13 7c7c7c7c7c7c627c7c627c7c78
27	xa|x|ax|axbbbx:::x	24 78617c7c787c7c61787c7c6178626262787c3a7c3a7c3a78
6	ax|b:||xb||b	4 61787c7c
30	|bxxx|	8 7c7c627878787c7c
9	|x||aa:|||ab:a:baa||bx|a:x|x	7 7c7c787c7c7c7c
5	bx::||bbax|:b|x:x:||xbb:::b:	4 62787c3a
29	ab::ba	8 61627c3a7c3a6261
13	b|xxa	6 627c7c787861
37	a:xxb:x||	13 617c3a7878627c3a787c7c7c7c
9	|xaa|b:|bxa	7 7c7c7861617c7c
10	|:|b	7 7c7c7c3a7c7c62
40	xax:a:babxb:abbb|xaab|	27 7861787c3a617c3a62616278627c3a616262627c7c786161627c7c
3	a:|xaxb|ababa|b|	1 61
40	xbab:|xabx||a:|b:	24 786261627c3a7c7c786162787c7c7c7c617c3a7c7c627c3a
20	a|abbx:xx|xxa:b|b||x:b:|	18 617c7c616262787c3a78787c7c7878617c3a
9	||||	8 7c7c7c7c7c7c7c7c
31		0 
31	||xba|aabb:ax:a|aab|::bx:|	29 7c7c7c7c7862617c7c616162627c3a61787c3a617c7c6161627c7c7c3a
16	b:|	5 627c3a7c7c
15	:xxxxaaabaa|:||	14 7c3a787878786161616261617c7c
17	bb||:x:x:a:::|x	15 62627c7c7c7c7c3a787c3a787c3a61
32	xaa|:b	8 7861617c7c7c3a62
26	b|aaa|b|||a|:xx:axa	24 627c7c6161617c7c627c7c7c7c7c7c617c7c7c3a78787c3a
19	ab|:	6 61627c7c7c3a
38	abbb:||x:xxa|bx:a|	25 616262627c3a7c7c7c7c787c3a7878617c7c62787c3a617c7c
12	|x|xb::||xbxbxaa	11 7c7c787c7c78627c3a7c3a
14	|xab:b|xabaa|xbb||:x:x	13 7c7c7861627c3a627c7c786162
18	|a|x:aaxa||bax:bbxaxba	16 7c7c617c7c787c3a616178617c7c7c7c
26	:xa|x|xaxbx|xxa	19 7c3a78617c7c787c7c78617862787c7c787861
30	|axaxa	7 7c7c6178617861
32	ax:|a|xab|xbx:	19 61787c3a7c7c617c7c7861627c7c7862787c3a
4	x:xbx:ba	3 787c3a
8	:|:bbxabb|aabx||||bx:a|	6 7c3a7c7c7c3a
16	|a:ba:xbxxbab:|:abxab:::	15 7c7c617c3a62617c3a786278786261
6	|b|:xbaa|::|x|:xa|x:||xba	5 7c7c627c7c
3	a|xxx||:bba|:xxa:bxx:xxa	1 61
39	b||bbb|a|	13 627c7c7c7c6262627c7c617c7c
6	a	1 61
31	aab||xxx|bxbxb:a|b:bb	27 6161627c7c7c7c7878787c7c62786278627c3a617c7c627c3a6262
4	:b|::xaab	2 7c3a
31	ax|:bx:	10 61787c7c7c3a62787c3a
32	x	1 78
35	|ax:|:x:xx:bbb:	22 7c7c61787c3a7c7c7c3a787c3a78787c3a6262627c3a
19	aa:b|b:|xbabbx::||aaax:	18 61617c3a627c7c627c3a7c7c786261626278
16	|xxax:xx:|x::::	14 7c7c787861787c3a78787c3a7c7c
17	b||xbx||ba|:|x:b	16 627c7c7c7c7862787c7c7c7c62617c7c
14	b:a|x:xaxbbx::xabxa	13 627c3a617c7c787c3a78617862
30	:xxaax|b|xaa|xbaxxa:ba|baa	29 7c3a78786161787c7c627c7c7861617c7c7862617878617c3a62617c7c
9	::||aba||:bxa|x||:bx:abxxaxx|	8 7c3a7c3a7c7c7c7c
4	:||b|:||x|xxx|axx:aabb	2 7c3a
20		0 
19	a	1 61
22	ab:bx:xbb|aa|xa:::|x|bx	21 61627c3a62787c3a7862627c7c61617c7c78617c3a
15	xxaxa:a:|::axx|a:|abx|ba:|:	14 78786178617c3a617c3a7c7c7c3a
27	ax||:x:	11 61787c7c7c7c7c3a787c3a
13	:axa|	7 7c3a6178617c7c
39	xbxaxax|xbb|b:||aax	24 786278617861787c7c7862627c7c627c3a7c7c7c7c616178
33	x::aa:::bbb:x|:xbx	26 787c3a7c3a61617c3a7c3a7c3a6262627c3a787c7c7c3a786278
3	|:ab|aaxaabb|ax||xbxbaa:|:ax	2 7c7c
39	ab|	4 61627c7c
30	||:abba:x|xaa|xxaxxa	26 7c7c7c7c7c3a616262617c3a787c7c7861617c7c787861787861
31	|:ba	6 7c7c7c3a6261
40	|xbbbxabbx|:||bbaa|:||::ax:	39 7c7c7862626278616262787c7c7c3a7c7c7c7c626261617c7c7c3a7c7c7c7c7c3a7c3a61787c3a
22	aa|ba:|x|:bbb:ab:b||b:	20 61617c7c62617c3a7c7c787c7c7c3a6262627c3a
8	ax|	4 61787c7c
35	:bb:a|ax|aa:::|ba:ax::|:ab:|:	33 7c3a62627c3a617c7c61787c7c61617c3a7c3a7c3a7c7c62617c3a61787c3a7c3a
3	::|||:a:x:aa|xaa|xaba||:|a:	2 7c3a
17	|b:axa|ab|:x:ba	16 7c7c627c3a6178617c7c61627c7c7c3a
10	:xa:xxa||xba|:xax	9 7c3a78617c3a787861
3	a:xbbx|	1 61
23	a::|x::x:	15 617c3a7c3a7c7c787c3a7c3a787c3a
28	a|b:||:b|xa::|:x|ax:xax	26 617c7c627c3a7c7c7c7c7c3a627c7c78617c3a7c3a7c7c7c3a78
35	a|xx||:|:a	16 617c7c78787c7c7c7c7c3a7c7c7c3a61
3	x|xbxxx:|aaxaxx|||a:xb:a	1 78
34	:||x	7 7c3a7c7c7c7c78
26	|::	6 7c7c7c3a7c3a
24	ab|x:|b||:|xxbb|b|axa|:a:ab	22 61627c7c787c3a7c7c627c7c7c7c7c3a7c7c78786262
10	a:::|:axa:xx::x|:a	9 617c3a7c3a7c3a7c7c
12	b|xb|xx|xx:|bax	11 627c7c78627c7c78787c7c
36	aa:xbbxba:|b:	17 61617c3a7862627862617c3a7c7c627c3a
30	:a||x:xa:|xa|x:x:a|||aaaa||ab	29 7c3a617c7c7c7c787c3a78617c3a7c7c78617c7c787c3a787c3a617c7c
35	:xaaaxbb|aaa::|x||b:a	29 7c3a786161617862627c7c6161617c3a7c3a7c7c787c7c7c7c627c3a61
6	:|bbaaa|xab|x|bx|abx|a:	4 7c3a7c7c
8	bx::bba	6 62787c3a7c3a
19	|:b:aa|:	13 7c7c7c3a627c3a61617c7c7c3a
3	|:a||bbxx:a:xabbx|:	2 7c7c
33	||a|:x::|xxx	19 7c7c7c7c617c7c7c3a787c3a7c3a7c7c787878
13	:xaxa|x:|bbb	11 7c3a786178617c7c787c3a
28	bx:b	5 62787c3a62
28	aabb|a:ab:|:xx::|bxb:	27 616162627c7c617c3a61627c3a7c7c7c3a78787c3a7c3a7c7c6278
39	||::|xbx|x	16 7c7c7c7c7c3a7c3a7c7c7862787c7c78
9	b|	3 627c7c
25	|:b:a:x:|x|x	19 7c7c7c3a627c3a617c3a787c3a7c7c787c7c78
19	xbbxab:b	9 7862627861627c3a62
28	|b:xa||	11 7c7c627c3a78617c7c7c7c
28	b::x:|x	11 627c3a7c3a787c3a7c7c78
14	a|x	4 617c7c78
37	xx:b:	7 78787c3a627c3a
24	:|a|a|b:x	14 7c3a7c7c617c7c617c7c627c3a78
15	a:b::xa:|x:|:|||bx|	14 617c3a627c3a7c3a78617c3a7c7c
24	a:x|b:aaxabx:x::|b:aaaaaax|xb	22 617c3a787c7c627c3a6161786162787c3a787c3a7c3a
22	|:	4 7c7c7c3a
29		0 
8	:a:aab|ax|::a:|x|::bxb	7 7c3a617c3a6161
8	x||xb|xa|::aax|xa:x|::aa:b	7 787c7c7c7c7862
38	:xbxb:xa:xabaax	18 7c3a786278627c3a78617c3a786162616178
20	xb:b	5 78627c3a62
17	:aaaabb|ax|:x|::|	16 7c3a6161616162627c7c61787c7c7c3a
37	|aa:	6 7c7c61617c3a
25	::xb|:	10 7c3a7c3a78627c7c7c3a
19	:ax|aba||:::bbbbx	17 7c3a61787c7c6162617c7c7c7c7c3a7c3a
37	|::x|:b|x	15 7c7c7c3a7c3a787c7c7c3a627c7c78
5	:b:axxb||x	3 7c3a62
25	xax:|:b|a|xa:bx:|abaxbbaxb	23 7861787c3a7c7c7c3a627c7c617c7c78617c3a62787c3a
11	bxxax	5 6278786178
5	x:|b:ax:||b:bxbx:	3 787c3a
5	x|xx	3 787c7c
22	xb:xbaa::|x|b|a:ab:x:xa:abx:aa	20 78627c3a786261617c3a7c3a7c7c787c7c627c7c
38	b|:a|xa	10 627c7c7c3a617c7c7861
13	axaa|:bx||ab:::xb:|b||x	12 617861617c7c7c3a62787c7c
27	xabaaa:|b|b:bxaxax:|	26 7861626161617c3a7c7c627c7c627c3a6278617861787c3a7c7c
19	a	1 61
16	b|x:a:x|	12 627c7c787c3a617c3a787c7c
29	|x:bbbababx:xaaa|x||b||:::|bbb	27 7c7c787c3a62626261626162787c3a786161617c7c787c7c7c7c62
10	|:a	5 7c7c7c3a61
35	a:|a:aa|a:a|axabxxxxba||	32 617c3a7c7c617c3a61617c7c617c3a617c7c617861627878787862617c7c7c7c
9	b|:::a|:xabx|xx:|b	7 627c7c7c3a7c3a
5	|b|:axa:xxaa	3 7c7c62
4	x:bbxxax||xb	3 787c3a
27		0 
33	bxbx|	6 627862787c7c
13	:bb|x:a::bb:|b||bx	12 7c3a62627c7c787c3a617c3a
5	bb||x|bababxxa::	4 62627c7c
10	:xbxxba|a	8 7c3a786278786261
24	bbb|||:ab|a:ab:ax|xx::baaa	22 6262627c7c7c7c7c7c7c3a61627c7c617c3a61627c3a
12	ba:|ba||	10 62617c3a7c7c62617c7c
11	|a:ab	7 7c7c617c3a6162
23	:xxab:x::x	14 7c3a787861627c3a787c3a7c3a78
21	x:abb:b|b:b|x	18 787c3a6162627c3a627c7c627c3a627c7c78
30	a::|b:xxxx	14 617c3a7c3a7c7c627c3a78787878
32	||a||::b||||xbx|aba|xa	30 7c7c7c7c617c7c7c7c7c3a7c3a627c7c7c7c7c7c7c7c7862787c7c616261
32	aabxb|x:xb:ab|aa|	22 61616278627c7c787c3a78627c3a61627c7c61617c7c
32	::|:	8 7c3a7c3a7c7c7c3a
22	baaa:xxbb|a|:aaaa:ba:|x:	21 626161617c3a787862627c7c617c7c7c3a61616161
30	:a:aax:|ab:ab|	20 7c3a617c3a6161787c3a7c7c61627c3a61627c7c
34	|x:	5 7c7c787c3a
25	b::bxxbx|xa|x|xx:xbaxbxabxbbba	23 627c3a7c3a62787862787c7c78617c7c787c7c78787c3a
34	aa|:b::b::abb|bx|a|x|ba:x||b	33 61617c7c7c3a627c3a7c3a627c3a7c3a6162627c7c62787c7c617c7c787c7c6261
29	|||axxa	10 7c7c7c7c7c7c61787861
11	aa:aabxxx|b:b|:x:bab:a:b::xb	10 61617c3a616162787878
8	aa:bx::xb|bb:|b||	6 61617c3a6278
5	axa::bb|b::bbb::|:b	3 617861
5	xx|:x:bbaaa:x|bbbabx	4 78787c7c
19	:|abxx|:::b|xbb:||:x::b|x|:|	17 7c3a7c7c616278787c7c7c3a7c3a7c3a62
40	b|axbb|:xaaab|aab:b	24 627c7c617862627c7c7c3a78616161627c7c6161627c3a62
28	bx:xaxabx	10 62787c3a786178616278
40	|a|xb:b	10 7c7c617c7c78627c3a62
7	bx|	4 62787c7c
26	b|xa:|:b||b:a|:bx:ax:::|b:x:a	24 627c7c78617c3a7c7c7c3a627c7c7c7c627c3a617c7c7c3a
35	xxxx:bx:xa|xb:|bx|x::a|b|x|	33 787878787c3a62787c3a78617c7c78627c3a7c7c62787c7c787c3a7c3a617c7c62
17	||a:axx:xa|x:x|xa|	16 7c7c7c7c617c3a6178787c3a78617c7c
9	:|b||xb:b:|aa|::bbxxbxxa|::|x|	7 7c3a7c7c627c7c
28	ax	2 6178
21	xb||a|x:a	13 78627c7c7c7c617c7c787c3a61
30	x:|x|b	9 787c3a7c7c787c7c62
27	b|xbb:x|axxaabb|:aaaxb:xxa	26 627c7c7862627c3a787c7c617878616162627c7c7c3a61616178
20	xx:bx||::axx|a|:|bxaaa:::xbabx	19 78787c3a62787c7c7c7c7c3a7c3a6178787c7c
27	abxx:aab::|:a	18 616278787c3a6161627c3a7c3a7c7c7c3a61
12		0 
32	bb:b|||||abbxx|ba|aabx:b	30 62627c3a627c7c7c7c7c7c7c7c7c7c61626278787c7c62617c7c61616278
25	:xaab:||x:||ba	21 7c3a786161627c3a7c7c7c7c787c3a7c7c7c7c6261
16	aaab	4 61616162
30	x:ba:b	8 787c3a62617c3a62
16	b|||:a|a:bx	15 627c7c7c7c7c7c7c3a617c7c617c3a
39	|a||xxbb||bxba||a|b|bax:b::	37 7c7c617c7c7c7c787862627c7c7c7c627862617c7c7c7c617c7c627c7c6261787c3a627c3a
12	aa|axb|aba|a|	11 61617c7c6178627c7c6162
17	b|b|b:x|baxbbb|:axa|bxa	16 627c7c627c7c627c3a787c7c62617862
14	abbb:|:aa:bb:bab|a:bx:a|bb	12 616262627c3a7c7c7c3a6161
31	x|||:x:xxxbb|:|x:|xbb|||a	30 787c7c7c7c7c7c7c3a787c3a78787862627c7c7c3a7c7c787c3a7c7c7862
9	:baxxb|xbbaxxax:::x|xbb:|aa|b|	7 7c3a6261787862
13	|ax|bb:abba:bx|a::b||xbxbx	12 7c7c61787c7c62627c3a6162
20	b:bbb:xaabbbxb|bxaxbx|ax	18 627c3a6262627c3a78616162626278627c7c
38		0 
30	|xxa:|bx::xxa	18 7c7c7878617c3a7c7c62787c3a7c3a787861
10	|bx:x:a|b:ba|aab:axx::	9 7c7c62787c3a787c3a
30	::|abxbxx|||xab||bbb|bxa	28 7c3a7c3a7c7c6162786278787c7c7c7c7c7c7861627c7c7c7c626262
4	a	1 61
32	:aa|x|b|xab|||axxxba:bbx:x:bb	31 7c3a61617c7c787c7c627c7c7861627c7c7c7c7c7c6178787862617c3a6262
25	xxb||xax|b	13 7878627c7c7c7c7861787c7c62
20	a:ax|b|b|b:xx:ax:b	18 617c3a61787c7c627c7c627c7c627c3a7878
35		0 
13	a:bxb::	10 617c3a6278627c3a7c3a
7	a:bb:||b|	5 617c3a6262
37	|:axa|x::::bx::|bx|	30 7c7c7c3a6178617c7c787c3a7c3a7c3a7c3a62787c3a7c3a7c7c62787c7c
26	|bb	4 7c7c6262
28	|:aa:	8 7c7c7c3a61617c3a
9	a::|xba:axxa:|b|:babxa::x||||a	7 617c3a7c3a7c7c
20	|x|xaabxb:b||:|x|bba|abbab||xb	18 7c7c787c7c7861616278627c3a627c7c7c7c
7	|x:|abb|:a||	5 7c7c787c3a
38	:x::x	8 7c3a787c3a7c3a78
6	bx|:x|bab|bab||	4 62787c7c
25	ba|:||b:|	15 62617c7c7c3a7c7c7c7c627c3a7c7c
8	baa:a|:|:b:|a:bx:bx:|abx	6 6261617c3a61
34	aaa:xa:xbxa|bbb	18 6161617c3a78617c3a786278617c7c626262
7	aab|:|xbabb:b|||xb:x|xxxaxa|	5 6161627c7c
40	:abx||xxba:xxxbxx	21 7c3a6162787c7c7c7c787862617c3a787878627878
4	x||b:||bx:xbx:bx::a|xa||	3 787c7c
18	x	1 78
39	x:a:|x:xaxbb:x:x|:::b:	33 787c3a617c3a7c7c787c3a78617862627c3a787c3a787c7c7c3a7c3a7c3a627c3a
32	||bx:ab|babxax	18 7c7c7c7c62787c3a61627c7c626162786178
6	a|:|b|::||xaxbxx|x:b:b:|ba::aa	5 617c7c7c3a
7	ba||	6 62617c7c7c7c
28	bx:	4 62787c3a
13	xx|a::a:aa|bax|	12 78787c7c617c3a7c3a617c3a
10	ab:|||x||xab	8 61627c3a7c7c7c7c
34	bx|x|xb:axxbx	16 62787c7c787c7c78627c3a6178786278
30	x|aa||aa:xxba|xa:|:xbx||bb||	29 787c7c61617c7c7c7c61617c3a787862617c7c78617c3a7c7c7c3a7862
23	bbbxaxxba||b:bb||:|:b	22 6262627861787862617c7c7c7c627c3a62627c7c7c7c
21	x:a:babb:aax|x:x|ax	20 787c3a617c3a626162627c3a6161787c7c787c3a
9	aa|b|aab:|a|xa:|aaa|a|b||bxa	7 61617c7c627c7c
19	|||::bb:|a:||::x:ba:a:a|	17 7c7c7c7c7c7c7c3a7c3a62627c3a7c7c61
39	aa|:xb||::bb:|xx:b:aaax:baa	38 61617c7c7c3a78627c7c7c7c7c3a7c3a62627c3a7c7c78787c3a627c3a616161787c3a626161
5	x|baa||:b|a:bxaabxb	3 787c7c
39	axx	3 617878
3	xxxx	2 7878
9	bb:||:x	8 62627c3a7c7c7c7c
39	xxxaaxxaa:||x:bb|bb::|:|axx	37 7878786161787861617c3a7c7c7c7c787c3a62627c7c62627c3a7c3a7c7c7c3a7c7c617878
40		0 
31	xbxa:||x|xbbbxba|a	23 786278617c3a7c7c7c7c787c7c786262627862617c7c61
26	|aax|x|a|ax:|bxxbb:bx:x	24 7c7c6161787c7c787c7c617c7c61787c3a7c7c6278786262
3	b|xbxbb|bxxba:bxaa|:|b	1 62
11	babxa|ax|ab||::b:x|x	9 62616278617c7c6178
32	xaa:|abax:b:xb|baa:	25 7861617c3a7c7c616261787c3a627c3a78627c7c6261617c3a
18	b||xba:abxb:|||x:b::xxa:|::|ab	16 627c7c7c7c7862617c3a616278627c3a
19	|bbxx|	8 7c7c626278787c7c
3	|:x|:a|bbb|	2 7c7c
8		0 
26	bx||b||:x|x:xaa	22 62787c7c7c7c627c7c7c7c7c3a787c7c787c3a786161
33	bx|:	6 62787c7c7c3a
36	a:x||xab||b|x|a:b:xxbx:bxb:bx	35 617c3a787c7c7c7c7861627c7c7c7c627c7c787c7c617c3a627c3a787862787c3a6278
25		0 
20	xxaaaaxbb:bb|b:a||xx::|b:	18 7878616161617862627c3a62627c7c627c3a
13	:axba	6 7c3a61786261
7	xbx||:bx|abxb:b||xx:xabxx:ax|b	5 7862787c7c
27	:ax	4 7c3a6178
17	:ax|b	7 7c3a61787c7c62
27	bax|bbaxba|x:aa|ba	22 6261787c7c6262617862617c7c787c3a61617c7c6261
11	x||x|xxaax:b||xaxx:a|a||a:::	10 787c7c7c7c787c7c7878
22	bb:::x|a|xaaa||ax:xx:b|bab|xb	20 62627c3a7c3a7c3a787c7c617c7c786161617c7c
9	b:abx|bx||bxa:xxbxb	8 627c3a6162787c7c
34	:bbbb|	8 7c3a626262627c7c
10	x:b	4 787c3a62
39	:|x:b:b:|:|xb|a|	26 7c3a7c7c787c3a627c3a627c3a7c7c7c3a7c7c78627c7c617c7c
5	a:b|a|	3 617c3a
40	|:axabbxaax::x	18 7c7c7c3a6178616262786161787c3a7c3a78
3	:xa|x|||:|b|abx	2 7c3a
16	b:baxbb::a|aax:||x	15 627c3a62617862627c3a7c3a617c7c
23	bbb|x:|a::a:|bbbxa:xaxaa:a	22 6262627c7c787c3a7c7c617c3a7c3a617c3a7c7c6262
11	b	1 62
31	x:abaxbaa||:xxx||aabbx	28 787c3a616261786261617c7c7c7c7c3a7878787c7c7c7c6161626278
27	|b	3 7c7c62
6	||xa:a|a:x|ax	4 7c7c7c7c
14	|::xbb|b|	12 7c7c7c3a7c3a7862627c7c62
19	xa:|:b::||a	17 78617c3a7c7c7c3a627c3a7c3a7c7c7c7c
30	:x|a|:b|xx|	17 7c3a787c7c617c7c7c3a627c7c78787c7c
10	:x|	5 7c3a787c7c
37	|ba:xabaxb:x|xa:bb	23 7c7c62617c3a7861626178627c3a787c7c78617c3a6262
14	x|:b|a:xxxbba:a:bbxxb|bb||ab	13 787c7c7c3a627c7c617c3a7878
6	|axbaax|	5 7c7c617862
33		0 
10	b|x:bab|b|xbx:ab|bxxxxx	9 627c7c787c3a626162
40	ba	2 6261
20	aab|||ax|:|:b|:bx	19 6161627c7c7c7c7c7c61787c7c7c3a7c7c7c3a
39	:xa|b:	9 7c3a78617c7c627c3a
36	b:x|xxabbb:|	16 627c3a787c7c7878616262627c3a7c7c
22	ab||:xxxbx::b:a|xx|::b	20 61627c7c7c7c7c3a78787862787c3a7c3a627c3a
32	|:|aa|b|bbabbb|xxaabxax|xa:|	31 7c7c7c3a7c7c61617c7c627c7c6262616262627c7c78786161627861787c7c
35	a	1 61
33	a::a|::::bxax:|aba|a::	32 617c3a7c3a617c7c7c3a7c3a7c3a7c3a627861787c3a7c7c6162617c7c617c3a
20	axxba|bab|b:xbabab:axa|:||x	19 61787862617c7c6261627c7c627c3a78626162
4	a:x:a:x:ab:bx:xxbx|:a::b::	3 617c3a
17	a:xxxa:|	11 617c3a787878617c3a7c7c
29	:axx	5 7c3a617878
32	ax|x||x:axb|axaaab:b|:bxx|b	30 61787c7c787c7c7c7c787c3a6178627c7c6178616161627c3a627c7c7c3a
36	|ax	4 7c7c6178
16	b:b|bb:::bxa|:	14 627c3a627c7c62627c3a7c3a7c3a
13	xx||b	7 78787c7c7c7c62
12	b:xa||a::|:abb|a|:aaaxb	10 627c3a78617c7c7c7c61
33	aa:|x|aaa:x|b:	20 61617c3a7c7c787c7c6161617c3a787c7c627c3a
29	||a|b|a:baba|b:b:|axa|a:x|b|	27 7c7c7c7c617c7c627c7c617c3a626162617c7c627c3a627c3a7c7c
21	|b|bxbb:x|xb:::||b:||x|xxxxa	20 7c7c627c7c627862627c3a787c7c78627c3a7c3a
15	abbx:|::bbx	14 616262787c3a7c7c7c3a7c3a6262
21	|xax||b::||bx|b:x|::aa:||	20 7c7c7861787c7c7c7c627c3a7c3a7c7c7c7c6278
21	aaax|	6 616161787c7c
39	aa|xbbbbax|:xaab:axaa:|ab:bx	35 61617c7c786262626261787c7c7c3a786161627c3a617861617c3a7c7c61627c3a6278
18	a|a:bxbbaxa||a::b|a	17 617c7c617c3a627862626178617c7c7c7c
3	a:b:bbax:::x|baa|||xxx:	1 61
32	ax|axbx:	10 61787c7c617862787c3a
7	aaxa|xaxaab:x|xb:a|	6 616178617c7c
32	:b:b:a|bxb	14 7c3a627c3a627c3a617c7c627862
35	baaa::x:xx:b	16 626161617c3a7c3a787c3a78787c3a62
24	:a|bxb||:	14 7c3a617c7c6278627c7c7c7c7c3a
4	x:x:|b:xa	3 787c3a
10	ax|:abbax|b|	9 61787c7c7c3a616262
29	:b	3 7c3a62
35	axabaxx|x|:xax|:b|	24 617861626178787c7c787c7c7c3a7861787c7c7c3a627c7c
32	xabxa:bbababab:babb:	23 78616278617c3a62626162616261627c3a626162627c3a
38	aaa|xa|b|||b	17 6161617c7c78617c7c627c7c7c7c7c7c62
24	bbba:xb:	10 626262617c3a78627c3a
19	:a|	5 7c3a617c7c
17	ba|abbab|:bbb:::|a|x|a|axaa	16 62617c7c61626261627c7c7c3a626262
28	:	2 7c3a
39	|xx:|bx	10 7c7c78787c3a7c7c6278
15	xabbbb:|bba|ba	13 7861626262627c3a7c7c626261
39	a:a:b	7 617c3a617c3a62
27	:a|xx:bxxxxbabb::bx	24 7c3a617c7c78787c3a6278787878626162627c3a7c3a6278
5	bxx:a	3 627878
9	xx	2 7878
17	bxa:bxbx|:	13 6278617c3a627862787c7c7c3a
3	abba|	2 6162
31	aa::|||xbxa:	18 61617c3a7c3a7c7c7c7c7c7c786278617c3a
16	xb||	6 78627c7c7c7c
12	:xabx	6 7c3a78616278
32		0 
22	:baa:|x|ab:	16 7c3a6261617c3a7c7c787c7c61627c3a
32	|babaaxbx	10 7c7c6261626161786278
22	:aa|	6 7c3a61617c7c
5	|b|xabbx::|xab:||:xa:xa:xba|xa	3 7c7c62
3	|:bxa|bxx|x|bxx	2 7c7c
22	:xabb|ba|xb::|bx|abb|	20 7c3a786162627c7c62617c7c78627c3a7c3a7c7c
29	|xx:ab:|ab:a|:|:|	27 7c7c78787c3a61627c3a7c7c61627c3a617c7c7c3a7c7c7c3a7c7c
4	bbxbb::a:bbab	3 626278
27	b:bbaa:x|xx:|	18 627c3a626261617c3a787c7c78787c3a7c7c
17	axxa::x||:a:aabaaabx	15 617878617c3a7c3a787c7c7c7c7c3a
23	|:a:|b:b|:bx|a|	21 7c7c7c3a617c3a7c7c627c3a627c7c7c3a62787c7c
26		0 
24	::|bx	8 7c3a7c3a7c7c6278
38	:ax:|::xa:bb	18 7c3a61787c3a7c7c7c3a7c3a78617c3a6262
9	bb:xaxbb|	8 62627c3a78617862
9	b:a|a|xa|bbx|ax|:|aa|xaa|	7 627c3a617c7c61
11	:	2 7c3a
11	xxab|:a::::xaaxaxa|xa:|a|bb:a	9 787861627c7c7c3a61
13	:a	3 7c3a61
6	|ab:xax:ba|a::baa|bxx:a||	4 7c7c6162
23	xa:bbba|axb|a	16 78617c3a626262617c7c6178627c7c61
17	bxb|a|a|xba|axaxb	16 6278627c7c617c7c617c7c7862617c7c
7	xxb|||b::b|a|bbxax:aba:a:	5 7878627c7c
3	:ba	2 7c3a
40	|a|a|:babba|xabb:b:axa	29 7c7c617c7c617c7c7c3a62616262617c7c786162627c3a627c3a617861
40	axb	3 617862
11	:|b:|aa|aaa|bxab:|aba	9 7c3a7c7c627c3a7c7c
31	axb:x	6 6178627c3a78
5	b	1 62
19	a|xb:a:xxa:|abx	17 617c7c78627c3a617c3a7878617c3a7c7c
27	b:ax::a|xxbaxxaxb|xab:x|aab	26 627c3a61787c3a7c3a617c7c7878626178786178627c7c786162
10	:|xb:xb|axa::a:ax	8 7c3a7c7c78627c3a
4		0 
35	:|:bb|bbaaxxxxbxab:||:a	31 7c3a7c7c7c3a62627c7c6262616178787878627861627c3a7c7c7c7c7c3a61
4		0 
11	x:aaxxb:ax	10 787c3a61617878627c3a
10	x:a::xxb:|x	8 787c3a617c3a7c3a
28	x|:|aa:aaax|b|ab|xa:b	26 787c7c7c3a7c7c61617c3a616161787c7c627c7c61627c7c7861
20	x|::bbbbaaxb|b||b|b:bxa::	18 787c7c7c3a7c3a62626262616178627c7c62
28	x|:axbab:x||::bb|x:|::|x	26 787c7c7c3a61786261627c3a787c7c7c7c7c3a7c3a62627c7c78
21	xx:bxa|x:||xxxabab|	20 78787c3a6278617c7c787c3a7c7c7c7c78787861
35	a:xb|xa||:b:|b	21 617c3a78627c7c78617c7c7c7c7c3a627c3a7c7c62
34	baaba::xxxxxxb|bbbb:b||::b|b	33 62616162617c3a7c3a787878787878627c7c626262627c3a627c7c7c7c7c3a7c3a
27	xb:	4 78627c3a
24	|axa	5 7c7c617861
3	:b:xx:x|:bxx|ab::abaaaba|	2 7c3a
5	aax|a	3 616178
11	|:|xx|axba|bbx::bbx|:abaa|bb	10 7c7c7c3a7c7c78787c7c
10	:ba|x	7 7c3a62617c7c78
10	aa:	4 61617c3a
18	abx:xxxa|a::babxbb	16 6162787c3a787878617c7c617c3a7c3a
34	:axb|xxx|aaaxaa|a	21 7c3a6178627c7c7878787c7c6161617861617c7c61
4	:a::a|ab|::||a|xa:xabaaa	2 7c3a
19	b|x::x:|||ba||:x:xx|bxxxa	17 627c7c787c3a7c3a787c3a7c7c7c7c7c7c
5	x|bbba||aa:xbax:xx|b|x|b||	3 787c7c
25	bbabbxa:xb|	13 626261626278617c3a78627c7c
28	:b:a:a||:|::b|a|:::x:	27 7c3a627c3a617c3a617c7c7c7c7c3a7c7c7c3a7c3a627c7c617c7c
19	||xa|xxxx|:b:	17 7c7c7c7c78617c7c787878787c7c7c3a62
34	xbxbaa||b|a|x|ba:axa|ax|x	32 7862786261617c7c7c7c627c7c617c7c787c7c62617c3a6178617c7c61787c7c
16	xaaxababbab|:xax||||:b|||	15 78616178616261626261627c7c7c3a
34	bxaxaxb:|bx:|b:||abb::a	32 627861786178627c3a7c7c62787c3a7c7c627c3a7c7c7c7c6162627c3a7c3a61
23	bxb	3 627862
36	:a||xb:baa|ba|:xbaxa||:aa	35 7c3a617c7c7c7c78627c3a6261617c7c62617c7c7c3a78626178617c7c7c7c7c3a6161
3	:||xab|aaa|a:xx::|ab|	2 7c3a
10	bba|xbaab:x::x|a||x::a:b:xaa	9 6262617c7c78626161
12	|x:|b:|::ax|a:|||::ab	10 7c7c787c3a7c7c627c3a
33	:xb:bbbbxbx||||:ax|a|:::xxxxxa	32 7c3a78627c3a626262627862787c7c7c7c7c7c7c7c7c3a61787c7c617c7c7c3a
35	|a:||::|bxbabx	21 7c7c617c3a7c7c7c7c7c3a7c3a7c7c627862616278
22	bxxxb:|:axxaa||x|abx|b:|:bx	20 62787878627c3a7c7c7c3a61787861617c7c7c7c
3	bxb|bx|:b|axx|xxa	2 6278
6	xxxxb:xba|xxxxxabx	5 7878787862
19	|||::a::|b	17 7c7c7c7c7c7c7c3a7c3a617c3a7c3a7c7c
34	x	1 78
23	a|a:ax|xab	13 617c7c617c3a61787c7c786162
9	xa|x|aa|:	7 78617c7c787c7c
5	bbax|||xx|||a:a||bbba::	4 62626178
3	||a||:|:x||b|	2 7c7c
5	:b|	3 7c3a62
26	xaabbxxxaaa:||ax:ax||b|b	25 78616162627878786161617c3a7c7c7c7c61787c3a61787c7c
21	x:ax:b|ab:b|abaaa|	20 787c3a61787c3a627c7c61627c3a627c7c616261
9	|aab|:|a::|::axxa|x:|x:bxab:	7 7c7c6161627c7c
21	:a|bbx|x:xxa:aa::xxxb:bxx:	20 7c3a617c7c6262787c7c787c3a7878617c3a6161
26	a:b:|:|b:x|b:aa:b|a|b|bb	25 617c3a627c3a7c7c7c3a7c7c627c3a787c7c627c3a61617c3a
21	axa|b|xaaaa||xab|xa|x|bbb||::b	20 6178617c7c627c7c78616161617c7c7c7c786162
24	::b|xa::x|:xab|b|x||x	23 7c3a7c3a627c7c78617c3a7c3a787c7c7c3a7861627c7c
40	b|	3 627c7c
18	:b:aaxb:xax|:	16 7c3a627c3a616178627c3a7861787c7c
7	|x|x|x|::b:|a	5 7c7c787c7c
15	bb|xb|b:xxbxb:x|b:a	14 62627c7c78627c7c627c3a787862
38	bab|b:|ax|xaxx|a	21 6261627c7c627c3a7c7c61787c7c786178787c7c61
26	:aaa|bbbab:a|:abxb	23 7c3a6161617c7c62626261627c3a617c7c7c3a61627862
12	b|b:xa|b|a:xbxb|b||x|x|:|	10 627c7c627c3a78617c7c
11	b|xxxa|:bxxx:	9 627c7c787878617c7c
16	:|xb|b:a:|x|bb|||b:|b:b:	14 7c3a7c7c78627c7c627c3a617c3a
35	x|xx|:a::axa|aababb	25 787c7c78787c7c7c3a617c3a7c3a6178617c7c616162616262
26	baxx:x:||xba:|xaa|xb	25 626178787c3a787c3a7c7c7c7c7862617c3a7c7c7861617c7c
9	x|xb|:xbax||bbaxx|b|baxxb:b	7 787c7c78627c7c
38	:a:x:|a:xxx|::	22 7c3a617c3a787c3a7c7c617c3a7878787c7c7c3a7c3a
31		0 
39	aaa|x:x:axbb|x:b||:xbax|:xabbb	38 6161617c7c787c3a787c3a617862627c7c787c3a627c7c7c7c7c3a786261787c7c7c3a786162
24	:axxbb||::::xx::x:aabx	23 7c3a61787862627c7c7c7c7c3a7c3a7c3a7c3a78787c3a
22	|x	3 7c7c78
32	b|bx|b:::|abbaxaxb|:|b:b:a:	30 627c7c62787c7c627c3a7c3a7c3a7c7c61626261786178627c7c7c3a7c7c
30	a:|:	7 617c3a7c7c7c3a
23	|a||||::::bxbab|b:	22 7c7c617c7c7c7c7c7c7c7c7c3a7c3a7c3a7c3a627862
12	axbxb::a:a|||xab|:|b:a|a:x:b	10 61786278627c3a7c3a61
15	xbxxaa:b|aabaxa:bx	14 7862787861617c3a627c7c616162
40	||ax||a:	13 7c7c7c7c61787c7c7c7c617c3a
34	||	4 7c7c7c7c
27	axx:|b|||:x|xx:axab|ba|	26 6178787c3a7c7c627c7c7c7c7c7c7c3a787c7c78787c3a617861
5	:|aaa|b:x||:xx|	4 7c3a7c7c
21	|babaxb:ba:xxaba||x||:xxbxx|a	19 7c7c6261626178627c3a62617c3a7878616261
16	bxbxb	5 6278627862
22	xabab:b|bbx::|ab	21 78616261627c3a627c7c6262787c3a7c3a7c7c6162
24	|::xb:x:|	15 7c7c7c3a7c3a78627c3a787c3a7c7c
15	a:b::baaaba|	14 617c3a627c3a7c3a626161616261
37	bx|:||:abax	16 62787c7c7c3a7c7c7c7c7c3a61626178
27	:a|b:||||b:xxxa:a:|	25 7c3a617c7c627c3a7c7c7c7c7c7c7c7c627c3a787878617c3a
18	aaax|abxbx|x|	16 616161787c7c61627862787c7c787c7c
23	aaxbxbx	7 61617862786278
16	:||:|	10 7c3a7c7c7c7c7c3a7c7c
34	x	1 78
17	||bb|b:xb|b:||:a|bx:b::|:b:	15 7c7c7c7c62627c7c627c3a78627c7c
40	|||:xb:ab|ab:|b||a::x	33 7c7c7c7c7c7c7c3a78627c3a61627c7c61627c3a7c7c627c7c7c7c617c3a7c3a78
15	:	2 7c3a
22	b:|x:|x:|a:xba|baa	21 627c3a7c7c787c3a7c7c787c3a7c7c617c3a786261
40	a|ba	5 617c7c6261
17	:a	3 7c3a61
20	b|||bxx	10 627c7c7c7c7c7c627878
18	|bxb||x|a:|:babxb|aa	17 7c7c6278627c7c7c7c787c7c617c3a7c7c
35	b|x|xa|a:a|xaaxax|b|:xa|bx:|	33 627c7c787c7c78617c7c617c3a617c7c7861617861787c7c627c7c7c3a78617c7c
12	x::::x:aa:xbx::x	10 787c3a7c3a7c3a7c3a78
15	aaaa||aaxx::|b:b|a|||	14 616161617c7c7c7c616178787c3a
17		0 
38	|xxx:xxb||||:||a:abx|	32 7c7c7878787c3a7878627c7c7c7c7c7c7c7c7c3a7c7c7c7c617c3a6162787c7c
40		0 
7	x:b:b|ax::xxbb:ba|a:	6 787c3a627c3a
39	ba|:x:b:b|x:bbxbax:|ax:a||:a	37 62617c7c7c3a787c3a627c3a627c7c787c3a6262786261787c3a7c7c61787c3a617c7c7c7c
35	|	2 7c7c
29	xxbbbx::b||ax||axxx::|x	27 7878626262787c3a7c3a627c7c7c7c61787c7c7c7c617878787c3a
26	ab:|b|:a|xxbab|:b|:axbbbaaa:::	24 61627c3a7c7c627c7c7c3a617c7c78786261627c7c7c3a62
20	:x||:|a	12 7c3a787c7c7c7c7c3a7c7c61
35	|abaaab|:xab:	17 7c7c6162616161627c7c7c3a7861627c3a
17	xab|:bxxxxb|:bxx||	15 7861627c7c7c3a6278787878627c7c
38	x:x	4 787c3a78
34	:x:b|x:bba|:xbaxax	24 7c3a787c3a627c7c787c3a6262617c7c7c3a786261786178
24	:x|xbx|xx|	14 7c3a787c7c7862787c7c78787c7c
37	|bb:bbxb	10 7c7c62627c3a62627862
23	|x|bb:	9 7c7c787c7c62627c3a
39	:	2 7c3a
13	|b|b	6 7c7c627c7c62
13	a:|:|xaa	12 617c3a7c7c7c3a7c7c786161
39	b:::bxab|b|bxxbxbb|x:b:baba|:	37 627c3a7c3a7c3a627861627c7c627c7c627878627862627c7c787c3a627c3a626162617c7c
7		0 
24	baaaax|b|bbabax:a	20 6261616161787c7c627c7c6262616261787c3a61
13	ax||:|bba|xa:x|a:	12 61787c7c7c7c7c3a7c7c6262
37	a:|b|||x|:	17 617c3a7c7c627c7c7c7c7c7c787c7c7c3a
11	||b||b::x|:b:|:	9 7c7c7c7c627c7c7c7c
12	|xxx::x||a	10 7c7c7878787c3a7c3a78
37	bxab	4 62786162
17	xaaxa::::ax|baba|	15 78616178617c3a7c3a7c3a7c3a6178
6	:aa|xb|bx|:bx:|abaxxb:	4 7c3a6161
33	b|x:x||a|||:|x|b|a::b:|xb||b	31 627c7c787c3a787c7c7c7c617c7c7c7c7c7c7c3a7c7c787c7c627c7c617c3a
16	b|ba|:	9 627c7c62617c7c7c3a
12	bbxxbaa|x|bab::aa||xa:|ba|axa	10 626278786261617c7c78
13	a:	3 617c3a
25	xab::|baab|||a	20 7861627c3a7c3a7c7c626161627c7c7c7c7c7c61
19	a:a|a:ba||	15 617c3a617c7c617c3a62617c7c7c7c
5	|ba|aabb:|ab|:aaxx:aaxxbx::xaa	4 7c7c6261
20	:x|:	7 7c3a787c7c7c3a
22	||xxabxabxba|:a|	21 7c7c7c7c787861627861627862617c7c7c3a617c7c
12	|:aa:axaxb:|bbbb:||ab	11 7c7c7c3a61617c3a617861
6	|b|a|:xa:bab||:	5 7c7c627c7c
5	bbb|||ax:b|x|aabb:a	3 626262
33	:axbx	6 7c3a61786278
29	b	1 62
30	b|axx:b::::abxaxx|a:a	28 627c7c6178787c3a627c3a7c3a7c3a7c3a6162786178787c7c617c3a
23	aa|ax|xa|:|b|x:x:ax|:	22 61617c7c61787c7c78617c7c7c3a7c7c627c7c787c3a
11	:|baabbax|bx||a:bxbx|b|b|xx:	10 7c3a7c7c626161626261
31	a:x:||:xb:|xaa	21 617c3a787c3a7c7c7c7c7c3a78627c3a7c7c786161
18	xax|xa::|bxbxb:|babx:a|baxa|	17 7861787c7c78617c3a7c3a7c7c62786278
19	xbx	3 786278
23	xbx:|x:xa:a	15 7862787c3a7c7c787c3a78617c3a61
38	xx:bxa|a:||baaba:xb:|axax|	35 78787c3a6278617c7c617c3a7c7c7c7c62616162617c3a78627c3a7c7c617861787c7c
15	ba|:|xaa|babx:aba:	13 62617c7c7c3a7c7c7861617c7c
17	:aba:||:ab:|:	15 7c3a6162617c3a7c7c7c7c7c3a6162
22	x	1 78
17	x:xx|b|bba:xax:|	15 787c3a78787c7c627c7c6262617c3a
10	ax:b:b:ab::ax:x|axa||ax:x||a	8 61787c3a627c3a62
38	:ab|bxa:|b|ab:abxabbx|ba:|x:	36 7c3a61627c7c6278617c3a7c7c627c7c61627c3a616278616262787c7c62617c3a7c7c78
16	a:::::x|b|aab:b|x|xbxxb	14 617c3a7c3a7c3a7c3a7c3a787c7c
3	:	2 7c3a
13	|bx:|b:xx|ab::axaxbb:|xxx|b:a	11 7c7c62787c3a7c7c627c3a
21	xax:|b:|x::x:aa:ab:x	20 7861787c3a7c7c627c3a7c7c787c3a7c3a787c3a
14	::|:|:|ax::	12 7c3a7c3a7c7c7c3a7c7c7c3a
29	x|ba:a|xb	12 787c7c62617c3a617c7c7862
15	|bb|	6 7c7c62627c7c
39	bbb||	7 6262627c7c7c7c
15	b|:b	6 627c7c7c3a62
25	||||bx|xbbb|:|ab	24 7c7c7c7c7c7c7c7c62787c7c786262627c7c7c3a7c7c6162
32	bbabb|aabaxb|abaabxabb:	26 62626162627c7c6161626178627c7c6162616162786162627c3a
6	baab::bab:bx|a:	4 62616162
26	x|bab|xx|:a:ax|a|:||b	24 787c7c6261627c7c78787c7c7c3a617c3a61787c7c617c7c
32	|::ax:|b:bb|baaa|	25 7c7c7c3a7c3a61787c3a7c7c627c3a62627c7c626161617c7c
7	a	1 61
27	abba	4 61626261
40	:ba||x|abaa::bbx::xbb:bbaba	36 7c3a62617c7c7c7c787c7c616261617c3a7c3a6262787c3a7c3a7862627c3a6262616261
15	:bxxxx|:|aa|xbbbbx|bbab:a|ax|	13 7c3a62787878787c7c7c3a7c7c
14	|	2 7c7c
9	aa:a|:ax:xx:a|bxb:x|:x:|bb|	7 61617c3a617c7c
12	:aaba||b||bbb|::|:b|bx:a|:|a	10 7c3a616162617c7c7c7c
12	|abbx|||b|	10 7c7c616262787c7c7c7c
20	|ba|a:|::xbxx::|a|x|:ax|:	19 7c7c62617c7c617c3a7c7c7c3a7c3a78627878
32	bxab||bb||	14 627861627c7c7c7c62627c7c7c7c
30	xaa|xbbbb::|xx|:xa|xx	28 7861617c7c78626262627c3a7c3a7c7c78787c7c7c3a78617c7c7878
26	::::a:|xx|xaxaxxx:ba|bx:ab	24 7c3a7c3a7c3a7c3a617c3a7c7c78787c7c78617861787878
4	abax:a|xb||:|	3 616261
28	b::ax	7 627c3a7c3a6178
7	::x::::|xba|a|	5 7c3a7c3a78
3	x:ba|babb:aabb	1 78
11		0 
4	xa:b||axa	2 7861
11	|xx|b|b|	9 7c7c78787c7c627c7c
15	|:||bba:axbxxabb|::ax|	13 7c7c7c3a7c7c7c7c6262617c3a
13	xx:bxxa:|x:bb	12 78787c3a627878617c3a7c7c
37	bbaxbx:	8 6262617862787c3a
39		0 
21	:||axxa:a:xx:a|bbx	19 7c3a7c7c7c7c617878617c3a617c3a78787c3a
18	|	2 7c7c
15	ba:|a:a|bxa|xaaaabxxbaxbbaxx|	14 62617c3a7c7c617c3a617c7c6278
10	|bb|:x|::|a:x:bab|	8 7c7c62627c7c7c3a
29	abx:|axxx||aa:||b|:	28 6162787c3a7c7c617878787c7c7c7c61617c3a7c7c7c7c627c7c7c3a
39	b||||aa|xaa::xxb|	25 627c7c7c7c7c7c7c7c61617c7c7861617c3a7c3a7878627c7c
39	|:axaa:x|	13 7c7c7c3a617861617c3a787c7c
11	x|x	4 787c7c78
8	b|b:	6 627c7c627c3a
12	xx|axxax:x	11 78787c7c61787861787c3a
22	|aa:bx|||aaxa|x|:|xbx:bbb:axxx	20 7c7c61617c3a62787c7c7c7c7c7c616178617c7c
20	x:a	4 787c3a61
15	a:x|aa	8 617c3a787c7c6161
19	a||:|bx::aa||baaabx:	17 617c7c7c7c7c3a7c7c62787c3a7c3a6161
27	:	2 7c3a
15	bbax:a:||b	13 626261787c3a617c3a7c7c7c7c
23	x|b||bbbx|:x::aaxa|bxa||||	21 787c7c627c7c7c7c626262787c7c7c3a787c3a7c3a
4	a|x:	3 617c7c
31	bb|axb|:xax:x:|abxxbax:bxa	30 62627c7c6178627c7c7c3a7861787c3a787c3a7c7c616278786261787c3a
24	xx|:|abx::|abb::|bxx	22 78787c7c7c3a7c7c6162787c3a7c3a7c7c6162627c3a
39	||b:bxababx:a|b|:|:a	29 7c7c7c7c627c3a627861626162787c3a617c7c627c7c7c3a7c7c7c3a61
12	bb|ax:x|b||ax	11 62627c7c61787c3a787c7c
9		0 
36	|xa|x|xbbax:a|x|	22 7c7c78617c7c787c7c78626261787c3a617c7c787c7c
18	xbxbabxaxbb||:	17 78627862616278617862627c7c7c7c7c3a
9	b|b|x|||x|xx	7 627c7c627c7c78
19	abb||xa|xxb|aaa|x|x:a:	18 6162627c7c7c7c78617c7c7878627c7c6161
11	ab:|:|bbaaxx||bbxb|a:	10 61627c3a7c7c7c3a7c7c
14	:ax:|x|:x:bba|:bb|aa	13 7c3a61787c3a7c7c787c7c7c3a
26	b|:ax|baaxbaba:b|:bx	24 627c7c7c3a61787c7c62616178626162617c3a627c7c7c3a
25	:||a:|::|aa:axbx|ab:|:	24 7c3a7c7c7c7c617c3a7c7c7c3a7c3a7c7c61617c3a617862
11	ax|xx|:ab|||bax|:b|x	10 61787c7c78787c7c7c3a
21	x:x:	6 787c3a787c3a
40	xaaaax||bbb||bbbbbxxb	25 7861616161787c7c7c7c6262627c7c7c7c6262626262787862
30	|::a:a	10 7c7c7c3a7c3a617c3a61
40	:b:	5 7c3a627c3a
27	bx|xa:|:b|axaax|	22 62787c7c78617c3a7c7c7c3a627c7c61786161787c7c
35	x	1 78
9	a|:a|::a:abxa|a||baaa|:|x	8 617c7c7c3a617c7c
20	:::|b:x|b|a:a:x|||x:x	18 7c3a7c3a7c3a7c7c627c3a787c7c627c7c61
21	bbb:axa::a:xx|a|:::bx:xax:||	19 6262627c3a6178617c3a7c3a617c3a78787c7c
37	|:bb|x:a|x:a|x||b:b|bba	34 7c7c7c3a62627c7c787c3a617c7c787c3a617c7c787c7c7c7c627c3a627c7c626261
6	b:ba	5 627c3a6261
37	||:a|aaxxb	14 7c7c7c7c7c3a617c7c6161787862
21	|x||a:|bx:|b||ba||b:x:bx:||b	19 7c7c787c7c7c7c617c3a7c7c62787c3a7c7c62
9	:b:b:|::||b|b|aa|ax|a|	8 7c3a627c3a627c3a
38	:|abbbx||a:xaaabaxa:|	28 7c3a7c7c61626262787c7c7c7c617c3a78616161626178617c3a7c7c
7	|xxx	5 7c7c787878
13	:|bb:|aaaababba:||aaxba	12 7c3a7c7c62627c3a7c7c6161
32		0 
22	ba::|a|:||axx|::	20 62617c3a7c3a7c7c617c7c7c3a7c7c7c7c617878
19	||bb|||:x|b::|xa|	17 7c7c7c7c62627c7c7c7c7c7c7c3a787c7c
23	x:aa|||b	12 787c3a61617c7c7c7c7c7c62
24	|||:a:x	12 7c7c7c7c7c7c7c3a617c3a78
19	xx|xbb|ab|aaax	17 78787c7c7862627c7c61627c7c61616178
31		0 
12	a	1 61
33	|||a:xa:axaa	17 7c7c7c7c7c7c617c3a78617c3a61786161
14	xabb:xaa||aax::ab:ax:bb	13 786162627c3a7861617c7c7c7c
18		0 
3	x|:bx:bxx::aa:|:|aa:bx|aa:	1 78
33	:aa:baxxa	11 7c3a61617c3a6261787861
32	|::	6 7c7c7c3a7c3a
24	xxaa:a|a:xb	14 787861617c3a617c7c617c3a7862
30	aaxabxbx:a|::a|b::baa:|b	28 61617861627862787c3a617c7c7c3a7c3a617c7c627c3a7c3a626161
30	xxaxxbb	7 78786178786262
23	::xb:x:ba||bx:::|x	21 7c3a7c3a78627c3a787c3a62617c7c7c7c62787c3a
20	xbaabaxa||:|abxxxxax:a|:::aa	19 78626161626178617c7c7c7c7c3a7c7c616278
4	|||b:	2 7c7c
22	x:a:ababaabxbbx|ax	21 787c3a617c3a61626162616162786262787c7c6178
24	::::a:aab	14 7c3a7c3a7c3a7c3a617c3a616162
4	:abxbaa	2 7c3a
35	babba::|aaax|xbxbx|b:xx|:x|bx	33 62616262617c3a7c3a7c7c616161787c7c78627862787c7c627c3a78787c7c7c3a
19	ax:ax|aa|ba::|x	18 61787c3a61787c7c61617c7c62617c3a7c3a
34	b|bbx	6 627c7c626278
16	bbx|xaxa:xb|||::a||:a::|||	15 6262787c7c786178617c3a78627c7c
8	xa::axx||:b|aabaabbxxbb|:::||a	6 78617c3a7c3a
35	b|xx|xxx:|::|x::xaa:a|b|baa	33 627c7c78787c7c7878787c3a7c7c7c3a7c3a7c7c787c3a7c3a7861617c3a617c7c
38	:x	3 7c3a78
14	x:b:xxxb	10 787c3a627c3a78787862
32	|baabb:ab||:b:	20 7c7c62616162627c3a61627c7c7c7c7c3a627c3a
7	a:baxabx:x:||xbxbx	6 617c3a626178
9	aa|xab|bxxaa:bx:axaabbaa|	7 61617c7c786162
6	|xbbxax::|x:|xaa:bbxb|b:xxxb	5 7c7c786262
32	xaa|:	7 7861617c7c7c3a
18	a:b:a|||x:	16 617c3a627c3a617c7c7c7c7c7c787c3a
39	ba:|a::|a	14 62617c3a7c7c617c3a7c3a7c7c61
8	b:||xxbbx:|xa||:||	7 627c3a7c7c7c7c
40	b|ba|xx:ab	13 627c7c62617c7c78787c3a6162
32	::b	5 7c3a7c3a62
37	|b|bbx:b|:bbbab::|bx|:b|:x||	35 7c7c627c7c6262787c3a627c7c7c3a62626261627c3a7c3a7c7c62787c7c7c3a627c7c
15	aa::ab|:bbbbxbbx	14 61617c3a7c3a61627c7c7c3a6262
38	x|xb:aaxbab|a	16 787c7c78627c3a6161786261627c7c61
11		0 
25	|xx|b|:a||bxabbbxbb::	24 7c7c78787c7c627c7c7c3a617c7c7c7c6278616262627862
30	|x|xb:::|aa:a|xb:b|:a:a|xx|:	29 7c7c787c7c78627c3a7c3a7c3a7c7c61617c3a617c7c78627c3a627c7c
5	||:a|xabbb:	4 7c7c7c7c
30	:|a:xa:x:x:x:bxx::	27 7c3a7c7c617c3a78617c3a787c3a787c3a787c3a6278787c3a7c3a
39	a|:ax|axax|ab	17 617c7c7c3a61787c7c617861787c7c6162
28	aab::ab	9 6161627c3a7c3a6162
34	axx:a||a:a|b|aa:x:a||	31 6178787c3a617c7c7c7c617c3a617c7c627c7c61617c3a787c3a617c7c7c7c
9	|:||bx:bxbbxx|b|b	8 7c7c7c3a7c7c7c7c
9	|axxabxbxabaa|	8 7c7c617878616278
14	b:b|aa|||	12 627c3a627c7c61617c7c7c7c
39	b||xxax:|bx|bx:a	22 627c7c7c7c787861787c3a7c7c62787c7c62787c3a61
17	bb	2 6262
6	a|a:b::||b	4 617c7c61
34	xxxbx:||:|::b:x	23 78787862787c3a7c7c7c7c7c3a7c7c7c3a7c3a627c3a78
9	axbbx:|x|bba|xxb|a:	7 61786262787c3a
20	b|bba|b:a|:aba|:	19 627c7c6262617c7c627c3a617c7c7c3a616261
37	ab|a|:x::abbbaabaabax:||	32 61627c7c617c7c7c3a787c3a7c3a6162626261616261616261787c3a7c7c7c7c
23	|bxb|:a|:	14 7c7c6278627c7c7c3a617c7c7c3a
25	axb:a:|||axx::bxa|:xxa:	24 6178627c3a617c3a7c7c7c7c7c7c6178787c3a7c3a627861
5	|b:aa:|:x:|x|abxaxx|xb	3 7c7c62
15	abx|:abb|:aaabba	14 6162787c7c7c3a6162627c7c7c3a
17	abx|x:ab|ax|x::|aa:|	16 6162787c7c787c3a61627c7c61787c7c
22	|xabb|xb||::b||x:ab::a|	21 7c7c786162627c7c78627c7c7c7c7c3a7c3a627c7c
39	bx|||::bxa:||ax:x||	30 62787c7c7c7c7c7c7c3a7c3a6278617c3a7c7c7c7c61787c3a787c7c7c7c
30	bbbx|b:|baxx	15 626262787c7c627c3a7c7c62617878
24	b	1 62
24	abxxx	5 6162787878
24	:aa:a:x:	12 7c3a61617c3a617c3a787c3a
25	bba:bb||x:|bax	19 6262617c3a62627c7c7c7c787c3a7c7c626178
14	a:abbx	7 617c3a61626278
16	axb:b	6 6178627c3a62
32	|x|xa|:::	15 7c7c787c7c78617c7c7c3a7c3a7c3a
39		0 
24	ba|xbxb|bx:||:a:xbabab	23 62617c7c786278627c7c62787c3a7c7c7c7c7c3a617c3a
29	|b::	7 7c7c627c3a7c3a
11	b:ba:|aaa:|a:aa	9 627c3a62617c3a7c7c
14	aa|b::x|a||aa:x:	12 61617c7c627c3a7c3a787c7c
28	xb|a||:x:xx|xbab:xaa|	27 78627c7c617c7c7c7c7c3a787c3a78787c7c786261627c3a786161
16	:|b:|:a:bx:|xx||xab:xbxb:a	14 7c3a7c7c627c3a7c7c7c3a617c3a
40	|bx:|:::|bxaa|a||:b:|||axx|:	38 7c7c62787c3a7c7c7c3a7c3a7c3a7c7c627861617c7c617c7c7c7c7c3a627c3a7c7c7c7c7c7c
11	:x|	5 7c3a787c7c
11	xa|b|x:ax:|b:xa::	10 78617c7c627c7c787c3a
36	:aab|x|xa::a	17 7c3a6161627c7c787c7c78617c3a7c3a61
4	:a||axb|:|b||xxab||bx||ax:a|ba	2 7c3a
24	a||ab	7 617c7c7c7c6162
36	axbbx|babb:xa:bxaxb|:xaa|:x|	34 61786262787c7c626162627c3a78617c3a62786178627c7c7c3a7861617c7c7c3a78
39	x|a:::::ab:a:|b::xaaxaa:ax::ax	38 787c7c617c3a7c3a7c3a7c3a7c3a61627c3a617c3a7c7c627c3a7c3a7861617861617c3a6178
38	::|ab:b:	13 7c3a7c3a7c7c61627c3a627c3a
9	b|x|axab	8 627c7c787c7c6178
13	:bx|xabab|x|abxx::|:xb:b||a	11 7c3a62787c7c7861626162
14	xbxaxx:::xx|:babaxa|abx|x|||x:	12 7862786178787c3a7c3a7c3a
8	a:bbxb|axbba	7 617c3a62627862
8	|b|a:a:axx|xaxx:a|:ax|:baa	6 7c7c627c7c61
17	|a|bbbb|bxax|ab:	15 7c7c617c7c626262627c7c62786178
8	:axxa:aax::|x:aa:b|:|	6 7c3a61787861
7	:a|xx|b:bxx|ba:a	5 7c3a617c7c
30	aab	3 616162
32	|xxxbaxaa:ax:bxabbx	22 7c7c78787862617861617c3a61787c3a627861626278
9	ab	2 6162
8	:	2 7c3a
15	ba|ax:a|a	12 62617c7c61787c3a617c7c61
18	bb:x:|:bxaxb|abbbb:b|b|abb:x::	16 62627c3a787c3a7c7c7c3a6278617862
7	x|x|b|:bx	6 787c7c787c7c
6	x::x	5 787c3a7c3a
36	b|x|b|x|bbx	15 627c7c787c7c627c7c787c7c626278
36	||||::x:::b||a:axaaba:|xaaa|ba	35 7c7c7c7c7c7c7c7c7c3a7c3a787c3a7c3a7c3a627c7c7c7c617c3a6178616162617c3a
17	bb|axaxbxb|x:xab	16 62627c7c617861786278627c7c787c3a
25	axxx:||	10 617878787c3a7c7c7c7c
35	xba|abbax:ab	14 7862617c7c61626261787c3a6162
33	xbbx|a	7 786262787c7c61
13	:x:a::a::	11 7c3a787c3a617c3a7c3a61
32	|:bba:x|	12 7c7c7c3a6262617c3a787c7c
26	|ab:|b:|:xxbaxxxx:b:|ba	25 7c7c61627c3a7c7c627c3a7c7c7c3a78786261787878787c3a
22	||:xax|:|	15 7c7c7c7c7c3a7861787c7c7c3a7c7c
9	aa	2 6161
5	a::b|||ba|:xxa:::	3 617c3a
29	xaaa|bx|x|bb|a|:::b|abb	27 786161617c7c62787c7c787c7c62627c7c617c7c7c3a7c3a7c3a62
28	b||x|b:x||xxb|	21 627c7c7c7c787c7c627c3a787c7c7c7c7878627c7c
37		0 
5	x|a:|bx:baxxx||::b:|a|:	3 787c7c
40	x:baaxxa|a:|bba::axa||:b|	35 787c3a6261617878617c7c617c3a7c7c6262617c3a7c3a6178617c7c7c7c7c3a627c7c
16	||||ax|x:|xbxx|:||	15 7c7c7c7c7c7c7c7c61787c7c787c3a
10	|bb|axb	9 7c7c62627c7c617862
25	b||:bbb|ax:	16 627c7c7c7c7c3a6262627c7c61787c3a
5	a||b:xaxb:::::xxb:b|:::ax:aaxa	3 617c7c
18		0 
11	a|xaxa:a	9 617c7c786178617c3a
16	|abax||b|x:x||bxx|xx:|:xx|:	14 7c7c616261787c7c7c7c627c7c78
6	|baa::axxb	5 7c7c626161
37	|xb|a::|a:b|baaabx|a::bx::|x||	36 7c7c78627c7c617c3a7c3a7c7c617c3a627c7c6261616162787c7c617c3a7c3a62787c3a
10	:axx:||baba:x:xx:x|b|bx||x	9 7c3a6178787c3a7c7c
39	b:x:x||xxx::xb|	22 627c3a787c3a787c7c7c7c7878787c3a7c3a78627c7c
35	xx|b|baxabxaba|x|xa:b|||a	33 78787c7c627c7c6261786162786162617c7c787c7c78617c3a627c7c7c7c7c7c61
40	bb::::aa:babaxbxbb||||aa	33 62627c3a7c3a7c3a7c3a61617c3a6261626178627862627c7c7c7c7c7c7c7c6161
34		0 
20	x|bx|b|a|a|abbb:a:abbx||b:|	19 787c7c62787c7c627c7c617c7c617c7c616262
28	xa|aa|	8 78617c7c61617c7c
26	||x|::ab::b|a|a|xbbb|b:b	24 7c7c7c7c787c7c7c3a7c3a61627c3a7c3a627c7c617c7c61
25	:bbba:|a||	15 7c3a626262617c3a7c7c617c7c7c7c
3	|b|b::xx	2 7c7c
39	b|xxa::	10 627c7c7878617c3a7c3a
3	xaaabxx|::bbb:a||xx:xbax:a:x	2 7861
9	a|::b:a:	7 617c7c7c3a7c3a
33	|x|:ax|	11 7c7c787c7c7c3a61787c7c
11	xbx|||:x:|:|xx|aba:x|aa||	9 7862787c7c7c7c7c7c
35	a|aaabb::xx:	16 617c7c61616162627c3a7c3a78787c3a
19	xaxxx:a:	10 78617878787c3a617c3a
15	::::::xbx:abax|xxxbabxaabb:|ba	14 7c3a7c3a7c3a7c3a7c3a7c3a7862
40	:ba||xaaaxa	14 7c3a62617c7c7c7c786161617861
21	bxabx:|b|:|b::bbax|bb||xb:|x|b	19 62786162787c3a7c7c627c7c7c3a7c7c627c3a
29	a:|axbb:b|x:|baaxa|	26 617c3a7c7c617862627c3a627c7c787c3a7c7c62616178617c7c
32	:x||:|	11 7c3a787c7c7c7c7c3a7c7c
34	xx	2 7878
6	b|b:|x|ab|baxxb|b:b	4 627c7c62
31	xbb:babbaxabax::	19 7862627c3a626162626178616261787c3a7c3a
39	::::||xxa|a|	20 7c3a7c3a7c3a7c3a7c7c7c7c7878617c7c617c7c
40	x|a||a|b|b|ax:	21 787c7c617c7c7c7c617c7c627c7c627c7c61787c3a
38	xa::x	7 78617c3a7c3a78
37	bb:x|a|:b	13 62627c3a787c7c617c7c7c3a62
6	:abx|abb:axxa:a	5 7c3a616278
23	a|axx	6 617c7c617878
27	:xx||bab:xbaabxx:	22 7c3a78787c7c7c7c6261627c3a786261616278787c3a
18	axbaab:xbaa:x:b	17 6178626161627c3a786261617c3a787c3a
36	:bb|a|aaxbx:ba|x	21 7c3a62627c7c617c7c61617862787c3a62617c7c78
6		0 
33	xxx||ba	9 7878787c7c7c7c6261
36	aabxx:b::bxxbbab:xb:aabxxb	31 61616278787c3a627c3a7c3a627878626261627c3a78627c3a616162787862
14	xb:a||a::abx::x	12 78627c3a617c7c7c7c617c3a
11	b|b:||a:|a:|x|xaxa	10 627c7c627c3a7c7c7c7c
29	xx|aaba:||a:xb|xbababa:||::|	28 78787c7c616162617c3a7c7c7c7c617c3a78627c7c78626162616261
7	bb|:ax|x:a|x	6 62627c7c7c3a
27	xb||bxx||:|a||a:xbbab	25 78627c7c7c7c6278787c7c7c7c7c3a7c7c617c7c7c7c617c3a
26	bbx:bxa:axx:a	16 6262787c3a6278617c3a6178787c3a61
20	xbb|a	6 7862627c7c61
33	|b::xabab:aabxx:	21 7c7c627c3a7c3a78616261627c3a61616278787c3a
23	|:xb|bbba::	16 7c7c7c3a78627c7c626262617c3a7c3a
16	|abbb:	8 7c7c616262627c3a
17	|aa:||xba:a:aa|ab|x|bx|:x|abax	15 7c7c61617c3a7c7c7c7c7862617c3a
6	a|xbx|:x:aa:|b	5 617c7c7862
25	ab|aa:bx:x|	15 61627c7c61617c3a62787c3a787c7c
20	ba:|axbx:axxa|ba:x	18 62617c3a7c7c617862787c3a617878617c7c
27	:ax	4 7c3a6178
36	ba::||b|:a|bxaa|:x::baba|	35 62617c3a7c3a7c7c7c7c627c7c7c3a617c7c627861617c7c7c3a787c3a7c3a62616261
37	axb|x|axa|x:b|||ba|a|	30 6178627c7c787c7c6178617c7c787c3a627c7c7c7c7c7c62617c7c617c7c
34	a:x|:|ba|xx:|axab|::x:xaa::b	33 617c3a787c7c7c3a7c7c62617c7c78787c3a7c7c617861627c7c7c3a7c3a787c3a
34	|xaa	5 7c7c786161
19	baxbx|:aaax:b:x|baba:	18 62617862787c7c7c3a616161787c3a627c3a
23	a:xa:ab|x	12 617c3a78617c3a61627c7c78
25	xb:|bb|ax|	14 78627c3a7c7c62627c7c61787c7c
21	abxaaax:	9 616278616161787c3a
9	|a::ax|axa||aaxb::b|xbb:	7 7c7c617c3a7c3a
22	b|a|xxabaxaba	15 627c7c617c7c787861626178616261
20	bxxaa	5 6278786161
21	bab|:bxxxxaa	14 6261627c7c7c3a62787878786161
15	baxaba|x||xx|x|ba:|xaaba::	13 6261786162617c7c787c7c7c7c
28	abx|xx	7 6162787c7c7878
39	::|:xxaab:a||:|a||	29 7c3a7c3a7c7c7c3a78786161627c3a617c7c7c7c7c3a7c7c617c7c7c7c
3	|:::b	2 7c7c
14	xaxa::b:abb:ba	13 786178617c3a7c3a627c3a6162
39	|	2 7c7c
8	xxba:xbb::aabxbbb||b||ab|ba:	6 787862617c3a
38	:a:x::babaa|:x:	22 7c3a617c3a787c3a7c3a62616261617c7c7c3a787c3a
19	xbaax:||:b|b|:::ba:|x:|a	17 78626161787c3a7c7c7c7c7c3a627c7c62
10	x::b|aaxaxx:xb:a|abxbx:aab|::|	8 787c3a7c3a627c7c
14	bxab|aaab|b|a:bb	12 627861627c7c616161627c7c
26		0 
7	x|x|a	6 787c7c787c7c
36	xa:b:|:x|a:	17 78617c3a627c3a7c7c7c3a787c7c617c3a
10	|aa::x|a|a	8 7c7c61617c3a7c3a
30	:a||||abx	14 7c3a617c7c7c7c7c7c7c7c616278
6	||a||axbbbbbxxb|bb:aa:|	4 7c7c7c7c
38	xx::b|x::xa|ba|a	23 78787c3a7c3a627c7c787c3a7c3a78617c7c62617c7c61
25	|:b:|xa||b:x||xbbax	23 7c7c7c3a627c3a7c7c78617c7c7c7c627c3a787c7c7c7c
37	bbbbxa|bxabxb:|x:|xbax|bb	31 6262626278617c7c6278616278627c3a7c7c787c3a7c7c786261787c7c6262
10	|bb:|::x:||a::xxab||b|b|:|bb:	8 7c7c62627c3a7c7c
22	x	1 78
21	:::|::b:b:|	20 7c3a7c3a7c3a7c7c7c3a7c3a627c3a627c3a7c7c
19	bxb:bxb	8 6278627c3a627862
39	aab:aa:abxxa:aaaxxb|aax:	29 6161627c3a61617c3a61627878617c3a6161617878627c7c6161787c3a
37	x:|b|:x||ax:	19 787c3a7c7c627c7c7c3a787c7c7c7c61787c3a
8	b:a|x	6 627c3a617c7c
40	abx:x|||bxx|x:abb:|a::	32 6162787c3a787c7c7c7c7c7c6278787c7c787c3a6162627c3a7c7c617c3a7c3a
25	aa:xab|ax::baaaa	20 61617c3a7861627c7c61787c3a7c3a6261616161
12	:b|:ax:a:x|aabb:	11 7c3a627c7c7c3a61787c3a
34	ax:a:ax|a|x	15 61787c3a617c3a61787c7c617c7c78
8	bb|xaaax|:aa|b|::a::b|:b	7 62627c7c786161
37	xb:bxaba:xb:b	16 78627c3a62786162617c3a78627c3a62
22	xxbx||x	9 787862787c7c7c7c78
19	x:|	5 787c3a7c7c
15	:b:bxxbxx::||aaa:axaaba|:xxxbx	13 7c3a627c3a6278786278787c3a
31	xx|:xb|xx:::b:|:|bxx::	30 78787c7c7c3a78627c7c78787c3a7c3a7c3a627c3a7c7c7c3a7c7c627878
19	xaa::bb|bxxxxbab	18 7861617c3a7c3a62627c7c62787878786261
30	::xb|b|	11 7c3a7c3a78627c7c627c7c
9	::|xbbbbb|:a:b:ab:b:bxb:	8 7c3a7c3a7c7c7862
30	x|xa:a:a::bax	18 787c7c78617c3a617c3a617c3a7c3a626178
10	|bx:x:|x:|:b:|b:x|	9 7c7c62787c3a787c3a
40	::bxba::bxa|bxx	20 7c3a7c3a627862617c3a7c3a6278617c7c627878
32	|:|::	10 7c7c7c3a7c7c7c3a7c3a
7	:::bx:b:xx:|bx:bbxx::aba|ax	6 7c3a7c3a7c3a
38	|xaxax|:x|a	15 7c7c78617861787c7c7c3a787c7c61
15		0 
6	:aa|:bbx|xxxxb||a::b|:aba|	4 7c3a6161
8	x||xa|b||:|:x|a	7 787c7c7c7c7861
36	xabb:a	7 786162627c3a61
35	xxx|::x||x|::xa|a:|xba:aaa:x	33 7878787c7c7c3a7c3a787c7c7c7c787c7c7c3a7c3a78617c7c617c3a7c7c786261
38	ab|baxaa:|::a	18 61627c7c62617861617c3a7c7c7c3a7c3a61
38	ba::xxbx|xa	14 62617c3a7c3a787862787c7c7861
29	:a||ba|axb:||:bax:b||a|x:x|:a:	27 7c3a617c7c7c7c62617c7c6178627c3a7c7c7c7c7c3a6261787c3a
19	axx	3 617878
7	b|:xb|b:x	5 627c7c7c3a
8	b||:a:a:||x|b|a|b|:xa|ax:xaab	7 627c7c7c7c7c3a
25	b:::|a||xxx||||:x|:||	23 627c3a7c3a7c3a7c7c617c7c7c7c7878787c7c7c7c7c7c
3	|x|:b||x|a|x:x:ax	2 7c7c
33	xbb:x|xxa||ba|a:b:axx|	30 7862627c3a787c7c7878617c7c7c7c62617c7c617c3a627c3a6178787c7c
33	a:bab	6 617c3a626162
12	:a	3 7c3a61
22	:ab:|bb|ax|xxa::|xxbaa:axabx	21 7c3a61627c3a7c7c62627c7c61787c7c7878617c3a
17	|a	3 7c7c61
12	abbx:|b||bxaaaxb	11 616262787c3a7c7c627c7c
12	::xb:xb|baxa	10 7c3a7c3a78627c3a7862
32	|b:b:aa:|a:bxxx:	23 7c7c627c3a627c3a61617c3a7c7c617c3a627878787c3a
7	|:xx:a:|ax|xa:b|a::|a	6 7c7c7c3a7878
30	a	1 61
25	|b|bxbxaa	11 7c7c627c7c627862786161
7	:aa|ab|axa|b|aabxaxa:::x|||	6 7c3a61617c7c
18	a:abbbx||::abb::||x|:|b	16 617c3a61626262787c7c7c7c7c3a7c3a
8	|	2 7c7c
40	x:a	4 787c3a61
37	xxxxbaab|:x|:xx|aab:xb	28 78787878626161627c7c7c3a787c7c7c3a78787c7c6161627c3a7862
13		0 
26	xxba:::bx:|axab|:|:b|b|	24 787862617c3a7c3a7c3a62787c3a7c7c617861627c7c7c3a
20	b||:b:aba::a:x	18 627c7c7c7c7c3a627c3a6162617c3a7c3a61
28	a:|	5 617c3a7c7c
12	:axb	5 7c3a617862
10	|x|xa	7 7c7c787c7c7861
8	|x|bxb|	7 7c7c787c7c6278
26	xbbxa	5 7862627861
33	:|xbbb|xbx|bb	17 7c3a7c7c786262627c7c7862787c7c6262
33		0 
6	b|ax:x|:xbb:bxb||bba|xabx:x	5 627c7c6178
10	:xbbx	6 7c3a78626278
14	|a:ba:abaaxx|xx:aa:||x:abxxx	13 7c7c617c3a62617c3a61626161
38	:bb|:::bxxx:bb:xax||axx:b:a|	37 7c3a62627c7c7c3a7c3a7c3a627878787c3a62627c3a7861787c7c7c7c6178787c3a627c3a
11	x:a|xxxaxx||bbxbab	10 787c3a617c7c78787861
17	|xbxxa||bbaa::a:b:b||:|b||	15 7c7c78627878617c7c7c7c62626161
11	bb|b|aabaaax:bababx||b::	10 62627c7c627c7c616162
39	|a:::b::bbxbxb|a||	27 7c7c617c3a7c3a7c3a627c3a7c3a6262786278627c7c617c7c7c7c
32	xbax|xxa|bba|xxba||::|b::ax:	30 786261787c7c7878617c7c6262617c7c787862617c7c7c7c7c3a7c3a7c7c
15	ab||a	7 61627c7c7c7c61
12	bx:::a:b|xa|aaab:aba|a:xx|a|:	11 62787c3a7c3a7c3a617c3a
33	bxba|ab:xxx||xa|b|aa:	28 627862617c7c61627c3a7878787c7c7c7c78617c7c627c7c61617c3a
39	:bb|b	7 7c3a62627c7c62
9		0 
31	x|aab:xbx:|:abb|	22 787c7c6161627c3a7862787c3a7c7c7c3a6162627c7c
12	:||ax:||x:ba||x|b:xx:|:|b||bx	10 7c3a7c7c7c7c61787c3a
27	|b:baxa:x|:b:b||xxxaxbbbaabb|a	26 7c7c627c3a626178617c3a787c7c7c3a627c3a627c7c7c7c7878
38	:b|a	6 7c3a627c7c61
8	:|xx|	6 7c3a7c7c7878
37	:|aa:bx|:xa|b|b:xba||bb|::a|	35 7c3a7c7c61617c3a62787c7c7c3a78617c7c627c7c627c3a7862617c7c7c7c62627c7c
24	b|ab:|a:xba|xx	19 627c7c61627c3a7c7c617c3a7862617c7c7878
9	:|	4 7c3a7c7c
32	xx:|||x::|abaab|||x	29 78787c3a7c7c7c7c7c7c787c3a7c3a7c7c61626161627c7c7c7c7c7c78
12		0 
5	b:ba||xb:a	3 627c3a
23	bb|xaa|:|a|a:b:|b:ab|::bx	22 62627c7c7861617c7c7c3a7c7c617c7c617c3a627c3a
31	|bbxb::abaxaa:a:xaaax|x:xaxbx	29 7c7c626278627c3a7c3a6162617861617c3a617c3a78616161787c7c78
40	|bx:bba::::a:ab:	24 7c7c62787c3a6262617c3a7c3a7c3a7c3a617c3a61627c3a
35	:|:|baaabxa	15 7c3a7c7c7c3a7c7c62616161627861
4	:xbabbb|:xbabx:|xx|baxxbxx|	2 7c3a
16	||bxaxaa:baa|xbx:	15 7c7c7c7c6278617861617c3a626161
29	b:x:|xxx:x|	16 627c3a787c3a7c7c7878787c3a787c7c
10	:||b	7 7c3a7c7c7c7c62
16	xbaab|bx|	11 78626161627c7c62787c7c
17	|	2 7c7c
33	:xbxb|ax|x:ba:|axaa::	29 7c3a786278627c7c61787c7c787c3a62617c3a7c7c617861617c3a7c3a
3	:|:bxaa|xaa||::bxa:	2 7c3a
15	:xx:xxa:bb:	13 7c3a78787c3a7878617c3a6262
25	:babxxxa|xxa	14 7c3a626162787878617c7c787861
22	xa:	4 78617c3a
10	xxbbbx:xa::ba|ax:a|b	8 7878626262787c3a
17	xa:b:bx:aaxa|x|ab:x	15 78617c3a627c3a62787c3a61617861
24	x:ax::aaa:a:::xbxbxb|xx|:b|	23 787c3a61787c3a7c3a6161617c3a617c3a7c3a7c3a7862
8	xax::a||baaa:x:b	7 7861787c3a7c3a
7	ba|xxx|b:b::::|a|bab|ab:a	6 62617c7c7878
33	:||:x||	13 7c3a7c7c7c7c7c3a787c7c7c7c
10	:b::a:	8 7c3a627c3a7c3a61
14	aaxbxax|:xa	13 616178627861787c7c7c3a7861
7	a::xxaxbxx:bxa	5 617c3a7c3a
30	abxabxb	7 61627861627862
37	|::a|axa|bbx||xbxxx:a|:x|xx:	36 7c7c7c3a7c3a617c7c6178617c7c6262787c7c7c7c78627878787c3a617c7c7c3a787c7c
22		0 
23	xxa:::|xa:x|:b|a::x:aa	21 7878617c3a7c3a7c3a7c7c78617c3a787c7c7c3a62
33	:	2 7c3a
33	ab||b||	11 61627c7c7c7c627c7c7c7c
35	xabbaba	7 78616262616261
11	x::|b:	10 787c3a7c3a7c7c627c3a
22	xa|::ab:bb:|xaxbx:|||axbb	21 78617c7c7c3a7c3a61627c3a62627c3a7c7c786178
27	x||baa|:xa||bxb|xxbxaax	26 787c7c7c7c6261617c7c7c3a78617c7c7c7c6278627c7c787862
6	b:b:x::a::b||a:aa	4 627c3a62
21	xb:x|a:xx:b:a|b:x::xbax	20 78627c3a787c7c617c3a78787c3a627c3a617c7c
28	|b:|bb:||axaa:axbabbb:ax	27 7c7c627c3a7c7c62627c3a7c7c7c7c617861617c3a617862616262
28	bxxaxxx|b:aaaaxb|||:x:	26 627878617878787c7c627c3a6161616178627c7c7c7c7c7c7c3a
9	bxbb|:|a|b||:bbab|axxx|x::b	8 627862627c7c7c3a
18	:xx|b|x||a:a|ab:xaab|x|:	17 7c3a78787c7c627c7c787c7c7c7c617c3a
29	:x:|:::	13 7c3a787c3a7c7c7c3a7c3a7c3a
37	|x:xb|xabxxbbbx::xbbbxa	28 7c7c787c3a78627c7c7861627878626262787c3a7c3a786262627861
4	:xaaa	2 7c3a
35	ba|bx	6 62617c7c6278
6	:xxx|:b|xxxxbaxa||::b	5 7c3a787878
7	|::x:bxbx|:|ax:a:|x|aa::|x:bxx	6 7c7c7c3a7c3a
11	:||:::x|	10 7c3a7c7c7c7c7c3a7c3a
3	|x	2 7c7c
32	b::x|x||bxbx|xax:x:xb|	31 627c3a7c3a787c7c787c7c7c7c627862787c7c7861787c3a787c3a78627c7c
11	abax:|aba|a|	10 616261787c3a7c7c6162
22	bx|b|	7 62787c7c627c7c
5	|:||a:|||babba||x:x:|a:xx|ab	4 7c7c7c3a
31	:a|b:ab:xx|:a||abaa	27 7c3a617c7c627c3a61627c3a78787c7c7c3a617c7c7c7c61626161
16	aabb|xaxb:xx|:x	14 616162627c7c786178627c3a7878
22		0 
28	xxxxab||xbx|xab:bxba::x	26 7878787861627c7c7c7c7862787c7c7861627c3a627862617c3a
4	bbbab:ba|:axa|xx|bb:b:x:b:	3 626262
34	bbx:b|:||:xx|bxaabaxxbaxbx:b	33 6262787c3a627c7c7c3a7c7c7c7c7c3a78787c7c62786161626178786261786278
35	x|a:b|b|a||a||	22 787c7c617c3a627c7c627c7c617c7c7c7c617c7c7c7c
12	::::|:bax|xba:	10 7c3a7c3a7c3a7c3a7c7c
30	:ab|aaa|baxa:abaxbxx|ab:ba	28 7c3a61627c7c6161617c7c626178617c3a616261786278787c7c6162
12	::|a:aa|x||	11 7c3a7c3a7c7c617c3a6161
24	||x:xxx|xa|bba	19 7c7c7c7c787c3a7878787c7c78617c7c626261
14	||ba|x|	11 7c7c7c7c62617c7c787c7c
23	::|a	7 7c3a7c3a7c7c61
20	a	1 61
5	|xb|:ab:b|b|bbab	4 7c7c7862
24	:||||:	12 7c3a7c7c7c7c7c7c7c7c7c3a
30	a:xb:::b|bx:b	19 617c3a78627c3a7c3a7c3a627c7c62787c3a62
31	abxaxxxb|:x	13 61627861787878627c7c7c3a78
26	baaxx|||aax|ax	18 62616178787c7c7c7c7c7c6161787c7c6178
11	:aa	4 7c3a6161
4	a	1 61
28	b:xa|b|b:aaabbx	19 627c3a78617c7c627c7c627c3a616161626278
14	:abab::|x|x::x	12 7c3a616261627c3a7c3a7c7c
38	x|||:||xbaa::b:a::xbax|b:a:bxx	36 787c7c7c7c7c7c7c3a7c7c7c7c786261617c3a7c3a627c3a617c3a7c3a786261787c7c62
28	aa:b:a:|:xbx|a:bbb|b:b||xxx:|	27 61617c3a627c3a617c3a7c7c7c3a7862787c7c617c3a6262627c7c
7	b:|b	5 627c3a7c7c
32	a::|:|xba:|bb:a:b|:x||:|::b	30 617c3a7c3a7c7c7c3a7c7c7862617c3a7c7c62627c3a617c3a627c7c7c3a
29	abxb:x:aa||x|b:axb:x::|a|bx|b	27 616278627c3a787c3a61617c7c7c7c787c7c627c3a6178627c3a78
34	x|ab|:ax|a|baab|a::b:axa:b:a	33 787c7c61627c7c7c3a61787c7c617c7c626161627c7c617c3a7c3a627c3a617861
24	bxx:a:x	9 6278787c3a617c3a78
3	ax|x::|bbba|:xx	2 6178
38	|bb|::|x||||xx||	27 7c7c62627c7c7c3a7c3a7c7c787c7c7c7c7c7c7c7c78787c7c7c7c
36	a	1 61
35	b||a::b|a|x:bbb:bxb	27 627c7c7c7c617c3a7c3a627c7c617c7c787c3a6262627c3a627862
8	|	2 7c7c
28	xaaa::a|x:a|ba|b:b::bbx|:ba	27 786161617c3a7c3a617c7c787c3a617c7c62617c7c627c3a627c3a
29	:axa|xaaxaxaabx|x	20 7c3a6178617c7c786161786178616162787c7c78
17	:b|a:xa:	12 7c3a627c7c617c3a78617c3a
28	xaxaa::xb|xb:a||axxa:::	26 78617861617c3a7c3a78627c7c78627c3a617c7c7c7c61787861
40	b:a||b|::baaxbaxbaax:x:	31 627c3a617c7c7c7c627c7c7c3a7c3a62616178626178626161787c3a787c3a
30	b|||abxb:xx|:a:xa||a:axax	28 627c7c7c7c7c7c616278627c3a78787c7c7c3a617c3a78617c7c7c7c
13	:|xaab:|aa|::|a:|::|axaxxa:ab	12 7c3a7c7c786161627c3a7c7c
19	:|b:bba	10 7c3a7c7c627c3a626261
22	:bbbxb|x	10 7c3a62626278627c7c78
7	|aab||b|ab:ba|xxax	5 7c7c616162
8	axaa:a:a:bba|aaaab:aa:|:aax	6 617861617c3a
13	|aax|x|axb|axx|aa:	12 7c7c6161787c7c787c7c6178
34	xxbaba|abx::||:|:x|x|a|:bbx	32 7878626162617c7c6162787c3a7c3a7c7c7c7c7c3a7c7c7c3a787c7c787c7c61
33	|xba|b|xb|x:b|ba|:ax|ab||ax:|	32 7c7c7862617c7c627c7c78627c7c787c3a627c7c62617c7c7c3a61787c7c6162
19	ab:bxbabaa|b|:ax|b|:xxaaa|a:xa	18 61627c3a627862616261617c7c627c7c7c3a
26	bxax:b:|	11 627861787c3a627c3a7c7c
32		0 
32	bx:|ax|a|bb:	17 62787c3a7c7c61787c7c617c7c62627c3a
11	:xxx	5 7c3a787878
16	xab|bx||xbx	14 7861627c7c62787c7c7c7c786278
8	|a|:axx	7 7c7c617c7c7c3a
14	|ab|b|b|:a:baa:baxb	12 7c7c61627c7c627c7c627c7c
12	xax|bx|:a::::|xx:x|:xa	11 7861787c7c62787c7c7c3a
27	xaxxbbxx:xax::|x|:axxb:abxb|:|	26 78617878626278787c3a7861787c3a7c3a7c7c787c7c7c3a6178
17	xabx||b|:|:|xax|a	15 786162787c7c7c7c627c7c7c3a7c7c
9	:	2 7c3a
37		0 
12	b||x::axxb:|b:x|||x:b:xxxxa||:	10 627c7c7c7c787c3a7c3a
7	|babb:ba	6 7c7c62616262
21	a||bbxb:xabba	16 617c7c7c7c626278627c3a7861626261
18	a|:b|ab|xaxa|xaaabba|abxb	16 617c7c7c3a627c7c61627c7c78617861
31	:x:bxabxx|aba:|	20 7c3a787c3a6278616278787c7c6162617c3a7c7c
32	ab|ax:a|b|axxbxbx:babx	27 61627c7c61787c3a617c7c627c7c617878627862787c3a62616278
14	xab|b|a:|::abaa:	13 7861627c7c627c7c617c3a7c7c
4	|	2 7c7c
14	xa:b|xaxxa||::	12 78617c3a627c7c7861787861
38	|b|xbxxa	10 7c7c627c7c7862787861
25	:baax|b	9 7c3a626161787c7c62
27	||a|x:xxxaxbbba	19 7c7c7c7c617c7c787c3a787878617862626261
36		0 
19	aaa:x|:|baxxx|a	17 6161617c3a787c7c7c3a7c7c6261787878
17	bbb:x|ab:b:a:b|:x::	15 6262627c3a787c7c61627c3a627c3a
11		0 
26	xaab|ax||:b|:	19 786161627c7c61787c7c7c7c7c3a627c7c7c3a
10	aa|:b:::xb||:|x	9 61617c7c7c3a627c3a
31	xb:b|b|x|b|x::aaba:aaxx	30 78627c3a627c7c627c7c787c7c627c7c787c3a7c3a616162617c3a616178
18	|b:xx::xb|bx:a||aa:x:|:	17 7c7c627c3a78787c3a7c3a78627c7c6278
37	ba|xab|:bbb::bx:|b:::x:|b	36 62617c7c7861627c7c7c3a6262627c3a7c3a62787c3a7c7c627c3a7c3a7c3a787c3a7c7c
9	x|:xxx||:aa||:x:x||bbxbax|a:|	8 787c7c7c3a787878
23	b|ax|:bb	11 627c7c61787c7c7c3a6262
3	bb|::|:bba:|:aax||:bbbx|	2 6262
22		0 
34	:bb::ax:|aaa|b|	22 7c3a62627c3a7c3a61787c3a7c7c6161617c7c627c7c
30	|x:||a:|:a:|x:|a|:	29 7c7c787c3a7c7c7c7c617c3a7c7c7c3a617c3a7c7c787c3a7c7c617c7c
32	:	2 7c3a
28	a:a|x|a:bb|b:xax	22 617c3a617c7c787c7c617c3a62627c7c627c3a786178
21	bx:xaxxbbx|bbbabxb:|a	20 62787c3a786178786262787c7c62626261627862
34	a:|:x||a|bb::a|:b:xa	31 617c3a7c7c7c3a787c7c7c7c617c7c62627c3a7c3a617c7c7c3a627c3a7861
20	b|xaa|:aaxxx:	17 627c7c7861617c7c7c3a61617878787c3a
23	ab:|a:::|bxb|||b|x:b	22 61627c3a7c7c617c3a7c3a7c3a7c7c6278627c7c7c7c
35	a|:ax	7 617c7c7c3a6178
30	aa|bbb:a	10 61617c7c6262627c3a61
22	|	2 7c7c
23	:|xx:||ab|axax:|xa||ba|b	22 7c3a7c7c78787c3a7c7c7c7c61627c7c617861787c3a
3	ba:|baa:x:aa|x:ax|x||:	2 6261
32	axxxa:|:bx||b|a:x|:aa|::x||	30 61787878617c3a7c7c7c3a62787c7c7c7c627c7c617c3a787c7c7c3a6161
37	:a	3 7c3a61
36	ab::	6 61627c3a7c3a
26	ba|::|aaaab	15 62617c7c7c3a7c3a7c7c6161616162
11	:bxb::x:a|a|x|bb:x	9 7c3a6278627c3a7c3a
3	x:ba:b:aba|::x:xx|bbbx	1 78
40	a||xabababa:a:|:|xxb	27 617c7c7c7c78616261626162617c3a617c3a7c7c7c3a7c7c787862
20	:x||:|a:x:|||bbxx|aaab|	19 7c3a787c7c7c7c7c3a7c7c617c3a787c3a7c7c
10	a::bbb|xx|bx:|||xa|	8 617c3a7c3a626262
33	xx:|:b||:b|:aa:	24 78787c3a7c7c7c3a627c7c7c7c7c3a627c7c7c3a61617c3a
10	x:xaaa|a|ax:xabaaaxxb:x|::b|:	9 787c3a786161617c7c
40	:b||:bxa:b	15 7c3a627c7c7c7c7c3a6278617c3a62
16	:xx:x:bxaxab||a|a|aaaxxx	15 7c3a78787c3a787c3a627861786162
14	ba:xx:aa:|bxbaaxb:||||b||:aba	12 62617c3a78787c3a61617c3a
9	b:|baax:|a:xa||::bxx:bx|xb	8 627c3a7c7c626161
35	xxxb:x||ab|:abba|x	24 787878627c3a787c7c7c7c61627c7c7c3a616262617c7c78
7	:b|bx:|a:|babb|x	5 7c3a627c7c
18	:bxxbb:abbb|ax|b:ax:	17 7c3a62787862627c3a616262627c7c6178
26	bbbbx:b:b|x:bbax	20 62626262787c3a627c3a627c7c787c3a62626178
34	::bb|::	12 7c3a7c3a62627c7c7c3a7c3a
8	|xa||bxxaa:|	6 7c7c78617c7c
30	xba||	7 7862617c7c7c7c
37	||b::a:b:	15 7c7c7c7c627c3a7c3a617c3a627c3a
20	ba:bab:xxb:xbaxa:a:x:aax	19 62617c3a6261627c3a7878627c3a7862617861
9	::a|:::ab:ax:x:bb|x:|b	7 7c3a7c3a617c7c
17	bbab:bbxaaa|b:|	15 626261627c3a6262786161617c7c62
10	:b||:a|	9 7c3a627c7c7c7c7c3a
35	b|a|a:|b||:|b:a||x:a|abaaba	34 627c7c617c7c617c3a7c7c627c7c7c7c7c3a7c7c627c3a617c7c7c7c787c3a617c7c
24	ab|xbxb|xxa:||:a::::	22 61627c7c786278627c7c7878617c3a7c7c7c7c7c3a61
17	|||:x	9 7c7c7c7c7c7c7c3a78
16	::xb	6 7c3a7c3a7862
27		0 
36	:xb|xb	8 7c3a78627c7c7862
37	a|abxbx|	10 617c7c61627862787c7c
11	xx	2 7878
40	a	1 61
4	:bx:xx|	2 7c3a
37	xbax|:a|bx:||::::x	28 786261787c7c7c3a617c7c62787c3a7c7c7c7c7c3a7c3a7c3a7c3a78
33	|:|:xababx::a:bbax:x|a:x|::|:	31 7c7c7c3a7c7c7c3a7861626162787c3a7c3a617c3a626261787c3a787c7c61
24	a::aab:|:::x|::axab:|:bba|xba|	23 617c3a7c3a6161627c3a7c7c7c3a7c3a7c3a787c7c7c3a
3	bx:xxaa||:b:x::x:b|:x|:	2 6278
8	a|xx:b|x|a:||b:xax|x	7 617c7c78787c3a
36	:x|xbxbb|:xxa|xb|a:xaa:aa:xb:	35 7c3a787c7c78627862627c7c7c3a7878617c7c78627c7c617c3a7861617c3a61617c3a
34		0 
9	|b:a:|:x:a|a|	8 7c7c627c3a617c3a
12	bx::x:axxb||::a:axx:|bba	11 62787c3a7c3a787c3a6178
30	bb::x|axxa||	17 62627c3a7c3a787c7c617878617c7c7c7c
9	|aa:ax	8 7c7c61617c3a6178
36	:bxxx|b|a||x::axx:xaxab|:b:|:	35 7c3a627878787c7c627c7c617c7c7c7c787c3a7c3a6178787c3a78617861627c7c7c3a
18	::	4 7c3a7c3a
3	aaxab::x||x|::::a:aa	2 6161
17	b||:b|baax:aa:||:||:xa	16 627c7c7c7c7c3a627c7c626161787c3a
21	x	1 78
23	b::aa::bb:ab:|b:b|xx	21 627c3a7c3a61617c3a7c3a62627c3a61627c3a7c7c
25	::x::bx||xa|xx:a:a::baxx|b:||x	23 7c3a7c3a787c3a7c3a62787c7c7c7c78617c7c78787c3a
12	xa|:x|b|b:a|xbxxbba	10 78617c7c7c3a787c7c62
25	axbaaba||:xa	15 617862616162617c7c7c7c7c3a7861
24	|a:::bxa:x|	17 7c7c617c3a7c3a7c3a6278617c3a787c7c
36	ax|xbxx|::||	18 61787c7c786278787c7c7c3a7c3a7c7c7c7c
33	|aa	4 7c7c6161
19	a|aa::|a::x:a|b:bab::baba:xaa	17 617c7c61617c3a7c3a7c7c617c3a7c3a78
37	b|ab	5 627c7c6162
35	xa	2 7861
34	||aab	7 7c7c7c7c616162
12	|b::	7 7c7c627c3a7c3a
5	bbab|bb|aa::b:	4 62626162
36	:a::xb:::baax|x:|||ax|a|x:	34 7c3a617c3a7c3a78627c3a7c3a7c3a626161787c7c787c3a7c7c7c7c7c7c61787c7c
35	|b:abbab|	12 7c7c627c3a61626261627c7c
4	:x|a	2 7c3a
5	||ab|xaxa:a|a|||ax	4 7c7c7c7c
23	x:||a::aaxa|bb:bx:bb|::	22 787c3a7c7c7c7c617c3a7c3a616178617c7c62627c3a
40	:x::x|	10 7c3a787c3a7c3a787c7c
38	xbb|	5 7862627c7c
29	bax:|:a||aa||bx|:xa|::|a	28 6261787c3a7c7c7c3a617c7c7c7c61617c7c7c7c62787c7c7c3a7861
4	a:axaxxa|x|aax|abxx	3 617c3a
35	bbbx|baa::xa::x|a:	25 626262787c7c6261617c3a7c3a78617c3a7c3a787c7c617c3a
3	|x|ba:||xax|a:xx:x:x:xab:ba	2 7c7c
19	xa	2 7861
31	:b|:a|x::xxbx:	21 7c3a627c7c7c3a617c7c787c3a7c3a787862787c3a
35	|::|:|x::||a|:axbaxaaba	34 7c7c7c3a7c3a7c7c7c3a7c7c787c3a7c3a7c7c7c7c617c7c7c3a6178626178616162
11	bb|:	6 62627c7c7c3a
29	bb|||x|axx:xx:ba|ab|xxxa||	28 62627c7c7c7c7c7c787c7c6178787c3a78787c3a62617c7c61627c7c
25	aababb|::ax|bxbaaxb|bxbx:bx||:	23 6161626162627c7c7c3a7c3a61787c7c62786261617862
11	:xxbxaaa::xbax|a|	9 7c3a78786278616161
12	||aa:bbx|xx	11 7c7c7c7c61617c3a626278
32	:a|ba|a:abbxa	17 7c3a617c7c62617c7c617c3a6162627861
5	b|a::|::|a|||xxab	3 627c7c
35	:||aaxb:b:::xa::|	27 7c3a7c7c7c7c616178627c3a627c3a7c3a7c3a78617c3a7c3a7c7c
13	x|:axa:xxab:x|x	12 787c7c7c3a6178617c3a7878
21	:x:|b:|||:abxx	20 7c3a787c3a7c7c627c3a7c7c7c7c7c7c7c3a6162
17	|:xxa||b|aaa|ab|bb::xbb	16 7c7c7c3a7878617c7c7c7c627c7c6161
15	ab:a|aabb||::	13 61627c3a617c7c616162627c7c
39	:a:|:ab||aaxbxaxa|b	26 7c3a617c3a7c7c7c3a61627c7c7c7c61617862786178617c7c62
5	:|:ba|ax|:|:|bx||:x|aax|:|bx	4 7c3a7c7c
17	:xbx:|b	10 7c3a7862787c3a7c7c62
40	x:bbabx:b|bxba:x:ax|b:a	30 787c3a62626162787c3a627c7c627862617c3a787c3a61787c7c627c3a61
20	abbbxxxb:ab|xa:x:x:xb|b|x	18 61626262787878627c3a61627c7c78617c3a
28	xbaab|ba:||b|a|bx:|xbaa|:	27 78626161627c7c62617c3a7c7c7c7c627c7c617c7c62787c3a7c7c
30	a	1 61
30	a|:aa:aa:bxb:xx|x:|x||:b:ax:bb	28 617c7c7c3a61617c3a61617c3a6278627c3a78787c7c787c3a7c7c78
37	:b	3 7c3a62
15	|||x|:x:|xxxbbax|x::::a	14 7c7c7c7c7c7c787c7c7c3a787c3a
31	a|:x|bxx	11 617c7c7c3a787c7c627878
22	bxx	3 627878
17	bbx:bb:bx:|||xxx|a|	15 6262787c3a62627c3a62787c3a7c7c
32	b::bx	7 627c3a7c3a6278
31	bxabaa:ababb|x|b|:bbx|a|aaxa	29 6278616261617c3a61626162627c7c787c7c627c7c7c3a6262787c7c61
23	b|aax:axxxa|a:|xbb	22 627c7c6161787c3a61787878617c7c617c3a7c7c7862
10	|axbxab::xbab:	8 7c7c617862786162
12	||ax	6 7c7c7c7c6178
12	:|xb:abb||xbb	11 7c3a7c7c78627c3a616262
11	bx|xa:a:xxbbb:xxa:||x	9 62787c7c78617c3a61
36	|	2 7c7c
32	|||	6 7c7c7c7c7c7c
27	|ba:x:abb:x:||:b	24 7c7c62617c3a787c3a6162627c3a787c3a7c7c7c7c7c3a62
30	a|xaxbxa|bxa|bb:bx|ba	26 617c7c7861786278617c7c6278617c7c62627c3a62787c7c6261
30	bx::|ax	10 62787c3a7c3a7c7c6178
38	aa:	4 61617c3a
17	x:|b::aa::baa||bax	16 787c3a7c7c627c3a7c3a61617c3a7c3a
13	bx	2 6278
9	|:bba|aaba:b	7 7c7c7c3a626261
14	b|:ab:axxbb|:xx|aaax|	13 627c7c7c3a61627c3a61787862
11	x|xbaa:	9 787c7c786261617c3a
14	||aax::|xaax:ax:x|ba:::	13 7c7c7c7c6161787c3a7c3a7c7c
3	ax:b:abbaa:a:|xb:|:bbxa	2 6178
22	xx||::xx:	14 78787c7c7c7c7c3a7c3a78787c3a
36	b|:|:xb|a|a||:b:x:|bbaabxa:||:	35 627c7c7c3a7c7c7c3a78627c7c617c7c617c7c7c7c7c3a627c3a787c3a7c7c62626161
38	bx:a:|b::x|xb||x::|a|x|xb	36 62787c3a617c3a7c7c627c3a7c3a787c7c78627c7c7c7c787c3a7c3a7c7c617c7c787c7c
24	x:bx:xxaa:::::|bxxx|xa	23 787c3a62787c3a787861617c3a7c3a7c3a7c3a7c3a7c7c
6	:xaab:||ab::bxb:|a::aaxbaabb::	5 7c3a786161
33	x:ab	5 787c3a6162
19	aa|xx	6 61617c7c7878
29	a|x|:x|x|||aa:b|:aa||	27 617c7c787c7c7c3a787c7c787c7c7c7c7c7c61617c3a627c7c7c3a
3	bbbbabb||||baabaxa	2 6262
31	ax|x:a	8 61787c7c787c3a61
37	:|bx:::a	13 7c3a7c7c62787c3a7c3a7c3a61
8	x|::x:bb:bx:xabbx|:|xxb	7 787c7c7c3a7c3a
11	xa:a:bb|	9 78617c3a617c3a6262
6	:xbaxa:bxa|:a|axbxa	5 7c3a786261
20	:xba|:	9 7c3a7862617c7c7c3a
23	::b|xxxax:bx::|b|aa|xa	22 7c3a7c3a627c7c78787861787c3a62787c3a7c3a7c7c
22	:xx:xx|bx	12 7c3a78787c3a78787c7c6278
19	bx|a|:	9 62787c7c617c7c7c3a
4	ax::b|:x	2 6178
3	b	1 62
16	||||xx|b	13 7c7c7c7c7c7c7c7c78787c7c62
17	||:x	7 7c7c7c7c7c3a78
21	xbx:|baa:|a::::x:xa	19 7862787c3a7c7c6261617c3a7c7c617c3a7c3a
34	bxxab:ax::|a|a:aa:a|:xxa	33 62787861627c3a61787c3a7c3a7c7c617c7c617c3a61617c3a617c7c7c3a787861
18	a:a|b:x:xa|xxax:ab:bba:a:a:	16 617c3a617c7c627c3a787c3a78617c7c
12	abbx|	6 616262787c7c
12	xbxx|x:x|b|bxa:bba||a	10 786278787c7c787c3a78
19	bbxxxax||x||:|:xbx:||x:xb	18 626278787861787c7c7c7c787c7c7c7c7c3a
11	aa:x:x||x:ba:a|:aabx|xb:aa|b	10 61617c3a787c3a787c7c
18	x|a|||xb|baabaxabax::x:bxa	17 787c7c617c7c7c7c7c7c78627c7c626161
28	|ba:|axa|x||::a|bb:	27 7c7c62617c3a7c7c6178617c7c787c7c7c7c7c3a7c3a617c7c6262
33	:|aba||a:bb:|:a:|bx:xb|b|:x:|	31 7c3a7c7c6162617c7c7c7c617c3a62627c3a7c7c7c3a617c3a7c7c62787c3a
34	::::x|x|bba|:b:a:aa	29 7c3a7c3a7c3a7c3a787c7c787c7c6262617c7c7c3a627c3a617c3a6161
6	|ax|bbx	4 7c7c6178
31	ba|ax:a:bx|:|axb::a|:b:	29 62617c7c61787c3a617c3a62787c7c7c3a7c7c6178627c3a7c3a617c7c
14	x:x:a:|xxb:ax	13 787c3a787c3a617c3a7c7c7878
21	|a|ba|b|b||||ba:a	19 7c7c617c7c62617c7c627c7c627c7c7c7c7c7c
23	axabx:aba:||x|	19 61786162787c3a6162617c3a7c7c7c7c787c7c
12	bb::x:b	10 62627c3a7c3a787c3a62
17	aaxxbbxb:ab|:ab:xaa:ba:|	16 61617878626278627c3a61627c7c7c3a
29	:|:xb:x:b|	16 7c3a7c7c7c3a78627c3a787c3a627c7c
5	aaxbx:ba|x||:|x:::ax	4 61617862
15	a:b	4 617c3a62
39	bax:x:a||b:|:aa	22 6261787c3a787c3a617c7c7c7c627c3a7c7c7c3a6161
8	||bb|||::bxbbb|ab|xxa|axxa||	6 7c7c7c7c6262
28	bbxbbbxbbbb::|	17 62627862626278626262627c3a7c3a7c7c
4	|aaabb|ax:ab:xxb	2 7c7c
3	a:xba|a	1 61
38	bxax|xbx	9 627861787c7c786278
7	:bxa::|bbabb:baa||aabb:	5 7c3a627861
16	x|xx:ax::a:::a	14 787c7c78787c3a61787c3a7c3a61
6	bbba|ax:|xxx|b|a:xxbx|xa:	4 62626261
5	xb|||xx:aa|a	4 78627c7c
38	::|b||a||:|a:xxx	26 7c3a7c3a7c7c627c7c7c7c617c7c7c7c7c3a7c7c617c3a787878
40		0 
12	x|	3 787c7c
27	ax:	4 61787c3a
33	||:	6 7c7c7c7c7c3a
19	aaxb::aba	11 616178627c3a7c3a616261
36	xxbb||b:b|b|xxxx	21 787862627c7c7c7c627c3a627c7c627c7c78787878
14	x	1 78
39	b	1 62
11	bxabaaa::|axa:b:b:|aa:xa	9 627861626161617c3a
32	|xaxxb:x|bx:x|:|b:|xbbaa:x	31 7c7c78617878627c3a787c7c62787c3a787c7c7c3a7c7c627c3a7c7c786262
33		0 
26	:|b|:bx	11 7c3a7c7c627c7c7c3a6278
3	|xaxaa|axbax:	2 7c7c
14	abxxb:|x||x:xxxb|	12 61627878627c3a7c7c787c7c
19	xa:x|axba|bxxa|xx||a	17 78617c3a787c7c617862617c7c62787861
8	:|a|b|:axababbb:|axaa|:ba	7 7c3a7c7c617c7c
9	a:b::a:|:ax|baxxb	8 617c3a627c3a7c3a
24	aa||b|baxa|baab:xba|:b:a|	23 61617c7c7c7c627c7c626178617c7c626161627c3a7862
9	xxbb:a:xb:|:bxb:|x|::axba:	7 787862627c3a61
24	aaab|:x:||:xx	19 616161627c7c7c3a787c3a7c7c7c7c7c3a7878
32	xbaxaa:ab:|x|a|:xab:xb|||xxb|:	31 7862617861617c3a61627c3a7c7c787c7c617c7c7c3a7861627c3a78627c7c
15	x:abxxa|xb|:a::a:a:bx|xx	14 787c3a61627878617c7c78627c7c
34	aaa::a::xxab|xa	20 6161617c3a7c3a617c3a7c3a787861627c7c7861
18	:abx:||	11 7c3a6162787c3a7c7c7c7c
36	a:b::|bbx:a:b::|bbb|bxa|b||xb:	35 617c3a627c3a7c3a7c7c6262787c3a617c3a627c3a7c3a7c7c6262627c7c6278617c7c
12	b:ba:a::bb	10 627c3a62617c3a617c3a
18	bba::b	8 6262617c3a7c3a62
18	xxa|:|:|bb|b|a	17 7878617c7c7c3a7c7c7c3a7c7c62627c7c
33	:b|bx	7 7c3a627c7c6278
26	a|aaaxb|x|bbbbaxa:xbbx::bax	25 617c7c61616178627c7c787c7c626262626178617c3a786262
38	aabb|:b||:xbxxaxa:bbx:	29 616162627c7c7c3a627c7c7c7c7c3a786278786178617c3a6262787c3a
29	b|b:x|xa:xaxa|b:ba:a	27 627c7c627c3a787c7c78617c3a786178617c7c627c3a62617c3a61
38	x:	3 787c3a
10	x|bx|abb:::bba|:aax|xxa:a:xx	9 787c7c62787c7c6162
34	:|aax:ba:b|xax|xba|x:	29 7c3a7c7c6161787c3a62617c3a627c7c7861787c7c7862617c7c787c3a
40	aaa|b|:|xba	15 6161617c7c627c7c7c3a7c7c786261
9	:|::b:aaa::b|xa:xx:xbbab||	8 7c3a7c7c7c3a7c3a
14	xb	2 7862
25	:|axaa	8 7c3a7c7c61786161
28	xbbbbb|axb:ax:|xa|:bb|axba|	27 7862626262627c7c6178627c3a61787c3a7c7c78617c7c7c3a6262
4	||xbb:bbx:bbabbba	2 7c7c
5	b|b|xx:|::xba|:||b|::	3 627c7c
26	ba|bxxaab:	12 62617c7c6278786161627c3a
40	b:	3 627c3a
6	||:|aax:||a:ax:a|:|:|xabb:a:ba	4 7c7c7c7c
35	||a|a|bab:bax|:ax|x||::|||a:	33 7c7c7c7c617c7c617c7c6261627c3a6261787c7c7c3a61787c7c787c7c7c7c7c3a
15	xaa:xbbxababbbabbb|	14 7861617c3a786262786162616262
12	::b::ax|aa|	11 7c3a7c3a627c3a7c3a6178
18	|:ba|b|xax:bab|:|:a|a	16 7c7c7c3a62617c7c627c7c7861787c3a
14	:|::||	12 7c3a7c7c7c3a7c3a7c7c7c7c
4	|x:|bxbab|:baax|a|:xaxxa:||:x	2 7c7c
4	xb:xb:|::bxa:xba||b	2 7862
30	:	2 7c3a
29	ab|axabx	9 61627c7c6178616278
6	||b	4 7c7c7c7c
9	axxxbba:xaxx|::|bb|a|||aab:a	7 61787878626261
30	|aaxx:b|:::aa|x:x::x::	29 7c7c616178787c3a627c7c7c3a7c3a7c3a61617c7c787c3a787c3a7c3a
25	x:xa:aaxbbxbx:ba:	21 787c3a78617c3a61617862627862787c3a62617c3a
3	a	1 61
11	a	1 61
23	bxaxbbx	7 62786178626278
22	abb:::::|:	17 6162627c3a7c3a7c3a7c3a7c3a7c7c7c3a
33	:baa:ab|:xaaxba	19 7c3a6261617c3a61627c7c7c3a786161786261
16	a||:x:x	11 617c7c7c7c7c3a787c3a78
21	axa|:xx:b|:bab::ba:|:bax	19 6178617c7c7c3a78787c3a627c7c7c3a626162
36	|x|:b|b:bx:b|b:ax|a	28 7c7c787c7c7c3a627c7c627c3a62787c3a627c7c627c3a61787c7c61
3	x	1 78
22	:ba:	6 7c3a62617c3a
10	:|xbbaaaax|	9 7c3a7c7c7862626161
24	x:ba:ab||:|xa|a:ab:	22 787c3a62617c3a61627c7c7c7c7c3a7c7c78617c7c61
34	bbb::xabxaa|axa:xba|::a	30 6262627c3a7c3a7861627861617c7c6178617c3a7862617c7c7c3a7c3a61
5	x|||:aa|x:|bx:a|xa::::a	3 787c7c
3	xa:x:|bxaab|xa	2 7861
18	x:bxb||a:||bbx|ba:	17 787c3a6278627c7c7c7c617c3a7c7c7c7c
28	|b|x:bb:|axaaxxab:|::xbbbbxx	26 7c7c627c7c787c3a62627c3a7c7c61786161787861627c3a7c7c
40	x:bx||:bb::b|	20 787c3a62787c7c7c7c7c3a62627c3a7c3a627c7c
8	a:xbaaabax::b	7 617c3a78626161
26	x::a|a:ba|:a:xb	22 787c3a7c3a617c7c617c3a62617c7c7c3a617c3a7862
13	b:ab:|:xbb|:bab|a	11 627c3a61627c3a7c7c7c3a
27	x|xa::|bb:xaba	19 787c7c78617c3a7c3a7c7c62627c3a78616261
22	::a|x|x||x:ba|x||ababx:bbx::b:	20 7c3a7c3a617c7c787c7c787c7c7c7c787c3a6261
25	x::x:|||a|b:|:ab::ax:xxb|:|xb|	24 787c3a7c3a787c3a7c7c7c7c7c7c617c7c627c3a7c7c7c3a
28	::||a|xaaax:xxax:b:|ba||	27 7c3a7c3a7c7c7c7c617c7c78616161787c3a787861787c3a627c3a
21	xax	3 786178
32	a	1 61
25	:babb::|	12 7c3a626162627c3a7c3a7c7c
28		0 
34	:a|::|	11 7c3a617c7c7c3a7c3a7c7c
40	bbax|xbxa:a|ax|bxbxax|	27 626261787c7c786278617c3a617c7c61787c7c6278627861787c7c
5	ab|xx::abbbb|xx|	4 61627c7c
6	:|bxxaxb|x:bb	4 7c3a7c7c
15	babax:b:||xa|:aaxx::xxb:xa	14 62616261787c3a627c3a7c7c7c7c
37	|:ba:xx::a:|bbx|	24 7c7c7c3a62617c3a78787c3a7c3a617c3a7c7c6262787c7c
38	|:xb|xa|:|x:	19 7c7c7c3a78627c7c78617c7c7c3a7c7c787c3a
5	|:aba||xbxb|:aax|bb:|b:|::axx	4 7c7c7c3a
24	|bx:||aab|:bxb:aaaa:	22 7c7c62787c3a7c7c7c7c6161627c7c7c3a6278627c3a
9	|:|:ba|||x:||a|a	8 7c7c7c3a7c7c7c3a
28	:b:bbaabbaaabb|::x	23 7c3a627c3a62626161626261616162627c7c7c3a7c3a78
25	aaa|:a:x:b||:	20 6161617c7c7c3a617c3a787c3a627c7c7c7c7c3a
20	|xaxaxxb:::b:	18 7c7c786178617878627c3a7c3a7c3a627c3a
33	b|:|a:	10 627c7c7c3a7c7c617c3a
15	abx:xbbbb|b:||x|:bax	13 6162787c3a78626262627c7c62
13	x:abxbaxaax:a:|:abba:ba	12 787c3a616278626178616178
14	a:a:b:ab|xb|b|:xbxa|:|a|xxx	13 617c3a617c3a627c3a61627c7c
37	xbx:|:a	10 7862787c3a7c7c7c3a61
32	xaa:||||:xb	17 7861617c3a7c7c7c7c7c7c7c7c7c3a7862
36	xbx:a||ab|aabbx	19 7862787c3a617c7c7c7c61627c7c6161626278
18	xb:|a|aaxaxxbaaa:xb|bx	17 78627c3a7c7c617c7c6161786178786261
18	xa|b|baba|a:x:	16 78617c7c627c7c626162617c7c617c3a
8	:xb|bb:xax|:bbxa::	6 7c3a78627c7c
10	bbb:aaaab	9 6262627c3a61616161
19	a:baxaa::|:||:a:a	18 617c3a62617861617c3a7c3a7c7c7c3a7c7c
6	aa:aaa:xbb	4 61617c3a
26	bbx|a|b||a|	16 6262787c7c617c7c627c7c7c7c617c7c
29	|b|xx::x::||a:aba|:	28 7c7c627c7c78787c3a7c3a787c3a7c3a7c7c7c7c617c3a6162617c7c
25	bax|:aab::|bx|x|b|x|xbabx|||:x	23 6261787c7c7c3a6161627c3a7c3a7c7c62787c7c787c7c
7	:bxb|xba::ax:b::|ab:b	5 7c3a627862
21	aa:xxb	7 61617c3a787862
18	|	2 7c7c
39	aa:a|::xa:ba::axbabaxxx	30 61617c3a617c7c7c3a7c3a78617c3a62617c3a7c3a617862616261787878
22	::b:a:x|	13 7c3a7c3a627c3a617c3a787c7c
33	a|bx:b|||a:||x|ax:xxxax:a|a|:	32 617c7c62787c3a627c7c7c7c7c7c617c3a7c7c7c7c787c7c61787c3a78787861
11	:xx	4 7c3a7878
29	xbxbbxbba:bbab|xaa::aa:|xa	28 7862786262786262617c3a626261627c7c7861617c3a7c3a61617c3a
31	xabb|:aa|x:x|b|x:x	25 786162627c7c7c3a61617c7c787c3a787c7c627c7c787c3a78
11	xaxx|	6 786178787c7c
16	:|xx|a:b:baaxax:||ba|||baaa:	14 7c3a7c7c78787c7c617c3a627c3a
7	::xa|axba:|baax|:b|||	6 7c3a7c3a7861
24	a|xa:ab:axa:x::|:	23 617c7c78617c3a61627c3a6178617c3a787c3a7c3a7c7c
7	abxbaaabb:::::aax	6 616278626161
36	|xbb|aa::x	14 7c7c7862627c7c61617c3a7c3a78
8	||axxba|b	7 7c7c7c7c617878
31	b||:|xb:b|xx:a:aa:ab:bxba:|x	29 627c7c7c7c7c3a7c7c78627c3a627c7c78787c3a617c3a61617c3a6162
23	axx|b	6 6178787c7c62
26	:b	3 7c3a62
25	||a:bxa	10 7c7c7c7c617c3a627861
16	x:bxbb:a|:|bax:baxb:	14 787c3a627862627c3a617c7c7c3a
14	::|:xb|axxx|b:ax:a	12 7c3a7c3a7c7c7c3a78627c7c
6	xxabbbb	5 7878616262
26	:::baxxax:abbbbxx::x||	25 7c3a7c3a7c3a6261787861787c3a616262626278787c3a7c3a
38	|a|::xbxx::a|xxxbaaabxax|xab	36 7c7c617c7c7c3a7c3a786278787c3a7c3a617c7c78787862616161627861787c7c786162
8	bx	2 6278
13	bxx|:ax:b::a:xxbxaa:x:xax:|||	11 6278787c7c7c3a61787c3a
4	ab:bbax|a:|:|aa:a:xxab:	2 6162
39	aax|aa:aabxb:x:b||xa	26 6161787c7c61617c3a61616278627c3a787c3a627c7c7c7c7861
12	bx|aab:|b:	11 62787c7c6161627c3a7c7c
23	aax|a:xa|:|bb	18 6161787c7c617c3a78617c7c7c3a7c7c6262
15	x|aa|x::b|||xaxb	13 787c7c61617c7c787c3a7c3a62
32	||bx|x||bba:|bbx|x|:|||a|x|||	30 7c7c7c7c62787c7c787c7c7c7c6262617c3a7c7c6262787c7c787c7c7c3a
37	:a::axx:	12 7c3a617c3a7c3a6178787c3a
24	:b|ba|:b|xbbxx	19 7c3a627c7c62617c7c7c3a627c7c7862627878
26	::|aaa|xbbxbx|ab|::	25 7c3a7c3a7c7c6161617c7c7862627862787c7c61627c7c7c3a
4	a|x	3 617c7c
12	a||a|x:aaab:abx:|ax|a|x:|b:x	11 617c7c7c7c617c7c787c3a
23	xb:|b|bb|a||a|b|x::||a	21 78627c3a7c7c627c7c62627c7c617c7c7c7c617c7c
21	axbxaaa|x|bxxb:||bx:	20 617862786161617c7c787c7c627878627c3a7c7c
38	a:aa|abxxa|	14 617c3a61617c7c61627878617c7c
31	|bax|:|aa:|xx:|||x|xa	30 7c7c6261787c7c7c3a7c7c61617c3a7c7c78787c3a7c7c7c7c7c7c787c7c
7	ax|a|a::||||:|:||bx::ax::	5 61787c7c61
40	ba||aa|baa	13 62617c7c7c7c61617c7c626161
11	|bba|a	8 7c7c6262617c7c61
8	a:b	4 617c3a62
34	b|aabax::	12 627c7c61616261787c3a7c3a
13	|:x|b|xxax|b:baxa|x:ba|babbb	12 7c7c7c3a787c7c627c7c7878
32	||xx|aba|aa:	17 7c7c7c7c78787c7c6162617c7c61617c3a
13	|x||aa	9 7c7c787c7c7c7c6161
17	:x:|b:	10 7c3a787c3a7c7c627c3a
13	|a:x||ax|	12 7c7c617c3a787c7c7c7c6178
13	:bxa:|	9 7c3a6278617c3a7c7c
34	aaxx:xbbbxx|	14 616178787c3a7862626278787c7c
24	xb	2 7862
8	x|b|x	6 787c7c627c7c
20	:b|a|aaa::aaxa::a|b:axb:a|x|bb	19 7c3a627c7c617c7c6161617c3a7c3a61617861
16	x:|:	7 787c3a7c7c7c3a
23	|xb:x:|bba|axa|b|ba:a:xbxbxb|b	21 7c7c78627c3a787c3a7c7c6262617c7c6178617c7c
34	babxxbaaabxxaax:aa	19 6261627878626161616278786161787c3a6161
15	x|a|||aaxx:|a|:|aa:x|xx:	14 787c7c617c7c7c7c7c7c61617878
10	xa|b:|a||baax:|x|b|ba|bx	9 78617c7c627c3a7c7c
21	||aaabxb|xa|bb	18 7c7c7c7c6161616278627c7c78617c7c6262
40	:bbx|x|x|	13 7c3a6262787c7c787c7c787c7c
13	aba::b:xax||:bx	12 6162617c3a7c3a627c3a7861
36	xbxxx:bb:::|abbx|xb:axx	30 78627878787c3a62627c3a7c3a7c3a7c7c616262787c7c78627c3a617878
17	|::::axbaa:a:bb:xa:a:	15 7c7c7c3a7c3a7c3a7c3a6178626161
6	:|xx|	4 7c3a7c7c
10	:a|a:|x::xaa|xxxb	8 7c3a617c7c617c3a
24		0 
8	aaa|x|::|bb::	6 6161617c7c78
11	a:|:aaxxxb:bb|bba	10 617c3a7c7c7c3a616178
5	|x::	3 7c7c78
4		0 
5	||a:axx::b::::xa::bbaaxb	4 7c7c7c7c
31	|bbb	5 7c7c626262
39	aa:::x:a:abb	17 61617c3a7c3a7c3a787c3a617c3a616262
40	|aaa|ab:b:a	15 7c7c6161617c7c61627c3a627c3a61
13	xab|ab|xbxxa:a|x|x:|	12 7861627c7c61627c7c786278
17	a:a||axaax|xa:|||a|b:|ba	15 617c3a617c7c7c7c61786161787c7c
4	|xa|a:x:||ax	2 7c7c
20	|	2 7c7c
34	|aba:b::b	13 7c7c6162617c3a627c3a7c3a62
7	aba|xxb:x|baba|abbx|baaxa	5 6162617c7c
20	:	2 7c3a
23	xbaax:|b:|b:|bax	22 78626161787c3a7c7c627c3a7c7c627c3a7c7c626178
30	ab:abx|:xaa|a	17 61627c3a6162787c7c7c3a7861617c7c61
18		0 
29	a|bx||bxaaa:xx|:abxbx|aa:|a:x	27 617c7c62787c7c7c7c62786161617c3a78787c7c7c3a6162786278
39	b||xb|a||bbxa::bxb|::	31 627c7c7c7c78627c7c617c7c7c7c626278617c3a7c3a6278627c7c7c3a7c3a
3	ab|bb:a|:a||b	2 6162
24	||xx:|x|::xb:bab|:|b:::bbx	23 7c7c7c7c78787c3a7c7c787c7c7c3a7c3a78627c3a6261
16	|a|:bax|::xa:aa	14 7c7c617c7c7c3a6261787c7c7c3a
32	a:xx|	7 617c3a78787c7c
37	a|x:b|:a|a|x:::|xxxx||a	35 617c7c787c3a627c7c7c3a617c7c617c7c787c3a7c3a7c3a7c7c787878787c7c7c7c61
11	aa|	4 61617c7c
40	x:xxa||bb	12 787c3a7878617c7c7c7c6262
28	xa:xxbx:bx:|bbb|:|b|ab||b|b|	26 78617c3a787862787c3a62787c3a7c7c6262627c7c7c3a7c7c62
18	ab|baa	7 61627c7c626161
14	:::	6 7c3a7c3a7c3a
40	xx:abx:	9 78787c3a6162787c3a
25	|b:xxb|::|aa|ax	22 7c7c627c3a7878627c7c7c3a7c3a7c7c61617c7c6178
8	xa::aa|xabaxab:baba:a:xbx||	6 78617c3a7c3a
11	:xxaaxx|a	10 7c3a7878616178787c7c
40	:|b:ba:bxa|a:ab|:|bb::	33 7c3a7c7c627c3a62617c3a6278617c7c617c3a61627c7c7c3a7c7c62627c3a7c3a
6	xbaa	4 78626161
40	bb:xbba:||x	15 62627c3a786262617c3a7c7c7c7c78
32	axxabbxxba::a::	19 617878616262787862617c3a7c3a617c3a7c3a
26	|:|x	7 7c7c7c3a7c7c78
36	bbb::abb:xb	14 6262627c3a7c3a6162627c3a7862
32	|bb:a:x:a||b||:xa	26 7c7c62627c3a617c3a787c3a617c7c7c7c627c7c7c7c7c3a7861
25	:a::b|:|x:xbba:|:bbbbb|a|xb:|	23 7c3a617c3a7c3a627c7c7c3a7c7c787c3a786262617c3a
28	|axxx:bx::a:x	18 7c7c617878787c3a62787c3a7c3a617c3a78
8	ba:ab|a	6 62617c3a6162
14	|x	3 7c7c78
10	x:bbxaaxax:aaxab::abab:|xa|	9 787c3a626278616178
4	|xab|:aa|:a:|ab	2 7c7c
6	:x||:::xb	5 7c3a787c7c
8	b:b|:x:b:b|xb:x:ab	6 627c3a627c7c
12	xbx:xxxa:bbbb	11 7862787c3a787878617c3a
15	b:|b|	8 627c3a7c7c627c7c
16	|b|x:	8 7c7c627c7c787c3a
9	x::	5 787c3a7c3a
11	baabaxxab||x:|x|||	9 626161626178786162
5	a:x|||a:b|:	3 617c3a
28	|b::ax|bba|a:a:|	24 7c7c627c3a7c3a61787c7c6262617c7c617c3a617c3a7c7c
4	|xbb:	2 7c7c
19	a	1 61
20	ax|aabax|abx::bbxxa|::	18 61787c7c61616261787c7c6162787c3a7c3a
27	||	4 7c7c7c7c
38	|xbb:b:|b::aabaa:	24 7c7c7862627c3a627c3a7c7c627c3a7c3a61616261617c3a
36	:	2 7c3a
24	bx|:a||b||a:x||axxaaa|bbbbba||	22 62787c7c7c3a617c7c7c7c627c7c7c7c617c3a787c7c
25	baa:a:	8 6261617c3a617c3a
12	:axbx|::::bxx||axaxx|xa::aba:	10 7c3a617862787c7c7c3a
3	x:abxax:abbbxx|::a:::	1 78
31	x:bab::ab	12 787c3a6261627c3a7c3a6162
31	axx:b:a	9 6178787c3a627c3a61
20	:a:bbabb::	14 7c3a617c3a62626162627c3a7c3a
37	xbbx|:ba||:||xxa	23 786262787c7c7c3a62617c7c7c7c7c3a7c7c7c7c787861
33	:bb|a:||ba|ab:xx	23 7c3a62627c7c617c3a7c7c7c7c62617c7c61627c3a7878
24	xb|baab|b	11 78627c7c626161627c7c62
21	|b	3 7c7c62
9	x:aax|	8 787c3a6161787c7c
28	:aba||x|b	13 7c3a6162617c7c7c7c787c7c62
12	a||b|ab:a|bab|b:|aa::b|ba:xx:	10 617c7c7c7c627c7c6162
35	|::a:aab:|aa||xa|ax:|||a|bx	34 7c7c7c3a7c3a617c3a6161627c3a7c7c61617c7c7c7c78617c7c61787c3a7c7c7c7c
16	ax:bx	6 61787c3a6278
5	b|x:|::|abba:::|:axxx:|||:bbxx	3 627c7c
33	a|:x:||baaa:xbxbb	23 617c7c7c3a787c3a7c7c7c7c626161617c3a7862786262
36	bba|:xb|x::|||xxab	26 6262617c7c7c3a78627c7c787c3a7c3a7c7c7c7c7c7c78786162
35	aaa||xxaa::|a:||axbabb:xxxbxxb	34 6161617c7c7c7c787861617c3a7c3a7c7c617c3a7c7c7c7c6178626162627c3a7878
21	|::abxb:x|	15 7c7c7c3a7c3a616278627c3a787c7c
20	ababxxb:|b	12 616261627878627c3a7c7c62
12	x:|:||x:b|b|:::x|xaaabb:xbaa	11 787c3a7c7c7c3a7c7c7c7c
29	|||:xbaaxbbabb:||:b|:||	27 7c7c7c7c7c7c7c3a786261617862626162627c3a7c7c7c7c7c3a62
11	aaab	4 61616162
18	|x	3 7c7c78
37	bb:b|xxba	11 62627c3a627c7c78786261
24	:a||:b:bb|bbx	19 7c3a617c7c7c7c7c3a627c3a62627c7c626278
28	|ax:|x|x:ax:abaabx	24 7c7c61787c3a7c7c787c7c787c3a61787c3a616261616278
13	ax:b|xb	9 61787c3a627c7c7862
36	:bb:	6 7c3a62627c3a
4	x|:b|bbb|b||xbxx|ab|	3 787c7c
5	abba||:x||:aaxx::::xx	4 61626261
13	axb:aba|:ba:b|x:	12 6178627c3a6162617c7c7c3a
16	b||b	6 627c7c7c7c62
16	b||x|ax:b|b:ba:ax|::a::xa|	15 627c7c7c7c787c7c61787c3a627c7c
26	xabxa|a|abxx|:a||axxbbxb::|a:	25 78616278617c7c617c7c616278787c7c7c3a617c7c7c7c6178
8	|aax:|a:xaba:x|a|ab|:x:|:	7 7c7c6161787c3a
29	a|:bbx:xxx:x	16 617c7c7c3a6262787c3a7878787c3a78
29	|xxb:|||:|bxxx:xa|bb::|a|b|	27 7c7c7878627c3a7c7c7c7c7c7c7c3a7c7c627878787c3a78617c7c
29	:x||x|:baaxaxba|	22 7c3a787c7c7c7c787c7c7c3a62616178617862617c7c
31	:a	3 7c3a61
22	xx	2 7878
24	:|x	5 7c3a7c7c78
16	ax|xax|b|x|abxba|x:b:x:	15 61787c7c7861787c7c627c7c787c7c
15	a:b|aaax||:baxx	14 617c3a627c7c616161787c7c7c7c
30	xbxab:::a||bab:xx|xa|:	29 78627861627c3a7c3a7c3a617c7c7c7c6261627c3a78787c7c78617c7c
3	bax:bb|aabaab|:	2 6261
10	|a::a|::	8 7c7c617c3a7c3a61
8	:ba:|b:x:x|aax|:a	6 7c3a62617c3a
35	|ab::x|:::	17 7c7c61627c3a7c3a787c7c7c3a7c3a7c3a
18	xxxa:|ax||xbxa|:xb	17 787878617c3a7c7c61787c7c7c7c786278
40	b	1 62
36	a|::a::::aaa:	21 617c7c7c3a7c3a617c3a7c3a7c3a7c3a6161617c3a
35	a	1 61
33	aabax|||:a||	18 61616261787c7c7c7c7c7c7c3a617c7c7c7c
3	xxb	2 7878
26	a|:xx|b:bb:	16 617c7c7c3a78787c7c627c3a62627c3a
38	ba|:ba|:||:bbaaxx|ab:|:	34 62617c7c7c3a62617c7c7c3a7c7c7c7c7c3a6262616178787c7c61627c3a7c7c7c3a
7	xbaaa|bx:a:|	5 7862616161
12	ax	2 6178
6	bb:x:aa|xa	4 62627c3a
22	|xx|:axbba|||b|a|bb:||b:xx	20 7c7c78787c7c7c3a61786262617c7c7c7c7c7c62
4	xbabaaa:x	3 786261
26	:b	3 7c3a62
25	|ba|xxb|:x|a|x:xaxba|:bbx::::b	24 7c7c62617c7c7878627c7c7c3a787c7c617c7c787c3a7861
11	x||||bb	9 787c7c7c7c7c7c7c7c
35	:x:xa:xabx|b|:	20 7c3a787c3a78617c3a786162787c7c627c7c7c3a
37	axba::	8 617862617c3a7c3a
25	:xx|xaaa:bxaabb||||||bbaax:xa|	24 7c3a78787c7c786161617c3a6278616162627c7c7c7c7c7c
40	xbxxxba||ba||:b::axbax	29 786278787862617c7c7c7c62617c7c7c7c7c3a627c3a7c3a6178626178
15	ba:xbax:b:x:|	13 62617c3a786261787c3a627c3a
23	xbb|xbxba|:|::|	22 7862627c7c78627862617c7c7c3a7c7c7c3a7c3a7c7c
14	bb|:|:::bab:x|bba::|x|ba|bxab	12 62627c7c7c3a7c7c7c3a7c3a
20	|:||x:|bbb|bb::|:	18 7c7c7c3a7c7c7c7c787c3a7c7c6262627c7c
24	|x:axaab|ba:|bb:xa	22 7c7c787c3a61786161627c7c62617c3a7c7c62627c3a
9	|	2 7c7c
36	bbxba:|:xba::bxbb|bb:x||aax	35 62627862617c3a7c7c7c3a7862617c3a7c3a627862627c7c62627c3a787c7c7c7c6161
22	ba:|x|:|xba:ax||:x|:a	20 62617c3a7c7c787c7c7c3a7c7c7862617c3a6178
33	xax:|bab	10 7861787c3a7c7c626162
33	a:bxba:baa|axaabbxba|::|:x||	31 617c3a627862617c3a6261617c7c6178616162627862617c7c7c3a7c3a7c7c
26	|ba|xxb:b|:ax:x:x|:x|:	24 7c7c62617c7c7878627c3a627c7c7c3a61787c3a787c3a78
23	:x|abx:abax|:a|b:|x:xx	21 7c3a787c7c6162787c3a616261787c7c7c3a617c7c
31	:b||bb:::	15 7c3a627c7c7c7c62627c3a7c3a7c3a
16	x|:|ab::ax::|:a:b||aa:b	15 787c7c7c3a7c7c61627c3a7c3a6178
26	xa	2 7861
4	x|x|xxx:|ab	3 787c7c
37	aa|bbaxxbaxxaaa:|a|axxxxaxa	31 61617c7c6262617878626178786161617c3a7c7c617c7c6178787878617861
22	|a:|:xaaabxb	16 7c7c617c3a7c7c7c3a78616161627862
21	x	1 78
37	xa:xab:|axa:|||xabxaa	28 78617c3a7861627c3a7c7c6178617c3a7c7c7c7c7c7c786162786161
16	:|xbb:|:xb:abb|a	15 7c3a7c7c7862627c3a7c7c7c3a7862
11	b:a:x::|:	9 627c3a617c3a787c3a
37	xa||	6 78617c7c7c7c
37	|bxbbb|xbaa	13 7c7c62786262627c7c78626161
33		0 
38	bx	2 6278
29	|xxx|b|x	11 7c7c7878787c7c627c7c78
16	||a|:ba:bxa|b:aaxa:||:x|:	15 7c7c7c7c617c7c7c3a62617c3a6278
33	:||xx|x||||:|xb	25 7c3a7c7c7c7c78787c7c787c7c7c7c7c7c7c7c7c3a7c7c7862
26	baxbaaxx	8 6261786261617878
22	x|x:|:	10 787c7c787c3a7c7c7c3a
8	a|xba:|	6 617c7c786261
14	xx:b:|x|:aa|a|||:|a:xbbba|xx	12 78787c3a627c3a7c7c787c7c
25	bb|:axax|xxxxa|xaa:bb:|ab|	24 62627c7c7c3a617861787c7c78787878617c7c7861617c3a
4	a|bxaa:x|xba:a:ax|:|ba	3 617c7c
39	::|b:|:aabbbxxxb::a	27 7c3a7c3a7c7c627c3a7c7c7c3a6161626262787878627c3a7c3a61
10	xb	2 7862
4	b:|aaaxbb|::b	3 627c3a
21	:|:|a|aa:::||x:	19 7c3a7c7c7c3a7c7c617c7c61617c3a7c3a7c3a
36	|a:axx||	12 7c7c617c3a6178787c7c7c7c
8	:b:a:a||b|bbba:aaax||	6 7c3a627c3a61
16	|a||x|bxbx:axx|b|xxb|:aabxa	14 7c7c617c7c7c7c787c7c62786278
11	:bbx|:a	9 7c3a6262787c7c7c3a
35	b:a|a:x|:a:|a:b:|	27 627c3a617c7c617c3a787c7c7c3a617c3a7c7c617c3a627c3a7c7c
26	b:b|xaabbax:aa:|	21 627c3a627c7c786161626261787c3a61617c3a7c7c
4	b|x:::a::abb|xaxxxb:x:bxxx|aa	3 627c7c
3	::aa	2 7c3a
25	xaxxbbb|x|xa	14 786178786262627c7c787c7c7861
21	:bax	5 7c3a626178
3	x:x:ab||a:|x|xbbx::aa:xxb:|x:|	1 78
27		0 
31	||a|a|abbxx|:xb||bb|bbaa|	29 7c7c7c7c617c7c617c7c61626278787c7c7c3a78627c7c7c7c62627c7c
13	:a|xaxb|||xbx:xx|xa|:xx:bx:xxb	11 7c3a617c7c786178627c7c
8	x|a|:|b|	6 787c7c617c7c
4	xa|:|xaaxxaaaa:|	2 7861
14	::bbaa:bxa	13 7c3a7c3a626261617c3a627861
28	x||a:|x|	13 787c7c7c7c617c3a7c7c787c7c
17	|x||a	8 7c7c787c7c7c7c61
38	xaax:a:x:|	14 786161787c3a617c3a787c3a7c7c
19	|:xab|bba|a::xb|xxb:aabb	17 7c7c7c3a7861627c7c6262617c7c617c3a
20	ab|:x|:a|:b::|::aaa:	19 61627c7c7c3a787c7c7c3a617c7c7c3a627c3a
33	ab	2 6162
5	x|a:||:bb||	3 787c7c
4	xab||bb:ababaxa:xb|:axbx|:axx:	3 786162
33	|xbx::|:xb:|a:b::|:x	31 7c7c7862787c3a7c3a7c7c7c3a78627c3a7c7c617c3a627c3a7c3a7c7c7c3a
32	:a|b:bbxx|x:bb:b:ax|ab|bba:	30 7c3a617c7c627c3a626278787c7c787c3a62627c3a627c3a61787c7c6162
29	baxbx:x|abxx:b|xb||bx:|a|bax:a	27 62617862787c3a787c7c616278787c3a627c7c78627c7c7c7c6278
35	b|	3 627c7c
9	b:xxxx|:xxx::a:bab|ab	7 627c3a78787878
21	|:x|a|:a||:a|:	19 7c7c7c3a787c7c617c7c7c3a617c7c7c7c7c3a
27	ax:||xab|b|x:|bab|	26 61787c3a7c7c7c7c7861627c7c627c7c787c3a7c7c6261627c7c
9	x|x|axb::xa:a:b|xb:bb::xx:a	8 787c7c787c7c6178
5	|:bx|:||:	4 7c7c7c3a
32	b:xx|a|bb:::aa|xx	24 627c3a78787c7c617c7c62627c3a7c3a7c3a61617c7c7878
32	xb:bxaxab:x||||||a::xab:x:a	30 78627c3a6278617861627c3a787c7c7c7c7c7c7c7c7c7c7c7c617c3a7c3a
7	b:abxxb||:	6 627c3a616278
21	xxxx:x||ax:|b:|a|b:|a:||	20 787878787c3a787c7c7c7c61787c3a7c7c627c3a
15	x|x|x:|xxxa|||||x|bb::ax:	14 787c7c787c7c787c3a7c7c787878
36	xbaa::aa:bb|a|ba:x:	26 786261617c3a7c3a61617c3a62627c7c617c7c62617c3a787c3a
11	b:b	4 627c3a62
40	xbxbb||:xaba:|||b:	26 78627862627c7c7c7c7c3a786162617c3a7c7c7c7c7c7c627c3a
16	a:|x||abbx::b:x:bx:b:b|	14 617c3a7c7c787c7c7c7c61626278
12	x:xb:bxxaa	11 787c3a78627c3a62787861
9	:xxaaab:::b:bb:	8 7c3a787861616162
23	x::xx	7 787c3a7c3a7878
27	xbxaa:xb:x:ax|	18 78627861617c3a78627c3a787c3a61787c7c
16	b|aaa|bax	11 627c7c6161617c7c626178
23	b|bx:a:x:|b|xbxx:bbbb||ba:a	22 627c7c62787c3a617c3a787c3a7c7c627c7c78627878
38	xbbaaaaaax|axb:x:|a:b|xa	30 786262616161616161787c7c6178627c3a787c3a7c7c617c3a627c7c7861
27	::|:aa:|b::xb	21 7c3a7c3a7c7c7c3a61617c3a7c7c627c3a7c3a7862
36	:b|bxxxbxxa:b::a	21 7c3a627c7c62787878627878617c3a627c3a7c3a61
34	xa|aa:baababax	16 78617c7c61617c3a6261616261626178
21	baabaxb:bxxba::x:|x|:::	19 626161626178627c3a62787862617c3a7c3a78
38	:xbbbx:x	10 7c3a78626262787c3a78
40	xx|	4 78787c7c
18	aba||x:aa|	14 6162617c7c7c7c787c3a61617c7c
37	x|x|x	7 787c7c787c7c78
14	|xaa|:x||bb|b|||	12 7c7c7861617c7c7c3a787c7c
25	xb|b:b:::x:a:||:|a::b	24 78627c7c627c3a627c3a7c3a7c3a787c3a617c3a7c7c7c7c
16	xbaa|:b|xbba|b:axbaxa	15 786261617c7c7c3a627c7c78626261
21	:xbba|x:aaba	15 7c3a786262617c7c787c3a61616261
5	b:ba:a:bx|ab	3 627c3a
6	x::bax|aab:::bxb|bbaba	5 787c3a7c3a
25	:xa:	6 7c3a78617c3a
34	a:abb|abbb|a|:x|	22 617c3a6162627c7c616262627c7c617c7c7c3a787c7c
22	:xx||a:a:axxb:	20 7c3a78787c7c7c7c617c3a617c3a617878627c3a
38	a:xx:aaxbxa:a:x:xbb:xxxa:	32 617c3a78787c3a6161786278617c3a617c3a787c3a7862627c3a787878617c3a
14	b|||xa:	11 627c7c7c7c7c7c78617c3a
3	x:baa|:x||xb|abb:a|x:bxx:|x	1 78
9	ba|ab|xx:a|:|a:bxbb|	8 62617c7c61627c7c
39	|b|a	6 7c7c627c7c61
27	ba||bxb:bb:x|:abab:	26 62617c7c7c7c6278627c3a62627c3a787c7c7c3a616261627c3a
24	:aa:ababxbb|b||bbxx:axa|::	23 7c3a61617c3a616261627862627c7c627c7c7c7c626278
19	::babbbb::xaa::ax|aa	17 7c3a7c3a6261626262627c3a7c3a786161
10	abxabababab|aabbx	9 616278616261626162
36	x|b|	6 787c7c627c7c
20	||axa:ax|b|axxx|bxa|bx||:	19 7c7c7c7c6178617c3a61787c7c627c7c617878
21		0 
16	|xa|:|b:xx|bxa|a|aab	15 7c7c78617c7c7c3a7c7c627c3a7878
14	xbx:x|b:||:abxaxaa|	13 7862787c3a787c7c627c3a7c7c
37	|:bb:ba|a|:b|b|b|b:axxb|a|a|a	35 7c7c7c3a62627c3a62617c7c617c7c7c3a627c7c627c7c627c7c627c3a617878627c7c
26	xb|baaba:abxba|xxaab:xb	25 78627c7c62616162617c3a61627862617c7c78786161627c3a
8	a|:bb::|a|:|b|b::xa|:x	7 617c7c7c3a6262
33	a|b	4 617c7c62
18	aab|x:a:a|x	15 6161627c7c787c3a617c3a617c7c78
11	:bxa|bax|abab|x:b	10 7c3a6278617c7c626178
3	||:aax::bbxxxa|ba|:b:|:	2 7c7c
34	|:a|b||a::|:ab||:bxb:::bb	32 7c7c7c3a617c7c627c7c7c7c617c3a7c3a7c7c7c3a61627c7c7c7c7c3a627862
19	xa|:x|:a|a	15 78617c7c7c3a787c7c7c3a617c7c61
22	x|a|a::b:a:||:a|ax	21 787c7c617c7c617c3a7c3a627c3a617c3a7c7c7c7c
9	a:xbxb:abbab:bxxaa||	7 617c3a78627862
27	aab::abb	10 6161627c3a7c3a616262
8	xxxax||aaxb:xb|::|baxaaba	7 78787861787c7c
21	ab|axa:||ab||:x:b|b:|ab|	19 61627c7c6178617c3a7c7c7c7c61627c7c7c7c
19	xaba:|:ba:|:x:x:|	18 786162617c3a7c7c7c3a62617c3a7c7c7c3a
30	b:bba:aa|xb:axbbxax:ba:::ax	29 627c3a6262617c3a61617c7c78627c3a617862627861787c3a62617c3a
23	|:b|bxa	10 7c7c7c3a627c7c627861
20	baxxxa	6 626178787861
9	|a:xx|a||:|aa||:xaba:	7 7c7c617c3a7878
17	:bbx|xxbxxbbb::|:x:xbb|	15 7c3a6262787c7c7878627878626262
23	:aab::a|aabbab|ababxx:x:|:	22 7c3a6161627c3a7c3a617c7c6161626261627c7c6162
27	|b:xx|x:b	13 7c7c627c3a78787c7c787c3a62
4	ba:bxaxx|x:|::|::abx|::	2 6261
19	||:x|b|	12 7c7c7c7c7c3a787c7c627c7c
8	abaa:|aaa::x|babx:|xbbb	6 616261617c3a
14	xx	2 7878
25	|	2 7c7c
14	:a:|axb:aaabb:|::|b	12 7c3a617c3a7c7c6178627c3a
31	a|bb:b|:::abx|a|:|x|a|ba|	29 617c7c62627c3a627c7c7c3a7c3a7c3a6162787c7c617c7c7c3a7c7c78
29	xa:|a:a|x:ax:b:bxaa::x||bbbax	28 78617c3a7c7c617c3a617c7c787c3a61787c3a627c3a627861617c3a
9	xbb|ab|a||aa||xxxb|:axaa:b|:xb	7 7862627c7c6162
11	a:::	7 617c3a7c3a7c3a
4	|a:	2 7c7c
13	:bx||::||:ab|bx:||::b	12 7c3a62787c7c7c7c7c3a7c3a
32	a||a	6 617c7c7c7c61
19	a|bb:b	8 617c7c62627c3a62
35	:|a:b||	12 7c3a7c7c617c3a627c7c7c7c
21	a:x:b|::xa:x|:x|xbbbb:|bxa	20 617c3a787c3a627c7c7c3a7c3a78617c3a787c7c
23	bx|xa:::xxxx|abx	21 62787c7c78617c3a7c3a7c3a787878787c7c616278
7	axaaaba:a:a:x:axx|ba:x:a||	6 617861616162
29	|xaxb:bxaaax:a|b:b|ba	27 7c7c786178627c3a6278616161787c3a617c7c627c3a627c7c6261
14	||||a||::ab:a:::b||:abab:bba	13 7c7c7c7c7c7c7c7c617c7c7c7c
24	bbb|b|b::||baxaa:a	22 6262627c7c627c7c627c3a7c3a7c7c7c7c6261786161
9	|:::	8 7c7c7c3a7c3a7c3a
17	:bbxxx:|axax:ax:xa|aa:xa	15 7c3a62627878787c3a7c7c61786178
34	bx|aa|:x||:||bxa|||x	31 62787c7c61617c7c7c3a787c7c7c7c7c3a7c7c7c7c6278617c7c7c7c7c7c78
36	|abxbax||	12 7c7c6162786261787c7c7c7c
25	|xb|::xbxxbb::a:abaab|	23 7c7c78627c7c7c3a7c3a7862787862627c3a7c3a617c3a
25	::xaaxa:|:xax:xb|	24 7c3a7c3a78616178617c3a7c7c7c3a7861787c3a78627c7c
7	:|a|:	5 7c3a7c7c61
22	:x:abb	8 7c3a787c3a616262
6	x:ba|xbb:aa	5 787c3a6261
21	|:abb	7 7c7c7c3a616262
30	aabxb:bxxbbba|:xaa	21 61616278627c3a627878626262617c7c7c3a786161
35	:aabb:ax|:bba|a|x||x:aa|a:::x	34 7c3a616162627c3a61787c7c7c3a6262617c7c617c7c787c7c7c7c787c3a61617c7c
24	a:||b|axa|ba:x:a|	22 617c3a7c7c7c7c627c7c6178617c7c62617c3a787c3a
33	a|x:xxa::aax|bbbx|::::|b:|aa	32 617c7c787c3a7878617c3a7c3a6161787c7c626262787c7c7c3a7c3a7c3a7c3a
30	:aa|x||bb|x|aa::|x	27 7c3a61617c7c787c7c7c7c62627c7c787c7c61617c3a7c3a7c7c78
15	xa|||:a|xx:x|xxxaaa|aa	13 78617c7c7c7c7c7c7c3a617c7c
39	|xa:xbbba|:xxabx:|xx|	28 7c7c78617c3a78626262617c7c7c3a78786162787c3a7c7c78787c7c
36	:x:|:bab	12 7c3a787c3a7c7c7c3a626162
12	||ba::b:aaa:aa|b::a:bbbbbb::ax	10 7c7c7c7c62617c3a7c3a
38	|xx|xbxba|x	14 7c7c78787c7c78627862617c7c78
13	||xx::xb:xa	12 7c7c7c7c78787c3a7c3a7862
14	|xa	4 7c7c7861
7	x|ba|b:|	5 787c7c6261
29	:|:|:|:|bbb::	23 7c3a7c7c7c3a7c7c7c3a7c7c7c3a7c7c6262627c3a7c3a
27	b:xx:x	8 627c3a78787c3a78
39		0 
38	:bbb:|||aba||ba:xa:b|:	33 7c3a6262627c3a7c7c7c7c7c7c6162617c7c7c7c62617c3a78617c3a627c7c7c3a
15	b:a	4 627c3a61
32	xxb::aaab:xxabxa:b	22 7878627c3a7c3a616161627c3a7878616278617c3a62
33		0 
29	a::xxxa:xb::|:x:|x|b:|:ab	27 617c3a7c3a787878617c3a78627c3a7c3a7c7c7c3a787c3a7c7c78
31	bba:ababbaa|abbabx::xx	26 6262617c3a616261626261617c7c6162626162787c3a7c3a7878
19	:	2 7c3a
7	::x|:|:bb|:||:a:x|a||xb:xa	5 7c3a7c3a78
30	|bb:xa:x:ab|ba	19 7c7c62627c3a78617c3a787c3a61627c7c6261
38	b	1 62
31	|	2 7c7c
25	bxxx|a:|:|	15 627878787c7c617c3a7c7c7c3a7c7c
26	b|:axa|xbx:ab::a::	24 627c7c7c3a6178617c7c7862787c3a61627c3a7c3a617c3a
18	x::|||ba|bx|x|b|xabb:b:xa:b	17 787c3a7c3a7c7c7c7c7c7c62617c7c6278
22	a|xbb:xxxbaa::::xxx:x:	20 617c7c7862627c3a7878786261617c3a7c3a7c3a
40	a::|x|b:aax||:a:bb|bax|xa::b:	38 617c3a7c3a7c7c787c7c627c3a6161787c7c7c7c7c3a617c3a62627c7c6261787c7c78617c3a
29	xxba||||bxababxa:|a:b:	27 787862617c7c7c7c7c7c7c7c62786162616278617c3a7c7c617c3a
27	b	1 62
31	:|bb:ax|:b::|bxxxx|xbx:xaax	30 7c3a7c7c62627c3a61787c7c7c3a627c3a7c3a7c7c62787878787c7c7862
32		0 
19	b||:bbxa|x:b:xbaxbab:|:baax	17 627c7c7c7c7c3a626278617c7c787c3a62
37	bxxbaba:|xxx|xb:::b|axxaab:|a	35 627878626162617c3a7c7c7878787c7c78627c3a7c3a7c3a627c7c6178786161627c3a
17	aab::|	9 6161627c3a7c3a7c7c
30	axb|x|::|bba|ax:aa|ax	29 6178627c7c787c7c7c3a7c3a7c7c6262617c7c61787c3a61617c7c6178
25	abbb:a:a|ax|:|b|bb|:bb	23 616262627c3a617c3a617c7c61787c7c7c3a7c7c627c7c
17	aa:b:a|b|x|aab:	16 61617c3a627c3a617c7c627c7c787c7c
28		0 
25	:a:b	6 7c3a617c3a62
18	b||:|abbx:abaa:|	17 627c7c7c7c7c3a7c7c616262787c3a6162
3	bba|bb|a::aa	2 6262
32	x||a	6 787c7c7c7c61
16		0 
35	:b||a|axaaa|b|:b:xbaa|:	33 7c3a627c7c7c7c617c7c61786161617c7c627c7c7c3a627c3a786261617c7c7c3a
7	ba|x|ab|x|a|||x|:aa:aaa:|x	5 62617c7c78
16	||	4 7c7c7c7c
5	aab|:|ax	3 616162
7	:xa|bx||xa|a:	6 7c3a78617c7c
29	aa|:x|ax:a	14 61617c7c7c3a787c7c61787c3a61
8	:x:xxa|x|xa|baa|xba:x	7 7c3a787c3a7878
24	x:x:aax|abb||ba:a:|::axb:||	22 787c3a787c3a6161787c7c6162627c7c7c7c62617c3a
31	xxx:ax||xa	13 7878787c3a61787c7c7c7c7861
19	x:x:|:|b:ab||:a|ba|aba|ab|xba	17 787c3a787c3a7c7c7c3a7c7c627c3a6162
29	b:a:|b:	11 627c3a617c3a7c7c627c3a
12	a|::b:a|xbxb||:||x|x	10 617c7c7c3a7c3a627c3a
30	:babxbax	9 7c3a62616278626178
12	bbaa|axxbb	11 626261617c7c6178786262
29	|a::a:bxa:x:bax:ba:bbaxbabx:	27 7c7c617c3a7c3a617c3a6278617c3a787c3a6261787c3a62617c3a
31	b	1 62
39	|abb:x	8 7c7c6162627c3a78
14		0 
15	bx:bb:ba:|bb	14 62787c3a62627c3a62617c3a7c7c
25	:axaxa|	9 7c3a61786178617c7c
18	xbb|	5 7862627c7c
38	aba:a||xb|b|ab|	21 6162617c3a617c7c7c7c78627c7c627c7c61627c7c
27	:b	3 7c3a62
4	babbabbbxa	3 626162
34	x:bxaxxaxbx:a|ba:xxb	24 787c3a6278617878617862787c3a617c7c62617c3a787862
11	::aa:xxbx|:|aa	10 7c3a7c3a61617c3a7878
35	:x|:xax|:|x:ab|b|b	27 7c3a787c7c7c3a7861787c7c7c3a7c7c787c3a61627c7c627c7c62
9	ab||||abbb|b:a|bxabx|bba:::bb	8 61627c7c7c7c7c7c
9	|ba:|x	8 7c7c62617c3a7c7c
15	||aab|::xaax::b||||xx:||xxab:x	13 7c7c7c7c6161627c7c7c3a7c3a
19	:|x:aba:axa	15 7c3a7c7c787c3a6162617c3a617861
26	bab:|b|a::b|	18 6261627c3a7c7c627c7c617c3a7c3a627c7c
25	aabxaxxba:b:|:a|a|bb:	24 6161627861787862617c3a627c3a7c7c7c3a617c7c617c7c
23	b	1 62
13	::xxaa|a|	11 7c3a7c3a787861617c7c61
18	:xabaababbbaxb|a::b|xx|baxax	17 7c3a786162616162616262626178627c7c
23	:a|abb:	10 7c3a617c7c6162627c3a
21	x|aa:bbbb|xb:b|xx	20 787c7c61617c3a626262627c7c78627c3a627c7c
34	a|ax:|:bb|x|a|abxbx|b|x|ba|:	32 617c7c61787c3a7c7c7c3a62627c7c787c7c617c7c61627862787c7c627c7c78
35	|	2 7c7c
24	||a	5 7c7c7c7c61
35	b|x|xx||axbxa|xb|:axbb	29 627c7c787c7c78787c7c7c7c61786278617c7c78627c7c7c3a61786262
23	x|xb:ax||||a:||x:ax::bax||	22 787c7c78627c3a61787c7c7c7c7c7c7c7c617c3a7c7c
11	abax	4 61626178
4	|:xx::a	2 7c7c
15	:ba:aa::axba|xx|xxx|ba|:xa:|:	14 7c3a62617c3a61617c3a7c3a6178
5	a||:|bxa|aa:bx|:ab|bx	3 617c7c
11	|xx	4 7c7c7878
28	x:x|xa:|a|bxb:a|:babb:b|aaa	27 787c3a787c7c78617c3a7c7c617c7c6278627c3a617c7c7c3a6261
10	a:|bxb	8 617c3a7c7c627862
18	b|ab::x|x:	15 627c7c61627c3a7c3a787c7c787c3a
10	x	1 78
17	::xaa	7 7c3a7c3a786161
25	a:abx|ab:bx||:b:a:||:|:|	23 617c3a6162787c7c61627c3a62787c7c7c7c7c3a627c3a
4	|xa|:bbxb:a:x|:b	2 7c7c
10	b:xbbaa:b|:baxa:x	8 627c3a7862626161
29	ax:||a::x:b||a:bx|a	28 61787c3a7c7c7c7c617c3a7c3a787c3a627c7c7c7c617c3a62787c7c
37	xxx|:a:|||x:a:	22 7878787c7c7c3a617c3a7c7c7c7c7c7c787c3a617c3a
24	b:bx:|||a:a:bbbbbb|b|b	23 627c3a62787c3a7c7c7c7c7c7c617c3a617c3a62626262
40	b:xb:b:xabx	14 627c3a78627c3a627c3a78616278
27	aax|bxaa:b::a||a:b::	25 6161787c7c627861617c3a627c3a7c3a617c7c7c7c617c3a62
24	x|xbaa|:x:xaxxa::x:bxb:xbb	23 787c7c786261617c7c7c3a787c3a78617878617c3a7c3a
32	|a|:a::xaxabx|::bxa::aa|xb:|:a	31 7c7c617c7c7c3a617c3a7c3a7861786162787c7c7c3a7c3a6278617c3a7c3a
31	b|	3 627c7c
7	baaa||a	6 626161617c7c
34	:||a:bxbb|bb|:xxbb	25 7c3a7c7c7c7c617c3a627862627c7c62627c7c7c3a78786262
28	:	2 7c3a
16	xb	2 7862
16	b	1 62
22	||	4 7c7c7c7c
27	:baxb:x|::bb|bbxab:	26 7c3a626178627c3a787c7c7c3a7c3a62627c7c62627861627c3a
39	:||ab|x:bxa|a|:aab|||x:xx	37 7c3a7c7c7c7c61627c7c787c3a6278617c7c617c7c7c3a6161627c7c7c7c7c7c787c3a7878
25	:ab:xba|a:aabxxx:bxxaxbb:axxx	24 7c3a61627c3a7862617c7c617c3a6161627878787c3a6278
29	bb|abxxa:|xxa	16 62627c7c61627878617c3a7c7c787861
10	:x:::ax:	9 7c3a787c3a7c3a7c3a
32	b|b|::xb:bxxax|ba|:abxaa||bx|x	31 627c7c627c7c7c3a7c3a78627c3a62787861787c7c62617c7c7c3a61627861
31	|	2 7c7c
29	|	2 7c7c
14	:|||||axb::a:|b	12 7c3a7c7c7c7c7c7c7c7c7c7c
11	||b:xa:::a|x|b	9 7c7c7c7c627c3a7861
35	xbaabxx:a:|:|:a:	23 786261616278787c3a617c3a7c7c7c3a7c7c7c3a617c3a
13	xxbb|::xbaxbxb|bb|::a::|xaxba|	12 787862627c7c7c3a7c3a7862
5	b	1 62
31	xx||:x|a|xba|:b||bb||bxax:	30 78787c7c7c7c7c3a787c7c617c7c7862617c7c7c3a627c7c7c7c62627c7c
11	|||b:bb::|ab:x:a||bx||xbb|xx:	9 7c7c7c7c7c7c627c3a
25	||:a:xb:|:xx:b:xa:|aabb:a	24 7c7c7c7c7c3a617c3a78627c3a7c7c7c3a78787c3a627c3a
9	|:b::|x	7 7c7c7c3a627c3a
7	xaxbaaxxxabb:x|:b	6 786178626161
28	:axx||ba|ax:bbba:x:b|a:|abx:	26 7c3a6178787c7c7c7c62617c7c61787c3a626262617c3a787c3a
36	||x|bbx|a::b	18 7c7c7c7c787c7c6262787c7c617c3a7c3a62
14	|bbxb	6 7c7c62627862
6	:bab::|	5 7c3a626162
38	x:x	4 787c3a78
35	x:::xbx|:abx|b||	24 787c3a7c3a7c3a7862787c7c7c3a6162787c7c627c7c7c7c
30	::|xxaa:xb:xaa|:ax:	27 7c3a7c3a7c7c787861617c3a78627c3a7861617c7c7c3a61787c3a
26	:x|:a:||xbxa||||||a:axbx	24 7c3a787c7c7c3a617c3a7c7c7c7c786278617c7c7c7c7c7c
30	|xxb|x:x	11 7c7c7878627c7c787c3a78
4		0 
17	b:a	4 627c3a61
5	:baxxx:b|aaa|aa|ab:ax|:a:b	4 7c3a6261
33	axbbxxb:b:||bx	18 617862627878627c3a627c3a7c7c7c7c6278
10	bb|	4 62627c7c
22	|x:aax|b:xa	15 7c7c787c3a6161787c7c627c3a7861
19	bxb:x:b|b:|a|axa|x:x	17 6278627c3a787c3a627c7c627c3a7c7c61
37	||xaaabb|xxa:bxx:a|xab	28 7c7c7c7c7861616162627c7c7878617c3a6278787c3a617c7c786162
29	::b:a|x|ax|:x	20 7c3a7c3a627c3a617c7c787c7c61787c7c7c3a78
13	b|b:b|xaxxa::a:|b:	12 627c7c627c3a627c7c786178
22	x:bxx:|:|x:xb|aabb:a	21 787c3a6278787c3a7c7c7c3a7c7c787c3a78627c7c
24	x:xa:|:aaba||a|bxa:|	22 787c3a78617c3a7c7c7c3a616162617c7c7c7c617c7c
28	axbx|ababba:x:bx:|xaa|bx:ax|b	26 617862787c7c6162616262617c3a787c3a62787c3a7c7c786161
7	abbaxaxbba|aa|:a::xx|a:ax	6 616262617861
33	||:x||	11 7c7c7c7c7c3a787c7c7c7c
40	a|x||::b|a	16 617c7c787c7c7c7c7c3a7c3a627c7c61
36	x:a:xbbx	10 787c3a617c3a78626278
12	a|::xa:|b:xa	11 617c7c7c3a7c3a78617c3a
27	x|xxbaa:xa:	14 787c7c78786261617c3a78617c3a
5	b:a||b:x|||ax||b::aa|:	3 627c3a
6	|a|:x	5 7c7c617c7c
33	|b:a:xaaxbbxabaab	20 7c7c627c3a617c3a786161786262786162616162
7		0 
10	x||:x|aa::|:xabxx|x	8 787c7c7c7c7c3a78
15	|x:x::baa:	13 7c7c787c3a787c3a7c3a626161
35		0 
3	axa:|::|:xx:ax:|:|aaba:a	2 6178
28	:|axa:xx:xax:a|:	23 7c3a7c7c6178617c3a78787c3a7861787c3a617c7c7c3a
36	:xx|xx	8 7c3a78787c7c7878
3	|:xb::|a|b:xb:	2 7c7c
13	:::	6 7c3a7c3a7c3a
13	x:::xbab|a|bxxa	11 787c3a7c3a7c3a78626162
34	:bb:x|xxb|:ba|||b	25 7c3a62627c3a787c7c7878627c7c7c3a62617c7c7c7c7c7c62
39	xb||ab:|abab|a:|b	24 78627c7c7c7c61627c3a7c7c616261627c7c617c3a7c7c62
11	b|::|aax|x	9 627c7c7c3a7c3a7c7c
27	abxbax:bbxx||:a|:xx	25 6162786261787c3a626278787c7c7c7c7c3a617c7c7c3a7878
22	bxxab	5 6278786162
12	:x:xbba|:|aaab|a|a|xbab||x	11 7c3a787c3a786262617c7c
26	bbx	3 626278
14		0 
14	x:xa|xbbxbax	13 787c3a78617c7c786262786261
40	:b:|b|:||:ba:b||a	28 7c3a627c3a7c7c627c7c7c3a7c7c7c7c7c3a62617c3a627c7c7c7c61
35	bb|xbbbxbx||bbx	18 62627c7c786262627862787c7c7c7c626278
23	bab	3 626162
27	|bxa:x	8 7c7c6278617c3a78
18	:|bb:	8 7c3a7c7c62627c3a
31	xa:x|xbxa:::::x:x|xb	29 78617c3a787c7c786278617c3a7c3a7c3a7c3a7c3a787c3a787c7c7862
8	||bbaaxxbaa|:x|:bxxxabbb|x:ba|	7 7c7c7c7c626261
5	x::ba|abxax:::|a	3 787c3a
20	|aax||bx:x|bb|bx::|aabxxxbx|	18 7c7c6161787c7c7c7c62787c3a787c7c6262
10	b||xb::xx|:aa:a:xxb|::a|bxaxx	9 627c7c7c7c78627c3a
35	xxaxb|a|:xaxxbb:b	21 78786178627c7c617c7c7c3a7861787862627c3a62
34	xx|x:::x:xb|ab:b:b:|x:|bxa:	33 78787c7c787c3a7c3a7c3a787c3a78627c7c61627c3a627c3a627c3a7c7c787c3a
37	bx	2 6278
4	x|a:bb|:x||:x|:xab||xaabx	3 787c7c
26	xb:b:ba::b|b:a	20 78627c3a627c3a62617c3a7c3a627c7c627c3a61
16	|:ba	6 7c7c7c3a6261
18	:bb:abbxbaa:a:bx	16 7c3a62627c3a616262786261617c3a61
28	|abx:|	9 7c7c6162787c3a7c7c
14	b|bax|x||ab|||xbxbbb	13 627c7c6261787c7c787c7c7c7c
16	x|aaa|:abxaa:a|a|	15 787c7c6161617c7c7c3a6162786161
22	x	1 78
22	bbbxb:	7 62626278627c3a
38	|:a:a:bxa::|:xxx:|||b:|ax	37 7c7c7c3a617c3a617c3a6278617c3a7c3a7c7c7c3a7878787c3a7c7c7c7c7c7c627c3a7c7c
26	a	1 61
15	:b:xb|:bbxxax:|:aa:a	14 7c3a627c3a78627c7c7c3a626278
38	|bbba|b:aax:x|ab:a:ab|b	31 7c7c626262617c7c627c3a6161787c3a787c7c61627c3a617c3a61627c7c62
21	|:abb:	9 7c7c7c3a6162627c3a
39	ba:xabb:|x|a:a|x:|	26 62617c3a786162627c3a7c7c787c7c617c3a617c7c787c3a7c7c
12	b:::bb||bb	11 627c3a7c3a7c3a62627c7c
20		0 
7	:|babxx||a	6 7c3a7c7c6261
25	|:xaaaaaxaax:a|aba:b|aa:|a	24 7c7c7c3a786161616161786161787c3a617c7c6162617c3a
39	|xx::xbbb::b:bbxa:::bbax	33 7c7c78787c3a7c3a786262627c3a7c3a627c3a626278617c3a7c3a7c3a62626178
21	aa||x:xba:b:b:xxa	20 61617c7c7c7c787c3a7862617c3a627c3a627c3a
18	:xa|:xxb	11 7c3a78617c7c7c3a787862
22	:a|:|b	10 7c3a617c7c7c3a7c7c62
23	ax||bxba|b::|abbxx|||a:b	22 61787c7c7c7c627862617c7c627c3a7c3a7c7c616262
20	:a|a:a||aaxbx	18 7c3a617c7c617c3a617c7c7c7c6161786278
22	x::bxxbx:||aaxaa:|:|x:bab||:b	21 787c3a7c3a62787862787c3a7c7c7c7c6161786161
9	::bab|baa:|x|a:xab|	7 7c3a7c3a626162
10	:x|x:axx:xb|bxbb:|:abbbxb	8 7c3a787c7c787c3a
4	bxxxab:aba:	3 627878
9	|a|aba||xb:|:||axb	8 7c7c617c7c616261
30	a:|::	9 617c3a7c7c7c3a7c3a
32	xbb:	5 7862627c3a
6	:x||xa::ab:a	5 7c3a787c7c
31	xx	2 7878
6	axxx|	4 61787878
13	|:x:babx:xa:a:	11 7c7c7c3a787c3a62616278
39	||aa:aa::|x	17 7c7c7c7c61617c3a61617c3a7c3a7c7c78
33	xax||xxb|ax	14 7861787c7c7c7c7878627c7c6178
21	|:abb|:aaab||x||bxbba|	19 7c7c7c3a6162627c7c7c3a616161627c7c7c7c
37	xaba	4 78616261
23	bab|aa|xaxxxaa:|xba:a:x||x:|:a	22 6261627c7c61617c7c786178787861617c3a7c7c7862
19	bx:::::|||:bx|ab:||aaxxxa	18 62787c3a7c3a7c3a7c3a7c3a7c7c7c7c7c7c
39	b::x||:b:axb::xaaxbx|xbaax|xx	37 627c3a7c3a787c7c7c7c7c3a627c3a6178627c3a7c3a7861617862787c7c78626161787c7c
17	::x:a::|	14 7c3a7c3a787c3a617c3a7c3a7c7c
40	b:a:::|	12 627c3a617c3a7c3a7c3a7c7c
21	:a:bx:a|ab|b|:bb:|:bb:	19 7c3a617c3a62787c3a617c7c61627c7c627c7c
40	:ax|	6 7c3a61787c7c
13	:aaabxxbbab:::bab:||abbx||a	12 7c3a61616162787862626162
5	xabbx::b:xabbxba:baab|:ax	4 78616262
8	abxbbbb|::ab|b|aba|	7 61627862626262
6	xx|ax|b|ax||:|a:ba:ab	4 78787c7c
32	a|aabxx:xa|x:aaxb|b:bx:x::	30 617c7c61616278787c3a78617c7c787c3a616178627c7c627c3a62787c3a
3	|a:xax|ax:x	2 7c7c
23	x|:|bb|:xx::ab|:	21 787c7c7c3a7c7c62627c7c7c3a78787c3a7c3a6162
18	ax	2 6178
38	a:bax:axa:|x|:x	21 617c3a6261787c3a6178617c3a7c7c787c7c7c3a78
38	|abbxxb|:bx||::	22 7c7c6162627878627c7c7c3a62787c7c7c7c7c3a7c3a
13	||xx	6 7c7c7c7c7878
20	|||aaa:bb:|:xab:xb|xb:::	19 7c7c7c7c7c7c6161617c3a62627c3a7c7c7c3a
18	x:|x|	8 787c3a7c7c787c7c
17	||||a|xxa:b|b|aa:|||b|a|:|	16 7c7c7c7c7c7c7c7c617c7c7878617c3a
20	xx|axxxbx:	12 78787c7c6178787862787c3a
7	ax|b|||::ax	5 61787c7c62
4	x|xaabaab:x|axxb||xa|bbb	3 787c7c
31	x|a::aaaa|abxabbab:b	25 787c7c617c3a7c3a616161617c7c61627861626261627c3a62
23	xx|:	6 78787c7c7c3a
39	xb:baa:ab|bbx:|a|b|abab|a	33 78627c3a6261617c3a61627c7c6262787c3a7c7c617c7c627c7c616261627c7c61
8	axabxbbx|:a::|:::|bx:|:a:bx	7 61786162786262
12	:abbaabba|xx|:xbb|xb||x	10 7c3a6162626161626261
17	|xx|b:b|abxb:|:babax||b	16 7c7c78787c7c627c3a627c7c61627862
27	x|ba	5 787c7c6261
5	b	1 62
23	:x:xab	8 7c3a787c3a786162
39	b|:bxax|	11 627c7c7c3a627861787c7c
3	b:abxa::babx:ab:b::|x:|	1 62
18	a:|aa|b|xbbbb::b:x:||bab|xa	17 617c3a7c7c61617c7c627c7c7862626262
33	||:aa|abaa|ax::x	23 7c7c7c7c7c3a61617c7c616261617c7c61787c3a7c3a78
27	|||bab|:bbx||x|bxx|ax	26 7c7c7c7c7c7c6261627c7c7c3a6262787c7c7c7c787c7c627878
33	xa:|xbba::xxa:ab:::	27 78617c3a7c7c786262617c3a7c3a7878617c3a61627c3a7c3a7c3a
3	:|a:x||:xax|||xb:||ba:xxbx	2 7c3a
16	:bababb|:x||aa	15 7c3a6261626162627c7c7c3a787c7c
28	b|:x	6 627c7c7c3a78
23	axabaax:aa|aa:aab||:xa	22 617861626161787c3a61617c7c61617c3a6161627c7c
20	a|||a|a|a||	18 617c7c7c7c7c7c617c7c617c7c617c7c7c7c
40	b:bbx|:xx::abb:|b	24 627c3a6262787c7c7c3a78787c3a7c3a6162627c3a7c7c62
35	:x:bbb|bba|||aa:bxx:	28 7c3a787c3a6262627c7c6262617c7c7c7c7c7c61617c3a6278787c3a
38	:|xx::x|||aa|||xab:|||b|:ax	36 7c3a7c7c78787c3a7c3a787c7c7c7c7c7c61617c7c7c7c7c7c7861627c3a7c7c7c7c7c7c
37	xx:bxaxa:bxxa:|:axa:	26 78787c3a62786178617c3a627878617c3a7c7c7c3a6178617c3a
26	xa:a|xab:bb:bb:xx||xa:a||:|	24 78617c3a617c7c7861627c3a62627c3a62627c3a78787c7c
24	|ba|abx:b|bab:a:a|b|a	22 7c7c62617c7c6162787c3a627c7c6261627c3a617c3a
35	x::|:bb:xxxx::xxxaa	26 787c3a7c3a7c7c7c3a62627c3a787878787c3a7c3a7878786161
16	:aa::a|xbx:axa:|||b|aa	14 7c3a61617c3a7c3a617c7c786278
39	:ba|:||aaa:|:x|:|:	30 7c3a62617c7c7c3a7c7c7c7c6161617c3a7c7c7c3a787c7c7c3a7c7c7c3a
26	ab|baaaa|a	12 61627c7c62616161617c7c61
19	:xb|bx|xaaxb:x::x:a|b|x:||||:a	17 7c3a78627c7c62787c7c78616178627c3a
3	aax:x|bbb::x:ab|:x|aa|	2 6161
23	a:b|xxbbx:bbx	16 617c3a627c7c78786262787c3a626278
3	a:b:xb:bxabx	1 61
38	b|||a	8 627c7c7c7c7c7c61
26	a:xba::	10 617c3a7862617c3a7c3a
16	||b|ax:x|:bxab|||xabba|b|x:bbb	14 7c7c7c7c627c7c61787c3a787c7c
15	axabbb	6 617861626262
9	|b::ba:bba|bax||x:b||xaa:abb	7 7c7c627c3a7c3a
31	b|bxx|xba:aabxa::a:bb	27 627c7c6278787c7c7862617c3a61616278617c3a7c3a617c3a6262
7	||xb:	6 7c7c7c7c7862
25	baaa:axax|xb:abb|bbbb||b:x	24 626161617c3a617861787c7c78627c3a6162627c7c626262
22	|b||axbbax:b|bbx::ax||xx	21 7c7c627c7c7c7c6178626261787c3a627c7c626278
22	x	1 78
11	b:aa:axa:x::a:baxbx:a|::xbb|	10 627c3a61617c3a617861
22		0 
4	bbbxba:xbxbaxabx	3 626262
5	:	2 7c3a
11	a:::xa:xx:|babx	9 617c3a7c3a7c3a7861
14	xb|:ab|b:::xb:b||ba|bx:::baa	13 78627c7c7c3a61627c7c627c3a
13	||bxa|a|ax|a|	12 7c7c7c7c6278617c7c617c7c
38	a:x:a::xxa	14 617c3a787c3a617c3a7c3a787861
32	bbbbaa|axxa:baaa	18 6262626261617c7c617878617c3a62616161
5	bxb:aaax|x|:::a|	3 627862
40	xaxa::|x	11 786178617c3a7c3a7c7c78
11	axx|ba|:	9 6178787c7c62617c7c
36	x:x	4 787c3a78
14	b:b|xbxaxx|:|	12 627c3a627c7c786278617878
15	bxxxxbaxx	9 627878787862617878
33	xbbba|aaxx|bxbbbxba||:||:xbba	31 78626262617c7c616178787c7c62786262627862617c7c7c7c7c3a7c7c7c7c
9	:ab:ax	8 7c3a61627c3a6178
19	a|a|xa::a:b|:bx	18 617c7c617c7c78617c3a7c3a617c3a627c7c
25	:b::aa|bax|a::ax|a	23 7c3a627c3a7c3a61617c7c6261787c7c617c3a7c3a6178
5	||a||x:b|xx:b:bx:|baaa	4 7c7c7c7c
9		0 
8	a|x|x|:|	6 617c7c787c7c
32	:bab:|:b:x|xaa:|b	25 7c3a6261627c3a7c7c7c3a627c3a787c7c7861617c3a7c7c62
23		0 
24	:a:x|:::::|:|	22 7c3a617c3a787c7c7c3a7c3a7c3a7c3a7c3a7c7c7c3a
21	|ab	4 7c7c6162
18	:xb|b|::xa	15 7c3a78627c7c627c7c7c3a7c3a7861
32	xaaaxbb:	9 786161617862627c3a
36	x:xba|bxx	11 787c3a7862617c7c627878
26	ax	2 6178
25	:::xb|xa|:b|||:xxbxb:abxx	23 7c3a7c3a7c3a78627c7c78617c7c7c3a627c7c7c7c7c7c
19	:|a||:a||a|b	17 7c3a7c7c617c7c7c7c7c3a617c7c7c7c61
36	xaxax|x|||aa:x:aa|:a||b:||b||a	35 78617861787c7c787c7c7c7c7c7c61617c3a787c3a61617c7c7c3a617c7c7c7c627c3a
3	x|	1 78
16	bx::xxxb	10 62787c3a7c3a78787862
28	xa:ab|ab:b:abxb:	21 78617c3a61627c7c61627c3a627c3a616278627c3a
36		0 
34	:aax||||axbxxb:	21 7c3a6161787c7c7c7c7c7c7c7c6178627878627c3a
14	b|xabx:x|x|bxa:abxb::x|xa	12 627c7c786162787c3a787c7c
37	abx|xx|baxba:b|:bb:|x|xxx:|xab	35 6162787c7c78787c7c62617862617c3a627c7c7c3a62627c3a7c7c787c7c7878787c3a
22	:::|xbb|::xaabxb	21 7c3a7c3a7c3a7c7c7862627c7c7c3a7c3a78616162
18	:a	3 7c3a61
9	|:baxba:xbax|x	8 7c7c7c3a62617862
5	|:|aba|::ba::x:xaaa:	4 7c7c7c3a
9	:	2 7c3a
12	bxb	3 627862
12		0 
20	aaab:xxb	9 616161627c3a787862
26	x:bb|	7 787c3a62627c7c
9	:xa::x|ax|a::xax|	8 7c3a78617c3a7c3a
25	bx|	4 62787c7c
9	:	2 7c3a
33	b:	3 627c3a
37	abxx||xa|ba:a:|bbb|:bb	30 616278787c7c7c7c78617c7c62617c3a617c3a7c7c6262627c7c7c3a6262
37	x	1 78
22	b::aba:|abbxb:x|	20 627c3a7c3a6162617c3a7c7c61626278627c3a78
36	b:|bbaba:b	13 627c3a7c7c62626162617c3a62
39	aa:x|aaxa:::xb|xa:bbb:xb	32 61617c3a787c7c616178617c3a7c3a7c3a78627c7c78617c3a6262627c3a7862
10	:a:|a|a	8 7c3a617c3a7c7c61
23	xxxxbba:bb|:x:	18 787878786262617c3a62627c7c7c3a787c3a
32	b:|xbx:|ba|a:	19 627c3a7c7c7862787c3a7c7c62617c7c617c3a
28	xx:baxbx::|a:|	20 78787c3a62617862787c3a7c3a7c7c617c3a7c7c
8	|x||xbbbb	7 7c7c787c7c7c7c
26	|xa:b:xbb	12 7c7c78617c3a627c3a786262
5	a|xx	3 617c7c
28	:bab|bbax:||ba	19 7c3a6261627c7c626261787c3a7c7c7c7c6261
18	babax:|a	10 62616261787c3a7c7c61
38	x:ab|:b	10 787c3a61627c7c7c3a62
19	b:abx:a|xx||x|ab:b:a||ba||abb	17 627c3a6162787c3a617c7c78787c7c7c7c
18	b|xx:aa::xax:xb:b::b|a	16 627c7c78787c3a61617c3a7c3a786178
39	baa||bxa|xxbaxxbx:|:||x:aa	35 6261617c7c7c7c6278617c7c78786261787862787c3a7c7c7c3a7c7c7c7c787c3a6161
15	xa|xxbb|a|:axx::a:x:a:aba::x	13 78617c7c787862627c7c617c7c
38	|x|x|aaab|aba|b::x:b	28 7c7c787c7c787c7c616161627c7c6162617c7c627c3a7c3a787c3a62
34	b:b:||	10 627c3a627c3a7c7c7c7c
23	bab|:bbbbb::|:a|a	21 6261627c7c7c3a62626262627c3a7c3a7c7c7c3a61
15		0 
40	:bxax:a||babb:a|a|	25 7c3a627861787c3a617c7c7c7c626162627c3a617c7c617c7c
3	a:a:a:::bbxax|xx:abab:bb	1 61
39	:aba|ba|bxb|baa	19 7c3a6162617c7c62617c7c6278627c7c626161
8	|:	4 7c7c7c3a
12	b:	3 627c3a
28	x:|b:x|a|	14 787c3a7c7c627c3a787c7c617c7c
10	abx:x::xx:xaxxaxxa:||	8 6162787c3a787c3a
13	|a|b::bxb:b|:|axxb||:bx|b:x||x	12 7c7c617c7c627c3a7c3a6278
29	|:xaba|bxbbabbaxxxx:b:	27 7c7c7c3a786162617c7c6278626261626261787878787c3a627c3a
36	a:||xa:a:xx::axa	23 617c3a7c7c7c7c78617c3a617c3a78787c3a7c3a617861
16	:x|	5 7c3a787c7c
16	|xbb:|b:	12 7c7c7862627c3a7c7c627c3a
22	a:b|bb:a|aa:xb||:b:bbxb|a	21 617c3a627c7c62627c3a617c7c61617c3a78627c7c
20	ab||:b:	11 61627c7c7c7c7c3a627c3a
18	::ax:xxba	12 7c3a7c3a61787c3a78786261
32	||b:x:ab|ab|:axabx:	27 7c7c7c7c627c3a787c3a61627c7c61627c7c7c3a61786162787c3a
24	:x:aa::bx:|a	18 7c3a787c3a61617c3a7c3a62787c3a7c7c61
6	a:::x::b:xb|a|ba|:||x:xa||:a|	5 617c3a7c3a
32	|bx||	8 7c7c62787c7c7c7c
11	||:ba|bxbx:axb|x::bba:bb:|	10 7c7c7c7c7c3a62617c7c
21	ax	2 6178
40	bb	2 6262
9		0 
17	axaxaa	6 617861786161
7	b|:b|:bxx:a:xb	5 627c7c7c3a
22	xxa:ab:x:b|	15 7878617c3a61627c3a787c3a627c7c
29	b:aa:xa|||a|x	19 627c3a61617c3a78617c7c7c7c7c7c617c7c78
25	bb|||bab	11 62627c7c7c7c7c7c626162
37	:bb:b|ba|bb:b:aa	22 7c3a62627c3a627c7c62617c7c62627c3a627c3a6161
33	aba|:::bbaa:b:bx||aaxx|	32 6162617c7c7c3a7c3a7c3a626261617c3a627c3a62787c7c7c7c616178787c7c
30		0 
21	x::b:b	9 787c3a7c3a627c3a62
16	xaxbx:|a:bxx:a:b	15 78617862787c3a7c7c617c3a627878
17	:|:bxx|:axxx|	16 7c3a7c7c7c3a6278787c7c7c3a617878
21	x:	3 787c3a
8	xbaa:|abaxb:abxaa|xx:xabbx	6 786261617c3a
32	axxbxx|ab|xx||axba:|axxaxba	31 6178786278787c7c61627c7c78787c7c7c7c617862617c3a7c7c6178786178
37	x:|bbb|:::aa|||a||||xxbx	36 787c3a7c7c6262627c7c7c3a7c3a7c3a61617c7c7c7c7c7c617c7c7c7c7c7c7c7c787862
7	::baabxaa:a:::xa:a	6 7c3a7c3a6261
23	b:|xxxxbx	11 627c3a7c7c787878786278
5	|xbbbbxa	4 7c7c7862
17	::aaa|a:|x||||ax||:b:	15 7c3a7c3a6161617c7c617c3a7c7c78
3	ab:	2 6162
30	a|x:|a:|xaaxa:xab:|x	28 617c7c787c3a7c7c617c3a7c7c78616178617c3a7861627c3a7c7c78
11	:b|aa|axxbaab::x:xxb:a:|:a::a	9 7c3a627c7c61617c7c
29	|ba|:bax|a|:bbabb|bbaab:a	28 7c7c62617c7c7c3a6261787c7c617c7c7c3a62626162627c7c626261
18	b:a|x:axxbb:x|a:xb:xx|:bba|b	16 627c3a617c7c787c3a61787862627c3a
21	b	1 62
27	|b:::bbx|xx:	18 7c7c627c3a7c3a7c3a6262787c7c78787c3a
38	a:bx::|b|xb::||xa:xx::::|xb	36 617c3a62787c3a7c3a7c7c627c7c78627c3a7c3a7c7c7c7c78617c3a78787c3a7c3a7c3a
34	xb|aaxxbx||xbxxa|x|ax::ax|a:	32 78627c7c6161787862787c7c7c7c78627878617c7c787c7c61787c3a7c3a6178
18	:a:ab:axxxa|:ab|:bbx	16 7c3a617c3a61627c3a61787878617c7c
3	bx:|:xa:|::|axbxa|a:|aa	2 6278
26	xbb|:baaa:ax|a	18 7862627c7c7c3a626161617c3a61787c7c61
7	b	1 62
25	x|a|baxaax|aax|	19 787c7c617c7c6261786161787c7c6161787c7c
24	xxbx:b:x|b:b:xxbxax	23 787862787c3a627c3a787c7c627c3a627c3a7878627861
31	ababbbaxabxb|x:|:||xbb|aaaxxbx	30 6162616262626178616278627c7c787c3a7c7c7c3a7c7c7c7c7862627c7c
14	|bb:abxaabba:babaxx	13 7c7c62627c3a61627861616262
39	b|::||:|::xaxx|aaxaxxa	32 627c7c7c3a7c3a7c7c7c7c7c3a7c7c7c3a7c3a786178787c7c61617861787861
32	|:||b	9 7c7c7c3a7c7c7c7c62
10	|xax	5 7c7c786178
10	|aa||ba|xx|x	8 7c7c61617c7c7c7c
34	:xaax:xx|a|xaaxa:xx|x:a|:b|ba|	32 7c3a786161787c3a78787c7c617c7c78616178617c3a78787c7c787c3a617c7c
6	xbbab|x:|bbxaa|xx|||::b||:aa|	5 7862626162
5	:bab:|xb|xb|a||||ab:	4 7c3a6261
36	bbx:x:xa:axba|:x::aa:ab:	33 6262787c3a787c3a78617c3a617862617c7c7c3a787c3a7c3a61617c3a61627c3a
8	xax::||:x|ab:bbb|aaabb	7 7861787c3a7c3a
5	|::|::xabx|b|:b|x:xa|bx	4 7c7c7c3a
36	bb|b::	9 62627c7c627c3a7c3a
32	x:baa:xb	10 787c3a6261617c3a7862
33	b:||b|:|ba|	18 627c3a7c7c7c7c627c7c7c3a7c7c62617c7c
23	a:|x:|baxaa:ax:||b::	21 617c3a7c7c787c3a7c7c62617861617c3a61787c3a
14	x|xb:ab::x||:bbx|:x|	13 787c7c78627c3a61627c3a7c3a
40	::|||aa:abx:xx:a|a::xxx	34 7c3a7c3a7c7c7c7c7c7c61617c3a6162787c3a78787c3a617c7c617c3a7c3a787878
16	b:x|baxbxa|:b:xx:a||a:xa::|b|a	14 627c3a787c7c6261786278617c7c
30	xxax|b:|ba	13 787861787c7c627c3a7c7c6261
6	ax	2 6178
13	ba|||b||::bx|xba:|ba:x	11 62617c7c7c7c7c7c627c7c
12	|xbb|bx||:xa:xx:	11 7c7c7862627c7c62787c7c
11	xb|x|xxba||x:aab:a:|a|a|a:|ab	10 78627c7c787c7c787862
31	bxaax:bax	10 62786161787c3a626178
18	::xbx:|xa|:x|b|	17 7c3a7c3a7862787c3a7c7c78617c7c7c3a
20	|axxbbbab|::|xx|	18 7c7c61787862626261627c7c7c3a7c3a7c7c
15	x:a:ax|abba|xa|aa||xbxxa	14 787c3a617c3a61787c7c61626261
7	:a||axba::x:ababxa	5 7c3a617c7c
32	aabxb	5 6161627862
7	::b:	5 7c3a7c3a62
15	||xbbbx:|xx|x:a:::	13 7c7c7c7c78626262787c3a7c7c
27	|abaabb:abxx::bx:b	23 7c7c6162616162627c3a616278787c3a7c3a62787c3a62
31	xbaaxa|axbxbabx|x|axxbbxa	28 7862616178617c7c61786278626162787c7c787c7c61787862627861
38	xx:xxb:aa::	15 78787c3a7878627c3a61617c3a7c3a
16	baab||a|:x|:baa:bba	14 626161627c7c7c7c617c7c7c3a78
10	ax|a||baaxbxbaaxbx:	9 61787c7c617c7c7c7c
35	xxx|::b||a|	17 7878787c7c7c3a7c3a627c7c7c7c617c7c
12		0 
24	bxb||||b::|xab|x:a:a:aab	23 6278627c7c7c7c7c7c7c7c627c3a7c3a7c7c7861627c7c
14		0 
17	xx|x:b:xab|a::a|xxa:|abxx|bx	15 78787c7c787c3a627c3a7861627c7c
31	|::bxxabxaaa|bbx|:xa:x:b|xbb	29 7c7c7c3a7c3a6278786162786161617c7c6262787c7c7c3a78617c3a78
16	bxxxaa::b|ba||x|	15 6278787861617c3a7c3a627c7c6261
24		0 
24	b|||:aba:|	16 627c7c7c7c7c7c7c3a6162617c3a7c7c
27	|bax:b|||a:b||	22 7c7c6261787c3a627c7c7c7c7c7c617c3a627c7c7c7c
18	:a:||x:|aabxxax	17 7c3a617c3a7c7c7c7c787c3a7c7c616162
29	b|||baxb|aax|ba:bb||bx:	28 627c7c7c7c7c7c626178627c7c6161787c7c62617c3a62627c7c7c7c
10	:::|ab:	8 7c3a7c3a7c3a7c7c
9	x|x|bbxxbax:xbabb:aa||:|:	8 787c7c787c7c6262
22	|baa:xxabx|a:|bbxa:ba	21 7c7c6261617c3a78786162787c7c617c3a7c7c6262
40	xa	2 7861
12	b|a:axb:aabbax|b:bb	11 627c7c617c3a6178627c3a
8	xxbb|::x|:xaa:bxa	6 787862627c7c
37	:|bbbbb||x:a|||baxa:b|b:xb::	35 7c3a7c7c62626262627c7c7c7c787c3a617c7c7c7c7c7c626178617c3a627c7c627c3a
33	x||:b:axx|b:a	19 787c7c7c7c7c3a627c3a6178787c7c627c3a61
3	a|bxa:|xa||||xaxxbaa||a:bbx:|	1 61
23	xb|bxx:bxbbxxxxa||:abbxb|xb:xx	22 78627c7c6278787c3a6278626278787878617c7c7c7c
31	:a:::|a:|xaa|a::|:a:baxbxx	30 7c3a617c3a7c3a7c3a7c7c617c3a7c7c7861617c7c617c3a7c3a7c7c7c3a
6	ab|b	4 61627c7c
8	a::bxxb:ab|x||b:a:aa|	7 617c3a7c3a6278
24	b:||b|aaab|bbabxab	23 627c3a7c7c7c7c627c7c616161627c7c62626162786162
12	|:|:b:|bxaax|x:xa|baba	11 7c7c7c3a7c7c7c3a627c3a
27	ax:xaxx:x|:b||bxbxxaa|x:::aa	26 61787c3a786178787c3a787c7c7c3a627c7c7c7c627862787861
25	x|bxb|b::aaxx:a|||xax:x|x|:	24 787c7c6278627c7c627c3a7c3a616178787c3a617c7c7c7c
36	|||a	7 7c7c7c7c7c7c61
31	|bax::|aaxbbxbbaax	22 7c7c6261787c3a7c3a7c7c6161786262786262616178
37	:bba:x:b|baxb||xa|	25 7c3a6262617c3a787c3a627c7c626178627c7c7c7c78617c7c
14	xxaxxx:	8 7878617878787c3a
5	aa:xb|:|axa	4 61617c3a
27	baax::	8 626161787c3a7c3a
36	x::x:x|:xxa|||:	24 787c3a7c3a787c3a787c7c7c3a7878617c7c7c7c7c7c7c3a
40	:x:|::xab:|xaax:xbb|a:abxx:b::	38 7c3a787c3a7c7c7c3a7c3a7861627c3a7c7c786161787c3a7862627c7c617c3a616278787c3a
6	::|aa||ba|xa:x:b||	4 7c3a7c3a
31	|:b|aa:ax:b|xbx|bbb|a|xb|	29 7c7c7c3a627c7c61617c3a61787c3a627c7c7862787c7c6262627c7c61
9	x|aa:|b|baxxaxa:	7 787c7c61617c3a
14	xx:axxa:|b|b|	12 78787c3a617878617c3a7c7c
9	::bxax|::a|xa:|bx	8 7c3a7c3a62786178
13	:||:|axa|	12 7c3a7c7c7c7c7c3a7c7c6178
6	a|ax|bxa:||bx||bbxx|a|:|:aa	5 617c7c6178
20	x:aa:a|||x|||:bx:|b	19 787c3a61617c3a617c7c7c7c7c7c787c7c7c7c
13		0 
37	b:ax||bbx:xb:xxbbx|xa|	29 627c3a61787c7c7c7c6262787c3a78627c3a78786262787c7c78617c7c
18	|axx|bxaa|:||xaxa	17 7c7c6178787c7c627861617c7c7c3a7c7c
17	:|bbx|b:aaa|||xaa||:x	15 7c3a7c7c6262787c7c627c3a616161
13	bax|:|||:|x|x:a:|a:bab|:|xxx:	11 6261787c7c7c3a7c7c7c7c
15	bb|b||:|:|ab:b|:bbb|b:|baaxx|	13 62627c7c627c7c7c7c7c3a7c7c
37	|	2 7c7c
37	x|bx:a|:ab|b::a:x:a	28 787c7c62787c3a617c7c7c3a61627c7c627c3a7c3a617c3a787c3a61
21	aa:xbx:bxb|bb:bb|x	20 61617c3a7862787c3a6278627c7c62627c3a6262
8	x:ba|xx|b	7 787c3a62617c7c
10	||b|:a:|a	9 7c7c7c7c627c7c7c3a
18	a|bba:xa:babxxba::bx||ax::	17 617c7c6262617c3a78617c3a6261627878
36	ax:ax|:x:b	14 61787c3a61787c7c7c3a787c3a62
21	:||:b:a	12 7c3a7c7c7c7c7c3a627c3a61
15	x|bbaxx:::ab|bba|:x	14 787c7c62626178787c3a7c3a7c3a
35	:a:|bb::|b::|xbabxxaab:a|	33 7c3a617c3a7c7c62627c3a7c3a7c7c627c3a7c3a7c7c7862616278786161627c3a
31	xxxaxab:axaabaax:b	20 787878617861627c3a61786161626161787c3a62
14	|aaaxa:b|b||:abaxb::|a|bbb:b||	12 7c7c61616178617c3a627c7c
32	xx||x||axxxxabb|:bxxx	27 78787c7c7c7c787c7c7c7c61787878786162627c7c7c3a62787878
12	xb|x:xx|baa|ax:ax:x|:axx|xx::	11 78627c7c787c3a78787c7c
20	|||a|:|:a||:a	18 7c7c7c7c7c7c617c7c7c3a7c7c7c3a617c7c
22	:abx::aa|bbb:||	20 7c3a6162787c3a7c3a61617c7c6262627c3a7c7c
5	|x:a::b||aa	3 7c7c78
38	:|	4 7c3a7c7c
11	xx:a:axx|:xabx:aax	10 78787c3a617c3a617878
31	bxaba:x|bxaa:a|:b:aba|aaa||	29 62786162617c3a787c7c627861617c3a617c7c7c3a627c3a6162617c7c
31	xbx|bb	7 7862787c7c6262
13	:xbxa|ax|ab:	12 7c3a786278617c7c61787c7c
23	abx::a:|:ba||axb:	22 6162787c3a7c3a617c3a7c7c7c3a62617c7c7c7c6178
22	aa|::bb:xxb	15 61617c7c7c3a7c3a62627c3a787862
24	:x:baab|	11 7c3a787c3a626161627c7c
3	xx|:b	2 7878
20	|xa:|b:x|x||a:x:x|xaab	19 7c7c78617c3a7c7c627c3a787c7c787c7c7c7c
19		0 
17	bb:bbbxaaa	11 62627c3a62626278616161
3	b|a:b|a||:xb:bax||xbaxx|a	1 62
14	ax|ba:ba|bbab:xa|aa|aaa|bx::	12 61787c7c62617c3a62617c7c
28	:ab::axba|bba::::xbb:x|:axa	27 7c3a61627c3a7c3a617862617c7c6262617c3a7c3a7c3a7c3a7862
14	bbxxxa	6 626278787861
16	::bab:a|b:aabba|bxxab	15 7c3a7c3a6261627c3a617c7c627c3a
11	aa|xx|x:a:a|b:bb|b||b||	9 61617c7c78787c7c78
21	b::x|:||:a::bb	19 627c3a7c3a787c7c7c3a7c7c7c7c7c3a617c3a
39	x:bxa||bbbaaa	16 787c3a6278617c7c7c7c626262616161
39	|x	3 7c7c78
30	|x|x:xxxa|:x|xbabax|b:ab:b:	28 7c7c787c7c787c3a787878617c7c7c3a787c7c7862616261787c7c62
23	ax::xxa:xx:ba:b:b|bxxb|x|xx	22 61787c3a7c3a7878617c3a78787c3a62617c3a627c3a
11	a:	3 617c3a
23	aax	3 616178
32	b|xb:a|::|b|baa|bxxb|xxax	30 627c7c78627c3a617c7c7c3a7c3a7c7c627c7c6261617c7c627878627c7c
30	|xa:b:||a:b:x|b:	25 7c7c78617c3a627c3a7c7c7c7c617c3a627c3a787c7c627c3a
5	:aaa:x:bbaa:baxb|aa|	4 7c3a6161
11	a|	3 617c7c
24	baabx:xaxbb:a||::axbxx|ba:	23 62616162787c3a78617862627c3a617c7c7c7c7c3a7c3a
24	bx|a|:|:a|bx::b	22 62787c7c617c7c7c3a7c7c7c3a617c7c62787c3a7c3a
38	:x::bx::x|b	17 7c3a787c3a7c3a62787c3a7c3a787c7c62
6	x:abxx|x:|bba:|b:xbxba	5 787c3a6162
19	b|:bb	7 627c7c7c3a6262
19	aa:bxab|baabx	15 61617c3a627861627c7c6261616278
15	bbbx:	6 626262787c3a
5	a|::x	3 617c7c
22	ax||x:baxxb||:aa|xxxababb::bb	20 61787c7c7c7c787c3a62617878627c7c7c7c7c3a
15	a|bx:a:axa|:xaxax:bxbxba:|b:	13 617c7c62787c3a617c3a617861
21	b:|x|bxx:xab|:|	20 627c3a7c7c787c7c6278787c3a7861627c7c7c3a
29	axa|a|b|bb:ba||::b	26 6178617c7c617c7c627c7c62627c3a62617c7c7c7c7c3a7c3a62
3	xx|a|ab|b:xb:ab|:a	2 7878
10	b||bb:b::|:xax|a|a||x	9 627c7c7c7c62627c3a
17	ba|x||bababb:||:axxa:x:	15 62617c7c787c7c7c7c626162616262
9	bxabbbb	7 62786162626262
33	::xxx|	9 7c3a7c3a7878787c7c
21	|a:xx	7 7c7c617c3a7878
29	::ax|||bb||bbxb|a|:	27 7c3a7c3a61787c7c7c7c7c7c62627c7c7c7c626278627c7c617c7c
13	b::|:x|abx	12 627c3a7c3a7c7c7c3a787c7c
38	|:|x	7 7c7c7c3a7c7c78
24	b|axaxb:|xaba	16 627c7c61786178627c3a7c7c78616261
20	bx:xaxabbbxaxbaaba|aaaxx:|	19 62787c3a786178616262627861786261616261
21	b|xb|abxbbbx:::::::b|xx|b:a:::	20 627c7c78627c7c616278626262787c3a7c3a7c3a
8		0 
14	a|aba||bb:aax|:|b	12 617c7c6162617c7c7c7c6262
38	b:xaxx::x|x::bb||:xa:|ba|||bba	37 627c3a786178787c3a7c3a787c7c787c3a7c3a62627c7c7c7c7c3a78617c3a7c7c62617c7c
18	bb:||axxab:x:|:ab:aba|a	16 62627c3a7c7c7c7c61787861627c3a78
11	b|:ax|:xxbxxb|:bx|:bbxxax	9 627c7c7c3a61787c7c
15	bx|b:|bax|bx:xxb||babb|	14 62787c7c627c3a7c7c6261787c7c
16	xbbbxb:b|aabxx:::bbx::bbax||	15 7862626278627c3a627c7c61616278
14	xa:axa|:a|	12 78617c3a6178617c7c7c3a61
5	b::|xxx|xba:|abba||a|bax	3 627c3a
32	xaa:ba	7 7861617c3a6261
15	a::|a	8 617c3a7c3a7c7c61
15	xx||::xxxaa:a||b	14 78787c7c7c7c7c3a7c3a78787861
19	|x:|b:bbb:|x:ab:xxx||:	17 7c7c787c3a7c7c627c3a6262627c3a7c7c
26	b||a|:abb|	15 627c7c7c7c617c7c7c3a6162627c7c
35	::b|xa::b:|ax||ax|	28 7c3a7c3a627c7c78617c3a7c3a627c3a7c7c61787c7c7c7c61787c7c
14	::baxax|x:baax|axbxbax:|x:	12 7c3a7c3a62617861787c7c78
10	||xab:||:ab|bx:|:xabxbx:b:xxab	9 7c7c7c7c7861627c3a
23	b|::::||axbb	19 627c7c7c3a7c3a7c3a7c3a7c7c7c7c61786262
32	|x||||ba|:a:xxx|xx:|a:a|b::b|x	31 7c7c787c7c7c7c7c7c7c7c62617c7c7c3a617c3a7878787c7c78787c3a7c7c
39	a:b||:||:b:	19 617c3a627c7c7c7c7c3a7c7c7c7c7c3a627c3a
40	xxxb:xbx|xa:|xbab	21 787878627c3a7862787c7c78617c3a7c7c78626162
6	xxab::x|x|:a:::a|b|:xa:|ab	4 78786162
13	:x::	7 7c3a787c3a7c3a
30	|baaaaa	8 7c7c626161616161
35	bxaax:bxbxbba	14 62786161787c3a62786278626261
34	|:bb|b:b||b:	19 7c7c7c3a62627c7c627c3a627c7c7c7c627c3a
39	b|:xx:xbaxxb:x:	20 627c7c7c3a78787c3a7862617878627c3a787c3a
30	|baaa:xaxbax|x||a|xa|a:xbx:b	28 7c7c626161617c3a7861786261787c7c787c7c7c7c617c7c78617c7c
18	:ab:axx|bxab|a::xa	17 7c3a61627c3a6178787c7c627861627c7c
19	:x:bxbx:ba||a	17 7c3a787c3a627862787c3a62617c7c7c7c
8	|	2 7c7c
34	|x:ab:b:ba:b	17 7c7c787c3a61627c3a627c3a62617c3a62
11	:x::xb|xxx|:|	9 7c3a787c3a7c3a7862
20	a||xxab:xbxa||x||bb||	19 617c7c7c7c787861627c3a786278617c7c7c7c
8	:aaxabb|xx:aab	7 7c3a6161786162
30	ax|b|a:|bxxb:|bax|x|xa::abbab	28 61787c7c627c7c617c3a7c7c627878627c3a7c7c6261787c7c787c7c
22	abxaaaaa	8 6162786161616161
32	:b:a:a:xbx:xxax|	22 7c3a627c3a617c3a617c3a7862787c3a787861787c7c
20	:x|abbxx|x:xb:x	19 7c3a787c7c61626278787c7c787c3a78627c3a
24	b|b	4 627c7c62
14	baba|:||a|||:bxxx:x:|xx||:ab	12 626162617c7c7c3a7c7c7c7c
19	b||bax|a:||xaaba|:	17 627c7c7c7c6261787c7c617c3a7c7c7c7c
26	x|:xb:|a:xbaax|||xbb|bxa::axa	25 787c7c7c3a78627c3a7c7c617c3a78626161787c7c7c7c7c7c
20	bx|:::bx:xa|:b|x|b|xa:x	18 62787c7c7c3a7c3a7c3a62787c3a78617c7c
15	:xx	4 7c3a7878
19	bb|	4 62627c7c
16	:|||bxaba:bb:aaa::bb|b	15 7c3a7c7c7c7c7c7c62786162617c3a
4	:a:axxaxxa||bx	2 7c3a
18	x	1 78
6	|bb:ax:axba:b|xa:|bbaa||:x	4 7c7c6262
21	xxbxba|b::xxxa:bb:ax:bb|	19 7878627862617c7c627c3a7c3a787878617c3a
36	:aa|:xbx|abxxxbaa:ax||axxxxaab	35 7c3a61617c7c7c3a7862787c7c61627878786261617c3a61787c7c7c7c617878787861
21	:|bxa:|	11 7c3a7c7c6278617c3a7c7c
9	|x:xxx:|	8 7c7c787c3a787878
10	ax:abba:xx|ba|xxxbbxaax	8 61787c3a61626261
38	b:|a||a|abb|xx:aa|xbxbbabbxab	37 627c3a7c7c617c7c7c7c617c7c6162627c7c78787c3a61617c7c7862786262616262786162
25		0 
8	:a|x|xaaa||:b|x|a:x	6 7c3a617c7c78
14	aaxxx	5 6161787878
3	aa|:bb||:|::::|bb||a:xa|xb|:|	2 6161
28	xba:ax|||xxbbbab:b:bb::x:ab	27 7862617c3a61787c7c7c7c7c7c787862626261627c3a627c3a6262
31	:axba:bxbaa|abx	18 7c3a617862617c3a62786261617c7c616278
15	|x|axaa::||:a|a:bxbba|x:b:|ba	13 7c7c787c7c617861617c3a7c3a
17	xb|	4 78627c7c
30	xbaa:|x|xbb||:bb:||	28 786261617c3a7c7c787c7c7862627c7c7c7c7c3a62627c3a7c7c7c7c
23	:x|b::x	11 7c3a787c7c627c3a7c3a78
10	bxb	3 627862
28	|||aaxxx|||aab|xaaa::|ab:||b:	26 7c7c7c7c7c7c61617878787c7c7c7c7c7c6161627c7c78616161
10	b:ab:::xaaxbb:babb:::xba:xb|aa	9 627c3a61627c3a7c3a
38	a::xb|:||||::	23 617c3a7c3a78627c7c7c3a7c7c7c7c7c7c7c7c7c3a7c3a
11	::|bx:x:b	10 7c3a7c3a7c7c62787c3a
13	:axax|:	10 7c3a617861787c7c7c3a
25	ax:x:abx||xbab|:b	23 61787c3a787c3a6162787c7c7c7c786261627c7c7c3a62
30	:bab::b:bbxaa|:xxax|:xxabb::::	29 7c3a6261627c3a7c3a627c3a62627861617c7c7c3a787861787c7c7c3a
36	abb::bbx|axxabax:|:ab||ab::|x	35 6162627c3a7c3a6262787c7c617878616261787c3a7c7c7c3a61627c7c7c7c61627c3a
6	b|:|x|b:a|	5 627c7c7c3a
29	:|:	6 7c3a7c7c7c3a
22	::b:bbbx||||:a	21 7c3a7c3a627c3a626262787c7c7c7c7c7c7c7c7c3a
30	xbxa	4 78627861
8	:|bxbbb||xa:aax	7 7c3a7c7c627862
30	xbx::b:aaa|a|a|axb	24 7862787c3a7c3a627c3a6161617c7c617c7c617c7c617862
30	x:::|xbaa:xx|abax:xbx::a	28 787c3a7c3a7c3a7c7c786261617c3a78787c7c616261787c3a786278
38	bbba::|a	11 626262617c3a7c3a7c7c61
21	x||xxaa:xxaaaba|:baxabx|::a:x	20 787c7c7c7c787861617c3a787861616162617c7c
23	x|a:a:b	10 787c7c617c3a617c3a62
39	x|b||b:b	12 787c7c627c7c7c7c627c3a62
31	bab|ba:ax:|ba::bxaxxb	27 6261627c7c62617c3a61787c3a7c7c62617c3a7c3a627861787862
17		0 
32	|aabxb:|ba|ba|	19 7c7c61616278627c3a7c7c62617c7c62617c7c
20	a|:x|aaab	12 617c7c7c3a787c7c61616162
34	bxa:ax|aaa:|ax	18 6278617c3a61787c7c6161617c3a7c7c6178
35	abxbxa|:||x|xab	20 6162786278617c7c7c3a7c7c7c7c787c7c786162
6	xaab:bxababx:x	4 78616162
36	ab||::|bbx|:::x|a::|::|:a	35 61627c7c7c7c7c3a7c3a7c7c6262787c7c7c3a7c3a7c3a787c7c617c3a7c3a7c7c7c3a
29	:bx	4 7c3a6278
34	x:bx:x|a::|a:b::bab:xbbx|x	33 787c3a62787c3a787c7c617c3a7c3a7c7c617c3a627c3a7c3a6261627c3a786262
38	x|xx:::b:ax||ax:|b|a|:|b:x	36 787c7c78787c3a7c3a7c3a627c3a61787c7c7c7c61787c3a7c7c627c7c617c7c7c3a7c7c
32	:b:ax||baax:a:|xxxxxb	28 7c3a627c3a61787c7c7c7c626161787c3a617c3a7c7c787878787862
26	|xx|x:xx|::	17 7c7c78787c7c787c3a78787c7c7c3a7c3a
34	x	1 78
24	:x::xbx|:aaba:a|x|baab|	23 7c3a787c3a7c3a7862787c7c7c3a616162617c3a617c7c
17	|	2 7c7c
5	xa|b|a|ax|||a:|::|x:b	4 78617c7c
35	|::abxa::bxbaxab|ax	25 7c7c7c3a7c3a616278617c3a7c3a627862617861627c7c6178
5	x:axab:abbb|a:bbax|xbba	3 787c3a
18	a:xa|x:b	11 617c3a78617c7c787c3a62
23	|x|a|xbxa:ax:|:a|:ab:::ab|x:x	22 7c7c787c7c617c7c786278617c3a61787c3a7c7c7c3a
23	abbba||:	11 61626262617c7c7c7c7c3a
35	aa|:axx:|xxab||::x	26 61617c7c7c3a6178787c3a7c7c787861627c7c7c7c7c3a7c3a78
39	x||a	6 787c7c7c7c61
36	a::xbb:x|ab:|||::||baabxbx:|ba	35 617c3a7c3a7862627c3a787c7c61627c3a7c7c7c7c7c7c7c3a7c3a7c7c7c7c62616162
38	||bax::|aax:a|ba	23 7c7c7c7c6261787c3a7c3a7c7c6161787c3a617c7c6261
36	xa	2 7861
32	b|abax|:xb:|xba	20 627c7c616261787c7c7c3a78627c3a7c7c786261
10	:||aaaaxxx:||aaxab	9 7c3a7c7c7c7c616161
37	bx:|:|||b:ax|a|bab:b|b	33 62787c3a7c7c7c3a7c7c7c7c7c7c627c3a61787c7c617c7c6261627c3a627c7c62
18	xaxxaaba:||x|:a:|:|:b:b	17 78617878616162617c3a7c7c7c7c787c7c
22	|::b::bbab|b:	20 7c7c7c3a7c3a627c3a7c3a626261627c7c627c3a
12	x	1 78
21	a:a:aa|xx	12 617c3a617c3a61617c7c7878
7	:a:bab:xbxa:xa|b|ab|xbbxxx	5 7c3a617c3a
23	::xbb|bx	11 7c3a7c3a7862627c7c6278
4	:baxx:a	2 7c3a
24	:aaaba:|b	12 7c3a61616162617c3a7c7c62
26	abx:|aa:|x|a:b	20 6162787c3a7c7c61617c3a7c7c787c7c617c3a62
36	baa|b|::xx:	16 6261617c7c627c7c7c3a7c3a78787c3a
6	:abaaab|:b:|xa|bb|:xx|:x||||	5 7c3a616261
13	a:aa|:x::aa|ax|aa::|x|x||bx:x|	12 617c3a61617c7c7c3a787c3a
19	xa:bbba|b:ax:a:axa::x	17 78617c3a626262617c7c627c3a61787c3a
23	:	2 7c3a
33	||xb||b	11 7c7c7c7c78627c7c7c7c62
26	:	2 7c3a
11	:bbxxbx:	10 7c3a6262787862787c3a
18	b|bx:::axaxax:a|:b|:aaaa:ba:|	17 627c7c62787c3a7c3a7c3a617861786178
9	xbb|::|:abba:	7 7862627c7c7c3a
33	xabbabaa:::|bx|aaab|x::	31 78616262616261617c3a7c3a7c3a7c7c62787c7c616161627c7c787c3a7c3a
7	bba|||:|:xb|bxab	5 6262617c7c
18	bx::	6 62787c3a7c3a
33	|xx:bb	8 7c7c78787c3a6262
26	bbaxb	5 6262617862
20		0 
38	||:|abbaxbb	15 7c7c7c7c7c3a7c7c61626261786262
39		0 
23	ax|bxbb:a:ba::|:||xxa|bxb:b||	21 61787c7c627862627c3a617c3a62617c3a7c3a7c7c
37		0 
7	xxba:b||:b	6 787862617c3a
23	b||a	6 627c7c7c7c61
18	x|xbba|	9 787c7c786262617c7c
36	axb:|b::a|:xb|b:b|x:x	31 6178627c3a7c7c627c3a7c3a617c7c7c3a78627c7c627c3a627c7c787c3a78
11	x|::a:aaa|xxax:	10 787c7c7c3a7c3a617c3a
30	aax:bx:|:ab:	17 6161787c3a62787c3a7c7c7c3a61627c3a
39	abax::b:b|axb::ab||ax|baa:||b	38 616261787c3a7c3a627c3a627c7c6178627c3a7c3a61627c7c7c7c61787c7c6261617c3a7c7c
4	a|aa	3 617c7c
10	|b||b:|:a:bxaaxbx:bx||bx	8 7c7c627c7c7c7c62
28	::xba:||::b:	20 7c3a7c3a7862617c3a7c7c7c7c7c3a7c3a627c3a
35	xabx	4 78616278
6	:a|||b|aa|||aaaaab:x:x	5 7c3a617c7c
26	|::aa||b|x|b:b|:xa	24 7c7c7c3a7c3a61617c7c7c7c627c7c787c7c627c3a627c7c
40	xb|x|xxaa::a|:aaxx|axxa|:a	35 78627c7c787c7c787861617c3a7c3a617c7c7c3a616178787c7c617878617c7c7c3a61
25	baaax:xxbaxax	14 62616161787c3a78786261786178
34	::|bxxb::ba|||a|	25 7c3a7c3a7c7c627878627c3a7c3a62617c7c7c7c7c7c617c7c
20	a:b|a	7 617c3a627c7c61
10	x:aabxx|x:x	8 787c3a6161627878
12	:xb:|aa|b|bbx:xbxxx	10 7c3a78627c3a7c7c6161
32	b:|||bbbaxba:	18 627c3a7c7c7c7c7c7c626262617862617c3a
17	a|bbb	6 617c7c626262
18	ba|ax|	8 62617c7c61787c7c
28	b|xx:xxbx|b|bab	19 627c7c78787c3a787862787c7c627c7c626162
30	bxxxabbb|ba::|xab	21 62787878616262627c7c62617c3a7c3a7c7c786162
32	:x::x::x|b|:ba|	24 7c3a787c3a7c3a787c3a7c3a787c7c627c7c7c3a62617c7c
39	b|axx:xba|baa:x|:xx::ab	31 627c7c6178787c3a7862617c7c6261617c3a787c7c7c3a78787c3a7c3a6162
21	aa|bba||axa|bxabxa|a:xb|b||ba	20 61617c7c6262617c7c7c7c6178617c7c62786162
14	x	1 78
35	a	1 61
23	axxx|a|b::b:axxaxb	22 617878787c7c617c7c627c3a7c3a627c3a6178786178
18	|abxa|a|||||:|bb	17 7c7c616278617c7c617c7c7c7c7c7c7c7c
20	a|bbb|a|ab:x:	18 617c7c6262627c7c617c7c61627c3a787c3a
29	ab|||:a|axbxbxxa|a|abx::	28 61627c7c7c7c7c7c7c3a617c7c61786278627878617c7c617c7c6162
23	:b|aaxb	9 7c3a627c7c61617862
6	:xa|bxx	4 7c3a7861
4	b|:b|x:a:ba|xbx:xab:|xxa	3 627c7c
34	x|:b:a||ax|::axba||::|:|	33 787c7c7c3a627c3a617c7c7c7c61787c7c7c3a7c3a617862617c7c7c7c7c3a7c3a
18	abbxx|bb:xxax:	17 61626278787c7c62627c3a787861787c3a
35	a||b:a::	13 617c7c7c7c627c3a617c3a7c3a
20	:bx|baa:b:|xaba:xxx|aa|x:	19 7c3a62787c7c6261617c3a627c3a7c7c786162
8	|xxa|	7 7c7c7878617c7c
9		0 
31		0 
22	b:a||b|ab|xbxb:	21 627c3a617c7c7c7c627c7c61627c7c786278627c3a
3	xba:xxbbb:aa||xxxa|bxx::axx	2 7862
26	ax:b|:xb::xbxbaxxx|xa|xa|baxa:	25 61787c3a627c7c7c3a78627c3a7c3a78627862617878787c7c
11	:b|	5 7c3a627c7c
21	a|x:aa	8 617c7c787c3a6161
17	|	2 7c7c
6	axxaaa|:||aaxa:|:|:xax|xb|x|:	5 6178786161
17	|a:	5 7c7c617c3a
34	xb:x:axxab:ba|b|ab	23 78627c3a787c3a61787861627c3a62617c7c627c7c6162
28	bxxba|ab|b|||::	22 62787862617c7c61627c7c627c7c7c7c7c7c7c3a7c3a
27	|aa:bxb||	13 7c7c61617c3a6278627c7c7c7c
32	||a|:xa||	15 7c7c7c7c617c7c7c3a78617c7c7c7c
40	ax|b	5 61787c7c62
14	a:xb|a:b	11 617c3a78627c7c617c3a62
16	x|x|baa|a:babab	14 787c7c787c7c6261617c7c617c3a
26	|b|:a|:x|x:|xx|:bbab||a:a|||b:	24 7c7c627c7c7c3a617c7c7c3a787c7c787c3a7c7c78787c7c
40	b:	3 627c3a
34	|:	4 7c7c7c3a
8	|	2 7c7c
37	x::b||:xx|::x:xaba	27 787c3a7c3a627c7c7c7c7c3a78787c7c7c3a7c3a787c3a78616261
25	a|xxa:b	9 617c7c7878617c3a62
15	xxbxa|a	8 78786278617c7c61
28	:ab:||:xa	14 7c3a61627c3a7c7c7c7c7c3a7861
26	:a|x:ax||xxxaa::bxa:xx|bb|b	25 7c3a617c7c787c3a61787c7c7c7c78787861617c3a7c3a6278
33	bxba:ax:x|ba:	17 627862617c3a61787c3a787c7c62617c3a
33	x:ax||x::a||:a|bax|a|bbaa	32 787c3a61787c7c7c7c787c3a7c3a617c7c7c7c7c3a617c7c6261787c7c617c7c
22	:|x:ab|:||:x::x:x|xbbx::a:	20 7c3a7c7c787c3a61627c7c7c3a7c7c7c7c7c3a78
36	ax|xx	6 61787c7c7878
30	aax|xx	7 6161787c7c7878
33	x|bxa:aa:||bbbaa|ax:b|:	32 787c7c6278617c3a61617c3a7c7c7c7c62626261617c7c61787c3a627c7c7c3a
14	xxxab:xaaxba:||abb:xb:aba||:bb	13 78787861627c3a786161786261
30	xb|abb|aa||xx	17 78627c7c6162627c7c61617c7c7c7c7878
36	::aababx|||aaa|xa||b|x:abx:bxb	35 7c3a7c3a6161626162787c7c7c7c7c7c6161617c7c78617c7c7c7c627c7c787c3a6162
7	:axbbxab|ax|::|	6 7c3a61786262
24	:abax|xaxxba	14 7c3a616261787c7c786178786261
4	|baaa|ax:|::x|xa|||b:|:|x|	2 7c7c
38	babb	4 62616262
25	:::x:x:ax:|bax||	23 7c3a7c3a7c3a787c3a787c3a61787c3a7c7c6261787c7c
9	::ax:	8 7c3a7c3a61787c3a
28	b|:ab|	9 627c7c7c3a61627c7c
6	bb|b:b	4 62627c7c
3	:b:b|b|x|xaxbabaxa|xxxa|b::b	2 7c3a
9	ax|b:|||:|||b:xbax	7 61787c7c627c3a
16	x|abbaxxax	11 787c7c6162626178786178
12	xb|xabxa|	11 78627c7c78616278617c7c
30	|b||xaabaaab::xxxx|x|x:bab	28 7c7c627c7c7c7c78616162616161627c3a7c3a787878787c7c787c7c
11	bab	3 626162
16	|bb|b|xa::bax|:|a|||:b|x	15 7c7c62627c7c627c7c78617c3a7c3a
26	|x||:x|xxb:bb:||:|a	25 7c7c787c7c7c7c7c3a787c7c7878627c3a62627c3a7c7c7c7c
36	xa	2 7861
30	xa|bxxa||aab::ax|abab:abx::b	29 78617c7c627878617c7c7c7c6161627c3a7c3a61787c7c616261627c3a
40	|b:a|	8 7c7c627c3a617c7c
39	|::|a:x	12 7c7c7c3a7c3a7c7c617c3a78
20	b:xxbax::xaabx:xaaxbxbx|::	19 627c3a78786261787c3a7c3a78616162787c3a
8	|:a:aaxbbb|xa|x|	7 7c7c7c3a617c3a
33	b|:b:bax|xx:abaa|:xaxb:	31 627c7c7c3a627c3a6261787c7c78787c3a616261617c7c7c3a786178627c3a
36	bxx|x|:bxxba|a:xb:||bbax:abba	34 6278787c7c787c7c7c3a62787862617c7c617c3a78627c3a7c7c7c7c626261787c3a
22	||bxa:b|||	16 7c7c7c7c6278617c3a627c7c7c7c7c7c
39	bb|:|b	9 62627c7c7c3a7c7c62
28	axb	3 617862
27	:	2 7c3a
15	bxbb|:axx|b|a:xa:aaa	13 627862627c7c7c3a6178787c7c
10	:|xaxb|	8 7c3a7c7c78617862
33	xb||a	7 78627c7c7c7c61
33	:|axabaxaaaxxa|:aba	23 7c3a7c7c6178616261786161617878617c7c7c3a616261
10	x:bb	5 787c3a6262
34	a|abb:|:xxbb::||:	26 617c7c6162627c3a7c7c7c3a787862627c3a7c3a7c7c7c7c7c3a
38	bbba:xb	8 626262617c3a7862
16	:aa:|x|a|axa:x:x|:xx|	14 7c3a61617c3a7c7c787c7c617c7c
15	b::bbaa|b|ax:|b|xxx	14 627c3a7c3a626261617c7c627c7c
37	b:	3 627c3a
32	a|b|:::a:xx:|bxxba::xxxa:x|	30 617c7c627c7c7c3a7c3a7c3a617c3a78787c3a7c7c62787862617c3a7c3a
33	bax::a:xbx	13 6261787c3a7c3a617c3a786278
25	:||bax|b|	14 7c3a7c7c7c7c6261787c7c627c7c
35	bb	2 6262
24	|ba|ab	8 7c7c62617c7c6162
39		0 
17	::x	5 7c3a7c3a78
20	|xxabxbb::|:|b	19 7c7c787861627862627c3a7c3a7c7c7c3a7c7c
37	||bxb:bbbb:|aab:abb::xxaax|	36 7c7c7c7c6278627c3a626262627c3a7c7c6161627c3a6162627c3a7c3a78786161787c7c
36	:x:ab:::x|a:a:|bxx	27 7c3a787c3a61627c3a7c3a7c3a787c7c617c3a617c3a7c7c627878
20	baab|:abb||xa:b	19 626161627c7c7c3a6162627c7c7c7c78617c3a
19	axba:|::bb|x|	17 617862617c3a7c7c7c3a7c3a62627c7c78
32	a:	3 617c3a
37	abb|:b	8 6162627c7c7c3a62
6	ba|:x|xx||:|a|xbxbabaabx:bbba	4 62617c7c
38	b::|::aa	13 627c3a7c3a7c7c7c3a7c3a6161
25	x|xb:a:xxab:|axb|x|	23 787c7c78627c3a617c3a787861627c3a7c7c6178627c7c
28	|a:axaa::axx|x:aa||x|xa:a	27 7c7c617c3a617861617c3a7c3a6178787c7c787c3a61617c7c7c7c
37	::x||:axa||a|||:	27 7c3a7c3a787c7c7c7c7c3a6178617c7c7c7c617c7c7c7c7c7c7c3a
16	:bxbba:	9 7c3a62786262617c3a
16	:a:ab|:xba|b	14 7c3a617c3a61627c7c7c3a786261
32	|bxaa:b:b|axx:::|a|:|axx|bx	30 7c7c627861617c3a627c3a627c7c6178787c3a7c3a7c3a7c7c617c7c7c3a
10	:|aax:b|xa||x:x|axxa:bax:	9 7c3a7c7c6161787c3a
4	xxabaaa|xbb||:xx::|a:a	3 787861
36	abxx:xaxxb|b:x:::|xaxa|xabaabx	35 616278787c3a78617878627c7c627c3a787c3a7c3a7c3a7c7c786178617c7c78616261
30	:abxbb|a|ax::|:x|:b:baxa:||aab	28 7c3a61627862627c7c617c7c61787c3a7c3a7c7c7c3a787c7c7c3a62
25	x||xa	7 787c7c7c7c7861
31	bxb::|xa|:|a|||bab:xxba:x	29 6278627c3a7c3a7c7c78617c7c7c3a7c7c617c7c7c7c7c7c6261627c3a
34	:x|xx|x|xx:|xbax	22 7c3a787c7c78787c7c787c7c78787c3a7c7c78626178
16	|aaa|axbb|x|:||x|:::	14 7c7c6161617c7c617862627c7c78
26	|bxxxaaxx::|:x:b	22 7c7c62787878616178787c3a7c3a7c7c7c3a787c3a62
28	babx	4 62616278
39	xb	2 7862
10	|xbb|b|a::b|aa|bbb:|ba	8 7c7c7862627c7c62
5	b:bxb:|ab:xaax|bxb	3 627c3a
27	:|:|bax::ba:ax	21 7c3a7c7c7c3a7c7c6261787c3a7c3a62617c3a6178
30	b:a|x|ax	11 627c3a617c7c787c7c6178
33	:ab|:|xb|:a::b|b:ax|ax	31 7c3a61627c7c7c3a7c7c78627c7c7c3a617c3a7c3a627c7c627c3a61787c7c
25	bxb|bxabxaxb:aa:xa:|baxbb:bbxx	23 6278627c7c62786162786178627c3a61617c3a78617c3a
17	|:x:b|b:axx	16 7c7c7c3a787c3a627c7c627c3a617878
17	x:ax|b:	10 787c3a61787c7c627c3a
38	a|bxa	6 617c7c627861
17	x:ba:	7 787c3a62617c3a
20	:|:|x:||bb:a|||:abxx|a|xb|b|	19 7c3a7c7c7c3a7c7c787c3a7c7c7c7c62627c3a
25	abxba:x|:bb	14 61627862617c3a787c7c7c3a6262
24	:xx:	6 7c3a78787c3a
4	::	2 7c3a
23	xxb:abx:::|xa:xxxx:a::	22 7878627c3a6162787c3a7c3a7c3a7c7c78617c3a7878
35	::xbax|a|::x	18 7c3a7c3a786261787c7c617c7c7c3a7c3a78
27	::a|ab:axb::	18 7c3a7c3a617c7c61627c3a6178627c3a7c3a
17	aa|||:ba:ba:::|b|	16 61617c7c7c7c7c7c7c3a62617c3a6261
25	||x	5 7c7c7c7c78
19	a	1 61
10	:xb:xax|xx:x||bbxxxxaxa::xb|	9 7c3a78627c3a786178
3	b|xx:a|xbxxaaax	1 62
3	:ax	2 7c3a
23	xxxb:baxa|aabbx|ax	21 787878627c3a626178617c7c61616262787c7c6178
17	bbxaxaa|baxxxbba::b|ba	16 626278617861617c7c62617878786262
20	b:|:||bb|:||x:a:ba:||x|	19 627c3a7c7c7c3a7c7c7c7c62627c7c7c3a7c7c
23	|baaaaabb||	14 7c7c62616161616162627c7c7c7c
4		0 
25	a:x|:||bx:x	17 617c3a787c7c7c3a7c7c7c7c62787c3a78
22	abaab::b||xx:aa|xbxx	20 61626161627c3a7c3a627c7c7c7c78787c3a6161
31	ax||:x::	13 61787c7c7c7c7c3a787c3a7c3a
29	xaa|xxaaxx|::xb|x:bxb:xxax|ba	27 7861617c7c7878616178787c7c7c3a7c3a78627c7c787c3a627862
8	:a|::bbbx|:axa	7 7c3a617c7c7c3a
33	a:b|:|b|xxax:|||bb|	29 617c3a627c7c7c3a7c7c627c7c787861787c3a7c7c7c7c7c7c62627c7c
18	:bx|a|b:	12 7c3a62787c7c617c7c627c3a
13	x:bb|bbx::xaab||bb||x|	12 787c3a62627c7c6262787c3a
30	|b:|:	9 7c7c627c3a7c7c7c3a
3	:b:x::xb:|a:|a	2 7c3a
7	xbaa:a|x:::b:bb:x|x|:xx	6 786261617c3a
25	:bbabx|b|b|ab|b	20 7c3a62626162787c7c627c7c627c7c61627c7c62
25	:|xxxx:x:a	14 7c3a7c7c787878787c3a787c3a61
5	aaaaax|||x::aax:xb|:|bbb	4 61616161
8	a||aaaa:bb||b|:b||a||	7 617c7c7c7c6161
11	:b:|aba:|bxx	10 7c3a627c3a7c7c616261
26	ba|:axa|a|a:a	18 62617c7c7c3a6178617c7c617c7c617c3a61
39	bxababa:a:::b|	19 627861626162617c3a617c3a7c3a7c3a627c7c
9	|b:||aaab:x:	7 7c7c627c3a7c7c
16	a|x|:ba||xaxb:||aaba::	14 617c7c787c7c7c3a62617c7c7c7c
25	:a:ba|bb|xaaa|xbxb|ax|a||a	23 7c3a617c3a62617c7c62627c7c786161617c7c78627862
22	xxa|xab	8 7878617c7c786162
34	abbx|x|	9 616262787c7c787c7c
4	xa|x|x:abx::|:xbx	2 7861
15	|	2 7c7c
4	x:b:ab:bbaa|a	3 787c3a
39	:xb:xaxa	10 7c3a78627c3a78617861
4	a::|bb::bxxaba||xb	3 617c3a
26	bbaaxb	6 626261617862
31	x|abxaa	8 787c7c6162786161
32	xba|baaa|	11 7862617c7c626161617c7c
23	b|b|:|x:aa:|axax|:x:b|bb:x	22 627c7c627c7c7c3a7c7c787c3a61617c3a7c7c617861
32	xbb:xbxbx:bbx	15 7862627c3a78627862787c3a626278
30	:b|:b:::||axa:|ba|a	29 7c3a627c7c7c3a627c3a7c3a7c3a7c7c7c7c6178617c3a7c7c62617c7c
14	xxx||:abxb|ax:	13 7878787c7c7c7c7c3a61627862
25	|:b:xxxab||xb:aa:aabx	24 7c7c7c3a627c3a78787861627c7c7c7c78627c3a61617c3a
11	|a::::a:|	9 7c7c617c3a7c3a7c3a
32	xbx::|abbxxab	16 7862787c3a7c3a7c7c61626278786162
23	|xx:a	7 7c7c78787c3a61
8	aa:a|bx:abxx	7 61617c3a617c7c
22	a:a|bx:bab:ab||xx	21 617c3a617c7c62787c3a6261627c3a61627c7c7c7c
14	b:xx:x::	12 627c3a78787c3a787c3a7c3a
23	::b:xbx|ba|xbb:::a	21 7c3a7c3a627c3a7862787c7c62617c7c7862627c3a
7	xx:|xx|baabx:aaaxbx:	6 78787c3a7c7c
26	a:bb:babaa:bbb	17 617c3a62627c3a62616261617c3a626262
5	ba	2 6261
8	xbxb:x|ba||bbx:xax|bxbbxaxxbb	6 786278627c3a
22	|:x	5 7c7c7c3a78
31	ba:	4 62617c3a
23	ab|a:a:x:	13 61627c7c617c3a617c3a787c3a
38	ba|axbb:	10 62617c7c617862627c3a
34	|axaxba:b|:xa:aax::a:||aa|a	33 7c7c6178617862617c3a627c7c7c3a78617c3a6161787c3a7c3a617c3a7c7c7c7c
19	bba:|x	8 6262617c3a7c7c78
25		0 
31	xx||xbbxa:xbaab	18 78787c7c7c7c78626278617c3a7862616162
27	x:b:aa::|:axbxba|::ba||x:bbxx	26 787c3a627c3a61617c3a7c3a7c7c7c3a6178627862617c7c7c3a
17	:|:xa:bb|:|:ax	16 7c3a7c7c7c3a78617c3a62627c7c7c3a
31	axbx||ax||	14 617862787c7c7c7c61787c7c7c7c
25	bx:||:bbxaa|a|b|abb|x|::||	23 62787c3a7c7c7c7c7c3a62627861617c7c617c7c627c7c
37	x	1 78
33	axx::bb|::a:a:a|a	25 6178787c3a7c3a62627c7c7c3a7c3a617c3a617c3a617c7c61
36	:	2 7c3a
8	:bb|xxxx|bb:	6 7c3a62627c7c
3	b|xx:::bxbba:x|||bba:|a|b|a||b	1 62
28	x	1 78
19	:bx:aaxxb||	15 7c3a62787c3a61617878627c7c7c7c
5		0 
37	a||b|xb|x:|::|xxx	26 617c7c7c7c627c7c78627c7c787c3a7c7c7c3a7c3a7c7c787878
25	a:aa|x:aa|	14 617c3a61617c7c787c3a61617c7c
14		0 
23	|aaa:||aabbaa	17 7c7c6161617c3a7c7c7c7c616162626161
11	:x|bxaaxab|ba|bb|	10 7c3a787c7c6278616178
12	b:|abxaxxbxxxb|:xaabxab	11 627c3a7c7c616278617878
15	baxaax|||aaxbbb||x:x:xb|xa	14 6261786161787c7c7c7c7c7c6161
7		0 
34	:a:x:a||bx:|xba	22 7c3a617c3a787c3a617c7c7c7c62787c3a7c7c786261
11	bba|||bx|::ab:|b:xb	9 6262617c7c7c7c7c7c
40	aab:xab|ax|:x	17 6161627c3a7861627c7c61787c7c7c3a78
9	::a|xa:abbb:||a|a	7 7c3a7c3a617c7c
4	b|bxb:b|:abb::abbbb:|a	3 627c7c
27	:axa:x	8 7c3a6178617c3a78
18	|b:x::bbx:ax:xb:xb|aab	17 7c7c627c3a787c3a7c3a6262787c3a6178
12	xb::	6 78627c3a7c3a
31	|:::ba:ba|bb::axa:|xx::a	29 7c7c7c3a7c3a7c3a62617c3a62617c7c62627c3a7c3a6178617c3a7c7c
16	b:bx:|:x:a|bx|:	14 627c3a62787c3a7c7c7c3a787c3a
40	||:a|baaxaxx|x|b|ax|xxabx::|	39 7c7c7c7c7c3a617c7c626161786178787c7c787c7c627c7c61787c7c78786162787c3a7c3a7c7c
22	a|:::xa|babaaxbx:|b:axxaxa||	21 617c7c7c3a7c3a7c3a78617c7c6261626161786278
16	:ab	4 7c3a6162
25	|:xxb::|:bxa|x|xb|aa:|a::	23 7c7c7c3a7878627c3a7c3a7c7c7c3a6278617c7c787c7c
7	|:x:|a|bbx|abaa:|:b:||:a|abab	5 7c7c7c3a78
27	xb|bbbbaaabbxxaabxb:xb|:b	26 78627c7c626262626161616262787861616278627c3a78627c7c
12	::|x|xx|ax|xba	11 7c3a7c3a7c7c787c7c7878
29	x	1 78
8	ba:b:b|bb	7 62617c3a627c3a
19	:	2 7c3a
24	|xa|bab|xbxb::bb|bxxab	23 7c7c78617c7c6261627c7c786278627c3a7c3a62627c7c
11	:x:b:xa|b:a|x|b|xx|x||:	10 7c3a787c3a627c3a7861
5	:ax|b|abx|abaxxxa:xxxb|ba:||	4 7c3a6178
27	|b	3 7c7c62
40	x:xb:axxxx||xbxx||b|xbx	30 787c3a78627c3a61787878787c7c7c7c786278787c7c7c7c627c7c786278
23	::a:ba|xb||x:bb|b	22 7c3a7c3a617c3a62617c7c78627c7c7c7c787c3a6262
3	aax:ab:a|:a:bab||x:a:	2 6161
16	:a|a:	8 7c3a617c7c617c3a
38	x	1 78
8	ba|bb:x:axx:|x|x|a|	6 62617c7c6262
17	:a:|:abbx	13 7c3a617c3a7c7c7c3a61626278
17	xaxxxx:|a:xb	15 7861787878787c3a7c7c617c3a7862
9	:::b	7 7c3a7c3a7c3a62
32	bxba	4 62786261
9	x:bxxbaa|	8 787c3a6278786261
28	|:bb:ba:ab::ba:axabb	27 7c7c7c3a62627c3a62617c3a61627c3a7c3a62617c3a6178616262
8	b::b|::xx|xx|:ab:ba:ab	6 627c3a7c3a62
9	ab:xa|:axxb:axx||:	8 61627c3a78617c7c
31	xx:|b::a	12 78787c3a7c7c627c3a7c3a61
20	|::x:bxa:x	15 7c7c7c3a7c3a787c3a6278617c3a78
39	b:bx|axb|bax:baa:baabx	27 627c3a62787c7c6178627c7c6261787c3a6261617c3a6261616278
10	xbbbxbbaxxxax:bax	9 786262627862626178
31	:bx|abaa	10 7c3a62787c7c61626161
33	b|aaaa|	9 627c7c616161617c7c
20	axab:|x:a:x:bbaaa|:b||x|:||abb	19 617861627c3a7c7c787c3a617c3a787c3a6262
7	x	1 78
23		0 
13	bb|:::axb:b|b::xab:|a	12 62627c7c7c3a7c3a7c3a6178
6	x:aa:|abb|ba:::a:	5 787c3a6161
14	axaaa|:a:axxababb	12 61786161617c7c7c3a617c3a
7	abaa|:xbx|||:a	6 616261617c7c
7	xx:a	5 78787c3a61
6	:x:b:|::ab:b||::|x:aaaa|b	5 7c3a787c3a
27	:bb:aax|b|a	15 7c3a62627c3a6161787c7c627c7c61
15	:bb|b:xab:ab:|b|:||	14 7c3a62627c7c627c3a7861627c3a
14	|:aab:bbabb|bxa|:x	13 7c7c7c3a6161627c3a62626162
24	a:x:|:|x:a|	18 617c3a787c3a7c7c7c3a7c7c787c3a617c7c
13	b|aab|aaax|	12 627c7c6161627c7c61616178
8	xx:	4 78787c3a
10	xxa:a|||xaxbxx|baa	8 7878617c3a617c7c
11	|bb:aax|aaax:a	9 7c7c62627c3a616178
9	|||x:|b:b:bx|x:ba:ax:	7 7c7c7c7c7c7c78
21	a	1 61
7	xxxx|:|b	6 787878787c7c
15	bbxaxb|a:a||aabbbxa	14 6262786178627c7c617c3a617c7c
17	|:ab:xbx:	13 7c7c7c3a61627c3a7862787c3a
28	|aa:xxx::||bb	19 7c7c61617c3a7878787c3a7c3a7c7c7c7c6262
30	xb|aa|:xbbaxb:x::xaaxbbxa|a	29 78627c7c61617c7c7c3a7862626178627c3a787c3a7c3a786161786262
19	:axa	5 7c3a617861
28	xbx|b|::|ax:xa:	22 7862787c7c627c7c7c3a7c3a7c7c61787c3a78617c3a
21	xxaxaxab	8 7878617861786162
23	:	2 7c3a
27	aaax:|:bx|::baba|x:a::a|ba	25 616161787c3a7c7c7c3a62787c7c7c3a7c3a626162617c7c78
13	aabxx|x|xab:a|	12 61616278787c7c787c7c7861
22	b:|:	7 627c3a7c7c7c3a
7	xx::||xbba:xxb:xab||x:x	6 78787c3a7c3a
4	:|b::ax:x||abxaab	2 7c3a
31		0 
36	xx||bbx:a|b:bx:x:baxax:bxb|ba:	34 78787c7c7c7c6262787c3a617c7c627c3a62787c3a787c3a62617861787c3a627862
29	:a	3 7c3a61
12	|x:ba:|axx:||x||a	11 7c7c787c3a62617c3a7c7c
15	xxx::aaax||a:x:ab|||ba|x	13 7878787c3a7c3a616161787c7c
31	|xaaxb::	11 7c7c78616178627c3a7c3a
12	:ba|xxb|x:|:x:xbb	11 7c3a62617c7c7878627c7c
36	||x|abxbb:x::|x||a||a:a:	34 7c7c7c7c787c7c61627862627c3a787c3a7c3a7c7c787c7c7c7c617c7c7c7c617c3a
5	|:a:x||bb:b:|ba:x|:|||a|b	4 7c7c7c3a
19	||:::babx	14 7c7c7c7c7c3a7c3a7c3a62616278
36	:a|:x:||||a::ab	25 7c3a617c7c7c3a787c3a7c7c7c7c7c7c7c7c617c3a7c3a6162
10	|xbxx	6 7c7c78627878
32		0 
40	b|bx|x:aa|b:b|aa||aax|	31 627c7c62787c7c787c3a61617c7c627c3a627c7c61617c7c7c7c6161787c7c
25	:|b	5 7c3a7c7c62
14	|:xbx|bbb|axa	12 7c7c7c3a7862787c7c626262
12	:a:b|:xa|:|x	10 7c3a617c3a627c7c7c3a
14	ab|b::xxb|x|a|aa:x|bx|:bx||	12 61627c7c627c3a7c3a787862
9	|xb:bbb|xxx:a:x	8 7c7c78627c3a6262
8	b||xx|xab|	7 627c7c7c7c7878
15		0 
25	ba::	6 62617c3a7c3a
25	bx:a||b	10 62787c3a617c7c7c7c62
22	:bxxa::|a:xa:ax:a||xb|	21 7c3a627878617c3a7c3a7c7c617c3a78617c3a6178
13	b|::x	8 627c7c7c3a7c3a78
32	axb|aaba::aa	15 6178627c7c616162617c3a7c3a6161
21		0 
6	b:b|:::xx:|xb:	4 627c3a62
6	baaaxxaxbaxa:xb|b:x	5 6261616178
34	:bb|bb|b|xb:|	19 7c3a62627c7c62627c7c627c7c78627c3a7c7c
21	xb:abb:xxb|b|a|a::b	20 78627c3a6162627c3a7878627c7c627c7c617c7c
18	|:::|||	14 7c7c7c3a7c3a7c3a7c7c7c7c7c7c
16	ab|x::ax|xaxbxb||ba	15 61627c7c787c3a7c3a61787c7c7861
13	bbb|x:xbx|:|xxb	11 6262627c7c787c3a786278
14	:aabxx||baxaaaxxxbaaxa:ax:b|	13 7c3a61616278787c7c7c7c6261
40	b:|ba||aa:xabx|aaa:|a|xxbb:x	38 627c3a7c7c62617c7c7c7c61617c3a786162787c7c6161617c3a7c7c617c7c787862627c3a78
31		0 
5	a||a|:a||ax	3 617c7c
26	:a||:|abxb	15 7c3a617c7c7c7c7c3a7c7c61627862
26	b:|xba:abbbxb:bab|ba||ax|xbax	25 627c3a7c7c7862617c3a6162626278627c3a6261627c7c6261
17	xx:	4 78787c3a
12	ax::a:a:aa:|x|a|x	10 61787c3a7c3a617c3a61
20	xbbbxx:b:::xx::abbba::x	19 7862626278787c3a627c3a7c3a7c3a78787c3a
21	||xb|x|ba|xbxa|:aa:||	19 7c7c7c7c78627c7c787c7c62617c7c78627861
35	|b|a:baaaxbba	16 7c7c627c7c617c3a6261616178626261
23	:aaa|a	8 7c3a6161617c7c61
3	a:axa|b|:x	1 61
9	:x|bx:|xax||bx|bb	7 7c3a787c7c6278
10	:|abxbbbaax|b:bb||b:a|:aab	9 7c3a7c7c6162786262
17	|bxb|:x|:x:axbba|a	15 7c7c6278627c7c7c3a787c7c7c3a78
31	||	4 7c7c7c7c
6	:::bb|b|:|b|x:|xxx::x:a	4 7c3a7c3a
21	aaxaaaxab:ab|:::xxx|xb|:xx	19 6161786161617861627c3a61627c7c7c3a7c3a
20	a|a:|x	9 617c7c617c3a7c7c78
28	|a|x|:a:|aabbba|x|x:xa|x	26 7c7c617c7c787c7c7c3a617c3a7c7c6161626262617c7c787c7c
24	bb:a:b:xabxx:|a|	22 62627c3a617c3a627c3a78616278787c3a7c7c617c7c
11	:||b||xb:bax:abx:aab:b	9 7c3a7c7c7c7c627c7c
40	:|abbx:::|aaa:a:	24 7c3a7c7c616262787c3a7c3a7c3a7c7c6161617c3a617c3a
8	::ax	6 7c3a7c3a6178
30	b:|bx:::|bxxxxxx:bb	26 627c3a7c7c62787c3a7c3a7c3a7c7c627878787878787c3a6262
7		0 
10	xa|:x|||axa||:bxx|:a::x:bbxxx	9 78617c7c7c3a787c7c
32	:ax	4 7c3a6178
28	xax::||:	13 7861787c3a7c3a7c7c7c7c7c3a
5	a||b	3 617c7c
10	|a||xb:x|aba::ba:a|||xababbb|	9 7c7c617c7c7c7c7862
14	xbaa:|ab:a:xbabx|bxba	12 786261617c3a7c7c61627c3a
13	ab|:|:|:axb	12 61627c7c7c3a7c7c7c3a7c7c
12	x:b:aabxx:xb:b	11 787c3a627c3a6161627878
27	|bx::|aaa:|xx|b::a	26 7c7c62787c3a7c3a7c7c6161617c3a7c7c78787c7c627c3a7c3a
23	b:xb:bxx:x|	15 627c3a78627c3a6278787c3a787c7c
25	bxbb|bx:	10 627862627c7c62787c3a
4	x|b:	3 787c7c
32	b|bb|:bx	11 627c7c62627c7c7c3a6278
22	:|b	5 7c3a7c7c62
32	a:|a|::bx:b|bb|bxxb	27 617c3a7c7c617c7c7c3a7c3a62787c3a627c7c62627c7c62787862
15	ab:xb:||xaa::x:bxbxbxb	14 61627c3a78627c3a7c7c7c7c7861
16	x:x|aaxabxab||||a|:a	14 787c3a787c7c6161786162786162
33	::x||a::::bx|a|	25 7c3a7c3a787c7c7c7c617c3a7c3a7c3a7c3a62787c7c617c7c
32	:axbxabxx:abb:|xa	21 7c3a61786278616278787c3a6162627c3a7c7c7861
17		0 
22	|:::bx:b|:bbx:x|	20 7c7c7c3a7c3a7c3a62787c3a627c7c7c3a626278
23	abaxb	5 6162617862
40	||bxx|b|:ba|bax	21 7c7c7c7c6278787c7c627c7c7c3a62617c7c626178
3	:b|b|:|abx||:baaxxba:a|x|x:x	2 7c3a
31	a:	3 617c3a
35		0 
26	:b::|xb|aaax|ba|a:|x:a:x|xbxa:	24 7c3a627c3a7c3a7c7c78627c7c616161787c7c62617c7c61
8	:a:a:	6 7c3a617c3a61
36	x|abba	7 787c7c61626261
4	xxa::|b|xxb:::bbb|::abab:	3 787861
11	aa:	4 61617c3a
20	a|b|::x:a|:b:|::	18 617c7c627c7c7c3a7c3a787c3a617c7c7c3a
7	ax	2 6178
24	xaabbx:b|bxx:||xa:|b|ababab|:	22 7861616262787c3a627c7c6278787c3a7c7c7c7c7861
37	:|xb:xa:xaa|x:|x	23 7c3a7c7c78627c3a78617c3a7861617c7c787c3a7c7c78
14	:a:xxx:a:bbbaaa:xa|:aaax|ba	13 7c3a617c3a7878787c3a617c3a
4	:abbxb:x|||b:||:bab:aaxxa||	2 7c3a
20	x||xax::baa|x:xxa|xa:x:bx	18 787c7c7c7c7861787c3a7c3a6261617c7c78
23	xxxaa:a	8 78787861617c3a61
21	|a:|:x:|	14 7c7c617c3a7c7c7c3a787c3a7c7c
12	:xab::	9 7c3a7861627c3a7c3a
13	xab|xxbab|:ba:aab||x::axb	12 7861627c7c78786261627c7c
26	ba	2 6261
36	a::x	6 617c3a7c3a78
19	b:a:x||aab|:b::b	18 627c3a617c3a787c7c7c7c6161627c7c7c3a
29	|bx|b|:ax:	15 7c7c62787c7c627c7c7c3a61787c3a
23	axx||x:xbax:|	18 6178787c7c7c7c787c3a786261787c3a7c7c
27	axbbx|b|xx|aabaxx||aba|baxb	26 61786262787c7c627c7c78787c7c6161626178787c7c7c7c6162
40	:b|:xax:|b:||||b||x	31 7c3a627c7c7c3a7861787c3a7c7c627c3a7c7c7c7c7c7c7c7c627c7c7c7c78
17	bbax::::::b:aaabbb|a|||x:x|a|:	16 626261787c3a7c3a7c3a7c3a7c3a7c3a
19	|ba|:xaa:	13 7c7c62617c7c7c3a7861617c3a
39	:::|a|x::|bbb|:|x	28 7c3a7c3a7c3a7c7c617c7c787c3a7c3a7c7c6262627c7c7c3a7c7c78
36	:|	4 7c3a7c7c
11	xxxaaxa:b	9 787878616178617c3a
12	xa|aa|xbbaxb|:xbbxa:x||aa:||xb	11 78617c7c61617c7c786262
5	|||x|x|:|x|xa::aa|	4 7c7c7c7c
29	b:x::bx|xx|x:|axbabxabx:b|ab|	28 627c3a787c3a7c3a62787c7c78787c7c787c3a7c7c61786261627861
6	x||ba|ab|a|b|:aaa:|b||xb|	5 787c7c7c7c
20	x|xxa|	8 787c7c7878617c7c
38	:xaaaa:xbxb:|x|bax|a:bb	30 7c3a78616161617c3a786278627c3a7c7c787c7c6261787c7c617c3a6262
34	bxbxa|||xx|a	16 62786278617c7c7c7c7c7c78787c7c61
20	||x::baxaa	14 7c7c7c7c787c3a7c3a6261786161
11	bb::axxxabb:b:bb	10 62627c3a7c3a61787878
4	axb	3 617862
22	:b:bx|:ab||b|:x:xa:bbaxa:b:b	20 7c3a627c3a62787c7c7c3a61627c7c7c7c627c7c
21	xa:||b	9 78617c3a7c7c7c7c62
14	bb:|xb	8 62627c3a7c7c7862
26	xx:x|:x|	12 78787c3a787c7c7c3a787c7c
21	xxx:|:::aaa|abab|xa|x|b:x:|bb:	20 7878787c3a7c7c7c3a7c3a7c3a6161617c7c6162
25	|bbx::aabax:xx	18 7c7c6262787c3a7c3a61616261787c3a7878
15	|x:xxabaaa|x	14 7c7c787c3a787861626161617c7c
17	::|bb|a:a:|aabb:|	16 7c3a7c3a7c7c62627c7c617c3a617c3a
9	|baab:b:|b	8 7c7c626161627c3a
29	|xa::a|::xaxxxbb:|ax:	28 7c7c78617c3a7c3a617c7c7c3a7c3a786178787862627c3a7c7c6178
40	xx|a:bb|:|ab:x||x:a|a:b:bbxa||	39 78787c7c617c3a62627c7c7c3a7c7c61627c3a787c7c7c7c787c3a617c7c617c3a627c3a626278
23	x::abb|aa:|x|:bb:|::bx	21 787c3a7c3a6162627c7c61617c3a7c7c787c7c7c3a
36	|:a::bx::x|a|b:ba|:|aa	34 7c7c7c3a617c3a7c3a62787c3a7c3a787c7c617c7c627c3a62617c7c7c3a7c7c6161
30	ax:axaxb|aaa:|abb|x	24 61787c3a61786178627c7c6161617c3a7c7c6162627c7c78
4	xbxa:bx|	3 786278
27	a||:b|	10 617c7c7c7c7c3a627c7c
39	bxaxab:|b:|bbb:	20 6278617861627c3a7c7c627c3a7c7c6262627c3a
36	axx|::a:bb|xb|ba	22 6178787c7c7c3a7c3a617c3a62627c7c78627c7c6261
24	b::xxbax	10 627c3a7c3a7878626178
21	|:aabx::|x	15 7c7c7c3a616162787c3a7c3a7c7c78
29	ba|bxx|bab|aa	16 62617c7c6278787c7c6261627c7c6161
29	xxbb	4 78786262
18	x:|ax||xx|	15 787c3a7c7c61787c7c7c7c78787c7c
28	:	2 7c3a
37	axb|b|ababa	13 6178627c7c627c7c6162616261
19	xbx:a||:|x:	17 7862787c3a617c7c7c7c7c3a7c7c787c3a
18	xx:a	5 78787c3a61
5	a|::aab:b:b|x:ba||:||	3 617c7c
25	ba:|x|x|xb:x:|:b:bx|bxx|	23 62617c3a7c7c787c7c787c7c78627c3a787c3a7c7c7c3a
23	x:bx||aa|:|::abx|::x||:a|:abb	21 787c3a62787c7c7c7c61617c7c7c3a7c7c7c3a7c3a
25	ab:ab|ab|a||::a|::|ax:	24 61627c3a61627c7c61627c7c617c7c7c7c7c3a7c3a617c7c
24	ax|bba:ab|a||xa:aabbabaaba	22 61787c7c6262617c3a61627c7c617c7c7c7c78617c3a
24	bb|xxaxax::a	15 62627c7c7878617861787c3a7c3a61
15	:::b|	9 7c3a7c3a7c3a627c7c
21	bx::|b:xabbxb:::b:xbxa::ax	19 62787c3a7c3a7c7c627c3a7861626278627c3a
31	|ba	4 7c7c6261
4	xxba||||:ab|::a	3 787862
15	|xbbb|xxx:bb:	13 7c7c786262627c7c7878787c3a
13	xbb:|xabbbbx:bx:b|	12 7862627c3a7c7c7861626262
30	a:a|a:ab|	13 617c3a617c7c617c3a61627c7c
5	||:::|a|x:abxbb|ab|x	4 7c7c7c7c
23	|xxx:x:::xx:bb	20 7c7c7878787c3a787c3a7c3a7c3a78787c3a6262
14	bba||b	8 6262617c7c7c7c62
34	:bb:|a:baa::b:||:||bxaa	33 7c3a62627c3a7c7c617c3a6261617c3a7c3a627c3a7c7c7c7c7c3a7c7c7c7c6278
7	x|b|:baabx:|bbab::|a|xxxbx	6 787c7c627c7c
37	a|b||xb|b|||x:a|bx	27 617c7c627c7c7c7c78627c7c627c7c7c7c7c7c787c3a617c7c6278
15	xxxa:ab|axax||b:||::|a	14 787878617c3a61627c7c61786178
33	|axa:x||xb:a:bb:bbbxb|ax	32 7c7c6178617c3a787c7c7c7c78627c3a617c3a62627c3a62626278627c7c6178
35	|a	3 7c7c61
7	bxa:	5 6278617c3a
25	x|::||:	13 787c7c7c3a7c3a7c7c7c7c7c3a
14	|a:|a:a|abb|b|xbx|	13 7c7c617c3a7c7c617c3a617c7c
40	b||a||:x||bbb|b	23 627c7c7c7c617c7c7c7c7c3a787c7c7c7c6262627c7c62
23	:xba:x	8 7c3a7862617c3a78
20	ax:bab||b|bxx:b||xx:a	19 61787c3a6261627c7c7c7c627c7c6278787c3a
30	x:|:x:|xxa|a|x:xb|bx::axb|bbbb	29 787c3a7c7c7c3a787c3a7c7c7878617c7c617c7c787c3a78627c7c6278
36	axabbxa|x::||:b	21 617861626278617c7c787c3a7c3a7c7c7c7c7c3a62
35	||aa|:a:bb	15 7c7c7c7c61617c7c7c3a617c3a6262
30	xb|aax||:b:::	20 78627c7c6161787c7c7c7c7c3a627c3a7c3a7c3a
38	abb|	5 6162627c7c
9	:a:b:a::|:x	8 7c3a617c3a627c3a
22	abaax|ab|bb::|xb	21 61626161787c7c61627c7c62627c3a7c3a7c7c7862
18	:ab|x|a|xba|ab:bx:a|a:||x:a|:b	17 7c3a61627c7c787c7c617c7c7862617c7c
34	aa::bab|xbb|	16 61617c3a7c3a6261627c7c7862627c7c
17	:bba|axa|x|aabxxb|x::bab|	15 7c3a6262617c7c6178617c7c787c7c
36	x|aabb:xbb||a:a|ab|b	27 787c7c616162627c3a7862627c7c7c7c617c3a617c7c61627c7c62
10	bxbbxaab|bbbb:a::b|bxax|x	8 6278626278616162
30	b|	3 627c7c
29	xa:a	5 78617c3a61
14	bxb:a:	8 6278627c3a617c3a
10	aa|xbababba|x	9 61617c7c7862616261
24		0 
10	|baa::x||b|	9 7c7c6261617c3a7c3a
5	:xa|ba::|a|	4 7c3a7861
34	||x:x:bba	13 7c7c7c7c787c3a787c3a626261
15	x:|:x:b:x|xxba|bb	13 787c3a7c7c7c3a787c3a627c3a
14	a|x:bxa::|x:a:x::|bxxaa:|:aaa	13 617c7c787c3a6278617c3a7c3a
26	xxbaxbb|bax	12 787862617862627c7c626178
35	|	2 7c7c
32	b|:|aa:bx|a:x:::aax:	30 627c7c7c3a7c7c61617c3a62787c7c617c3a787c3a7c3a7c3a6161787c3a
5	a|||xa:|:b|:ba:|:b:aax||bx	3 617c7c
8	x|bx|ax|x:	7 787c7c62787c7c
3	b::|aaa|::abx|:|x:	1 62
12	xbb:xbxa	9 7862627c3a78627861
25	abb|xbb||bbbxba:|ababxax:|aba	24 6162627c7c7862627c7c7c7c6262627862617c3a7c7c6162
9	xb:axa|b:b:|x:xaa	7 78627c3a617861
24	xb:xa:axbaaa:::|||	22 78627c3a78617c3a6178626161617c3a7c3a7c3a7c7c
35	abx::|b|a||x|ax	22 6162787c3a7c3a7c7c627c7c617c7c7c7c787c7c6178
11	a||axab:::x|bxa:a:|:a|abaa	9 617c7c7c7c61786162
31	bb:|x:|bbbxbb	17 62627c3a7c7c787c3a7c7c626262786262
24	|:xx|xx|	12 7c7c7c3a78787c7c78787c7c
15	ax|a:bx|:xx|bx:axbbb	13 61787c7c617c3a62787c7c7c3a
9	:x|bbab|bbbaxxbb|xx:|::ab:	8 7c3a787c7c626261
17	ba|ba:ab|xaaa	16 62617c7c62617c3a61627c7c78616161
23	abbxax:	8 6162627861787c3a
10	:xa|bbxbbb:xx	9 7c3a78617c7c626278
30	xx:xb|x::b	14 78787c3a78627c7c787c3a7c3a62
15	bxx|xa|xaxba|baa:x|:	14 6278787c7c78617c7c7861786261
35	b|bxb:axaax:bbaxx:xa:a:b	30 627c7c6278627c3a61786161787c3a62626178787c3a78617c3a617c3a62
23	x	1 78
34	::||b|::ab|:|ab|aba||||	32 7c3a7c3a7c7c7c7c627c7c7c3a7c3a61627c7c7c3a7c7c61627c7c6162617c7c
8	|a|b|::	6 7c7c617c7c62
14	aaxabaa|:a:::a::bb:::xxaaa	12 616178616261617c7c7c3a61
12	:::|xxxbxxabbx:aa	11 7c3a7c3a7c3a7c7c787878
8	bxx:xxbx|:x:|a	7 6278787c3a7878
26	xx:a|b:::x	15 78787c3a617c7c627c3a7c3a7c3a78
15	aaba:ab	8 616162617c3a6162
20	ab:ax	6 61627c3a6178
8	axbbbxb|:x|:bx|axa:||||:|:xa::	7 61786262627862
19	:a||ba||ax|bbab	17 7c3a617c7c7c7c62617c7c7c7c61787c7c
5	:ba:b|axaaab|b||b:axa:a||	4 7c3a6261
23	||x:|b||xab:	19 7c7c7c7c787c3a7c7c627c7c7c7c7861627c3a
36	aa::|ab||:|:|:x	25 61617c3a7c3a7c7c61627c7c7c7c7c3a7c7c7c3a7c7c7c3a78
29	b:|bx:|x:aaa:ax:|x:aa	28 627c3a7c7c62787c3a7c7c787c3a6161617c3a61787c3a7c7c787c3a
25	b|bb|	7 627c7c62627c7c
3	a:|x:x|ba:x|aaxx::|	1 61
11	a|:|	7 617c7c7c3a7c7c
30	:|||:abxb:bxba:bxx:a:xa:|b	28 7c3a7c7c7c7c7c7c7c3a616278627c3a627862617c3a6278787c3a61
15	bax||x|xa|:bab:bbaabxaxa	14 6261787c7c7c7c787c7c78617c7c
37	bxaaxbxb|bba	13 62786161786278627c7c626261
13	|xx:bxax|bba|xbx	12 7c7c78787c3a627861787c7c
32	xbaxxbx	7 78626178786278
39	ax:bxaaxbb:|	15 61787c3a627861617862627c3a7c7c
12	ba|b|	7 62617c7c627c7c
4	bb|	2 6262
36	aba::bxbbxx|bxxaabxa|a|xb|bb	34 6162617c3a7c3a6278626278787c7c62787861616278617c7c617c7c78627c7c6262
11	:bx||bb|a|aab:|axx:b:b:x	10 7c3a62787c7c7c7c6262
16	xaa|aa||b||bab	14 7861617c7c61617c7c7c7c627c7c
26	xbxxx|b:bax:bax:x	21 78627878787c7c627c3a6261787c3a6261787c3a78
4	x||b|x|b|||||:b|:a:||b:|b:::a	3 787c7c
34	b:|||x|a|x|aaxax:xa|	29 627c3a7c7c7c7c7c7c787c7c617c7c787c7c61617861787c3a78617c7c
35	xx|xa|xb|x::xxb:::x|aax	32 78787c7c78617c7c78627c7c787c3a7c3a7878627c3a7c3a7c3a787c7c616178
23	xb|xx|ax:b	13 78627c7c78787c7c61787c3a62
32	:aa:aa::x|xx	17 7c3a61617c3a61617c3a7c3a787c7c7878
36	:xa:x|:|axxx|b||ab:	28 7c3a78617c3a787c7c7c3a7c7c617878787c7c627c7c7c7c61627c3a
10	bxaba:	7 62786162617c3a
13	a|:|	7 617c7c7c3a7c7c
37	|x|bxxba|b:x:bba:|xaaxxa|b	34 7c7c787c7c62787862617c7c627c3a787c3a6262617c3a7c7c7861617878617c7c62
5	a:::xx:	3 617c3a
35	aaa:xbxx|:bb|x:bax||x:aa	32 6161617c3a786278787c7c7c3a62627c7c787c3a6261787c7c7c7c787c3a6161
9	bx|x:axa::axa|abb	7 62787c7c787c3a
26	::a|b|b|a:b||xbxx	25 7c3a7c3a617c7c627c7c627c7c617c3a627c7c7c7c78627878
38	xaaxxxxx|a|a::::aab	25 78616178787878787c7c617c7c617c3a7c3a7c3a7c3a616162
38	a	1 61
20	x|xaxa|aa:baa:bxabx|	18 787c7c786178617c7c61617c3a6261617c3a
3	axab:::||a:ax|baaa||x|x|aa:	2 6178
32	||:|bb|bxb:x|:a|xxbb:ax|::	31 7c7c7c7c7c3a7c7c62627c7c6278627c3a787c7c7c3a617c7c787862627c3a
6	ab|:aaa:a::xba|a|b||bbb	4 61627c7c
34	:|aa:x:ax|a:b|axaxx||a|a::aaab	33 7c3a7c7c61617c3a787c3a61787c7c617c3a627c7c61786178787c7c7c7c617c7c
25	:xxx:x:bbbaa:aax|a:bb|	23 7c3a7878787c3a787c3a62626261617c3a6161787c7c61
19	b:	3 627c3a
29	xxba:xxxb:bx|:x:|baaxxxa:|b	28 787862617c3a787878627c3a62787c7c7c3a787c3a7c7c6261617878
30	|xxx|a|ba||ab:xax|:xxx	29 7c7c7878787c7c617c7c62617c7c7c7c61627c3a7861787c7c7c3a7878
32	x:xxb|ba|x|b:a:a|||ab|x	30 787c3a7878627c7c62617c7c787c7c627c3a617c3a617c7c7c7c7c7c6162
24	|:b	5 7c7c7c3a62
27	|x:|a	8 7c7c787c3a7c7c61
15	||bb|b::|x	13 7c7c7c7c62627c7c627c3a7c3a
23	xx|:||xb:	14 78787c7c7c3a7c7c7c7c78627c3a
12	a|bb|:xa::|xaa:::ba|b:a	11 617c7c62627c7c7c3a7861
35	:a:aaxbabbxaxxx:|	21 7c3a617c3a6161786261626278617878787c3a7c7c
22	x:a::|bx:bbabbb::aabx:|:|bbb	20 787c3a617c3a7c3a7c7c62787c3a626261626262
17	xab|b|x:abb:a|xbb:||b	16 7861627c7c627c7c787c3a6162627c3a
9	b|b|:a|bx::b|ababb|xbxx	8 627c7c627c7c7c3a
40	xaba:b:x:|:abxxxx:|	26 786162617c3a627c3a787c3a7c7c7c3a6162787878787c3a7c7c
3	x|x||:bxb:|:||:x:aaaxx|||ba:|	1 78
21		0 
8	bbxx:bxxa:aa:b:	6 626278787c3a
39	a:|a:|a|:|:ab	21 617c3a7c7c617c3a7c7c617c7c7c3a7c7c7c3a6162
7	bb:|ba:xb	6 62627c3a7c7c
36	|xa|||x:	13 7c7c78617c7c7c7c7c7c787c3a
31	ax::a:|x|a||:xa:xa:ax	29 61787c3a7c3a617c3a7c7c787c7c617c7c7c7c7c3a78617c3a78617c3a
16	ab	2 6162
11	|:|ax|b|aba	10 7c7c7c3a7c7c61787c7c
29	a:|baax:bxx:ab|	20 617c3a7c7c626161787c3a6278787c3a61627c7c
25	:xab:b:b:axbaabx|:bxba	24 7c3a7861627c3a627c3a627c3a617862616162787c7c7c3a
8	bx:bx:xbba:b:xb:abxb||x:xb:x|x	6 62787c3a6278
23	|a:b:b:|:bb:aa:|a:x|xx	21 7c7c617c3a627c3a627c3a7c7c7c3a62627c3a6161
23	|xxb:||ba:xx:|||bx|xa	21 7c7c7878627c3a7c7c7c7c62617c3a78787c3a7c7c
13	ab:x:b:|x::xxxaax|bbxb:abbxxa	12 61627c3a787c3a627c3a7c7c
5	x::x|b	3 787c3a
17	aa|aaxbab:baxb||::bb|	16 61617c7c6161786261627c3a62617862
23	a:|x:|x|:b||b||x|xxba|bb:	21 617c3a7c7c787c3a7c7c787c7c7c3a627c7c7c7c62
25	x|:xx|	9 787c7c7c3a78787c7c
4	ax	2 6178
25	a	1 61
20	b||bab::x|bbaa|xabaa|b|a::x	19 627c7c7c7c6261627c3a7c3a787c7c62626161
14	ab::xa|||bb:a:a:a|babx:babb|:a	12 61627c3a7c3a78617c7c7c7c
24	x|:bb|b:xa|x	17 787c7c7c3a62627c7c627c3a78617c7c78
16	a:bxxx::b:a:a:|	14 617c3a627878787c3a7c3a627c3a
36	bbba:aaa|xbb::b	19 626262617c3a6161617c7c7862627c3a7c3a62
15	x:|x:bx|:bab	14 787c3a7c7c787c3a62787c7c7c3a
26	x::||:ax|a|:x:a|	24 787c3a7c3a7c7c7c7c7c3a61787c7c617c7c7c3a787c3a61
22	b:|xxbx:	11 627c3a7c7c787862787c3a
12	babb|::a	10 626162627c7c7c3a7c3a
32	:	2 7c3a
34	bbbaxxxb|x	11 62626261787878627c7c78
31	b|x|a:ax:ba:ba	19 627c7c787c7c617c3a61787c3a62617c3a6261
13	ab|xxxx|::aaa||:||b||a|xb:b::	12 61627c7c787878787c7c7c3a
4	:xxx|ax|:bbb	2 7c3a
6	|x|xx||bxxxa|::	5 7c7c787c7c
13	b|a||bbb|a::aa:|xx::|	11 627c7c617c7c7c7c626262
29	aa:ab:x:x::ax:||::|bxaax::xxbx	28 61617c3a61627c3a787c3a787c3a7c3a61787c3a7c7c7c7c7c3a7c3a
8	x|xbbbbbbx|aabxa|:|a|ax||	7 787c7c78626262
11	|:x:xaa||axb::|||bb|abab|a:bbb	10 7c7c7c3a787c3a786161
40	a|ba|:xa:|||a||ax	26 617c7c62617c7c7c3a78617c3a7c7c7c7c7c7c617c7c7c7c6178
8	xa:bbxaab|:||x:::	7 78617c3a626278
37	bababxababaa::xxa:a|	24 6261626162786162616261617c3a7c3a7878617c3a617c7c
40	:|xb|:ax:xbbbax::	24 7c3a7c7c78627c7c7c3a61787c3a7862626261787c3a7c3a
37	:aaxx|a:b|a||	19 7c3a616178787c7c617c3a627c7c617c7c7c7c
28	|xa||||a|:a|b:ba:xa:|:aabba	27 7c7c78617c7c7c7c7c7c7c7c617c7c7c3a617c7c627c3a62617c3a
22	abx	3 616278
39	b|:|ax||:a:bxxa:x|::bax|x|	37 627c7c7c3a7c7c61787c7c7c7c7c3a617c3a627878617c3a787c7c7c3a7c3a6261787c7c78
24	aba|a:axxx:x|xa|xa::|:a	23 6162617c7c617c3a617878787c3a787c7c78617c7c7861
32	|:axb:|abb:||a||	25 7c7c7c3a6178627c3a7c7c6162627c3a7c7c7c7c617c7c7c7c
18	abbaxbb|xbbaa::xx||b:a|b:::	16 616262617862627c7c78626261617c3a
28	a:aabxxbbab:a|::|xaxaxb|a|	27 617c3a6161627878626261627c3a617c7c7c3a7c3a7c7c78617861
21	b:b:aa||x||	17 627c3a627c3a61617c7c7c7c787c7c7c7c
12	x|:bb|baxxx	11 787c7c7c3a62627c7c6261
33	|:|	6 7c7c7c3a7c7c
26	||abbb::ba|	16 7c7c7c7c616262627c3a7c3a62617c7c
12	xb:	4 78627c3a
12	xxax||abbbx|xx|:::|xb|a||a|x	11 787861787c7c7c7c616262
16	xx|a|axb|:a|bxx||	14 78787c7c617c7c6178627c7c7c3a
33	||ba|:aabxb:	17 7c7c7c7c62617c7c7c3a61616278627c3a
39	bb::|:|:x:a:xxx|||bb||a||	38 62627c3a7c3a7c7c7c3a7c7c7c3a787c3a617c3a7878787c7c7c7c7c7c62627c7c7c7c617c7c
15	xa:xb:|aa	12 78617c3a78627c3a7c7c6161
28	:|xab:::x:a:aa	21 7c3a7c7c7861627c3a7c3a7c3a787c3a617c3a6161
33	|ax:bx:x|:a|bbxax|xbx::	32 7c7c61787c3a62787c3a787c7c7c3a617c7c62627861787c7c7862787c3a7c3a
19	b||:bb:ba:bb	17 627c7c7c7c7c3a62627c3a62617c3a6262
16	::|b:ab|b::ab	14 7c3a7c3a7c7c627c3a61627c7c62
39	x::aabax||:xxbb:x:ax||a|xa|:x:	38 787c3a7c3a61616261787c7c7c7c7c3a787862627c3a787c3a61787c7c7c7c617c7c78617c7c
30	:a:	5 7c3a617c3a
26	:x:bx:|xa	13 7c3a787c3a62787c3a7c7c7861
24	a|::a|aaabxa:b:::b:b:a|x	23 617c7c7c3a7c3a617c7c6161616278617c3a627c3a7c3a
35	bb|xa|bbaa||:ba:baax:ab:x|xax	33 62627c7c78617c7c626261617c7c7c7c7c3a62617c3a626161787c3a61627c3a78
24	x:x:ax:abbx:xxa	19 787c3a787c3a61787c3a616262787c3a787861
4	|ab|bb	2 7c7c
13	x||	5 787c7c7c7c
3	a|b:b:a::b|axa:a::xb:|:aaaxba:	1 61
19	|b|x::xbb::aa|a|:xb|bxxx|	17 7c7c627c7c787c3a7c3a7862627c3a7c3a
39	bab:bxxbx|x:a:||a:ab:b	30 6261627c3a62787862787c7c787c3a617c3a7c7c7c7c617c3a61627c3a62
25	:	2 7c3a
3	|aa:ba|:abab:||:a	2 7c7c
25		0 
37	baa	3 626161
3	x|	1 78
27	bx|x|bba:|a|ba|b	22 62787c7c787c7c6262617c3a7c7c617c7c62617c7c62
33	a|bb:xb:	11 617c7c62627c3a78627c3a
28		0 
3	bb|bbba::|:	2 6262
18	bbx|b:xax|b:|xxa:||||aaaxxba:b	16 6262787c7c627c3a7861787c7c627c3a
21	aaab:||x|xbb:	18 616161627c3a7c7c7c7c787c7c7862627c3a
12	|:|	6 7c7c7c3a7c7c
37	aa||xbaa::x||:||xxx|axb	33 61617c7c7c7c786261617c3a7c3a787c7c7c7c7c3a7c7c7c7c7878787c7c617862
23	xx:abbxbbaabaa|a|x	21 78787c3a61626278626261616261617c7c617c7c78
26	|:ab:a::|||a|a:abxa:bx|:	25 7c7c7c3a61627c3a617c3a7c3a7c7c7c7c7c7c617c7c617c3a
32	b	1 62
27	|b:x:axb:b|x:b|a	23 7c7c627c3a787c3a6178627c3a627c7c787c3a627c7c61
6	a|axxa||:b:|a|x:aaax:||x|b	5 617c7c6178
16	:xx:xxb:bbbab|||x:ab::x:::xaab	15 7c3a78787c3a7878627c3a62626261
14		0 
18	|xxxaa|a||:bx|::a::xxbbx:xb	16 7c7c78787861617c7c617c7c7c7c7c3a
11	:xa|:b||	9 7c3a78617c7c7c3a62
33	axxx:bxaaa|ab:|aba:	24 617878787c3a62786161617c7c61627c3a7c7c6162617c3a
24	a:||:|aax	14 617c3a7c7c7c7c7c3a7c7c616178
23	ax::ab:x|x:xbxa:a|x:|x|	22 61787c3a7c3a61627c3a787c7c787c3a786278617c3a
33	a	1 61
25	axaba::	9 61786162617c3a7c3a
25	:::b|b	10 7c3a7c3a7c3a627c7c62
36	aabbabxbxx:a|xbxx||x:bxaxx|:b	35 616162626162786278787c3a617c7c786278787c7c7c7c787c3a62786178787c7c7c3a
20	ba	2 6261
39	:x:bbab:x:xaxa:	20 7c3a787c3a626261627c3a787c3a786178617c3a
24	|bab|:|axa:bx|	20 7c7c6261627c7c7c3a7c7c6178617c3a62787c7c
17	a|a|aax|baxb||ax:a:ax	15 617c7c617c7c6161787c7c62617862
36	a:x::a	9 617c3a787c3a7c3a61
24	|x::|bx|b|axaa::|||	22 7c7c787c3a7c3a7c7c62787c7c627c7c617861617c3a
22	xx|a|	7 78787c7c617c7c
33	|a|xa:xbxa:ba	17 7c7c617c7c78617c3a786278617c3a6261
37	|a|ba:ab:|:b:xa|b	25 7c7c617c7c62617c3a61627c3a7c7c7c3a627c3a78617c7c62
23	x	1 78
3	::a|:b|xa||:x:|b|x	2 7c3a
20	a::|||axx|xx:::x||::	18 617c3a7c3a7c7c7c7c7c7c6178787c7c7878
10	ax::	6 61787c3a7c3a
21	bb:|b:aaaaxa:xx||a|a:|b|b:b|	19 62627c3a7c7c627c3a6161616178617c3a7878
19	|a||a:a:a:x|:x	17 7c7c617c7c7c7c617c3a617c3a617c3a78
20	ba|baaax|xx|xaab||:||	19 62617c7c62616161787c7c78787c7c78616162
33	x:bbbb|abb::bbba:|a::||:	31 787c3a626262627c7c6162627c3a7c3a626262617c3a7c7c617c3a7c3a7c7c
24	|bbxa|x|x|xbb	17 7c7c626278617c7c787c7c787c7c786262
18	a||	5 617c7c7c7c
22	bxxxbxx	7 62787878627878
15	|b||:ab|aaxb	13 7c7c627c7c7c7c7c3a61627c7c
19	ax:aaabxab:xxbabx|aax	18 61787c3a616161627861627c3a7878626162
24	abbaxxa:xx|bx	15 616262617878617c3a78787c7c6278
19	ax|::b:x:ba:||baaa::aaxxa	18 61787c7c7c3a7c3a627c3a787c3a62617c3a
10	a:axbb|a||xb	9 617c3a617862627c7c
10	aax::||:xxb:baxxb:xxxaxa|xa:	9 6161787c3a7c3a7c7c
6	b	1 62
5	:ax:xb	4 7c3a6178
12	axaxxaxbb:x|x||a|:aaaa::|bab:	11 6178617878617862627c3a
3	|x	2 7c7c
32	xx||aaab|xx::|b|bbxx:|x	31 78787c7c7c7c616161627c7c78787c3a7c3a7c7c627c7c626278787c3a7c7c
7	:bbaxbxxab|bb	6 7c3a62626178
30	x:xa:|	9 787c3a78617c3a7c7c
21	:b|aaa:x	11 7c3a627c7c6161617c3a78
17		0 
8	|:a:b:bbb::|xabx|a|xaba:xxxbbx	7 7c7c7c3a617c3a
16	:b:|aax|	12 7c3a627c3a7c7c6161787c7c
21	xx::::|:aa|aa:|a|x||ab	20 78787c3a7c3a7c3a7c3a7c7c7c3a61617c7c6161
24	x|abx:b|aaxx:|	19 787c7c6162787c3a627c7c616178787c3a7c7c
35	xx||:xxx||x:|::aa:	28 78787c7c7c7c7c3a7878787c7c7c7c787c3a7c7c7c3a7c3a61617c3a
25	xx:bbx|	9 78787c3a6262787c7c
19	xx|:xaxxxbbxa|:b:xabb::a	17 78787c7c7c3a7861787878626278617c7c
25	a:|x::xa|a:|a:xxab|a	24 617c3a7c7c787c3a7c3a78617c7c617c3a7c7c617c3a7878
9	bbbaa|aa||	7 62626261617c7c
26	axx:bx::|:x|x::a:::a:xabxb::|	24 6178787c3a62787c3a7c3a7c7c7c3a787c7c787c3a7c3a61
5	aa:|axx	4 61617c3a
28	a|a:::|:|aaaa|xx|aa::bab|:x:x|	26 617c7c617c3a7c3a7c3a7c7c7c3a7c7c616161617c7c78787c7c
29	xx|:xb::xba|xax|xaaaxa|aba:|bb	28 78787c7c7c3a78627c3a7c3a7862617c7c7861787c7c786161617861
28	xba|:||:baa	16 7862617c7c7c3a7c7c7c7c7c3a626161
21	||:b|xa::x|ba	20 7c7c7c7c7c3a627c7c78617c3a7c3a787c7c6261
16	b::|||xa|b|ax|babax	15 627c3a7c3a7c7c7c7c7c7c78617c7c
35	x	1 78
37	xb:|xax:|xa::xxbx::	27 78627c3a7c7c7861787c3a7c7c78617c3a7c3a787862787c3a7c3a
26	:xx:x	7 7c3a78787c3a78
30	bx	2 6278
10	|:xx:xa::xabxxxxbbb|bb|:a|a::	8 7c7c7c3a78787c3a
32	a|x|b:b|:|::|xx:xbabaa	31 617c7c787c7c627c3a627c7c7c3a7c7c7c3a7c3a7c7c78787c3a7862616261
39	|a|||baaxb:	16 7c7c617c7c7c7c7c7c62616178627c3a
20	b	1 62
26	:b||b|b|:xab|ab:	24 7c3a627c7c7c7c627c7c627c7c7c3a7861627c7c61627c3a
18	::xab:xab|ax|bba||:b	16 7c3a7c3a7861627c3a7861627c7c6178
28	:x|a:xxbxb|xa:a	20 7c3a787c7c617c3a78786278627c7c78617c3a61
27	bxba|bx:bax|xb|	19 627862617c7c62787c3a6261787c7c78627c7c
30	x|x::bb||b	15 787c7c787c3a7c3a62627c7c7c7c62
39	|x:x:xbbx:|:|xxbbaa:xaxa	32 7c7c787c3a787c3a786262787c3a7c7c7c3a7c7c7878626261617c3a78617861
30	bbba|bbx:|ax|x|axbb|a:xx:bx:	29 626262617c7c6262787c3a7c7c61787c7c787c7c617862627c7c617c3a
31	bbxxx:|a|x::a|a:::||ax|||:|:	29 62627878787c3a7c7c617c7c787c3a7c3a617c7c617c3a7c3a7c3a7c7c
17	ba:xba:|||:b::|xxab::x	15 62617c3a7862617c3a7c7c7c7c7c7c
24	|aa|xx|ax::	16 7c7c61617c7c78787c7c61787c3a7c3a
7	aa:||bb:|:axa	6 61617c3a7c7c
18	b:x|a||	11 627c3a787c7c617c7c7c7c
25	b	1 62
8	|bxbabab||x|aba|:	7 7c7c6278626162
19	bxxaba|a|:b|x|axxx:aa	17 6278786162617c7c617c7c7c3a627c7c78
40	|b|bbab	9 7c7c627c7c62626162
4	xbxbxx|a:|bb::b||b|b|bxa	3 786278
13	a|xbab|::x:a:|xba|x|bx|x||b	11 617c7c786261627c7c7c3a
20	bbb::b	8 6262627c3a7c3a62
27	xab|bxa|baxxxxaax||ba:x:x	25 7861627c7c6278617c7c6261787878786161787c7c7c7c6261
27	|a:b:a|b|a	15 7c7c617c3a627c3a617c7c627c7c61
12	::xb||a:||ab|xba	10 7c3a7c3a78627c7c7c7c
21	ax|xb:aa:xaxb::aa:xbx:b|axxx	20 61787c7c78627c3a61617c3a786178627c3a7c3a
40	|aaa|a|xa	12 7c7c6161617c7c617c7c7861
23	:bababaaabaa:abax:|xbxxbx	21 7c3a62616261626161616261617c3a616261787c3a
12	|:x:||:x|xb|xa:::bbbxbx|a|b:	11 7c7c7c3a787c3a7c7c7c7c
32	:xx|b|:|x|a:axab|	25 7c3a78787c7c627c7c7c3a7c7c787c7c617c3a617861627c7c
15		0 
35	aab	3 616162
19	babxx:abx::|b:|	17 62616278787c3a6162787c3a7c3a7c7c62
28	:x	3 7c3a78
16	xxb:x:|aba:|:bb:xabaabb|aba:a	15 7878627c3a787c3a7c7c6162617c3a
16	ba|:bx	8 62617c7c7c3a6278
10	x|:	5 787c7c7c3a
33	:|axbbxxx|xbbxbxbxb|x:xx	29 7c3a7c7c617862627878787c7c7862627862786278627c7c787c3a7878
3	|||bbxb:xaa:a|:|x:|ab	2 7c7c
38	ax|	4 61787c7c
33	:|axabxx:x:bab:a:xb	25 7c3a7c7c6178616278787c3a787c3a6261627c3a617c3a7862
32	|x:bbaxx	10 7c7c787c3a6262617878
9	:b:axbbx:bxba|x:bxxx|aa	8 7c3a627c3a617862
31	:xa||bba:a|:||:xbb:b::aaxx:abx	29 7c3a78617c7c7c7c6262617c3a617c7c7c3a7c7c7c7c7c3a7862627c3a
28	|bx	4 7c7c6278
10	bxa|:|b|b:ax::|bb	9 6278617c7c7c3a7c7c
14	:axb:a:a|bxb:xb:a	13 7c3a6178627c3a617c3a617c7c
35	|	2 7c7c
9	xx|xxx||baxa|axxax|bx|:xx:	7 78787c7c787878
18	xxabbbbxxxxba:|aabaxx:b||bbbb:	17 787861626262627878787862617c3a7c7c
23		0 
24	xb|bxx|:|xxab:x:|b::a	22 78627c7c6278787c7c7c3a7c7c787861627c3a787c3a
13	||a:|aa||:x:|::|b	11 7c7c7c7c617c3a7c7c6161
33	||x|:a:	12 7c7c7c7c787c7c7c3a617c3a
13		0 
4	x|b	3 787c7c
18	axxa|	6 617878617c7c
20	abb||b:x|ba|b	18 6162627c7c7c7c627c3a787c7c62617c7c62
24	||aabb|x:|b||::xax|bx:bbx|:	22 7c7c7c7c616162627c7c787c3a7c7c627c7c7c7c7c3a
33	bx|:|b:	11 62787c7c7c3a7c7c627c3a
10	baa|a:xaxxabbaxxb::abx|:b	8 6261617c7c617c3a
11	|a:x|:axx:bxa:||ab	10 7c7c617c3a787c7c7c3a
31	xx:x::|b::::ax|axb:a||axaaabxa	29 78787c3a787c3a7c3a7c7c627c3a7c3a7c3a7c3a61787c7c6178627c3a
15	|:	4 7c7c7c3a
14	a:xx|x||:|:bb:|::xa	12 617c3a78787c7c787c7c7c7c
6	abb:b|:ab|:xxx||bxaaxab:bb	5 6162627c3a
17	aa|::||baxxbb	16 61617c7c7c3a7c3a7c7c7c7c62617878
20	xaxa|x::|b	14 786178617c7c787c3a7c3a7c7c62
15	x:xxbaa|xaaab:a::|a	14 787c3a78786261617c7c78616161
16	:b:aaxa	9 7c3a627c3a61617861
24	axxaxaxbbx	10 61787861786178626278
36	:abxxxx	8 7c3a616278787878
6	xbx|:xb:babaxa||::||axbabb	5 7862787c7c
7	a::|aa:aa:bxa|:bb:||	5 617c3a7c3a
31	|axaxb::||xxb:abxabx	26 7c7c61786178627c3a7c3a7c7c7c7c7878627c3a616278616278
38	ax|||x:|bb:b	18 61787c7c7c7c7c7c787c3a7c7c62627c3a62
19	axaba:b::bx::::b|:a:|:|bb	18 61786162617c3a627c3a7c3a62787c3a7c3a
26	:x:	5 7c3a787c3a
20		0 
8	|abb||x:|:|||:a|:	7 7c7c6162627c7c
11	a	1 61
10	xb:b|bba	9 78627c3a627c7c6262
6		0 
40	bxbx|:xxb:b:	16 627862787c7c7c3a7878627c3a627c3a
22	a:|a:bbba	12 617c3a7c7c617c3a62626261
36	b:ba	5 627c3a6261
32	b:ab:bab|x|a:babax|:b:a:b	30 627c3a61627c3a6261627c7c787c7c617c3a62616261787c7c7c3a627c3a
21	|x|axx	8 7c7c787c7c617878
16	xa:|xb|:|b	14 78617c3a7c7c78627c7c7c3a7c7c
25	|ab||bb:a	13 7c7c61627c7c7c7c62627c3a61
13	::abxx	8 7c3a7c3a61627878
21	x|bb	5 787c7c6262
12	x:x|:::b:baxa:|bax|ab:a:	10 787c3a787c7c7c3a7c3a
19	|axxb:||bx||x|:|:||:|x:xa:	18 7c7c617878627c3a7c7c7c7c62787c7c7c7c
13	aax:babab||aa:b:	12 6161787c3a62616261627c7c
5	x|::x|xxbb|:|:|	3 787c7c
39	xbxbbxa|b	10 786278626278617c7c62
24	b:ax|b|:aa|ax|:x:|	22 627c3a61787c7c627c7c7c3a61617c7c61787c7c7c3a
3	||xa|xba|b|bbb	2 7c7c
26	:xx:b	7 7c3a78787c3a62
13	ba:bb:|xx|::bb:b|bb	12 62617c3a62627c3a7c7c7878
7	a|||xba	5 617c7c7c7c
20	xaba	4 78616261
28	:axa:ba|:xxbax:b:xa	25 7c3a6178617c3a62617c7c7c3a78786261787c3a627c3a7861
17	aabx||a|bbx:a|ab	16 616162787c7c7c7c617c7c6262787c3a
9	aaba|a||aa|a|	7 616162617c7c61
22	b:bb:ba:||x:b:a|:b|||:a:xbaa:x	21 627c3a62627c3a62617c3a7c7c7c7c787c3a627c3a
34	ba:	4 62617c3a
32	:::|a|:x	14 7c3a7c3a7c3a7c7c617c7c7c3a78
28	:bb::a|bx::|xxx||:bax|a|	26 7c3a62627c3a7c3a617c7c62787c3a7c3a7c7c7878787c7c7c7c
7	a:ba::|ax||bbxx	5 617c3a6261
10		0 
6	ab||baxbaxx|abbba	4 61627c7c
36	|abx|b:abab:x|bb|a|b:|xxa:|b	34 7c7c6162787c7c627c3a616261627c3a787c7c62627c7c617c7c627c3a7c7c787861
27	a||a::||:|bxbbxba:x	25 617c7c7c7c617c3a7c3a7c7c7c7c7c3a7c7c62786262786261
22	b|xbbxbb:axabb|bx|axb:b:xx|:	20 627c7c7862627862627c3a61786162627c7c6278
27	|x:|bx:	11 7c7c787c3a7c7c62787c3a
19		0 
25	b|xab:b	9 627c7c7861627c3a62
21	:bbx	5 7c3a626278
21	aba	3 616261
5	:b::xaa:bab||axb:b|:bax|babb:|	3 7c3a62
18	xb	2 7862
7	xab||:xaaba	5 7861627c7c
8	a	1 61
14	b|a:baaaxx|xx	12 627c7c617c3a626161617878
14	:|::a:b|bax::bbb|xbbxa:|xb	12 7c3a7c7c7c3a7c3a617c3a62
24	b:b:xaxa::	14 627c3a627c3a786178617c3a7c3a
12	|x|::b||baa	10 7c7c787c7c7c3a7c3a62
4	x	1 78
36	|a	3 7c7c61
8	|a|xbaa:xa|aaa:|:xx|x:::||b	7 7c7c617c7c7862
31	:a:abx|	10 7c3a617c3a6162787c7c
36	axb:bxab||axbx:xb:ab:xa:ax|x:	35 6178627c3a627861627c7c7c7c617862787c3a78627c3a61627c3a78617c3a61787c7c
34	axabax:x:abx|a||a	22 6178616261787c3a787c3a6162787c7c617c7c7c7c61
40	b:::||bx|axxbba:xx	25 627c3a7c3a7c3a7c7c7c7c62787c7c6178786262617c3a7878
36	ax|x:xbaba|:::|b|:|:||a|x::a	35 61787c7c787c3a78626162617c7c7c3a7c3a7c3a7c7c627c7c7c3a7c7c7c3a7c7c7c7c
33	bbb	3 626262
14	bb|xax|b|bxa|xxa	12 62627c7c7861787c7c627c7c
13	xbxb|:|xba::bx:xa|:ax|:	12 786278627c7c7c3a7c7c7862
39	:aa:|:b:aa:a|x|ax|x:||:xa	38 7c3a61617c3a7c7c7c3a627c3a61617c3a617c7c787c7c61787c7c787c3a7c7c7c7c7c3a7861
10	ax|a|xaab:b:baaa|b:b:||:xa	9 61787c7c617c7c7861
6	xa:x:|:::axbxbb:xba:b:ab:	4 78617c3a
6	a:|:x:|:|bx::a|a||xbb|aabx	5 617c3a7c7c
20	axx:aa:b:axaa	16 6178787c3a61617c3a627c3a61786161
5	:bab:axbxxxxb	4 7c3a6261
37	|:b|:|xaa:	16 7c7c7c3a627c7c7c3a7c7c7861617c3a
33	axa	3 617861
14	:ax:a:::|:|::b:a	13 7c3a61787c3a617c3a7c3a7c3a
38	|	2 7c7c
24	babxxbaxxxaaxbx::|:b|:||:	23 6261627878626178787861617862787c3a7c3a7c7c7c3a
9	a::b:ba|bbba:b	8 617c3a7c3a627c3a
31	:ax::bx:::::ba	22 7c3a61787c3a7c3a62787c3a7c3a7c3a7c3a7c3a6261
20	::xx|xxb:::::::xx:x	19 7c3a7c3a78787c7c7878627c3a7c3a7c3a7c3a
9	a|	3 617c7c
13	xxb|axba:xaaxx:a	11 7878627c7c617862617c3a
17	:::ba|::aa::x|:|:baaaxbb|abx	16 7c3a7c3a7c3a62617c7c7c3a7c3a6161
26	:axab	6 7c3a61786162
16		0 
28	::xb|bb|:|x|:|bx|	27 7c3a7c3a78627c7c62627c7c7c3a7c7c787c7c7c3a7c7c62787c7c
28	xxabxb|:abxab:|aax	22 7878616278627c7c7c3a61627861627c3a7c7c616178
27	::b|bb:	11 7c3a7c3a627c7c62627c3a
40	b:xb::a|a|x|bbx:b:x	27 627c3a78627c3a7c3a617c7c617c7c787c7c6262787c3a627c3a78
24	|a|x|:x|	13 7c7c617c7c787c7c7c3a787c7c
18	aab|bb|ab:aa	15 6161627c7c62627c7c61627c3a6161
25	b	1 62
15	abx:	5 6162787c3a
29	x:xbax:x	10 787c3a786261787c3a78
33	a:b:bab:xaa	14 617c3a627c3a6261627c3a786161
3	axa|b:|	2 6178
14	:ax	4 7c3a6178
32	|aa:ab|:xaax::xa:x:bxx|:x:aa:|	30 7c7c61617c3a61627c7c7c3a786161787c3a7c3a78617c3a787c3a627878
10		0 
36	b:b:abx|:|b:b	19 627c3a627c3a6162787c7c7c3a7c7c627c3a62
16	:::|xb|:xb:aabxxa:abxx|bxxxba:	14 7c3a7c3a7c3a7c7c78627c7c7c3a
19	|a:	5 7c7c617c3a
30		0 
26	|:|:bbbxbaabx	17 7c7c7c3a7c7c7c3a626262786261616278
4	a|aax|a|bx:bba:aa:xxa|:xxab	3 617c7c
22	ba|b::b|xa:x:x:	20 62617c7c627c3a7c3a627c7c78617c3a787c3a78
9	xa:aab|:axxaxxa|xaa|x||:	7 78617c3a616162
15	aaab:|aa:x:a|bxbbb|:abb|a	13 616161627c3a7c7c61617c3a78
4	b:bxx|:aaxb:x:aaba:|a|a::	3 627c3a
24	||baaxb|bbx|:b|:|abab:xab|||	23 7c7c7c7c62616178627c7c6262787c7c7c3a627c7c7c3a
29	|aba:xbb|xx:a|||||:|a||a:xa:|b	27 7c7c6162617c3a7862627c7c78787c3a617c7c7c7c7c7c7c7c7c7c
19	||bxbax::|x|	18 7c7c7c7c62786261787c3a7c3a7c7c787c7c
4	|:::x	2 7c7c
23	a:bax:bb::a	15 617c3a6261787c3a62627c3a7c3a61
8	bba:xbxaabbx	7 6262617c3a7862
14	abxa|a:xa	11 616278617c7c617c3a7861
22	x:bx	5 787c3a6278
35	:xbxa|bxbbb|bx	17 7c3a786278617c7c62786262627c7c6278
38	a::bxbb:xab:xb|:b	23 617c3a7c3a627862627c3a7861627c3a78627c7c7c3a62
40	axx:ba|xa|bxxxb:::b	25 6178787c3a62617c7c78617c7c62787878627c3a7c3a7c3a62
6	xbb|x:xx	5 7862627c7c
20	:||:abb|bxabx	18 7c3a7c7c7c7c7c3a6162627c7c6278616278
21	b|aa|b:b|::a	18 627c7c61617c7c627c3a627c7c7c3a7c3a61
39	:bb:axaxbaa:|	17 7c3a62627c3a617861786261617c3a7c7c
37	::aab|xbax|abb:bb:a	25 7c3a7c3a6161627c7c786261787c7c6162627c3a62627c3a61
5	b:aab:ab:a:a|a|xbb:|:bxb	3 627c3a
39	xbb||xb:ax:xbbxa	20 7862627c7c7c7c78627c3a61787c3a7862627861
27	a:axa||||	14 617c3a6178617c7c7c7c7c7c7c7c
5	b	1 62
19	|:b	5 7c7c7c3a62
10	:	2 7c3a
23		0 
32	bxb::xbb	10 6278627c3a7c3a786262
13	:bbxxx	7 7c3a6262787878
39	:|bbbxaxba|x	15 7c3a7c7c62626278617862617c7c78
18	bb	2 6262
33	xaaxa:xbxxx::ab|a|ab|x|xxxa	32 78616178617c3a78627878787c3a7c3a61627c7c617c7c61627c7c787c7c7878
19	axb:x:	8 6178627c3a787c3a
24	|:bxbx:::|xx:x:xxb|xa:	23 7c7c7c3a627862787c3a7c3a7c3a7c7c78787c3a787c3a
37	::x:baaxx:xaa:x|b||	27 7c3a7c3a787c3a62616178787c3a7861617c3a787c7c627c7c7c7c
17	xxax|:	8 787861787c7c7c3a
11	aaxaaab|x::xx|a:::axx||:	9 616178616161627c7c
13	:b::||x|b:b:xax|xx	11 7c3a627c3a7c3a7c7c7c7c
29	b:|ax:aa|xaa:xx|	22 627c3a7c7c61787c3a61617c7c7861617c3a78787c7c
36	|||xx:|ax:xb||a|bba|bbxb	34 7c7c7c7c7c7c78787c3a7c7c61787c3a78627c7c7c7c617c7c6262617c7c62627862
38	a|b|:|::xxa|b|b	23 617c7c627c7c7c3a7c7c7c3a7c3a7878617c7c627c7c62
27	:|:x:x:x:ax|:	21 7c3a7c7c7c3a787c3a787c3a787c3a61787c7c7c3a
33	:xbab:bbxb:x:x	18 7c3a786261627c3a626278627c3a787c3a78
10	x||aab	8 787c7c7c7c616162
28	:|ba::aaa|:xab||xb:b:|:ba:b:x	26 7c3a7c7c62617c3a7c3a6161617c7c7c3a7861627c7c7c7c7862
29	xab:||xbxb:ab|:bba::xa	28 7861627c3a7c7c7c7c786278627c3a61627c7c7c3a6262617c3a7c3a
29	||::a:xba:||axaxb||x:::bba:a	27 7c7c7c7c7c3a7c3a617c3a7862617c3a7c7c7c7c61786178627c7c
24	||bxabxx||bx:	18 7c7c7c7c6278616278787c7c7c7c62787c3a
16	bba||b:ab::bbx::axxxbaaxa||aa	14 6262617c7c7c7c627c3a61627c3a
4	baxx|:ab:xaax|b|xbab::::b||:|:	3 626178
15	ab	2 6162
10	aa:|a::xxx|a||||x:bbb:xb:x	9 61617c3a7c7c617c3a
17	|bx:bxx|	11 7c7c62787c3a6278787c7c
17	||x:||a|:|b|aaa:|b:x|xx:	16 7c7c7c7c787c3a7c7c7c7c617c7c7c3a
32	x:xa|xa:a:b|:|xbb|::|x||x	30 787c3a78617c7c78617c3a617c3a627c7c7c3a7c7c7862627c7c7c3a7c3a
35	ba	2 6261
8	a|:xx|abx|:ba:bxabb||ab|bbxaxb	7 617c7c7c3a7878
18	|b|a|aaxx:x|:|	17 7c7c627c7c617c7c616178787c3a787c7c
19	:axx||:|aab|:bb:ab:xb:b	18 7c3a6178787c7c7c7c7c3a7c7c6161627c7c
25	a|xb:	7 617c7c78627c3a
19	ba:|xx	8 62617c3a7c7c7878
32	||	4 7c7c7c7c
36	bx|b	5 62787c7c62
26	aba|::|a:xb||xa|bb:xa|b:	24 6162617c7c7c3a7c3a7c7c617c3a78627c7c7c7c78617c7c
4	bb	2 6262
15	x|xbbaxb|bxb|:b|::|x|bx	14 787c7c7862626178627c7c627862
27	axbbb|x:baxaa|a|a:x|b|||aa|bab	26 61786262627c7c787c3a62617861617c7c617c7c617c3a787c7c
17	::|xb|:bxbxaabb	16 7c3a7c3a7c7c78627c7c7c3a62786278
3	:x||x|a:x|a:xbaxxx::babx	2 7c3a
15	|bxb	5 7c7c627862
36	|a|a|a	9 7c7c617c7c617c7c61
30	::a:b::axaax	17 7c3a7c3a617c3a627c3a7c3a6178616178
33	b|:|::bx:|xx|a:	24 627c7c7c3a7c7c7c3a7c3a62787c3a7c7c78787c7c617c3a
19	x:|x||x:b|x|xaaxxx	17 787c3a7c7c787c7c7c7c787c3a627c7c78
19	|:	4 7c7c7c3a
15	|bb:bax:|:a|bxb|:a||:b	13 7c7c62627c3a6261787c3a7c7c
31	ab|||bxxb||a:|:|x|bbba:::x:a|	30 61627c7c7c7c7c7c627878627c7c7c7c617c3a7c7c7c3a7c7c787c7c6262
33	bbax|b|:bb	13 626261787c7c627c7c7c3a6262
12	|:|a||:|a:	11 7c7c7c3a7c7c617c7c7c7c
27	a|	3 617c7c
31	aa|xbxa	8 61617c7c78627861
12	:xbaab:||bbb|::b:bxxb::	11 7c3a78626161627c3a7c7c
25	xxxb|::|a|x	16 787878627c7c7c3a7c3a7c7c617c7c78
12	:bxxa|axx:|bbxx:bxx|x	11 7c3a627878617c7c617878
39		0 
32	xb|x||aa|ab|axbabb|a	26 78627c7c787c7c7c7c61617c7c61627c7c6178626162627c7c61
34	b:|xa|babaax|:b|:xbxx:|:xbabx	32 627c3a7c7c78617c7c6261626161787c7c7c3a627c7c7c3a786278787c3a7c7c
29	ba|ababb	9 62617c7c6162616262
25	x|bxb|xxab|bba|b|a:|x|x	23 787c7c6278627c7c787861627c7c6262617c7c627c7c61
22	x:b:bb:	10 787c3a627c3a62627c3a
10	|||b:aa:a||::	9 7c7c7c7c7c7c627c3a
18	a:bb|aaxb:a|xa||b|aabax:|x	16 617c3a62627c7c616178627c3a617c7c
31	b|xaaaabb::xa|b|b	22 627c7c786161616162627c3a7c3a78617c7c627c7c62
10	x|a:bx:	8 787c7c617c3a6278
24	:xbbx|xa::b:|::abb:	23 7c3a786262787c7c78617c3a7c3a627c3a7c7c7c3a7c3a
38	ba	2 6261
13	:aa|xa	8 7c3a61617c7c7861
21	xa|x||ax||:xa|b:b	19 78617c7c787c7c7c7c61787c7c7c7c7c3a7861
29	x|:|:||bba	16 787c7c7c3a7c7c7c3a7c7c7c7c626261
7	b:abbx	6 627c3a616262
15	b:||b|xxa|:bxxa:xx|::xbaa:|xxa	13 627c3a7c7c7c7c627c7c787861
40	a|||b||xx:	16 617c7c7c7c7c7c627c7c7c7c78787c3a
17	|b|a:|||a:ax	15 7c7c627c7c617c3a7c7c7c7c7c7c61
25	bab::aab	10 6261627c3a7c3a616162
26	|b|||	9 7c7c627c7c7c7c7c7c
25		0 
37	ax:|bba|bb:::aa|x	24 61787c3a7c7c6262617c7c62627c3a7c3a7c3a61617c7c78
15	xabx:b:a:a:|x:a	13 786162787c3a627c3a617c3a61
9	bx|xbxbxx:|:x	8 62787c7c78627862
30	xbx|a||b:aa:xx	19 7862787c7c617c7c7c7c627c3a61617c3a7878
17	x:|:|x::|x:bxxaxa|:aaa|bxx|	16 787c3a7c7c7c3a7c7c787c3a7c3a7c7c
35	aaxxx|a|||:|xbaa|x|a|abab|:|	34 61617878787c7c617c7c7c7c7c7c7c3a7c7c786261617c7c787c7c617c7c61626162
20	ax:baxaa|ax:x:|:a||aab	18 61787c3a62617861617c7c61787c3a787c3a
21	|:a|axab	11 7c7c7c3a617c7c61786162
39	xaxbba:aba|a|	16 7861786262617c3a6162617c7c617c7c
25	bx:::x|aaxx	15 62787c3a7c3a7c3a787c7c61617878
6	a|b:x|:xa|b|:bb||xxxb|baa|	4 617c7c62
20	baab||	8 626161627c7c7c7c
31	|bbbabaa:baxa:bbxx:b:x||:	29 7c7c626262616261617c3a626178617c3a626278787c3a627c3a787c7c
27	xx:bbax:xaab::|xxxbxxx:xx:xb	26 78787c3a626261787c3a786161627c3a7c3a7c7c787878627878
24	:b||b|a::xbbx:	21 7c3a627c7c7c7c627c7c617c3a7c3a786262787c3a
25	|ba:|::|xax:axxax|aaaxb:aabax	24 7c7c62617c3a7c7c7c3a7c3a7c7c7861787c3a6178786178
34	::a|x:aa:::a:|xabx|::b:xxxb	33 7c3a7c3a617c7c787c3a61617c3a7c3a7c3a617c3a7c7c786162787c7c7c3a7c3a
37	x:bb:|b	10 787c3a62627c3a7c7c62
26	:b|:|a|:|:::a|axaabx||:	25 7c3a627c7c7c3a7c7c617c7c7c3a7c7c7c3a7c3a7c3a617c7c
36	||xa|:|:b|:xxax|:xxa::baaa|||	34 7c7c7c7c78617c7c7c3a7c7c7c3a627c7c7c3a787861787c7c7c3a7878617c3a7c3a
13	aa|a	5 61617c7c61
39	::xa|:x	11 7c3a7c3a78617c7c7c3a78
38	|b|	5 7c7c627c7c
14	x:xb|||aba:bx|a:bx:x|aax	13 787c3a78627c7c7c7c7c7c6162
5	x|xbx	3 787c7c
34		0 
25	:	2 7c3a
32	aaaa|b|xb||a|x	19 616161617c7c627c7c78627c7c7c7c617c7c78
32	a|bba|a|xb:bxb:b|baa||	30 617c7c6262617c7c617c7c78627c3a6278627c3a627c7c6261617c7c7c7c
38	:|a||a:b:a|b|bxb||b	29 7c3a7c7c617c7c7c7c617c3a627c3a617c7c627c7c6278627c7c7c7c62
11	xa::	6 78617c3a7c3a
6	axb::x|::bax|||	5 6178627c3a
31	b:::	7 627c3a7c3a7c3a
11	:xa|axba:b|bbax:bb|||axbxx:	10 7c3a78617c7c61786261
21	|bbxb|b:b|b:|:b	19 7c7c626278627c7c627c3a627c7c627c3a7c7c
32	:|b|xx|xxa:b|b:a:|	27 7c3a7c7c627c7c78787c7c7878617c3a627c7c627c3a617c3a7c7c
15	|x::	7 7c7c787c3a7c3a
28	bx|b|a||ab::ab||x:ab:aaax	27 62787c7c627c7c617c7c7c7c61627c3a7c3a61627c7c7c7c787c3a
15	xbbbaxxxbxbxax:a	14 7862626261787878627862786178
10	a	1 61
26	bxax:|xxax|b:|a:baxba	25 627861787c3a7c7c787861787c7c627c3a7c7c617c3a626178
10	aaa:xb|:bxxbx:xbb::	9 6161617c3a78627c7c
8	b::xb::xab:bbabbb|:	7 627c3a7c3a7862
33	xbbba:xa:b:||axa:	23 78626262617c3a78617c3a627c3a7c7c7c7c6178617c3a
7	baxx|ab|x||	6 626178787c7c
36	:|a:xbb:a:xx	17 7c3a7c7c617c3a7862627c3a617c3a7878
22	|:|	6 7c7c7c3a7c7c
31		0 
3	::ba|x:baa|xbabb	2 7c3a
12	b|b|ax::	10 627c7c627c7c61787c3a
16	a|baa|bxbx|abxax:b|:	14 617c7c6261617c7c627862787c7c
34	bx	2 6278
7	xbbab|a|::|b|:a::|||::|xaa|b|a	5 7862626162
20	|xxb|xabbb:||xxaa|||a|baaa:	18 7c7c7878627c7c78616262627c3a7c7c7c7c
38	bbxaxbb|bba|::x||:b	26 626278617862627c7c6262617c7c7c3a7c3a787c7c7c7c7c3a62
20	xa::b||xb|xxb:b::x:::x::a|axb	18 78617c3a7c3a627c7c7c7c78627c7c787862
23	|b::|aaxbb::|a:xx:|	21 7c7c627c3a7c3a7c7c61617862627c3a7c3a7c7c61
8		0 
27	|baa:|:x|x:|ax	21 7c7c6261617c3a7c7c7c3a787c7c787c3a7c7c6178
27	bx	2 6278
29	:abb:bba:|axx|aaabb:|:a|b	28 7c3a6162627c3a6262617c3a7c7c6178787c7c61616162627c3a7c7c
7	bax:xbb::a:abxax|a|:::	5 6261787c3a
25	xxba|b:|xabx:|x:abaxx|b:x	24 787862617c7c627c3a7c7c786162787c3a7c7c787c3a6162
8	xxaxxabb|a:a||::|xbb:b	7 78786178786162
16	xa:a||bax|a|bxbax|:b|x:xb|b	14 78617c3a617c7c7c7c6261787c7c
26	b:|:bax||abx|bb:b|bbab:a:a	24 627c3a7c7c7c3a6261787c7c7c7c6162787c7c62627c3a62
19	aaxx||	8 616178787c7c7c7c
26	:a:xx|:xb|||:abbax|a:	25 7c3a617c3a78787c7c7c3a78627c7c7c7c7c7c7c3a61626261
27	|b||:|xx|xxaxbxxaa|x::|b|bb:xb	26 7c7c627c7c7c7c7c3a7c7c78787c7c7878617862787861617c7c
15	bb|xaaxb:baax|b:	14 62627c7c78616178627c3a626161
9		0 
11	|xx:ax:xba:|	10 7c7c78787c3a61787c3a
16	|xb|baaa	10 7c7c78627c7c62616161
12	a|b|baxax|::x|xx|a|:|	11 617c7c627c7c6261786178
4	x|bb|xx|:bb:bbabx|:xba:a|	3 787c7c
29	b:xb:bb|b|:ba::|a	25 627c3a78627c3a62627c7c627c7c7c3a62617c3a7c3a7c7c61
17	:|bb:a	9 7c3a7c7c62627c3a61
31	a:::b|:b:xxaxx|bbxaa:||b|	29 617c3a7c3a7c3a627c7c7c3a627c3a78786178787c7c62627861617c3a
12	axb:bbbab:b|ba	10 6178627c3a6262626162
16	::x|:	9 7c3a7c3a787c7c7c3a
5	:x||bab||xaa:	3 7c3a78
27	ax|:|a:aaa::xa|xbxbab||b	26 61787c7c7c3a7c7c617c3a6161617c3a7c3a78617c7c78627862
29	xabxbba:x:bxbaa:x|a	23 786162786262617c3a787c3a62786261617c3a787c7c61
22	::bbbx::b:a||:|bx|:x|bx|baxa	20 7c3a7c3a626262787c3a7c3a627c3a617c7c7c7c
13	bbbba:x|b	11 62626262617c3a787c7c62
9	|x:xa|a|a||ba|x|b|||aaaa	7 7c7c787c3a7861
7	b:::bbxbaab||:|xx|axa:x|a:	5 627c3a7c3a
13	xab|a	6 7861627c7c61
37	ab|axabx:::a:a|bxb	24 61627c7c61786162787c3a7c3a7c3a617c3a617c7c627862
20	xx|a:	7 78787c7c617c3a
32	|b|:x	8 7c7c627c7c7c3a78
16	b|axbbxbb|	12 627c7c617862627862627c7c
6	:|abx::xbab:ax:aba:xx:|b:bxx	4 7c3a7c7c
30	|b|:bxbb:||	17 7c7c627c7c7c3a627862627c3a7c7c7c7c
21	:|xb:x|:ba|b|babba	20 7c3a7c7c78627c3a787c7c7c3a62617c7c627c7c
15	bb:ax|:	10 62627c3a61787c7c7c3a
22	bxa:x|	8 6278617c3a787c7c
4	bx:x:baba|ba|a:|	2 6278
24	|baxa|b|:bxa||bax||ax:	23 7c7c626178617c7c627c7c7c3a6278617c7c7c7c626178
18	||bxab:b||bx|:||x|	17 7c7c7c7c627861627c3a627c7c7c7c6278
7	a|||x|baxa|	5 617c7c7c7c
34	xxb|bxbxa|||b:||x:|	28 7878627c7c62786278617c7c7c7c7c7c627c3a7c7c7c7c787c3a7c7c
24	a|:baab||:|:|xabxab:bxxxa	23 617c7c7c3a626161627c7c7c7c7c3a7c7c7c3a7c7c7861
36	||bb|aaxa::|x|:::xx|a:ab	34 7c7c7c7c62627c7c616178617c3a7c3a7c7c787c7c7c3a7c3a7c3a78787c7c617c3a
39	a:|||b|:aaaxxxa:::b|x|xxbb|:	37 617c3a7c7c7c7c7c7c627c7c7c3a616161787878617c3a7c3a7c3a627c7c787c7c78786262
11	bxa|a|:x	10 6278617c7c617c7c7c3a
22	a:axaaxxxb	11 617c3a6178616178787862
21	bxa|:xaabb||xaabb::ax|a|xx:b	20 6278617c7c7c3a78616162627c7c7c7c78616162
17	aa:a|:ba	11 61617c3a617c7c7c3a6261
13	|||x|xa:b|x|bb||ax|ax|xx|:	11 7c7c7c7c7c7c787c7c7861
21	x::a:|:ab|x:||ab:x:b|bbb|x|a	19 787c3a7c3a617c3a7c7c7c3a61627c7c787c3a
24	a	1 61
31		0 
13	|axabxaaxa|x::a|:::a	11 7c7c617861627861617861
7	b::abx||	5 627c3a7c3a
3	xbb|x|xb	2 7862
33	bxb|x:	8 6278627c7c787c3a
5	:aa|a:::b:::b||xx:xb:|babaxb	4 7c3a6161
32	||ba:ax:aa||::|	24 7c7c7c7c62617c3a61787c3a61617c7c7c7c7c3a7c3a7c7c
20	|xa:axbb:ab|bxxb:|::a:	19 7c7c78617c3a617862627c3a61627c7c627878
39	:a:x||xbxb|a:b:x:babbxx:b|b:ax	37 7c3a617c3a787c7c7c7c786278627c7c617c3a627c3a787c3a6261626278787c3a627c7c62
35	|xa:|xb|ax|:	18 7c7c78617c3a7c7c78627c7c61787c7c7c3a
9	x|xx|::	7 787c7c78787c7c
24	:a::xxb:xb	14 7c3a617c3a7c3a7878627c3a7862
18	a||xabbxbax	13 617c7c7c7c7861626278626178
12	xba	3 786261
4	b	1 62
8	bx|a:|aabb	7 62787c7c617c3a
26	:|b:bba|a:axa|bxaabaaxbb||	25 7c3a7c7c627c3a6262617c7c617c3a6178617c7c6278616162
20	aax|ba:xxaxxaa|x|x:x|a|xx|ax|x	18 6161787c7c62617c3a787861787861617c7c
23	xaabx:|bbaba	14 78616162787c3a7c7c6262616261
20	x:x|	6 787c3a787c7c
15	:|||ab:baa|xb:bx:	14 7c3a7c7c7c7c7c7c61627c3a6261
3	ba|a::x	2 6261
19	a:aaxx:|:|:||bx|	17 617c3a616178787c3a7c7c7c3a7c7c7c3a
14	a:ax:x	8 617c3a61787c3a78
18	:a:xb:x|	12 7c3a617c3a78627c3a787c7c
15	bbax|a::::ba||xb|bxaxx:x|x	13 626261787c7c617c3a7c3a7c3a
6	bxaabbxa:|	5 6278616162
16	ax:xxxaxx	10 61787c3a787878617878
32	|:a:x|ab:a|axa:b|a	26 7c7c7c3a617c3a787c7c61627c3a617c7c6178617c3a627c7c61
8	ax:||a|||a::a::|x	6 61787c3a7c7c
26	bbab|a:	9 626261627c7c617c3a
35	||bxa|baabba:a:x:|xaa	28 7c7c7c7c6278617c7c6261616262617c3a617c3a787c3a7c7c786161
12	:aa:x:bbx|baa|x|axa	11 7c3a61617c3a787c3a6262
26	babbx:aabxxb|x||ab:b	24 62616262787c3a6161627878627c7c787c7c7c7c61627c3a
4		0 
17	|ab	4 7c7c6162
5	a:|:bba::x	3 617c3a
7	xb::bba:axbbxbbb	6 78627c3a7c3a
21	x:xxaa|x|ba|bb:aaa|:bb:|:|:xx	20 787c3a787861617c7c787c7c62617c7c62627c3a
17	xbb|bba||::	16 7862627c7c6262617c7c7c7c7c3a7c3a
15	xx:|aaaa|b||axaxxxx:aaaab|:	13 78787c3a7c7c616161617c7c62
4	b||bax:||::a:a::baba:|x	3 627c7c
39	aaxxx:a:|x:	15 61617878787c3a617c3a7c7c787c3a
11	aabx:|xxx|aabab|abax	10 616162787c3a7c7c7878
37	a:||xa:aba::a:abax|:|::	35 617c3a7c7c7c7c78617c3a6162617c3a7c3a617c3a616261787c7c7c3a7c7c7c3a7c3a
24	abxxxaa|:xbbx|a|xaa|:b|axb:|::	23 616278787861617c7c7c3a786262787c7c617c7c786161
13	ba:bb||a|:|x|abbbxbxab|xa	11 62617c3a62627c7c7c7c61
5	x|a|aaabb	3 787c7c
8	bbb|	5 6262627c7c
6		0 
29	|a|a:ba|:x:|aab|b:x::	27 7c7c617c7c617c3a62617c7c7c3a787c3a7c7c6161627c7c627c3a
16	b:axxb:a|	12 627c3a617878627c3a617c7c
18	|||x|bb||:a||	17 7c7c7c7c7c7c787c7c62627c7c7c7c7c3a
32	x|||ab|b:||aa::axa|:bx:b|::x:	31 787c7c7c7c7c7c61627c7c627c3a7c7c7c7c61617c3a7c3a6178617c7c7c3a
16	x|b|aabx::bxa	14 787c7c627c7c616162787c3a7c3a
27	b|xxx|:xbbaabb||:	23 627c7c7878787c7c7c3a786262616162627c7c7c7c7c3a
12	bab	3 626162
8	bbx	3 626278
31	bbaba	5 6262616261
20	xba|a:ab|xaa:baxax:b|x|::	19 7862617c7c617c3a61627c7c7861617c3a6261
27	x::||	9 787c3a7c3a7c7c7c7c
16	a	1 61
23	b:ba|bxa|xaxbbb::::a	22 627c3a62617c7c6278617c7c7861786262627c3a7c3a
7	:xxa||	5 7c3a787861
31	|xb:bxa:bba|x|b	20 7c7c78627c3a6278617c3a6262617c7c787c7c62
28	x|b|aaxa||a:xaxa|bxbxb|x|ba:bb	27 787c7c627c7c616178617c7c7c7c617c3a786178617c7c62786278
38	|b|:b:x|b	14 7c7c627c7c7c3a627c3a787c7c62
34	bxabxabbb|a:xx:|b:b::x|	31 6278616278616262627c7c617c3a78787c3a7c7c627c3a627c3a7c3a787c7c
3	|xabxxbxxb:bbbxb|xxx:b:xxxbbx	2 7c7c
7	|baabxb:	6 7c7c62616162
14	abxxaax|ab|bba::ba	13 616278786161787c7c61627c7c
8	|ab|::b	6 7c7c61627c7c
36	a:|a:::xxaxxaa|b|:a	27 617c3a7c7c617c3a7c3a7c3a787861787861617c7c627c7c7c3a61
31	|xxax:b|xbab	15 7c7c787861787c3a627c7c78626162
38	b:bbaa::babx||axaxb|:bxbabaxaa	37 627c3a626261617c3a7c3a626162787c7c7c7c61786178627c7c7c3a627862616261786161
32	b||aaxxxxb|||bx::a||b:x	30 627c7c7c7c616178787878627c7c7c7c7c7c62787c3a7c3a617c7c7c7c62
3	x|xax:b::a|:x|	1 78
34	aa|baab:x:bxba|	19 61617c7c626161627c3a787c3a627862617c7c
14	ba|bx|x::aa|b|a:::ba|b::b||:	13 62617c7c62787c7c787c3a7c3a
8	:b||xbb||b|abbaa:a|x|b:|::b|:b	7 7c3a627c7c7c7c
26	ax:::xbbaxxa|:x|b||a||	25 61787c3a7c3a7c3a786262617878617c7c7c3a787c7c627c7c
13	abbb|bb:bxx|:bbaaa	12 616262627c7c62627c3a6278
14	||bx|x|bbab:xx:axx	13 7c7c7c7c62787c7c787c7c6262
40	bbxx|a|:x|bxbbx:||ax:|xaxaa	36 626278787c7c617c7c7c3a787c7c62786262787c3a7c7c7c7c61787c3a7c7c7861786161
6	bxbx|	4 62786278
14	ba:a|a|baxx||x	13 62617c3a617c7c617c7c626178
27	x|xa||x|bbx|aa:::bx|ba|aaabb	25 787c7c78617c7c7c7c787c7c6262787c7c61617c3a7c3a7c3a
25	x|baax|b|b:b|:xbb::b:|a:x|xa	23 787c7c626161787c7c627c7c627c3a627c7c7c3a786262
15	|:::x:|:b	13 7c7c7c3a7c3a7c3a787c3a7c7c
33	|aa|a:aaxbxbxxab|aabb|axbx:|x	31 7c7c61617c7c617c3a616178627862787861627c7c616162627c7c61786278
22	b||x|||	12 627c7c7c7c787c7c7c7c7c7c
29	xxbxxa|||bax:aa|:aax:xb:xb:a|	28 7878627878617c7c7c7c7c7c6261787c3a61617c7c7c3a6161787c3a
17	xx:||:abx|	15 78787c3a7c7c7c7c7c3a6162787c7c
9	x::xa|x|	7 787c3a7c3a7861
35	ab:|a||xbbb:baax:xxb:	28 61627c3a7c7c617c7c7c7c786262627c3a626161787c3a7878627c3a
26	:||xbx|bb	13 7c3a7c7c7c7c7862787c7c6262
10	xxb||::xbxx	9 7878627c7c7c7c7c3a
32	|:|xa||xa|b|aabax::|a	30 7c7c7c3a7c7c78617c7c7c7c78617c7c627c7c61616261787c3a7c3a7c7c
17	xbaa:xba:ab|b||x:x:aa	15 786261617c3a7862617c3a61627c7c
22	|:baab|x||:|abx|aax	21 7c7c7c3a626161627c7c787c7c7c7c7c3a7c7c6162
26	bxx|x	6 6278787c7c78
36	a:x|x|x|a||:x	20 617c3a787c7c787c7c787c7c617c7c7c7c7c3a78
15	ba||:a	9 62617c7c7c7c7c3a61
34	||x|x|a:|:ax:||:xx|b	32 7c7c7c7c787c7c787c7c617c3a7c7c7c3a61787c3a7c7c7c7c7c3a78787c7c62
29	xbbb:	6 786262627c3a
20	|a:bx	7 7c7c617c3a6278
7	aax:|xabxb|xbaabbxx::ba:	5 6161787c3a
27	|xaaxx::xa:xb|:x|xbxaax:b|a:|	26 7c7c78616178787c3a7c3a78617c3a78627c7c7c3a787c7c7862
18	xbaaaaaa:a:|:bb:axabb:b|:xbb	17 78626161616161617c3a617c3a7c7c7c3a
24	:|ab|:x:|abbbb:x|b:a	22 7c3a7c7c61627c7c7c3a787c3a7c7c61626262627c3a
3	:babb	2 7c3a
40	|abaa:aaax|:x|::x|:|	30 7c7c616261617c3a616161787c7c7c3a787c7c7c3a7c3a787c7c7c3a7c7c
5	||bbx:a|bxxxb|:|:|:|x|b|:|	4 7c7c7c7c
39	x|::ax	9 787c7c7c3a7c3a6178
34	axxbabxa:a:a:abax::bbxa|a|b	33 61787862616278617c3a617c3a617c3a616261787c3a7c3a626278617c7c617c7c
18	|	2 7c7c
27	::a	5 7c3a7c3a61
26	|b:|aa	9 7c7c627c3a7c7c6161
31	:bb||bbabb:baa|::xa|xbb:xaa|a	30 7c3a62627c7c7c7c62626162627c3a6261617c7c7c3a7c3a78617c7c7862
36	xxx:aba::|:::|a	23 7878787c3a6162617c3a7c3a7c7c7c3a7c3a7c3a7c7c61
20	aaxbxaa	7 61617862786161
8	:a:xaba:	7 7c3a617c3a7861
35		0 
13	::xb|ab|xxbxxab||b|:a|:babx:	12 7c3a7c3a78627c7c61627c7c
6	x|:bbabxbxab:baabax	5 787c7c7c3a
33	|:|aba:x:a	15 7c7c7c3a7c7c6162617c3a787c3a61
12	b::|:|||x:	11 627c3a7c3a7c7c7c3a7c7c
29	aa|a|ba:|xxxbx:abxax|a|ax	27 61617c7c617c7c62617c3a7c7c78787862787c3a61627861787c7c
29	xbx|b:bx|a||:|xxaax	26 7862787c7c627c3a62787c7c617c7c7c7c7c3a7c7c7878616178
27		0 
27	|::::abb||xb	19 7c7c7c3a7c3a7c3a7c3a6162627c7c7c7c7862
17	xaaa|:aabxbx|:|b:xbxbaa|::b:	16 786161617c7c7c3a6161627862787c7c
22	|ba:xbbbx:a|xa:|ab|:|	20 7c7c62617c3a78626262787c3a617c7c78617c3a
16	:|x::a|b	13 7c3a7c7c787c3a7c3a617c7c62
14	|xxabaxaaa|	13 7c7c7878616261786161617c7c
18		0 
5	:|aaa	4 7c3a7c7c
24	bx||||ab|b|:|a|a:axa::|xax:ax	22 62787c7c7c7c7c7c7c7c61627c7c627c7c7c3a7c7c61
31	aax|xbb|:b	13 6161787c7c7862627c7c7c3a62
9	ax|ababxbb|xbbxxxaax::	8 61787c7c61626162
5	abbxxx:|bx|:bxx|	4 61626278
15	x:aab:bb|abxax|x|||a:aa	14 787c3a6161627c3a62627c7c6162
14	a|ba|axb::bb|x:|babaxxa|xxab	12 617c7c62617c7c6178627c3a
18	bxbabb|:ax:ax:bb|b:|||x:|	16 6278626162627c7c7c3a61787c3a6178
16	bbxx|xxbxa:a:ax	14 626278787c7c78786278617c3a61
17	xbx	3 786278
18	|||x|a|	12 7c7c7c7c7c7c787c7c617c7c
23	xx:bxbaa||	13 78787c3a62786261617c7c7c7c
33	x|a|xab|b:|b|x|	22 787c7c617c7c7861627c7c627c3a7c7c627c7c787c7c
34	:x:	5 7c3a787c3a
28	aa|||aaab|bxa::::a:xxb	26 61617c7c7c7c7c7c616161627c7c6278617c3a7c3a7c3a7c3a61
30	axa|xab:xax|b:|a:aax:bbxa:b|x	28 6178617c7c7861627c3a7861787c7c627c3a7c7c617c3a6161787c3a
13	::bxa:bxa	12 7c3a7c3a6278617c3a627861
36	a|x::bbbxb	13 617c7c787c3a7c3a6262627862
4	xx|::b:xxbx:abaaaxax	2 7878
12	:x|bbaa:|aaxb:x::|	11 7c3a787c7c626261617c3a
7	bbx:aax	5 6262787c3a
20	|:|x|x|b:b:xx||:aa	18 7c7c7c3a7c7c787c7c787c7c627c3a627c3a
21	a|	3 617c7c
33		0 
32	:aa|aabaaxbb:a|abaaaxb	26 7c3a61617c7c61616261617862627c3a617c7c61626161617862
26	:::ababaa:a|:ba	21 7c3a7c3a7c3a6162616261617c3a617c7c7c3a6261
29	axxxa:a:a|ba||xbxbx||:|aab	28 61787878617c3a617c3a617c7c62617c7c7c7c78627862787c7c7c7c
24	a||:a:x::b:aba|:bxxb	23 617c7c7c7c7c3a617c3a787c3a7c3a627c3a6162617c7c
32		0 
5	:|:xa|aaxaxx	4 7c3a7c7c
36	axxaxx|xx::	14 6178786178787c7c78787c3a7c3a
8	|x:a:::b	6 7c7c787c3a61
9	:	2 7c3a
13	a|bb|xbb|bab:bxb|ax	12 617c7c62627c7c7862627c7c
31	ab:x|	7 61627c3a787c7c
10	||||b|a::||x:::::axb	8 7c7c7c7c7c7c7c7c
11	xb:bba	7 78627c3a626261
13	||bxxax||:|bbbax|bb	11 7c7c7c7c62787861787c7c
26	::|:xa:b:|b|bbx	23 7c3a7c3a7c7c7c3a78617c3a627c3a7c7c627c7c626278
11	|bb|bxbxb|a:|	10 7c7c62627c7c62786278
11	ab|::|b::xab|b|	10 61627c7c7c3a7c3a7c7c
6	ba::|:ba||a|:ba:b|:b	4 62617c3a
6	xaxb:a	4 78617862
33	b|:abx|	10 627c7c7c3a6162787c7c
12	a:xa:|b:x	10 617c3a78617c3a7c7c62
38	a::bxa:|aabbb|x	20 617c3a7c3a6278617c3a7c7c61616262627c7c78
34	bbxbxxb	7 62627862787862
3	x	1 78
13	xba|a:::xaabba|:xxb||a|	12 7862617c7c617c3a7c3a7c3a
31	xaa|bbaxxxa|bxx:aa	21 7861617c7c626261787878617c7c6278787c3a6161
7	xx|	4 78787c7c
27	|xaba:xax|xxx	16 7c7c786162617c3a7861787c7c787878
25	|:b:x	8 7c7c7c3a627c3a78
33	xb:ax||bxbxa	15 78627c3a61787c7c7c7c6278627861
12	ab|:bba|bbax|x:baa||xa	11 61627c7c7c3a6262617c7c
26	|:|bxb	9 7c7c7c3a7c7c627862
4	bax|::a:x||ax|ba|xax	3 626178
34	b||:||	11 627c7c7c7c7c3a7c7c7c7c
27	x:ba|	7 787c3a62617c7c
5	aabaaabb:abx||:xb	4 61616261
12	::a||b|x:xxbababba||ba	10 7c3a7c3a617c7c7c7c62
26	bb|bbbxbx:b:|:b::bb::|x|baaa	24 62627c7c6262627862787c3a627c3a7c7c7c3a627c3a7c3a
38	a::|bab||:b|:x:|:x|:	33 617c3a7c3a7c7c6261627c7c7c7c7c3a627c7c7c3a787c3a7c7c7c3a787c7c7c3a
5	||x||a::bab|x::|xxax:x	4 7c7c7c7c
16	|bxx:|||	13 7c7c6278787c3a7c7c7c7c7c7c
35	xba:|:|:|aaa:bxxxx|x:x:|	33 7862617c3a7c7c7c3a7c7c7c3a7c7c6161617c3a62787878787c7c787c3a787c3a
7	|a|||ab:xx|a|b:b|b::x:b|xx:|a	5 7c7c617c7c
11	bxba||xx|aa::::ba	10 627862617c7c7c7c7878
21	baab:xb:|ab|bxxxx||:x|abx|bxb:	20 626161627c3a78627c3a7c7c61627c7c62787878
29	aa|xb:b	9 61617c7c78627c3a62
37	bx|x:|x:x|:b:xx|b|a::b::b:::x:	35 62787c7c787c3a7c7c787c3a787c7c7c3a627c3a78787c7c627c7c617c3a7c3a627c3a
34	bxx:baaa|a|xx|b:xa:|xbbxx	32 6278787c3a626161617c7c617c7c78787c7c627c3a78617c3a7c7c7862627878
6	x|axaaxx|a:|	5 787c7c6178
36	:xa||x::|:::|aa::	29 7c3a78617c7c7c7c787c3a7c3a7c7c7c3a7c3a7c3a7c7c61617c3a7c3a
4	|::||a	2 7c7c
15	||bxbb:xx|xb	14 7c7c7c7c627862627c3a78787c7c
3	bxx	2 6278
26	x|b:b::b:bxxxbaa:a|bbb	24 787c7c627c3a627c3a7c3a627c3a627878786261617c3a61
13	x:xa:ba:	11 787c3a78617c3a62617c3a
32	aabxb|:ax||b::x|bax||xbb:|b	30 61616278627c7c7c3a61787c7c7c7c627c3a7c3a787c7c6261787c7c7c7c
17	b|babxbxb||a||xb	15 627c7c626162786278627c7c7c7c61
15	a:a|ba|aaa	13 617c3a617c7c62617c7c616161
35	x|x|bb:b|bbax::a:xb:ax	30 787c7c787c7c62627c3a627c7c626261787c3a7c3a617c3a78627c3a6178
28	:||xxxax::||b:|:aaa|xx|:a|:aaa	26 7c3a7c7c7c7c78787861787c3a7c3a7c7c7c7c627c3a7c7c7c3a
3	xba|xxx:ba:|||axxxa|:bb::xbx|x	2 7862
36	axbxb::bxxa:bbb:	20 61786278627c3a7c3a627878617c3a6262627c3a
11	xaxxxa|aba::aaba::bx:a:|aa:	10 7861787878617c7c6162
20	xxxa|bb::x|a	16 787878617c7c62627c3a7c3a787c7c61
28	x:::xx:aa:baxxba	21 787c3a7c3a7c3a78787c3a61617c3a626178786261
26	a:x	4 617c3a78
9	|x|x|ba||::a|	8 7c7c787c7c787c7c
19	|:|:|xb:||	18 7c7c7c3a7c7c7c3a7c7c78627c3a7c7c7c7c
17	aa|aba	7 61617c7c616261
36	a::|axxba	12 617c3a7c3a7c7c6178786261
27	:x:ba:bb	11 7c3a787c3a62617c3a6262
40	xxx||:bxbab:bbxx:||:	28 7878787c7c7c7c7c3a62786261627c3a626278787c3a7c7c7c7c7c3a
24	aax:bx|xxbxxbb:bb	20 6161787c3a62787c7c787862787862627c3a6262
12	bbbxx|:	9 62626278787c7c7c3a
5	ax::::a||xxbbab|aax	4 61787c3a
5	baxabbbx:|:||::|:|a|x:ax|:baaa	4 62617861
7	x::xababbxx|a:aab||	5 787c3a7c3a
9	x:::aa|:|aabxxbb:aaab:a	7 787c3a7c3a7c3a
25	:xa:ax:bx	12 7c3a78617c3a61787c3a6278
24	:bxb||:x:|a|||ba:b:b::a||bab	23 7c3a6278627c7c7c7c7c3a787c3a7c7c617c7c7c7c7c7c
18		0 
40	x:b|:x|:|a:x|:	23 787c3a627c7c7c3a787c7c7c3a7c7c617c3a787c7c7c3a
22	:b||a:xxx|:xbxb:bxabxab:x:|bxx	21 7c3a627c7c7c7c617c3a7878787c7c7c3a78627862
6	a|x:x|aax|||bx|:aaxxx::|ax	4 617c7c78
33	|aaxx:::xx	14 7c7c616178787c3a7c3a7c3a7878
18		0 
26		0 
32	x:x:||:a:|x	18 787c3a787c3a7c7c7c7c7c3a617c3a7c7c78
37	ab|:x:x:x	13 61627c7c7c3a787c3a787c3a78
40	bbxx:xxa|ab	13 626278787c3a7878617c7c6162
27	xb:b	5 78627c3a62
31	a|ab:a|ax|xb|a:	21 617c7c61627c3a617c7c61787c7c78627c7c617c3a
24	|b:a::b:	13 7c7c627c3a617c3a7c3a627c3a
13	bbxaa||abb	12 62627861617c7c7c7c616262
21	a::b:baax|:bb:xa|bba:b	20 617c3a7c3a627c3a626161787c7c7c3a62627c3a
36	x|::|a|::xaxxba:	24 787c7c7c3a7c3a7c7c617c7c7c3a7c3a7861787862617c3a
8	:aax:a:	7 7c3a6161787c3a
25	:xba:xxb|axbxbbb|bxaxax:x	24 7c3a7862617c3a7878627c7c617862786262627c7c627861
40	a|:|xxa|ba:xxbx::	24 617c7c7c3a7c7c7878617c7c62617c3a787862787c3a7c3a
38	:||xa:|xxxx:bbaax|xa	27 7c3a7c7c7c7c78617c3a7c7c787878787c3a62626161787c7c7861
9	::|axxb::xb|bx::bxbbx	8 7c3a7c3a7c7c6178
4	:axx:bx::xxaa:|ax:a|xa|a:	2 7c3a
22	x|xx||b|a:|aa||:bbba:b:b:|:a|a	21 787c7c78787c7c7c7c627c7c617c3a7c7c61617c7c
23	||x|xbaxx:x|||xa|:bx||:a	21 7c7c7c7c787c7c78626178787c3a787c7c7c7c7c7c
8	|:x:a::xbbababaxa|xx|xxbx|a:	7 7c7c7c3a787c3a
38	:xa|ax:|xbbbx:aa|x:abb|:	33 7c3a78617c7c61787c3a7c7c78626262787c3a61617c7c787c3a6162627c7c7c3a
16	:|:a:aaa|b|xbb|b:b|a|ax:x|b	14 7c3a7c7c7c3a617c3a6161617c7c
21	a:|b:x|x:bbbaa|:||a:aaa	19 617c3a7c7c627c3a787c7c787c3a6262626161
13	ba:axa|aba|xbaxbxa::ax	12 62617c3a6178617c7c616261
20	bxb|b:||xxab|::x|x|ab|||x|x:x	18 6278627c7c627c3a7c7c7c7c787861627c7c
38	xx	2 7878
26	b|:x:xa:	12 627c7c7c3a787c3a78617c3a
18	:b:|bx|:a|:bbxxb|a:bxax:ax	16 7c3a627c3a7c7c62787c7c7c3a617c7c
19	b:x|:bxx:a|b|bxx	17 627c3a787c7c7c3a6278787c3a617c7c62
13	a:xa::|ba||x|b|b:a:aaba	11 617c3a78617c3a7c3a7c7c
39	xa:aa::|b	13 78617c3a61617c3a7c3a7c7c62
4	a:xba:bab|	3 617c3a
6	a:bb|:xxb::a:|xa	5 617c3a6262
23	bb|::xxx|bax:a:aa:xbbxbbx||	21 62627c7c7c3a7c3a7878787c7c6261787c3a617c3a
7	ab|ab|a|baabbxbxa	6 61627c7c6162
25	a:xx::x|	12 617c3a78787c3a7c3a787c7c
22	bbab|:bxbbxbxb|:ba||:x:::	20 626261627c7c7c3a62786262786278627c7c7c3a
21		0 
34	baa:xab|x:	13 6261617c3a7861627c7c787c3a
3	axxab:x|a::|b|	2 6178
4	a|:xbba	3 617c7c
4	||xx:a:ax|b|:bb:a	2 7c7c
31	||xaaxaab:ab|ab|x	22 7c7c7c7c786161786161627c3a61627c7c61627c7c78
7	xax::x|b:ab::|:x||a:baxa:b:	5 7861787c3a
14	::baxabx::||ax|baa:bab|a	12 7c3a7c3a6261786162787c3a
33	::ab|xxb|abx::bb|	24 7c3a7c3a61627c7c7878627c7c6162787c3a7c3a62627c7c
36	||bx|ba|axax||	20 7c7c7c7c62787c7c62617c7c617861787c7c7c7c
11	b|bbxxa|:xb||	10 627c7c62627878617c7c
12	a|:axbax:x:x	10 617c7c7c3a6178626178
17	ba:|xabbxx|	14 62617c3a7c7c7861626278787c7c
37	ax|a|xba||	14 61787c7c617c7c7862617c7c7c7c
40	xa	2 7861
34	xbax|:aaxx:ba::xxxbbb:||x|ax	32 786261787c7c7c3a616178787c3a62617c3a7c3a7878786262627c3a7c7c7c7c
34	:::a:|::xxxaabbx	23 7c3a7c3a7c3a617c3a7c7c7c3a7c3a7878786161626278
19	bax|a|a|abxba:::ba	18 6261787c7c617c7c617c7c61627862617c3a
16	ab:x||:|ba:bx	15 61627c3a787c7c7c7c7c3a7c7c6261
21	abbax|:b|:bb:|a|::x:	20 61626261787c7c7c3a627c7c7c3a62627c3a7c7c
35	a:|x::bx:xaabx:|x:	26 617c3a7c7c787c3a7c3a62787c3a78616162787c3a7c7c787c3a
16	||a|bx:bax:a:bb|b::	14 7c7c7c7c617c7c62787c3a626178
40	x:b:|xabx|x|bxx:abbx::|:axa|b	39 787c3a627c3a7c7c786162787c7c787c7c6278787c3a616262787c3a7c3a7c7c7c3a6178617c7c
26	:	2 7c3a
38	||b:||x:::baa:|ax	27 7c7c7c7c627c3a7c7c7c7c787c3a7c3a7c3a6261617c3a7c7c6178
20	|xx||x|	11 7c7c78787c7c7c7c787c7c
9	|aa||xbxaa	8 7c7c61617c7c7c7c
10	aa:b:b|xa:aaa||x|:	8 61617c3a627c3a62
28	xb|:a|b	10 78627c7c7c3a617c7c62
12	xabx||aab:b|:b:|:aa	11 786162787c7c7c7c616162
7	|:ab|a|:	6 7c7c7c3a6162
19	b|xb||	9 627c7c78627c7c7c7c
21	a:b	4 617c3a62
26	b:::ab:|	13 627c3a7c3a7c3a61627c3a7c7c
15	ba:b:a|b|xab:x|:x:	13 62617c3a627c3a617c7c627c7c
11	x::aa||xa|bxbx||||:	9 787c3a7c3a61617c7c
21	::bb|||	12 7c3a7c3a62627c7c7c7c7c7c
39	x:ba||aa|:|bb	19 787c3a62617c7c7c7c61617c7c7c3a7c7c6262
23	xba:b:b:xx|:bx	19 7862617c3a627c3a627c3a78787c7c7c3a6278
5	:a||::b:bxa	3 7c3a61
35	xbxx:x|a|b::baxaa:b:aa|a	32 786278787c3a787c7c617c7c627c3a7c3a62617861617c3a627c3a61617c7c61
22	aa:xbxa|x::::x::|b||:b	20 61617c3a786278617c7c787c3a7c3a7c3a7c3a78
25	x:axbxx:x:x|:b|:abax::::	23 787c3a61786278787c3a787c3a787c7c7c3a627c7c7c3a
26	:|x:ax::|b|xbb|xaaxbxa:	25 7c3a7c7c787c3a61787c3a7c3a7c7c627c7c7862627c7c7861
32	b|||a|||xa:|babax:	27 627c7c7c7c7c7c617c7c7c7c7c7c78617c3a7c7c62616261787c3a
32	x:bb|aaaxaa|b|abbx|baab	28 787c3a62627c7c6161617861617c7c627c7c616262787c7c62616162
7	b|:	5 627c7c7c3a
13	xx|xa:xbbxba|xa:ba	12 78787c7c78617c3a78626278
3	:abax:x:bxb:a|||:abb:|a	2 7c3a
32	:a:bb|bab:b:a	18 7c3a617c3a62627c7c6261627c3a627c3a61
11	a:aaxxa:a:||xabaaaa:	10 617c3a61617878617c3a
5	:b|:baa:xaxxa	3 7c3a62
8	:|aba|:x|:|:xa	7 7c3a7c7c616261
23	|:x|x:bb|a|:|ba:baxb|||ab	21 7c7c7c3a787c7c787c3a62627c7c617c7c7c3a7c7c
22	aabbx|	7 61616262787c7c
16	||xbxab:::::xaaax|	15 7c7c7c7c78627861627c3a7c3a7c3a
30	:a:b	6 7c3a617c3a62
9	|axa|xxxx|xbb|xbx|axbbb	7 7c7c6178617c7c
20	axaa:xa||abx||||xabab	19 617861617c3a78617c7c7c7c6162787c7c7c7c
16	ba:bxx:baa|:xxbbbx	14 62617c3a6278787c3a6261617c7c
35	xb::|bb:x:bx|ab	21 78627c3a7c3a7c7c62627c3a787c3a62787c7c6162
7	bb:baxx|xa|axxaa|aax	6 62627c3a6261
31	ax||ax:|x	13 61787c7c7c7c61787c3a7c7c78
22	|::	6 7c7c7c3a7c3a
8	:aaxa|ax|x:b|:abaaxa|bxb:	6 7c3a61617861
35	|xa||a|abbx	15 7c7c78617c7c7c7c617c7c61626278
30	xb:abxaaaxxa::xbb|::::aaa|b|ba	28 78627c3a6162786161617878617c3a7c3a7862627c7c7c3a7c3a7c3a
31	:bx|a||a::	16 7c3a62787c7c617c7c7c7c617c3a7c3a
34	a:|xa:aa|xbax|a	20 617c3a7c7c78617c3a61617c7c786261787c7c61
4	|	2 7c7c
17	||:	6 7c7c7c7c7c3a
7	b	1 62
10	babbbx	6 626162626278
17		0 
40	:bxxax||bbaa|bx:a||:xaaa|	34 7c3a62787861787c7c7c7c626261617c7c62787c3a617c7c7c7c7c3a786161617c7c
32	|x|axbbaaa||baxx|||aa:::bx	30 7c7c787c7c617862626161617c7c7c7c626178787c7c7c7c7c7c61617c3a
15	:::::abbaxxb|:x|aaa:b|ax:bbx|	14 7c3a7c3a7c3a7c3a7c3a61626261
20	:|xabb:ab|:	16 7c3a7c7c786162627c3a61627c7c7c3a
28	b:b|:babaaa:b::|:b|aab:x||bb:	26 627c3a627c7c7c3a6261626161617c3a627c3a7c3a7c7c7c3a62
6	xbbb::b:x:axa:a|b|a|x|axa|b	4 78626262
27	aaaa:||b	11 616161617c3a7c7c7c7c62
38	x:x:|abx||xbb||xabxx|	29 787c3a787c3a7c7c6162787c7c7c7c7862627c7c7c7c78616278787c7c
6	::xxbba	4 7c3a7c3a
12	a|ba:|bbbbx|x:xaxx::::xbxaab::	11 617c7c62617c3a7c7c6262
13	bbbb:::|||xa:a	12 626262627c3a7c3a7c3a7c7c
37	:xbax|a:aab:baa|a|ab|ab:	32 7c3a786261787c7c617c3a6161627c3a6261617c7c617c7c61627c7c61627c3a
3	|	2 7c7c
17	ax||a:aab|abxbbx|bx|:abbx::	16 61787c7c7c7c617c3a6161627c7c6162
10	||:|xb|ax|b|b::|ba|	8 7c7c7c7c7c3a7c7c
29	abxxab:a:abx:b|x:	22 6162787861627c3a617c3a6162787c3a627c7c787c3a
8	:b|aaaxabb|a:bb||aa|bb:|bb:	7 7c3a627c7c6161
5	x|a:|aax:xax|	3 787c7c
17	|ba:abxx:x:b:b|x:ba:	15 7c7c62617c3a616278787c3a787c3a
34	a|:axxxaaa:xb:b|x:xab:::a	33 617c7c7c3a617878786161617c3a78627c3a627c7c787c3a7861627c3a7c3a7c3a
26	|::b:aa|bxbab||	22 7c7c7c3a7c3a627c3a61617c7c62786261627c7c7c7c
11	a||||::a|b|ba|xb	9 617c7c7c7c7c7c7c7c
36	b:xbxbxbbaa:xa|x:::	25 627c3a7862786278626261617c3a78617c7c787c3a7c3a7c3a
6		0 
18	bb|bb|a:x:a	15 62627c7c62627c7c617c3a787c3a61
22	x:|x|:x|:a:a	19 787c3a7c7c787c7c7c3a787c7c7c3a617c3a61
37	x:bax:aa|a||||ba:aaaxbxb:ba	36 787c3a6261787c3a61617c7c617c7c7c7c7c7c7c7c62617c3a616161786278627c3a6261
8	|:a|bx::::xb|xx:|x|aa	7 7c7c7c3a617c7c
22	:xaxx:baxb|b	15 7c3a786178787c3a626178627c7c62
7	:ab:xxx|:|b:::ab|x	6 7c3a61627c3a
28	aaxabxxxba|aab::|:b:abxbx:	26 616178616278787862617c7c6161627c3a7c3a7c7c7c3a627c3a
25	bxa:x::xx|a|b||ab|b:a|::::	24 6278617c3a787c3a7c3a78787c7c617c7c627c7c7c7c6162
11	aaaxb:|bbxb:a|::xb||ax	9 61616178627c3a7c7c
16	bxx:|aa	9 6278787c3a7c7c6161
12	:|xaxbb|:|bx|:bb::b::aa	11 7c3a7c7c78617862627c7c
13	|abbbx|b|bxabxba|||||bxx:x|x	12 7c7c61626262787c7c627c7c
14	a:b:aaaa:ax|a:b|axb	12 617c3a627c3a616161617c3a
13	xb|	4 78627c7c
20	ab|xaaxba|a:|abbb:x	19 61627c7c7861617862617c7c617c3a7c7c6162
37	x::bxx|b|b|bb|:b|xa	27 787c3a7c3a6278787c7c627c7c627c7c62627c7c7c3a627c7c7861
35	|:a::bb	11 7c7c7c3a617c3a7c3a6262
37	:ba|:|:xabx||a	21 7c3a62617c7c7c3a7c7c7c3a786162787c7c7c7c61
40	::xbbbb|:a::a|	21 7c3a7c3a78626262627c7c7c3a617c3a7c3a617c7c
39	||xbaxbaaa:ababb	19 7c7c7c7c78626178626161617c3a6162616262
3	:xx|x:::	2 7c3a
34	|b|:||:::||||||:|x:aabb	33 7c7c627c7c7c3a7c7c7c7c7c3a7c3a7c3a7c7c7c7c7c7c7c7c7c7c7c7c7c3a7c7c
17	||xxa	7 7c7c7c7c787861
20	axxb:a|xbabxx:x||xxx:abb	18 617878627c3a617c7c7862616278787c3a78
10	|:x	5 7c7c7c3a78
16	xb|b:ax::b	14 78627c7c627c3a61787c3a7c3a62
12	b:xa||b||bxaxbxxa:	10 627c3a78617c7c7c7c62
22	x|b|axaaaa|::|	20 787c7c627c7c6178616161617c7c7c3a7c3a7c7c
12	axba:|:|	10 617862617c3a7c7c7c3a
35	xxa:	5 7878617c3a
11	baa:x::xa||ba|x:xbb::bx	10 6261617c3a787c3a7c3a
16	ab|ba|b|xbb:|bb|xxbabb||x	14 61627c7c62617c7c627c7c786262
29	xxbxa::b|:xb:xbxx:xbaxxx	28 78786278617c3a7c3a627c7c7c3a78627c3a786278787c3a78626178
26	x	1 78
21	abb:bax	8 6162627c3a626178
33	abx|x|aaxba|bba	18 6162787c7c787c7c61617862617c7c626261
28	|axxbab:xa::bx|b|bx|:a:xaxaax	27 7c7c6178786261627c3a78617c3a7c3a62787c7c627c7c62787c7c
26	ab|a::ax|ax|:bb||x||xxa:a	25 61627c7c617c3a7c3a61787c7c61787c7c7c3a62627c7c7c7c
24	|:xb:	8 7c7c7c3a78627c3a
20	b::||ab|:x|bb:xb:axax	18 627c3a7c3a7c7c7c7c61627c7c7c3a787c7c
35	:||xxxxbbbab:::|b|:x	29 7c3a7c7c7c7c7878787862626261627c3a7c3a7c3a7c7c627c7c7c3a78
7	|b::x:|:ab:bx:a|ab:	5 7c7c627c3a
12	x|:x|	8 787c7c7c3a787c7c
8	ab|ab|b:x:ax|	6 61627c7c6162
20	bbx	3 626278
9	|axxax:bb:::ax|:ab:|axbb	7 7c7c6178786178
27		0 
23	xaxbb||bx|::aaaxba|:a:	22 78617862627c7c7c7c62787c7c7c3a7c3a6161617862
9	ax|b|bxxxxab|x:xbba|:	7 61787c7c627c7c
36	ab|x|baa|bab:bb:|xbx:|ax:x::::	34 61627c7c787c7c6261617c7c6261627c3a62627c3a7c7c7862787c3a7c7c61787c3a
24	babaax:|abb|x	16 6261626161787c3a7c7c6162627c7c78
17	a:x:abxx:bbxbb|::bbabx	16 617c3a787c3a616278787c3a62627862
23	:a	3 7c3a61
33	|xb|	6 7c7c78627c7c
21	a:ax|b|bab:|bb||:|ab|xx:a|xax	19 617c3a61787c7c627c7c6261627c3a7c7c6262
34	:	2 7c3a
11	bx|||||x|ba:x:xxb:x:|:x:b::bb	10 62787c7c7c7c7c7c7c7c
21	:a|xxaabxa:a:|bx||||a|a	19 7c3a617c7c787861616278617c3a617c3a7c7c
20	|axa|:xxxab:::xb:x	18 7c7c6178617c7c7c3a78787861627c3a7c3a
11	|	2 7c7c
18	:b:|:x|a|x	16 7c3a627c3a7c7c7c3a787c7c617c7c78
28		0 
5	:ab::a::aa||xax:xba:ax:abaa||:	4 7c3a6162
22	bbb|:|:|b|bbb:bbaa||:x|:|xa|	21 6262627c7c7c3a7c7c7c3a7c7c627c7c6262627c3a
19	:abxaa|xba|b:||	17 7c3a61627861617c7c7862617c7c627c3a
21	:a::x:bxaax|x|a:b:x	20 7c3a617c3a7c3a787c3a62786161787c7c787c7c
25	a:bbabbbxb:aba:|baa|	23 617c3a62626162626278627c3a6162617c3a7c7c626161
12	bbx|xbb::bxx|::	10 6262787c7c7862627c3a
32	a|bb:aa	9 617c7c62627c3a6161
17	xb::|:a	11 78627c3a7c3a7c7c7c3a61
20	:x||abb:ab:	16 7c3a787c7c7c7c6162627c3a61627c3a
16	:xaa:xxabxbb||:|::a:::xbx:x|b	14 7c3a7861617c3a78786162786262
24	bbx::|bx||||:xaxaabxbax|xx	23 6262787c3a7c3a7c7c62787c7c7c7c7c7c7c7c7c3a7861
13	a|xa	5 617c7c7861
12	|xbxx|ab|b|:ax:|aa	10 7c7c786278787c7c6162
19	|a:a:x:x|a||a|b	17 7c7c617c3a617c3a787c3a787c7c617c7c
23	xabbx:x:bbx:|:xaabba:|	22 78616262787c3a787c3a6262787c3a7c7c7c3a786161
6	::xxxb:|bax||b:b|x	4 7c3a7c3a
23	x::axxbxb|ax	15 787c3a7c3a6178786278627c7c6178
15	xx:|	6 78787c3a7c7c
25	ax:bxxaxx:aax|xx|xb|b	23 61787c3a6278786178787c3a6161787c7c78787c7c7862
34	b|:|:ba:|b:xa|	22 627c7c7c3a7c7c7c3a62617c3a7c7c627c3a78617c7c
28	bb:b|	7 62627c3a627c7c
23	xxx:baba:a	12 7878787c3a626162617c3a61
37	b::bxa:||bx||b:xaxxx	28 627c3a7c3a6278617c3a7c7c7c7c62787c7c7c7c627c3a7861787878
19	a:aa|	7 617c3a61617c7c
30	:|:|xx::x	15 7c3a7c7c7c3a7c7c78787c3a7c3a78
21	aaxb	4 61617862
4	bax:b:bxxbb||:||x::x	3 626178
23	xa|bxab|bx|b|:ax::|	21 78617c7c627861627c7c62787c7c627c7c7c3a6178
20	x|babxba	9 787c7c626162786261
30		0 
16	xxb:a::||xab|ab:b|x	14 7878627c3a617c3a7c3a7c7c7c7c
24	:a:xxx:b::axxaba|abax	23 7c3a617c3a7878787c3a627c3a7c3a6178786162617c7c
8	a||x:xxxbbx:a:x	6 617c7c7c7c78
32	|||b::b:|axx||	23 7c7c7c7c7c7c627c3a7c3a627c3a7c7c6178787c7c7c7c
21		0 
20	axxbx:|babxxxx:	18 61787862787c3a7c7c626162787878787c3a
18	aa:x	5 61617c3a78
32	ab	2 6162
27	axxabax|:|	13 617878616261787c7c7c3a7c7c
7	xxabab:b::xabb::|ax	6 787861626162
11		0 
11	|bx	4 7c7c6278
19	ba:x:xbxba|xxbax:b:xbaxx:	18 62617c3a787c3a78627862617c7c78786261
20	xa:bab|	9 78617c3a6261627c7c
5	x:b:x|b	3 787c3a
28	:|axabx|bxxb::b:aa	24 7c3a7c7c61786162787c7c627878627c3a7c3a627c3a6161
30	b:::|ax:bbba::xaxxax	27 627c3a7c3a7c3a7c7c61787c3a626262617c3a7c3a786178786178
30	xxba:ab:abx|bbaxxa|:ax	27 787862617c3a61627c3a6162787c7c6262617878617c7c7c3a6178
15	a:aa|||:::xab|b:babb:x:	13 617c3a61617c7c7c7c7c7c7c3a
32	::ba||:::||a:bx:xb|bba:xb|	31 7c3a7c3a62617c7c7c7c7c3a7c3a7c3a7c7c7c7c617c3a62787c3a78627c7c
22	aa	2 6161
27	xa:a|:b|b||ab|aabb:xxbba	25 78617c3a617c7c7c3a627c7c627c7c7c7c61627c7c61616262
16	a	1 61
12	:|::b||b|||b	11 7c3a7c7c7c3a7c3a627c7c
20	bx|x:xxb	10 62787c7c787c3a787862
32	xbx|bb:a	10 7862787c7c62627c3a61
22	axaxxabxba||b|:|bbaa	21 617861787861627862617c7c7c7c627c7c7c3a7c7c
13	bxb	3 627862
39	b|b:x||ba|:bb	19 627c7c627c3a787c7c7c7c62617c7c7c3a6262
37	|b|:|a:x|:|xbbxaa:xx|	31 7c7c627c7c7c3a7c7c617c3a787c7c7c3a7c7c7862627861617c3a78787c7c
8	||xa:xxb|aa	6 7c7c7c7c7861
23	x:x|	6 787c3a787c7c
33	a:	3 617c3a
22	::|b	7 7c3a7c3a7c7c62
25	||bbbba	9 7c7c7c7c6262626261
7	b|:ab	5 627c7c7c3a
17	|:|::bxb|axbabab|a:	15 7c7c7c3a7c7c7c3a7c3a6278627c7c
31	:ab|:xa|bb:aab|ba	23 7c3a61627c7c7c3a78617c7c62627c3a6161627c7c6261
40	bb|baxab|b:baba:xxabbb	26 62627c7c62617861627c7c627c3a626162617c3a787861626262
29	xxa:x	6 7878617c3a78
39	b:xaabab:|xa	15 627c3a7861616261627c3a7c7c7861
3	a|a	1 61
8	b|::aa||bxb:aa	7 627c7c7c3a7c3a
39	baa	3 626161
37	a::::xa|x:ax|	20 617c3a7c3a7c3a7c3a78617c7c787c3a61787c7c
7	babbx:bbxa|	5 6261626278
4	xab|xbxx|a:|xxaxxbaxx	3 786162
20	abbbbba:xb|::|bxbx|bxxxb|ab	19 616262626262617c3a78627c7c7c3a7c3a7c7c
26	bxx|	5 6278787c7c
39	bxabx:axaa:b:|a::xx:	27 62786162787c3a617861617c3a627c3a7c7c617c3a7c3a78787c3a
39	:x||||x|xb|aaaaba|x:b	30 7c3a787c7c7c7c7c7c7c7c787c7c78627c7c6161616162617c7c787c3a62
12	:|abba:::xa:xx|:ab:xaxbx:::xb	10 7c3a7c7c616262617c3a
16	:a	3 7c3a61
15	|aaxxaxbaxbxaaa::aax	14 7c7c616178786178626178627861
18	xb|	4 78627c7c
3	x:b	1 78
21	bx|x|bbaa:a||x||aa	19 62787c7c787c7c626261617c3a617c7c7c7c78
5	x:xaa:aab|a	3 787c3a
31		0 
17	|b|xxaxxxxbbx|	15 7c7c627c7c78786178787878626278
20	a:xax:a:xxx|babbbba||	19 617c3a7861787c3a617c3a7878787c7c626162
32		0 
7	bxb|ax|bxab||xxaa:::|:	5 6278627c7c
31	::|	6 7c3a7c3a7c7c
11	x|:xa||ba::||aba	9 787c7c7c3a78617c7c
16	|:aaxba|x|b|	14 7c7c7c3a61617862617c7c787c7c
9	b:bx:|xaxxxbbxa:bbax:|xa	7 627c3a62787c3a
16	bax:x||ba::|x:a:|axbaxxa:	14 6261787c3a787c7c7c7c62617c3a
14	|b	3 7c7c62
21	xa:|||:|:|bbx|axaxb:b:xx:	20 78617c3a7c7c7c7c7c7c7c3a7c7c7c3a7c7c6262
26	|||b::a:b|aba	20 7c7c7c7c7c7c627c3a7c3a617c3a627c7c616261
38	:ba:x::	11 7c3a62617c3a787c3a7c3a
4	b|b:aaa|aa::|x|::ba:a|b::	3 627c7c
39	xa::x	7 78617c3a7c3a78
3	x:::|:|xbb:::xa|x:abxbxxb:	1 78
3	aaxxaa|b:	2 6161
10	b:a:|bxbxaxaaa	8 627c3a617c3a7c7c
10	ab|bb:x|x|:b|a|||a:a:ba:aaaxxb	8 61627c7c62627c3a
8	:xx	4 7c3a7878
8	bx||aa|	6 62787c7c7c7c
39	bbxx|xa|baaxb:x:x:|bxx||b:x:bb	38 626278787c7c78617c7c62616178627c3a787c3a787c3a7c7c6278787c7c7c7c627c3a787c3a
22	abbxbx:baa|a::aaxaxb:xba	21 6162627862787c3a6261617c7c617c3a7c3a616178
8	a:||ba	7 617c3a7c7c7c7c
33	:bbaba||:bx:xb:aba:x::|a|b	31 7c3a62626162617c7c7c7c7c3a62787c3a78627c3a6162617c3a787c3a7c3a
14	b|x::babxxaax:bb	13 627c7c787c3a7c3a6261627878
35		0 
13	|:axxxbb||xa:a||bbxax|a:|	12 7c7c7c3a6178787862627c7c
40	axxb::|:||aax|	21 617878627c3a7c3a7c7c7c3a7c7c7c7c6161787c7c
20	bbb|aa:	9 6262627c7c61617c3a
36	x||::::x:|xb||bxb:	29 787c7c7c7c7c3a7c3a7c3a7c3a787c3a7c7c78627c7c7c7c6278627c3a
17	a|b||xx:::||x:bx|x|bb:bxx	16 617c7c627c7c7c7c78787c3a7c3a7c3a
40	ab||::	10 61627c7c7c7c7c3a7c3a
29	xa:bb|:||axx|b:xb|a|x::abba|	27 78617c3a62627c7c7c3a7c7c7c7c6178787c7c627c3a78627c7c61
10	|a|a|:	8 7c7c617c7c617c7c
29	baxbab:axabbxb||xabx:x|	28 6261786261627c3a617861626278627c7c7c7c786162787c3a787c7c
8	|b:ab|x|bax:b|abx|xab:bx:xx	7 7c7c627c3a6162
26	|xxx:x||aaaax	17 7c7c7878787c3a787c7c7c7c6161616178
24	a:ax|xxx||:b:xa:a::bx:b|aa	23 617c3a61787c7c7878787c7c7c7c7c3a627c3a78617c3a
16	:baab||xa||ax|::|b|:::b:ab:xa	14 7c3a626161627c7c7c7c78617c7c
30	::ab|xb|	12 7c3a7c3a61627c7c78627c7c
23		0 
31	x::ab:xx	11 787c3a7c3a61627c3a7878
34	b:aaaax:bb|	14 627c3a61616161787c3a62627c7c
9	xa||xaaab	8 78617c7c7c7c7861
18	b::|::|ax|||x:|bb:ba:bb|	17 627c3a7c3a7c7c7c3a7c3a7c7c61787c7c
11	babx	4 62616278
38	|bba:a|b|xabbabaxx:axx:a|:b	35 7c7c6262617c3a617c7c627c7c7861626261626178787c3a6178787c3a617c7c7c3a62
31	xabx|:|b:||	17 786162787c7c7c3a7c7c627c3a7c7c7c7c
9	x:b:aab|a:a:a:a::|abbaa:baxb|	8 787c3a627c3a6161
7	xa:xa:::x|:xbx|baa|b	6 78617c3a7861
36	b:a|||b:bbbaaa|:aa|aa	29 627c3a617c7c7c7c7c7c627c3a6262626161617c7c7c3a61617c7c6161
22	|	2 7c7c
18	xxbaabbb:|abx|ab	17 78786261616262627c3a7c7c6162787c7c
21	x|a:a:bbx||aa:xabab|xxxbxx|||x	20 787c7c617c3a617c3a6262787c7c7c7c61617c3a
18	::||::|bbaba	17 7c3a7c3a7c7c7c7c7c3a7c3a7c7c626261
21	bb:xx|b:xbb|aax:|x	19 62627c3a78787c7c627c3a7862627c7c616178
23	|:|b:b:xax|axx|||ba:a|xax|	22 7c7c7c3a7c7c627c3a627c3a7861787c7c6178787c7c
21	ab::a:	9 61627c3a7c3a617c3a
14	babxx:|	9 62616278787c3a7c7c
32	xbx|	5 7862787c7c
38	x::x|b|abb::b:xba||xx:ab	34 787c3a7c3a787c7c627c7c6162627c3a7c3a627c3a7862617c7c7c7c78787c3a6162
8	:xaa|x:bb::	7 7c3a7861617c7c
28	aab:xxaxx:xaxb|x|ba:ba::::aax	27 6161627c3a78786178787c3a786178627c7c787c7c62617c3a6261
22		0 
25	b:axba|x||::	18 627c3a617862617c7c787c7c7c7c7c3a7c3a
21	x:aba:|abbaa::|:x|abxb||b:a|x	19 787c3a6162617c3a7c7c61626261617c3a7c3a
36	a:|:ab:xa|x|axa::|:bba:	34 617c3a7c7c7c3a61627c3a78617c7c787c7c6178617c3a7c3a7c7c7c3a6262617c3a
4	a	1 61
26	bx:baba:xx|a||::aa|b|:axaaxa	25 62787c3a626162617c3a78787c7c617c7c7c7c7c3a7c3a6161
18	abxax|:|a|:bx|x	16 61627861787c7c7c3a7c7c617c7c7c3a
21	ab	2 6162
11	||b|::ab||||:bx:::|:|:a	9 7c7c7c7c627c7c7c3a
10	|:	4 7c7c7c3a
13	|::::|:x|:|a	12 7c7c7c3a7c3a7c3a7c3a7c7c
16	xb:xababa|aba|	15 78627c3a7861626162617c7c616261
37	b|b|aa:ba:|a:x|x:::::|	35 627c7c627c7c61617c3a62617c3a7c7c617c3a787c7c787c3a7c3a7c3a7c3a7c3a7c7c
18	x:||xb|a|xb:aaaab	16 787c3a7c7c7c7c78627c7c617c7c7862
18	xa||:b|ax	13 78617c7c7c7c7c3a627c7c6178
22	x|:xb|bxaa:x	16 787c7c7c3a78627c7c627861617c3a78
37	::	4 7c3a7c3a
22		0 
8	xabxab:b:	6 786162786162
14	||b:aa:|b:aaa:xaaxx:x	13 7c7c7c7c627c3a61617c3a7c7c
6	|a|||bab|b	5 7c7c617c7c
16	xx:b:a|xxb:	15 78787c3a627c3a617c7c7878627c3a
30	baaabaab	8 6261616162616162
11	::xbxa|:xxbbaa	10 7c3a7c3a786278617c7c
3	|ax:|xbaba	2 7c7c
27	bbxab|b|bbxbbaa	17 62627861627c7c627c7c62627862626161
35	a|:aa|b:ax	14 617c7c7c3a61617c7c627c3a6178
12	xb	2 7862
23	ab::x:axxxbbb	16 61627c3a7c3a787c3a61787878626262
28	x	1 78
13	:|a:a	8 7c3a7c7c617c3a61
14	b:aax:	8 627c3a6161787c3a
37	|baxx|:ax:aaab|b|	23 7c7c626178787c7c7c3a61787c3a616161627c7c627c7c
12	baxxabxxabb|abbaba|xa:aa:	11 6261787861627878616262
10	|	2 7c7c
11	xb	2 7862
20		0 
36	b|x|:xaxb:xx|:x||xxba|:xaa:x:	35 627c7c787c7c7c3a786178627c3a78787c7c7c3a787c7c7c7c787862617c7c7c3a7861
36	aba:baaxa||bx:b:xba	24 6162617c3a62616178617c7c7c7c62787c3a627c3a786261
32	xb||:b:a:b:	17 78627c7c7c7c7c3a627c3a617c3a627c3a
25	xx|bb|bbaaaxx|ax	19 78787c7c62627c7c626261616178787c7c6178
34	a|::ax::baxxxa	19 617c7c7c3a7c3a61787c3a7c3a626178787861
27	|a||:aaxbb::::x:|x:axx:aa	25 7c7c617c7c7c7c7c3a61617862627c3a7c3a7c3a7c3a787c3a
29	xb:x:aa:x:xb	16 78627c3a787c3a61617c3a787c3a7862
40	:|:b	7 7c3a7c7c7c3a62
35	|	2 7c7c
25	bxx||b|:b	13 6278787c7c7c7c627c7c7c3a62
13	||a||a:|:b	12 7c7c7c7c617c7c7c7c617c3a
31	b:aaxbb|::ax|xa||a	25 627c3a61617862627c7c7c3a7c3a61787c7c78617c7c7c7c61
12	::bb|xb|b|axbb:|axb	10 7c3a7c3a62627c7c7862
23	|abxa|:||a|:bx|a|x	21 7c7c616278617c7c7c3a7c7c7c7c617c7c7c3a6278
38	:bx|b|a|	12 7c3a62787c7c627c7c617c7c
10	a::aaxxbxax|:|a|b|bx	9 617c3a7c3a61617878
31	:|b||:bbaab::x::	25 7c3a7c7c627c7c7c7c7c3a62626161627c3a7c3a787c3a7c3a
6	xa:xa:|:|||ax	4 78617c3a
38	:ax	4 7c3a6178
7	:aa|:xx|a|:x:ab	6 7c3a61617c7c
12	|xa	4 7c7c7861
5	axab|bb|xxaab::b:a|	4 61786162
26	axbab	5 6178626162
10	|:a:xaaax:x|baa::x::bb|ax|xba	9 7c7c7c3a617c3a7861
22	aabax|:b	10 61616261787c7c7c3a62
32	xbax:x	7 786261787c3a78
23	::	4 7c3a7c3a
32	x:bab|x:bx	13 787c3a6261627c7c787c3a6278
13	a|:a|xbbabxx:b||:|xxax:|bb|bx	12 617c7c7c3a617c7c78626261
35	bxaaa	5 6278616161
29	::b|xb|x:aaxxxx	20 7c3a7c3a627c7c78627c7c787c3a616178787878
13	b:bbxxb|baa||ax:baababxa::x	12 627c3a62627878627c7c6261
19	bxxxa	5 6278787861
11	babx|b||:x:|x:a	9 626162787c7c627c7c
31	b|	3 627c7c
10	a:xaba|xaa|ax|::xx|:b	9 617c3a786162617c7c
31	a|b||||x:a::axx::x::	30 617c7c627c7c7c7c7c7c7c7c787c3a617c3a7c3a6178787c3a7c3a787c3a
11	a||:|xb:::xa||x:baa::|xa|::b	9 617c7c7c7c7c3a7c7c
39	|x:bab||xxb:|:||	25 7c7c787c3a6261627c7c7c7c7878627c3a7c7c7c3a7c7c7c7c
23	:x|::baba|b::||	22 7c3a787c7c7c3a7c3a626162617c7c627c3a7c3a7c7c
16	:||:xbaa|b	14 7c3a7c7c7c7c7c3a786261617c7c
14	:aba:axbax|:xab:b|x::bb	12 7c3a6162617c3a6178626178
11	||baaa|bx:aabb|x:|b:	10 7c7c7c7c626161617c7c
23	|::|a::b|	16 7c7c7c3a7c3a7c7c617c3a7c3a627c7c
21	a:a|:||x|xxxba:bb:ab:|a|xbaba|	20 617c3a617c7c7c3a7c7c7c7c787c7c7878786261
16	||xaab||axb:|||aa:|	15 7c7c7c7c786161627c7c7c7c617862
26	abxx:ab:|aa|	16 616278787c3a61627c3a7c7c61617c7c
10	a|bx|xx	9 617c7c62787c7c7878
36	x|x	4 787c7c78
40	|xa|axa	9 7c7c78617c7c617861
7	:::xa::axxb:b	6 7c3a7c3a7c3a
11	bb	2 6262
9	ba:xxxxaxb:xb:|abaa:b|	8 62617c3a78787878
32	x||||xb|aa|ax:b	22 787c7c7c7c7c7c7c7c78627c7c61617c7c61787c3a62
23		0 
12	:axba::xaxxab|x|b	10 7c3a617862617c3a7c3a
39	xx|aab::b:|b:aa:abxa|:a::	36 78787c7c6161627c3a7c3a627c3a7c7c627c3a61617c3a616278617c7c7c3a617c3a7c3a
15	a:a|a|axba||a|b|aaabb::|	13 617c3a617c7c617c7c61786261
20	x:|b	6 787c3a7c7c62
38	:|bxx|:|aabbxx|aaxb|b:	30 7c3a7c7c6278787c7c7c3a7c7c6161626278787c7c616178627c7c627c3a
17	|a::::ba::bx|	15 7c7c617c3a7c3a7c3a7c3a62617c3a
8	|bbx|xxbaxaxxx:::|bab:a:abxbx	7 7c7c6262787c7c
12	xxabb|x:bxa:x::bb|aa:aax::xxx|	10 78786162627c7c787c3a
15	abaab|b:baxx:x:	14 61626161627c7c627c3a62617878
29	aaa	3 616161
27	|:	4 7c7c7c3a
4	||xax|xxx:|bxbbxxaab|:b:a|	2 7c7c
8	x|b|xabb|bx||abx|x|xbabaxa|a|	6 787c7c627c7c
28		0 
38	x:xbab|:bax||bb::xbaa	28 787c3a786261627c7c7c3a6261787c7c7c7c62627c3a7c3a78626161
14	x|:b||ab|:|	12 787c7c7c3a627c7c7c7c6162
26	a|	3 617c7c
40	xx:xx|a|x|aa||babab|bxx|x:b	36 78787c3a78787c7c617c7c787c7c61617c7c7c7c62616261627c7c6278787c7c787c3a62
18	bbbxa	5 6262627861
23	||::|	10 7c7c7c7c7c3a7c3a7c7c
34	|::b:xxax	13 7c7c7c3a7c3a627c3a78786178
5	axax|	4 61786178
11	ax::a:x::bab:|xx||ab:xx||b:	9 61787c3a7c3a617c3a
12	xbb::x:|aaa:xa:::||x|x:xxxbx|	10 7862627c3a7c3a787c3a
16	x::bx:	9 787c3a7c3a62787c3a
33	x::	5 787c3a7c3a
40	a||:aa|xx:xxaxxb|:|	27 617c7c7c7c7c3a61617c7c78787c3a7878617878627c7c7c3a7c7c
14	|xxbx|xb:|babaa::bb|abxb|::x:a	12 7c7c787862787c7c78627c3a
12	x|:ba|:|b|xab::bx:x|b	11 787c7c7c3a62617c7c7c3a
34	xba|xabxa	10 7862617c7c7861627861
13	x:aa||x|x:x	12 787c3a61617c7c7c7c787c7c
15	xxx||abx	10 7878787c7c7c7c616278
34	x:a:bb:|aaaaa|aa|xb:ba|	31 787c3a617c3a62627c3a7c7c61616161617c7c61617c7c78627c3a62617c7c
11	:a|	5 7c3a617c7c
16	:|xa|:|xb|:bxab|:bab	14 7c3a7c7c78617c7c7c3a7c7c7862
32	b|::	7 627c7c7c3a7c3a
33	x::ax	7 787c3a7c3a6178
25	bxbbb|axxaab|::b	20 62786262627c7c6178786161627c7c7c3a7c3a62
26	|::bxax|	12 7c7c7c3a7c3a627861787c7c
30	axabaxx:||ab|bxbx|b	24 617861626178787c3a7c7c7c7c61627c7c627862787c7c62
24	|:	4 7c7c7c3a
12	bxbaxbb:x:xabbxaax	10 627862617862627c3a78
27	x||bb	7 787c7c7c7c6262
20	bx|xb:bab:aaaxx	18 62787c7c78627c3a6261627c3a6161617878
8	:	2 7c3a
16	::a|:ba|a|x|aba|::x:|a	14 7c3a7c3a617c7c7c3a62617c7c61
8	||ba:b:xb|axax|b:a:xbab	6 7c7c7c7c6261
33	:|xxxax	9 7c3a7c7c7878786178
28	xb|ab|xba:ax::a:ab|ba:ba	26 78627c7c61627c7c7862617c3a61787c3a7c3a617c3a61627c7c
38	xbbbaxxx|b:a	14 78626262617878787c7c627c3a61
21	||:bxxb	10 7c7c7c7c7c3a62787862
24	|aaaa|ab:xa:xbxxb||:a:	23 7c7c616161617c7c61627c3a78617c3a78627878627c7c
22	xbb|xb:	9 7862627c7c78627c3a
15	a:a||aaax:xx	14 617c3a617c7c7c7c616161787c3a
39	baxbba||xa|x	15 6261786262617c7c7c7c78617c7c78
8	xa:axxb|:|xbxxax	7 78617c3a617878
21	x	1 78
26	|a:|:ab::|	17 7c7c617c3a7c7c7c3a61627c3a7c3a7c7c
16	:a|x||ba|aba	14 7c3a617c7c787c7c7c7c62617c7c
8	baxxa:baxa:	7 62617878617c3a
24	x|x:bbbxbaxb:a|x:::a|a||b	22 787c7c787c3a62626278626178627c3a617c7c787c3a
34	:abb::bxx::xxbbx|:x|x|:aab	33 7c3a6162627c3a7c3a6278787c3a7c3a78786262787c7c7c3a787c7c787c7c7c3a
28	|::aaba:baxa|a|:b:|x|a:|xb|	26 7c7c7c3a7c3a616162617c3a626178617c7c617c7c7c3a627c3a
4	b:|bxbxbbaxab	3 627c3a
30	:|aa:bab:x:a|:bxx|:a||x:::aab	28 7c3a7c7c61617c3a6261627c3a787c3a617c7c7c3a6278787c7c7c3a
9	b:	3 627c3a
7	::ba	6 7c3a7c3a6261
4	aa|a||xxa|:|	2 6161
21	bxxbb:x|a|:|aaaax:	20 62787862627c3a787c7c617c7c7c3a7c7c616161
23	bbxx::ax	10 626278787c3a7c3a6178
35	:abb|b|b|x::b:bx	23 7c3a6162627c7c627c7c627c7c787c3a7c3a627c3a6278
6	ba:::x:|:b:xx||x|:b|a::bbb:b	4 62617c3a
8	bxbx|a|:xaxx|a|::|||aabx:::	6 627862787c7c
37	xbba:	6 786262617c3a
34	|a|ab||aba:|:|:|:a|:bb:xxxxa::	33 7c7c617c7c61627c7c7c7c6162617c3a7c7c7c3a7c7c7c3a7c7c7c3a617c7c7c3a
16	x:::x:	10 787c3a7c3a7c3a787c3a
39	b:b|xbabbxxx:xaba:	22 627c3a627c7c78626162627878787c3a786162617c3a
8	xx|ax	6 78787c7c6178
26	a||xaaba:	12 617c7c7c7c78616162617c3a
13	:ba||	8 7c3a62617c7c7c7c
3	:ax::|abaa:ab||:xaxxxb|:|bx	2 7c3a
3	b	1 62
30	bbaxbaa::	11 626261786261617c3a7c3a
20	|::aaxaab|x::|axxb|:|a|:b:x	19 7c7c7c3a7c3a6161786161627c7c787c3a7c3a
36	a|b:x:x:axa|a:xxb|axaxa|:|::	34 617c7c627c3a787c3a787c3a6178617c7c617c3a7878627c7c61786178617c7c7c3a
3		0 
37	||bxxa|aaba|:|||xa|axb|:bbaxb:	35 7c7c7c7c627878617c7c616162617c7c7c3a7c7c7c7c7c7c78617c7c6178627c7c7c3a
20	||xb::a|:a	16 7c7c7c7c78627c3a7c3a617c7c7c3a61
8	|:|aax:|xx|b|bx|b:|::x:	6 7c7c7c3a7c7c
28	x|xxx:|:a|::ab::	25 787c7c7878787c3a7c7c7c3a617c7c7c3a7c3a61627c3a7c3a
11		0 
24	a|a:aax|bxb	14 617c7c617c3a6161787c7c627862
35	|bxbaa:a:a::ax:b:|:xaa|:	33 7c7c62786261617c3a617c3a617c3a7c3a61787c3a627c3a7c7c7c3a7861617c7c
21	aa	2 6161
40	b:|b|bbxb:bxa|a:a|bx:	29 627c3a7c7c627c7c626278627c3a6278617c7c617c3a617c7c62787c3a
18	xxbbbbabbbxx	12 787862626262616262627878
19		0 
39	|x|x|::a:xba::xb	24 7c7c787c7c787c7c7c3a7c3a617c3a7862617c3a7c3a7862
12	xxb::babaaxb:xxax:a:a|ba||	11 7878627c3a7c3a62616261
22	bbxbb|bx:b:|:b:b|axbbba	21 62627862627c7c62787c3a627c3a7c7c7c3a627c3a
17		0 
12	|xxxax|b|:xx:aa|a::	10 7c7c78787861787c7c62
18	|ba::ab||a|||xbbbaaaxa::a:::|	17 7c7c62617c3a7c3a61627c7c7c7c617c7c
38	|xx||x::x:::axbb::aaxb|:|:aa	36 7c7c78787c7c7c7c787c3a7c3a787c3a7c3a7c3a617862627c3a7c3a616178627c7c7c3a
8	|bbxxbb||||x|::bbxaxb|::ax	7 7c7c6262787862
31	|ba:ax:a|a:axba	20 7c7c62617c3a61787c3a617c7c617c3a61786261
34	|:ab:	8 7c7c7c3a61627c3a
26	abaa|xbb|a:ax|aa||babbxaa|axa|	24 616261617c7c7862627c7c617c3a61787c7c61617c7c7c7c
8	aa:x|ba|:a|xbxa:	7 61617c3a787c7c
27	:a|bbx|xx	12 7c3a617c7c6262787c7c7878
8		0 
9	|bax:xaaaxx|bx|bx	7 7c7c6261787c3a
3	|xx||bx:x:x:a::b:axx|::|x||::	2 7c7c
9	:a|x:	8 7c3a617c7c787c3a
33	abx:xb||xax::x|a:::ba	30 6162787c3a78627c7c7c7c7861787c3a7c3a787c7c617c3a7c3a7c3a6261
31	x	1 78
9	|bbxax	7 7c7c6262786178
5	::x:	4 7c3a7c3a
9	xxx|:xaba:a|x|a:a:aaa:a:ab:a:	7 7878787c7c7c3a
34	a	1 61
21	|:baxaax:x:a:b:|b:	19 7c7c7c3a6261786161787c3a787c3a617c3a62
15	|bx:	6 7c7c62787c3a
4	bxxa||:|	3 627878
22	xa|xaa::x||b|a:|baax:||a:b	20 78617c7c7861617c3a7c3a787c7c7c7c627c7c61
40	xab|xaa|bx|axb	17 7861627c7c7861617c7c62787c7c617862
16	b||x	6 627c7c7c7c78
27	b	1 62
37	b	1 62
38	xb|b:axx|b|x:||bb	24 78627c7c627c3a6178787c7c627c7c787c3a7c7c7c7c6262
28	:xb|bb:b::|abb|||:x|bx|x	26 7c3a78627c7c62627c3a627c3a7c3a7c7c6162627c7c7c7c7c7c
24	|:|xabxax:xb|b:b	22 7c7c7c3a7c7c7861627861787c3a78627c7c627c3a62
18	:|:|	8 7c3a7c7c7c3a7c7c
33	xab:aax:b|x	14 7861627c3a6161787c3a627c7c78
19	xbbba|bb|	11 78626262617c7c62627c7c
34	bxa:xx	7 6278617c3a7878
30	bxaba:|	9 62786162617c3a7c7c
34	b|xaab|x::bx|||b:aba::|||bxax	32 627c7c786161627c7c787c3a7c3a62787c7c7c7c7c7c627c3a6162617c3a7c3a
24	|bb:|axax::|x	19 7c7c62627c3a7c7c617861787c3a7c3a7c7c78
24	:x||ax|a||x:bb|xxa||bxa||	23 7c3a787c7c7c7c61787c7c617c7c7c7c787c3a62627c7c
15	ba::bbab:x|a|xb|	13 62617c3a7c3a626261627c3a78
21	b:axaab|a:bbaxabbx:aaa:	20 627c3a61786161627c7c617c3a62626178616262
40	xx|bbxaaax|abbb:|::b:|:b|xa:|	39 78787c7c626278616161787c7c616262627c3a7c7c7c3a7c3a627c3a7c7c7c3a627c7c78617c3a
34	::ax|::xaxaxaax|ba|a|	29 7c3a7c3a61787c7c7c3a7c3a78617861786161787c7c62617c7c617c7c
6	b:|axa||aaxa	5 627c3a7c7c
27	||:xb:ba:b|axxx::xaa	25 7c7c7c7c7c3a78627c3a62617c3a627c7c617878787c3a7c3a
33	a||:b||	12 617c7c7c7c7c3a627c7c7c7c
8	:ba|bbba|a|abx|xa|xabbx	6 7c3a62617c7c
32	b|xbxb:bx|a:bab:aa||xa|:bbxx	31 627c7c786278627c3a62787c7c617c3a6261627c3a61617c7c7c7c78617c7c
11	|aaax|:aa|xxbbx:a|xb|	10 7c7c616161787c7c7c3a
5	||xbb|aa|	4 7c7c7c7c
16	|a:|x|a|aaxa|::b|bx:ab|||:b:	15 7c7c617c3a7c7c787c7c617c7c6161
23	bb:ba:b|x:b:a||bab	22 62627c3a62617c3a627c7c787c3a627c3a617c7c7c7c
9	::babax:	8 7c3a7c3a62616261
36	|aaa:b	8 7c7c6161617c3a62
34	|||||:xxbb:|:aa|x|xx||bx:	33 7c7c7c7c7c7c7c7c7c7c7c3a787862627c3a7c7c7c3a61617c7c787c7c78787c7c
10	x:bbb|a::a|:b|||x	8 787c3a6262627c7c
27	:aax:xb|xb	13 7c3a6161787c3a78627c7c7862
5	xb|baabxxb||babb:	4 78627c7c
23	ba:xxx:|:|x||:x|xa:aa::::|bbx	22 62617c3a7878787c3a7c7c7c3a7c7c787c7c7c7c7c3a
6	a|:b:bb|b|bxb|::|a|	5 617c7c7c3a
20	x|::	7 787c7c7c3a7c3a
4	|xax|ax|:aaxba:|b:x:|baa	2 7c7c
11	:aa::x|||x|b:a|xab|a|:x	9 7c3a61617c3a7c3a78
29	:a:x:|abab:xabb|a:	25 7c3a617c3a787c3a7c7c616261627c3a786162627c7c617c3a
31	bbaaaa:a::x:ba|x:a|axa|:x	29 6262616161617c3a617c3a7c3a787c3a62617c7c787c3a617c7c617861
13	:a:	5 7c3a617c3a
37	|ab|a|ab:||baxba|bbbx	28 7c7c61627c7c617c7c61627c3a7c7c7c7c62617862617c7c62626278
32	x|||x|:bx:b:xab:abb	27 787c7c7c7c7c7c787c7c7c3a62787c3a627c3a7861627c3a616262
5	xbxbx:ba:ax::bx:bbb||x|	4 78627862
7	|aa||bb	6 7c7c61617c7c
26	bxbabx:xxx|baa|bbxx:xba::bxx|:	24 6278626162787c3a7878787c7c6261617c7c626278787c3a
37	xxxa:|b:::::|bbbx|xab|b:	35 787878617c3a7c7c627c3a7c3a7c3a7c3a7c3a7c7c626262787c7c7861627c7c627c3a
7	a:b|xbx::a|bxa	6 617c3a627c7c
25	::x	5 7c3a7c3a78
38	axaa:x:|a|ax|::xbba	26 617861617c3a787c3a7c7c617c7c61787c7c7c3a7c3a78626261
22	:abx::bax|xaab|aa::xxbx:	20 7c3a6162787c3a7c3a6261787c7c786161627c7c
19	a	1 61
7	|:x|	5 7c7c7c3a78
34	:||:|:x|x:babxxb|xa	28 7c3a7c7c7c7c7c3a7c7c7c3a787c7c787c3a6261627878627c7c7861
40	x::::|a:xba:abb:x:x|	30 787c3a7c3a7c3a7c3a7c7c617c3a7862617c3a6162627c3a787c3a787c7c
12	xab	3 786162
6	b:a||a|x:a:x|a	4 627c3a61
21	|bx|a:|::axx|xxab|:|b:axb:|b|x	20 7c7c62787c7c617c3a7c7c7c3a7c3a6178787c7c
27	xxx|::|b:xa|b	19 7878787c7c7c3a7c3a7c7c627c3a78617c7c62
26	|xb:a:bbbx:ax|b:a:	25 7c7c78627c3a617c3a626262787c3a61787c7c627c3a617c3a
31	b|:aaa|||xx|xb|a|x|b:a::|a	29 627c7c7c3a6161617c7c7c7c7c7c78787c7c78627c7c617c7c787c7c62
39	b|baa:|	10 627c7c6261617c3a7c7c
14	:a:x|x|	11 7c3a617c3a787c7c787c7c
6	b:a|||x	4 627c3a61
11	b:aa|baxbb:aa|a|b||a::xbxbb	10 627c3a61617c7c626178
6	b||||:aax::a|bb|:x|xaxxbbxa	5 627c7c7c7c
10	|::x|xxxbx:xaa::x|||||aa|xa|bx	9 7c7c7c3a7c3a787c7c
6	b:a|b|:|x:aa	4 627c3a61
39	x:|:|b	10 787c3a7c7c7c3a7c7c62
6	abxa|a:|b	4 61627861
10	::x:	7 7c3a7c3a787c3a
27	b::||aba|:	16 627c3a7c3a7c7c7c7c6162617c7c7c3a
20	b	1 62
28	:b:axaabb:|:xaa	20 7c3a627c3a6178616162627c3a7c7c7c3a786161
30	ba:b:ax|xb	13 62617c3a627c3a61787c7c7862
40	xaa||bxxaaaba||	19 7861617c7c7c7c62787861616162617c7c7c7c
40	xxaxaxa|bx|::|	19 787861786178617c7c62787c7c7c3a7c3a7c7c
5	bxbaba:bxa|x:|::	4 62786261
9	:bbab|baba|baxbbb|xbxbb:	8 7c3a626261627c7c
16	||::xxbbax|::b:::	14 7c7c7c7c7c3a7c3a787862626178
16	||:ax|x	11 7c7c7c7c7c3a61787c7c78
37	b|a:xbb:baa||b	19 627c7c617c3a7862627c3a6261617c7c7c7c62
40	ba:ab:::xxxbb:|ba|b:xa||abb	37 62617c3a61627c3a7c3a7c3a78787862627c3a7c7c62617c7c627c3a78617c7c7c7c616262
34	axxb|||:ab	14 617878627c7c7c7c7c7c7c3a6162
34	ab	2 6162
13	b|	3 627c7c
5	:aaa:axaaabaaxx|aaxaxbb	4 7c3a6161
5	:|ax:|a||x|:ab|xb||:a||x|||:x	4 7c3a7c7c
4	|bbax||xb||:b||bxbaxba:|bx|a:b	2 7c7c
32	xa||b||xxx|xbx:b||x	27 78617c7c7c7c627c7c7c7c7878787c7c7862787c3a627c7c7c7c78
33	::aaab||x|a:bxx:xbb	26 7c3a7c3a616161627c7c7c7c787c7c617c3a6278787c3a786262
7	xaxaa:::a:	5 7861786161
18	bbx	3 626278
35	|:a:|xba	12 7c7c7c3a617c3a7c7c786261
14	x|:bx	7 787c7c7c3a6278
38	xbb|a|xxxx:x||bb	21 7862627c7c617c7c787878787c3a787c7c7c7c6262
40	xb:|:b::|x:	18 78627c3a7c7c7c3a627c3a7c3a7c7c787c3a
39	a:xx:b|aa|::b:||x||abbx	34 617c3a78787c3a627c7c61617c7c7c3a7c3a627c3a7c7c7c7c787c7c7c7c61626278
10	:|||x|	8 7c3a7c7c7c7c7c7c
33	a:x|	6 617c3a787c7c
35	b	1 62
7	b:a:||b:xb|b:||xxx:|x:b:abxb	6 627c3a617c3a
18	babxb	5 6261627862
28	|b:b||x	11 7c7c627c3a627c7c7c7c78
21	b|b	4 627c7c62
36	a|abxb|xabx||babaxaa	24 617c7c616278627c7c786162787c7c7c7c62616261786161
30	:xa:a	7 7c3a78617c3a61
4	|a|:ax|ab|ba|a:x	2 7c7c
16	::|:bb|::	14 7c3a7c3a7c7c7c3a62627c7c7c3a
10		0 
16	||xb:xba:|b|b:x:a:aa||:b::||	15 7c7c7c7c78627c3a7862617c3a7c7c
15	xx|a|bxx:||axb:	14 78787c7c617c7c6278787c3a7c7c
5	bb:aaxxax||xbb|xxa:a:|:|b	4 62627c3a
21	ab||xxb:ab|:|ba:b	19 61627c7c7c7c7878627c3a61627c7c7c3a7c7c
36	::ax|abxb:aaa:x:aa|::bax:x:b:	35 7c3a7c3a61787c7c616278627c3a6161617c3a787c3a61617c7c7c3a7c3a6261787c3a
39	|b:ax||b||x:b	20 7c7c627c3a61787c7c7c7c627c7c7c7c787c3a62
40		0 
36	ax|xaxbab:xa:|xaa:|ab	27 61787c7c7861786261627c3a78617c3a7c7c7861617c3a7c7c6162
23	a|a|a|b:bx:	16 617c7c617c7c617c7c627c3a62787c3a
12		0 
12	:axab|bxxx:bb|bab:bbabaa	11 7c3a617861627c7c627878
31	|axa|:b:xxbbx:a|bxa|a::a|b::	30 7c7c6178617c7c7c3a627c3a78786262787c3a617c7c6278617c7c617c3a
6	aababbabb:a:bab|	5 6161626162
11	aax|aa|||abx::|bbx:bbbx	9 6161787c7c61617c7c
16	:ax:a:xxa:bab|:a:aabxxbbx:xa	14 7c3a61787c3a617c3a7878617c3a
17	xb||||||:|x::||x||:||	16 78627c7c7c7c7c7c7c7c7c7c7c7c7c3a
11	|:::xa:x	10 7c7c7c3a7c3a7c3a7861
17	x|x:|:a:	13 787c7c787c3a7c7c7c3a617c3a
40	x|::bb:ax|axxx:axbaaa:x|	32 787c7c7c3a7c3a62627c3a61787c7c617878787c3a6178626161617c3a787c7c
25	a:xx:abbabbbbbaab|axa:bxbx:|a	24 617c3a78787c3a6162626162626262626161627c7c617861
37	aax:xxx:b||abxxab:abxaa::x	33 6161787c3a7878787c3a627c7c7c7c6162787861627c3a61627861617c3a7c3a78
35	axaxbbabxxbab:xabxaxaxbx	25 617861786262616278786261627c3a78616278617861786278
3	a|a|x|aa:||a:xx:xbabx|b:	1 61
6	:b	3 7c3a62
13	xxxa|aa||ax:b|xa::|:|b|xb|:	12 787878617c7c61617c7c7c7c
36	|bx|a:|x|	14 7c7c62787c7c617c3a7c7c787c7c
4	::xbb|axab:b|bb::a|xx:xxx	2 7c3a
12	|:	4 7c7c7c3a
13	|::axxaxbaa|a:x:x	12 7c7c7c3a7c3a617878617862
12	b:b	4 627c3a62
8	|||bax|	6 7c7c7c7c7c7c
7	||bxxxaaa:x	6 7c7c7c7c6278
36	x|b:abxxb	11 787c7c627c3a6162787862
10	abaxxax::::aa::b||b|x	9 616261787861787c3a
5	a|:xxax	3 617c7c
27	::||xb::ba:aab|||||bax:xax::xx	25 7c3a7c3a7c7c7c7c78627c3a7c3a62617c3a6161627c7c7c7c
34	x::ax|b:bax:xaxba|a|aaaxbbxx	33 787c3a7c3a61787c7c627c3a6261787c3a78617862617c7c617c7c616161786262
12	|abb:bbb||a:||bx::a:a:a|:|axbx	10 7c7c6162627c3a626262
29	|b:xabx	9 7c7c627c3a78616278
13	aaa:b:b|:xx:xbab||:x:b|	11 6161617c3a627c3a627c7c
11	:aa:	6 7c3a61617c3a
25	:|b:|aaaxab|:b|xb|abxx:baxx	24 7c3a7c7c627c3a7c7c6161617861627c7c7c3a627c7c7862
20	xa|x	5 78617c7c78
25	b|:a|bbbxb||abx|ax:	24 627c7c7c3a617c7c62626278627c7c7c7c6162787c7c6178
29	x:xx|xax	10 787c3a78787c7c786178
13	bbx|::|||b|:a::aab	11 6262787c7c7c3a7c3a7c7c
5	||xbaabxabxaa|:xa	4 7c7c7c7c
24	x|x:|bx|b|x||bb|ab|xb:ax:	22 787c7c787c3a7c7c62787c7c627c7c787c7c7c7c6262
8	aabbxb:abab	6 616162627862
23	x|xbabxbxab|xax:a:xa|:|a|:|	22 787c7c7862616278627861627c7c7861787c3a617c3a
40	|:xxb|xbabb	14 7c7c7c3a7878627c7c7862616262
3	a:|:	1 61
23	b|bxb|xb:b:|x|::|||:ab|:|xxx|	22 627c7c6278627c7c78627c3a627c3a7c7c787c7c7c3a
9	axx|:b|:b:axbxxbbx|:bbxb	7 6178787c7c7c3a
20	b:x|:|:ab|x:x	19 627c3a787c7c7c3a7c7c7c3a61627c7c787c3a
8	:axa:xbx|b|abx|xa|x|xb:xa|a	7 7c3a6178617c3a
30	x	1 78
4	bba|xaaaxa||aax|bx:b|bb|xx:ba	3 626261
32	||	4 7c7c7c7c
23	|:|	6 7c7c7c3a7c7c
31	ab:|aaba|xabaaaxxxa:axba	28 61627c3a7c7c616162617c7c786162616161787878617c3a61786261
25	ax:b|x:xbbb|aaxa|:b||:a|xb:	24 61787c3a627c7c787c3a786262627c7c616178617c7c7c3a
11	xb	2 7862
30	bbaa::||::xax:|:|x:bxaaababb	28 626261617c3a7c3a7c7c7c7c7c3a7c3a7861787c3a7c7c7c3a7c7c78
5	|:abax|aaaxab|:a|xbxx||xabax	4 7c7c7c3a
12	aaabaxabaxbxbb:a|xax	11 6161616261786162617862
32	::|a:b|a:|	17 7c3a7c3a7c7c617c3a627c7c617c3a7c7c
28	bxa|xbaa:bb|||xabb:x|b|	26 6278617c7c786261617c3a62627c7c7c7c7c7c786162627c3a78
39	axbbb|x|a:ba|xbx|b:x|xbbb|xb	36 61786262627c7c787c7c617c3a62617c7c7862787c7c627c3a787c7c786262627c7c7862
13	xx|b:a:||a:x|aaa:||abxa||ab|	12 78787c7c627c3a617c3a7c7c
33	x|aab|ax	10 787c7c6161627c7c6178
9	|a||xaa:|xax:x|||bx	7 7c7c617c7c7c7c
15	bxb:aaxbba|:|bx:|a	13 6278627c3a6161786262617c7c
18	:::||:x:	15 7c3a7c3a7c3a7c7c7c7c7c3a787c3a
36	a:|xabb	9 617c3a7c7c78616262
29	:x||abxaxa|xxabbx:ba:	27 7c3a787c7c7c7c6162786178617c7c7878616262787c3a62617c3a
13	b|a|bxab:b|a|a||b|a|axaxx::x:a	12 627c7c617c7c627861627c3a
32	bbx|::xaxxa:b:|::x	26 6262787c7c7c3a7c3a78617878617c3a627c3a7c7c7c3a7c3a78
39	bb|bxxbbb||xabxxa:|xab:aba:	34 62627c7c6278786262627c7c7c7c7861627878617c3a7c7c7861627c3a6162617c3a
18	:b:aba:aaaax::||a|:aabxx	17 7c3a627c3a6162617c3a61616161787c3a
34	ax:bb|x	9 61787c3a62627c7c78
36	x||:xa|xb||xx|ba:bb|bxbxa:aa	34 787c7c7c7c7c3a78617c7c78627c7c7c7c78787c7c62617c3a62627c7c6278627861
40	abb|bb|bxaabx|b:||:a::xb:|	37 6162627c7c62627c7c6278616162787c7c627c3a7c7c7c7c7c3a617c3a7c3a78627c3a7c7c
15	:a:bb:xx:|xx::ax||:b::x:xbb	13 7c3a617c3a62627c3a78787c3a
22	xxxb|bb:abxbxa:b:x|xax	21 787878627c7c62627c3a6162786278617c3a627c3a
10	ab:|aa:bbab|a:|bbb	8 61627c3a7c7c6161
25	xa|x:bbax|b:xx:||b|b|x|a	24 78617c7c787c3a626261787c7c627c3a78787c3a7c7c7c7c
8	a:b|ba|b||xaxx||xabbb:bxbbabx	6 617c3a627c7c
5	axxxb||	4 61787878
30	xbba:xa:|b:	15 786262617c3a78617c3a7c7c627c3a
3	x::b:x	1 78
39	xx:xxaax:|a:|bx	20 78787c3a78786161787c3a7c7c617c3a7c7c6278
12	::|::|:::bbaax|:xaa:x	10 7c3a7c3a7c7c7c3a7c3a
33	xx:|a|xxbb|::x	20 78787c3a7c7c617c7c787862627c7c7c3a7c3a78
22	b|	3 627c7c
21	ab|b|x|::bxxxba	20 61627c7c627c7c787c7c7c3a7c3a627878786261
28	|axaaa:x|a:a|a	19 7c7c61786161617c3a787c7c617c3a617c7c61
13	xxxx:xxbx|:ax||x:bba|b|xba|	12 787878787c3a787862787c7c
38	:a:||||a:	16 7c3a617c3a7c7c7c7c7c7c7c7c617c3a
20	|	2 7c7c
11	:ba:bba:|b|b||axaxb:|	9 7c3a62617c3a626261
33	|x:bbabb:|x:	17 7c7c787c3a62626162627c3a7c7c787c3a
17	x:|x	6 787c3a7c7c78
34	x|x|b:bbx:||b|aa|:b:aa:axa:::|	32 787c7c787c7c627c3a6262787c3a7c7c7c7c627c7c61617c7c7c3a627c3a6161
35	x:ax|x:|bb|abx|bba:	26 787c3a61787c7c787c3a7c7c62627c7c6162787c7c6262617c3a
32	a:a:xax:||xa	17 617c3a617c3a7861787c3a7c7c7c7c7861
29	|xx|::|xa|bbb:||	25 7c7c78787c7c7c3a7c3a7c7c78617c7c6262627c3a7c7c7c7c
36	:b:||::|:|::|x:x|	31 7c3a627c3a7c7c7c7c7c3a7c3a7c7c7c3a7c7c7c3a7c3a7c7c787c3a787c7c
11	b|axba|::::bx:||b:bxxb|x|	9 627c7c617862617c7c
17	|	2 7c7c
23	b::x:|aax	13 627c3a7c3a787c3a7c7c616178
20	:|b:::a:babx|:a:|bb::|xa	18 7c3a7c7c627c3a7c3a7c3a617c3a62616278
26	::xx:|:a|:a:|b|ax::xbaa:bx:ax	25 7c3a7c3a78787c3a7c7c7c3a617c7c7c3a617c3a7c7c627c7c
37	bx|bb|b:|a::xb|	22 62787c7c62627c7c627c3a7c7c617c3a7c3a78627c7c
11	|b|b||bb:aa|:|ax||:b|xb|bxabb	10 7c7c627c7c627c7c7c7c
23		0 
30	xbb:a|b:a	12 7862627c3a617c7c627c3a61
16	xb|:a:b:x|:b:	15 78627c7c7c3a617c3a627c3a787c7c
31	x|:x:	8 787c7c7c3a787c3a
27	x::a:xba::	15 787c3a7c3a617c3a7862617c3a7c3a
20	x::x:x|:ax:|:b:xb::b::	19 787c3a7c3a787c3a787c7c7c3a61787c3a7c7c
37	a	1 61
24	::b:a|b|::bxx:|baxbab:axa	22 7c3a7c3a627c3a617c7c627c7c7c3a7c3a6278787c3a
15	ax:a:|b|xa|abb	14 61787c3a617c3a7c7c627c7c7861
7	axxb	4 61787862
3	a||xbxbb:x	1 61
8	:b	3 7c3a62
38	:ab:::axbb|a:::ax|ba:a:|	36 7c3a61627c3a7c3a7c3a617862627c7c617c3a7c3a7c3a61787c7c62617c3a617c3a7c7c
19	|aabx	6 7c7c61616278
9	::xxxax|b|:x|a:	8 7c3a7c3a78787861
9	x:|a:x:b::x::bx	8 787c3a7c7c617c3a
23	:ba|:bxa:b:|bbxb:::b	22 7c3a62617c7c7c3a6278617c3a627c3a7c7c62627862
14	::xb	6 7c3a7c3a7862
14	abab|::x::xxxb|	13 616261627c7c7c3a7c3a787c3a
7		0 
16	bb|axbb:|x	13 62627c7c617862627c3a7c7c78
24	x:a|aab||x|aaa:a	22 787c3a617c7c6161627c7c7c7c787c7c6161617c3a61
37	::|b|:|b|	16 7c3a7c3a7c7c627c7c7c3a7c7c627c7c
35	bb:bba|b::::xaxxbxbx	26 62627c3a6262617c7c627c3a7c3a7c3a7c3a7861787862786278
17	x::bx|::	13 787c3a7c3a62787c7c7c3a7c3a
22	a|:a|a|bab||:||a:xaax:a:xa:|	20 617c7c7c3a617c7c617c7c6261627c7c7c7c7c3a
31	:b:bab|||bb:b:b:a:|:xx	29 7c3a627c3a6261627c7c7c7c7c7c62627c3a627c3a627c3a617c3a7c7c
16		0 
22		0 
27	|x:xab|bxabxaaxb	19 7c7c787c3a7861627c7c627861627861617862
6	aba::|::x|	5 6162617c3a
19	|a|x:a|:|aa:|||ba::bbx	17 7c7c617c7c787c3a617c7c7c3a7c7c6161
13	bb:	4 62627c3a
17	|:a||aaxa||axaxbaaaab||	15 7c7c7c3a617c7c7c7c616178617c7c
16	|abxaa|:x::baxbxxb:ax:xb:::|x:	14 7c7c61627861617c7c7c3a787c3a
20	:baa|:ab:|b::a:x|xaxxb||::a	18 7c3a6261617c7c7c3a61627c3a7c7c627c3a
19	||axabab|:bbba:bb	18 7c7c7c7c6178616261627c7c7c3a62626261
10	|bxx:xa|x:|b	9 7c7c6278787c3a7861
16	b:a:a|:a::aaax	14 627c3a617c3a617c7c7c3a617c3a
7	xbb:ax|||:|x:x||b:|:b:	5 7862627c3a
5	xxxbb|:|:axbaxaabb|b|::a	4 78787862
12	aa|bab|:|:|::	11 61617c7c6261627c7c7c3a
34	xb|b:	7 78627c7c627c3a
23		0 
15	aaxxxa|a:|bxx|b:aa	13 6161787878617c7c617c3a7c7c
21	::|:|:::ab::xabxxb|ab|xaxxba:	20 7c3a7c3a7c7c7c3a7c7c7c3a7c3a7c3a61627c3a
9	|ab||xbb:||bx	8 7c7c61627c7c7c7c
32	x:xaa:||b|	15 787c3a7861617c3a7c7c7c7c627c7c
8	b|a:b:xba	6 627c7c617c3a
7	xx|a:xabxxa|bax:xbx:|	5 78787c7c61
40	|b::a|:a||b::x	23 7c7c627c3a7c3a617c7c7c3a617c7c7c7c627c3a7c3a78
19	b::|:bx	11 627c3a7c3a7c7c7c3a6278
30	b:x::x:a:x:|a:ax:|b:b|xa||:ba|	28 627c3a787c3a7c3a787c3a617c3a787c3a7c7c617c3a61787c3a7c7c
16	bxbxa|xxxax:xa::aaab	14 62786278617c7c78787861787c3a
19	:|a||ab::	15 7c3a7c7c617c7c7c7c61627c3a7c3a
26	xa|:bbbb|xabxa:|xx:b|||x:aa|	25 78617c7c7c3a626262627c7c78616278617c3a7c7c78787c3a
24	|:||a:||ax:aab|:||:xaxx:xax	22 7c7c7c3a7c7c7c7c617c3a7c7c7c7c61787c3a616162
34	ba|ab	6 62617c7c6162
29	aa|x|:|x|bxa||a|xb:	28 61617c7c787c7c7c3a7c7c787c7c6278617c7c7c7c617c7c78627c3a
36	a:xa|aba|::xxaaabb||axb::	34 617c3a78617c7c6162617c7c7c3a7c3a787861616162627c7c7c7c6178627c3a7c3a
12		0 
4	:|b|b:ba|:|	2 7c3a
5	:x||a	3 7c3a78
10	|bx:bb|b:bbbxb|:a::a:|:|x|bx|b	8 7c7c62787c3a6262
37	xxa:xa|	9 7878617c3a78617c7c
10	bbxbbbba:bxb:ax	8 6262786262626261
17	::bbbx|bxxa:bxbx:|||bbb|b|bbx	16 7c3a7c3a626262787c7c627878617c3a
22	bba:::b||a|ba	19 6262617c3a7c3a7c3a627c7c7c7c617c7c6261
31	b|b:|xa:ba:xx|xbb:abb|b|:a|	30 627c7c627c3a7c7c78617c3a62617c3a78787c7c7862627c3a6162627c7c
19	:b|a:a::bb||ba::aa	17 7c3a627c7c617c3a617c3a7c3a62627c7c
19	x:x:ba|bxbx||xx||a:	18 787c3a787c3a62617c7c627862787c7c7c7c
8	:bb:::b|b	6 7c3a62627c3a
30	ax:b:|||xa::b:	22 61787c3a627c3a7c7c7c7c7c7c78617c3a7c3a627c3a
27	b:b:abaax|:a:|:x:x|x	25 627c3a627c3a61626161787c7c7c3a617c3a7c7c7c3a787c3a
15	bb::aa:|:aa||b|:||aaaxx	14 62627c3a7c3a61617c3a7c7c7c3a
15	b:|b:||:abb|xax:bb:::b::b:|bb	14 627c3a7c7c627c3a7c7c7c7c7c3a
19	:bxb|||axa|:|	18 7c3a6278627c7c7c7c7c7c6178617c7c7c3a
35	::::b:b:a::x:xxa:	27 7c3a7c3a7c3a7c3a627c3a627c3a617c3a7c3a787c3a7878617c3a
5	b:xbx:a:	3 627c3a
31	b:bb:x:ab	12 627c3a62627c3a787c3a6162
7	xb|xa|b	6 78627c7c7861
3	bax|:::bbbxa:	2 6261
37	b:xb:bxab	11 627c3a78627c3a62786162
21	x|xba:ab|	12 787c7c7862617c3a61627c7c
7	ba|b|bb::||aa|bx	5 62617c7c62
34	xx:b:x|:b|	15 78787c3a627c3a787c7c7c3a627c7c
40	:xa|:|ax|xbxbxxb:	23 7c3a78617c7c7c3a7c7c61787c7c786278627878627c3a
18	b::aa||a::a:::xb	16 627c3a7c3a61617c7c7c7c617c3a7c3a
11	bb|:||x:	10 62627c7c7c3a7c7c7c7c
4	baax:ba:|:baaxa	3 626161
16	::|	6 7c3a7c3a7c7c
35	|b|ax:a|x|	15 7c7c627c7c61787c3a617c7c787c7c
21	bxa|xax|::::|x:|ba::a:|:xaxxx|	20 6278617c7c7861787c7c7c3a7c3a7c3a7c3a7c7c
5	axaabx	4 61786161
35	xx|::bbb|||aab|xbxx|bb:|b	34 78787c7c7c3a7c3a6262627c7c7c7c7c7c6161627c7c786278787c7c62627c3a7c7c
5	bbxbb||:x:|:x:b|xx:ba|ax|bax|	4 62627862
8	bb:bxabxax|::xxxax:b:ba||b:aba	7 62627c3a627861
5	b::xxxbxxxb|bxab	3 627c3a
22	a:b||bab::x|a::b|xx:a|x||axxb:	21 617c3a627c7c7c7c6261627c3a7c3a787c7c617c3a
17	b	1 62
30	:b:aa:b||axax::x	23 7c3a627c3a61617c3a627c7c7c7c617861787c3a7c3a78
3	|||bbbx:|:ax|:|:ba:|:	2 7c7c
3	a:xbb:x|:xx:b:||ab:x:aaaxb:b:	1 61
23	aaab:::ab||	16 616161627c3a7c3a7c3a61627c7c7c7c
7	:|aab:::x:xx|	6 7c3a7c7c6161
37	b|:xa	7 627c7c7c3a7861
31	aa|x||x	10 61617c7c787c7c7c7c78
36	|:b::bab|bab||b	22 7c7c7c3a627c3a7c3a6261627c7c6261627c7c7c7c62
40	|||:x::xa	15 7c7c7c7c7c7c7c3a787c3a7c3a7861
4	abbxxa:x:::xa:x	3 616262
3	x:x:xa:xxba|a	1 78
32	bba:a:|||||a:b::|	28 6262617c3a617c3a7c7c7c7c7c7c7c7c7c7c617c3a627c3a7c3a7c7c
40	::baxax::	13 7c3a7c3a62617861787c3a7c3a
26	:|ab::b::bxbabxa:|a:|::a|ba	24 7c3a7c7c61627c3a7c3a627c3a7c3a627862616278617c3a
33	bxba::b|xaabx	16 627862617c3a7c3a627c7c7861616278
38	:b::x|ab:ba	16 7c3a627c3a7c3a787c7c61627c3a6261
14	x|:bb::a:bbxx	12 787c7c7c3a62627c3a7c3a61
17	x:b:||	10 787c3a627c3a7c7c7c7c
11	ab|:b	7 61627c7c7c3a62
16	bb	2 6262
27	|:||aaa|baab	17 7c7c7c3a7c7c7c7c6161617c7c62616162
38	xb:|bxa|x:|axx	19 78627c3a7c7c6278617c7c787c3a7c7c617878
24	xa::b::ax:bx	17 78617c3a7c3a627c3a7c3a61787c3a6278
3	|bba|b:xbbxaa:x:	2 7c7c
40	xb:xx|ab:ax:b||:::|	29 78627c3a78787c7c61627c3a61787c3a627c7c7c7c7c3a7c3a7c3a7c7c
18	::xx:a||xa|b::bbx|xa|aa|x|a	17 7c3a7c3a78787c3a617c7c7c7c78617c7c
39	bx::x|ax|:bbxbx:xa:b:b	30 62787c3a7c3a787c7c61787c7c7c3a62627862787c3a78617c3a627c3a62
3	x:xxa:	1 78
8	x:b:b:a|	6 787c3a627c3a
40	:a:aa||a:|xb|x|x|	26 7c3a617c3a61617c7c7c7c617c3a7c7c78627c7c787c7c787c7c
28	|b:	5 7c7c627c3a
7	b|::x|:	5 627c7c7c3a
14	babbax|b:|b|babbba:|xb:b|ba	13 6261626261787c7c627c3a7c7c
31	bba:bxx:a|a:a:::a|:|baaxa:a:|:	30 6262617c3a6278787c3a617c7c617c3a617c3a7c3a7c3a617c7c7c3a7c7c
27	:|bbabxx|:bxa|::xx|bba	25 7c3a7c7c6262616278787c7c7c3a6278617c7c7c3a7c3a7878
36	a:ababx	8 617c3a6162616278
29	:|ab	6 7c3a7c7c6162
30	x|xaa:axa|axxx::xa|::bbbxax::a	29 787c7c7861617c3a6178617c7c617878787c3a7c3a78617c7c7c3a7c3a
35	bb|b|::::b|bxbxxb:bbaxbxx	33 62627c7c627c7c7c3a7c3a7c3a7c3a627c7c6278627878627c3a62626178627878
3	aaa:xb:|a|b:b|xa	2 6161
21	:|a	5 7c3a7c7c61
7	||:ax:baax:x	6 7c7c7c7c7c3a
15	:|b|:ax|x	13 7c3a7c7c627c7c7c3a61787c7c
8	:|||b:xb	6 7c3a7c7c7c7c
18	aa	2 6161
10	|xbaa	6 7c7c78626161
33	b	1 62
40	a:	3 617c3a
25	ax:ba	6 61787c3a6261
15	aaxxxbbx	8 6161787878626278
19	xbb:b:::|aaxba|xb|||bba|bbxbax	18 7862627c3a627c3a7c3a7c3a7c7c61617862
23	|xa:xab|||axaxax:|aa	21 7c7c78617c3a7861627c7c7c7c7c7c617861786178
9	a|xbab:::aa:ax	7 617c7c78626162
21	|aa|x|:bbx	14 7c7c61617c7c787c7c7c3a626278
18	a:b|x|a||a:|||x|a	17 617c3a627c7c787c7c617c7c7c7c617c3a
27	abaa	4 61626161
3	b|:a|:bx:b:a:x:bax|axaa	1 62
4	ax||||a:aab	2 6178
34	a|:baab|b:bba|aa|aax:a	29 617c7c7c3a626161627c7c627c3a6262617c7c61617c7c6161787c3a61
37	:||bxab|::	16 7c3a7c7c7c7c627861627c7c7c3a7c3a
29	|aaaa|xb	10 7c7c616161617c7c7862
21	xx|:b|a:||x:a|xbbxxa||x	19 78787c7c7c3a627c7c617c3a7c7c7c7c787c3a
17	bb|:	6 62627c7c7c3a
34	babaaxbaxxxx|ababb	19 6261626161786261787878787c7c6162616262
14	b::bxa|:	12 627c3a7c3a6278617c7c7c3a
3	bbx|aaabxxb::b|ax|:xax|aa	2 6262
20	||xxb|::a||:|xx|ba|:|ab	18 7c7c7c7c7878627c7c7c3a7c3a617c7c7c7c
4	|	2 7c7c
22	|axb:a|:xaa||x|b|bxabba|x|	20 7c7c6178627c3a617c7c7c3a7861617c7c7c7c78
29	aa|||axa:a	14 61617c7c7c7c7c7c6178617c3a61
3	a:a||x:::babx:xa:|:x:	1 61
39	aabb||:ab||xxba::x|bx|x|	34 616162627c7c7c7c7c3a61627c7c7c7c787862617c3a7c3a787c7c62787c7c787c7c
12	||:xb:|:|b::b:bxx:|	10 7c7c7c7c7c3a78627c3a
22	|::a:abba|x::||:x:xbbxx	20 7c7c7c3a7c3a617c3a616262617c7c787c3a7c3a
19	:|ab::x|:x|	18 7c3a7c7c61627c3a7c3a787c7c7c3a787c7c
26	axxba|	7 61787862617c7c
11	::x:a|x:b:bx	10 7c3a7c3a787c3a617c7c
15	xb|xa	6 78627c7c7861
29	:bx:b|	9 7c3a62787c3a627c7c
26	::b:::x|x:b:|::xaba:x:||x	24 7c3a7c3a627c3a7c3a7c3a787c7c787c3a627c3a7c7c7c3a
3	||bbbxbx|x:|a	2 7c7c
36	|xa|bax:	11 7c7c78617c7c6261787c3a
27	bxbbx|xbxababab	16 62786262787c7c786278616261626162
31	aab:ab:b:babx|	18 6161627c3a61627c3a627c3a626162787c7c
21	xa|axb:aaxba:x||b|:xx|:	19 78617c7c6178627c3a61617862617c3a787c7c
27	axaabxxbabbbxb:x	17 61786161627878626162626278627c3a78
3	b|:|aa:x:bxx:bxb:a|	1 62
28	|aab:a:b|bx:b:|b:|b::b:a:xaba:	27 7c7c6161627c3a617c3a627c7c62787c3a627c3a7c7c627c3a7c7c
36	:	2 7c3a
34	aab|x||:xx:|:|ba	24 6161627c7c787c7c7c7c7c3a78787c3a7c7c7c3a7c7c6261
7	xa|:||aa:a:x||bbaaba|ax:ax	6 78617c7c7c3a
28	aabax||bxxb|	15 61616261787c7c7c7c627878627c7c
5	b	1 62
23	xab|::	9 7861627c7c7c3a7c3a
33	|::x|axabax::a	20 7c7c7c3a7c3a787c7c6178616261787c3a7c3a61
5	:x||||ax:||::ax:bbb:	3 7c3a78
32	a||xaaax:||:	18 617c7c7c7c78616161787c3a7c7c7c7c7c3a
24	bxbba|||axax|ab:bx:|xa:	23 62786262617c7c7c7c7c7c617861787c7c61627c3a6278
13	ax:bxx|aba|:b:|:|b:xx|:|a|xx:	12 61787c3a6278787c7c616261
10	bbaxaa|a:baxab:axxx:x::xb	8 6262617861617c7c
7	aa|:|xbbaabaxa||b	6 61617c7c7c3a
37	:|a|xb:bb|:x|	20 7c3a7c7c617c7c78627c3a62627c7c7c3a787c7c
24	axb|:x|bb||||b|:aa||ax||x	23 6178627c7c7c3a787c7c62627c7c7c7c7c7c7c7c627c7c
16	b|xxx|:xbx:xabbxx:abab:xx:x:bb	15 627c7c7878787c7c7c3a7862787c3a
31	:a::xax:bxx|x	18 7c3a617c3a7c3a7861787c3a6278787c7c78
27	xa	2 7861
4	x|ab::b	3 787c7c
30	||:||bx:x|	17 7c7c7c7c7c3a7c7c7c7c62787c3a787c7c
9	b||b:bx|ab:	8 627c7c7c7c627c3a
15	:xab|:b:|::b|||a::a|a|||:	14 7c3a7861627c7c7c3a627c3a7c7c
12	a:|b|::b	10 617c3a7c7c627c7c7c3a
28	abb|axa:a|xbbbbx:x:b|bxax:|	27 6162627c7c6178617c3a617c7c7862626262787c3a787c3a627c7c
17	a:|aaxbx|abb|x	15 617c3a7c7c61617862787c7c616262
3	|a|xbbbx:b|abx:aa:a:||||	2 7c7c
30	bb||baba|a|:|	19 62627c7c7c7c626162617c7c617c7c7c3a7c7c
29	x|a||ab|abaabba:a	22 787c7c617c7c7c7c61627c7c616261616262617c3a61
36	aa:xaa:|:axbxa:b|aaxxb	28 61617c3a7861617c3a7c7c7c3a61786278617c3a627c7c6161787862
34	::xba|axxba||x|::bxx:aaa:x|b:b	33 7c3a7c3a7862617c7c61787862617c7c7c7c787c7c7c3a7c3a6278787c3a616161
30	:|bab:|a:baba|||bbxxb:a	29 7c3a7c7c6261627c3a7c7c617c3a626162617c7c7c7c7c7c6262787862
13	|bbxaabbx	10 7c7c6262786161626278
4		0 
24	b|xab:xb	10 627c7c7861627c3a7862
5	x||bbaa|bxa|xb	3 787c7c
37	:aa|b:|x:||b:a:x|||:aa:bbaab|	35 7c3a61617c7c627c3a7c7c787c3a7c7c7c7c627c3a617c3a787c7c7c7c7c7c7c3a6161
22	b|::xxbxba	13 627c7c7c3a7c3a787862786261
31	xbaba::x|x:ab:x|aab:||:a:	29 78626162617c3a7c3a787c7c787c3a61627c3a787c7c6161627c3a7c7c
11	xx:x::|:x|:::::|:abbx:bbx:	9 78787c3a787c3a7c3a
26	ba	2 6261
31	|bxa:xaba|:|b|:x|:b|x|::b::	30 7c7c6278617c3a786162617c7c7c3a7c7c627c7c7c3a787c7c7c3a627c7c
37	|:|bx||	12 7c7c7c3a7c7c62787c7c7c7c
20	x	1 78
28		0 
26	|a|:bb|xababa	17 7c7c617c7c7c3a62627c7c786162616261
13	x|bax:a|:aabb:|xaa:a|:::	11 787c7c6261787c3a617c7c
29	a|a:|aaa:x|:b|:xx:xaxb|ba	27 617c7c617c3a7c7c6161617c3a787c7c7c3a627c7c7c3a78787c3a
17	bx|bbb	7 62787c7c626262
16		0 
33	x:|xx|a:||ab:bb||:b:x	31 787c3a7c7c78787c7c617c3a7c7c7c7c61627c3a62627c7c7c7c7c3a627c3a
5	|::xbba|:b:bx|ba:ab	4 7c7c7c3a
12	b:|||:ab:a||	11 627c3a7c7c7c7c7c7c7c3a
38	a|a|	6 617c7c617c7c
24	|ab:bb	8 7c7c61627c3a6262
31	xb||:x|:|:|bb::	25 78627c7c7c7c7c3a787c7c7c3a7c7c7c3a7c7c62627c3a7c3a
32	:b:a:aaabb:aa	17 7c3a627c3a617c3a61616162627c3a6161
10	a:x|:bxa	8 617c3a787c7c7c3a
28	:|xaxba::|b	16 7c3a7c7c78617862617c3a7c3a7c7c62
6	||||xaabx:a:|b::axbb|ab	4 7c7c7c7c
25	:	2 7c3a
31	:bxx:b|:bx|b:xba|xbx:xaa:|	29 7c3a6278787c3a627c7c7c3a62787c7c627c3a7862617c7c7862787c3a
19	b:xxa|:xxa||||:|x|aa:a	17 627c3a7878617c7c7c3a7878617c7c7c7c
24	xbb|:	7 7862627c7c7c3a
40	a|xbbbbbaabbbx	15 617c7c786262626262616162626278
31	a:|xx||xbx||ax:||abx::bxx:	29 617c3a7c7c78787c7c7c7c7862787c7c7c7c61787c3a7c7c7c7c616278
38	xbax::||ab:|a::|x:bbxa	32 786261787c3a7c3a7c7c7c7c61627c3a7c7c617c3a7c3a7c7c787c3a62627861
22	xbxaa|:bxbxx:|:a|a:bxb:	20 78627861617c7c7c3a62786278787c3a7c7c7c3a
23	ax:|::a:|xb	17 61787c3a7c7c7c3a7c3a617c3a7c7c7862
21	xa:ax:x|||b	16 78617c3a61787c3a787c7c7c7c7c7c62
24	|:axbb|aa:bxxxaa|||xx|a|b|	22 7c7c7c3a617862627c7c61617c3a6278787861617c7c
11	||aa::|bb:abbxxbbxx|b:a|xbx:b	10 7c7c7c7c61617c3a7c3a
33	babb:xx:a|axx|xa:xax|baabab|aa	32 626162627c3a78787c3a617c7c6178787c7c78617c3a7861787c7c6261616261
19	x:xab|x|:aaabbxxab|axa:ab	18 787c3a7861627c7c787c7c7c3a6161616262
28	a:	3 617c3a
35	xa|bxb:abbxxxx||xx::|xaa:|bb	33 78617c7c6278627c3a616262787878787c7c7c7c78787c3a7c3a7c7c7861617c3a
16	||::a:|aa|b:x|abxaxbaaxxb	15 7c7c7c7c7c3a7c3a617c3a7c7c6161
3	:abbxb||	2 7c3a
28	x||xxx|:x:axab:	21 787c7c7c7c7878787c7c7c3a787c3a617861627c3a
16	a:|x:xbb::b|:::||xb::xxb:x|:	15 617c3a7c7c787c3a7862627c3a7c3a
26	b	1 62
31	aa|x:ax|::||xaxxax	25 61617c7c787c3a61787c7c7c3a7c3a7c7c7c7c786178786178
3	:x:|xx|x|a|ba||bx||:bxb:abbbaa	2 7c3a
24	ba||ab|:x|	15 62617c7c7c7c61627c7c7c3a787c7c
16	bbb|:|:a:a::a:ba:ax:||:bxb::	14 6262627c7c7c3a7c7c7c3a617c3a
35	bxxab:ba:|:x|:a|::bx:|::a|:a:	33 62787861627c3a62617c3a7c7c7c3a787c7c7c3a617c7c7c3a7c3a62787c3a7c7c
29	|xb:xx|x|:xxbaab|	23 7c7c78627c3a78787c7c787c7c7c3a7878626161627c7c
37	:|ab:ab:b|bba|ba:|bax||b|:::|	36 7c3a7c7c61627c3a61627c3a627c7c6262617c7c62617c3a7c7c6261787c7c7c7c627c7c
13	xbba:ab::::xxbaxxabx:|:b|ax	12 786262617c3a61627c3a7c3a
8	::xaxbba	7 7c3a7c3a786178
11	:|b:aa:a:x:a|	9 7c3a7c7c627c3a6161
15	ab::a:b|x:b:|axb:bx::|::a|x	13 61627c3a7c3a617c3a627c7c78
29	b::::||ba::bb	21 627c3a7c3a7c3a7c3a7c7c7c7c62617c3a7c3a6262
12	bbxaxaa:aax:bbxa:bx|a|a:::xx	11 626278617861617c3a6161
16	|	2 7c7c
31	xa|:abb|b:|:xbx:x|x:	29 78617c7c7c3a6162627c7c627c3a7c7c7c3a7862787c3a787c7c787c3a
28	|baa:b:a|b||abaxxb|xx|b:ab	26 7c7c6261617c3a627c3a617c7c627c7c7c7c6162617878627c7c
31	baaaa:|:bxba:bxxx::bx:bbxx|	29 62616161617c3a7c7c7c3a627862617c3a627878787c3a7c3a62787c3a
12	axaxa|b||:aaa:a:bb|aa|:b||	10 61786178617c7c627c7c
24	b:b:|abb|xx:aax|bxa:xbbb:b	22 627c3a627c3a7c7c6162627c7c78787c3a6161787c7c
20	aa|a:|b|||xxax::bab::xb::b:x	19 61617c7c617c3a7c7c627c7c7c7c7c7c787861
28	b:b:|	8 627c3a627c3a7c7c
16	|::b|||x	14 7c7c7c3a7c3a627c7c7c7c7c7c78
12	|abxxx|b|bbbbxbxaa|xxaa:xax:x	10 7c7c61627878787c7c62
37	|x||x:a::x|x:||ab	27 7c7c787c7c7c7c787c3a617c3a7c3a787c7c787c3a7c7c7c7c6162
35	|baxbb|x	10 7c7c62617862627c7c78
17	|baaxb|b|:bbxa|xbxbaxa	16 7c7c62616178627c7c627c7c7c3a6262
12	b|bbxa|b	10 627c7c626278617c7c62
35	axbxa::a|b:b:axabbxb|x|xbxba	34 61786278617c3a7c3a617c7c627c3a627c3a617861626278627c7c787c7c78627862
20	|ba:baa	9 7c7c62617c3a626161
20	bx::bx:b	11 62787c3a7c3a62787c3a62
39	b|||x|baaxbxa|xxax:a:x|ba|b|a	38 627c7c7c7c7c7c787c7c626161786278617c7c787861787c3a617c3a787c7c62617c7c627c7c
32	x:xb::axxa::ax|ab	23 787c3a78627c3a7c3a617878617c3a7c3a61787c7c6162
4	xbabx::x||||x||:|:a::a|b:	3 786261
27	:|xaabbbbb||x|x:||b|x:b|:	26 7c3a7c7c78616162626262627c7c7c7c787c7c787c3a7c7c7c7c
3	xbx::b|b|:a:ba|a|:	2 7862
38	xa|:x|||||a|a:xa|bb|xab:ax	36 78617c7c7c3a787c7c7c7c7c7c7c7c7c7c617c7c617c3a78617c7c62627c7c7861627c3a
35	bxx|:b::	12 6278787c7c7c3a627c3a7c3a
25	bbx:|x::aab|:xaa:bxb|a	24 6262787c3a7c7c787c3a7c3a6161627c7c7c3a7861617c3a
28	xbb::xxaaaa	13 7862627c3a7c3a787861616161
7	:|xx:aaabb|bxba:x|a	6 7c3a7c7c7878
23	a:xabb:x:aax:|:xxbxx:xb|b:x	21 617c3a786162627c3a787c3a6161787c3a7c7c7c3a
13	|aa	4 7c7c6161
29	b||a:bb:bxxxxxxab:	23 627c7c7c7c617c3a62627c3a6278787878787861627c3a
38	:x:||:b||	16 7c3a787c3a7c7c7c7c7c3a627c7c7c7c
33	bx|x:x|xbxa|||b:ab	25 62787c7c787c3a787c7c786278617c7c7c7c7c7c627c3a6162
12	b:|	5 627c3a7c7c
39	b||b:x|	11 627c7c7c7c627c3a787c7c
36	:b:a:xxb:b||aa	20 7c3a627c3a617c3a7878627c3a627c7c7c7c6161
39	b|ax|:b|bxx|x	18 627c7c61787c7c7c3a627c7c6278787c7c78
36	|||x:xaa:|xbb|:xaaa	27 7c7c7c7c7c7c787c3a7861617c3a7c7c7862627c7c7c3a78616161
4	:xb||x|xbaab::|:|b:aax:x|b|x	2 7c3a
25		0 
12	|b|	5 7c7c627c7c
26	x|bx:|axabb:bab:xbbb:b:abx||	25 787c7c62787c3a7c7c61786162627c3a6261627c3a78626262
31	b|bx|bba|xaaxxb:|::abb:::	29 627c7c62787c7c6262617c7c7861617878627c3a7c7c7c3a7c3a616262
34	a:baaxbxaaxaa:|b:b:bba||:aabaa	33 617c3a62616178627861617861617c3a7c7c627c3a627c3a6262617c7c7c7c7c3a
20	aa|bbx|xa|aaaaxbaa::||:bx:b|	19 61617c7c6262787c7c78617c7c616161617862
40	:bbx:|bxb	12 7c3a6262787c3a7c7c627862
24	bax|::b||x:a:bb	22 6261787c7c7c3a7c3a627c7c7c7c787c3a617c3a6262
18	x:aa	5 787c3a6161
18	:bxx|xxbbaxb|:bx:|bx::ab:xx:|a	16 7c3a6278787c7c787862626178627c7c
23	|:|xb|axb:|bb|b:xa:	21 7c7c7c3a7c7c78627c7c6178627c3a7c7c62627c7c
6	a	1 61
27	:|aaa::x|xaab|x|bx	25 7c3a7c7c6161617c3a7c3a787c7c786161627c7c787c7c6278
3	||xb|ba|ba:x:|x:	2 7c7c
32	bxxbxxbabb:x|xxbx	19 627878627878626162627c3a787c7c78786278
32	axb:xbabaxaaba::xb	21 6178627c3a786261626178616162617c3a7c3a7862
13	xbxa:::::x	12 786278617c3a7c3a7c3a7c3a
11	axbx||b|::||b	9 617862787c7c7c7c62
15	baxx|:||a||a:b||ab	13 626178787c7c7c3a7c7c7c7c61
20	|aa::bbb:a|ba	18 7c7c61617c3a7c3a6262627c3a617c7c6261
13	||bxa|aaba|a::xb:bx::xax:bxx	12 7c7c7c7c6278617c7c616162
32	a||:ax	9 617c7c7c7c7c3a6178
19	:||::b	11 7c3a7c7c7c7c7c3a7c3a62
24	|abb:a:|a:x	16 7c7c6162627c3a617c3a7c7c617c3a78
25	x:||abbaa|x||xx|	23 787c3a7c7c7c7c61626261617c7c787c7c7c7c78787c7c
17	ax:xb:|:||ax|:a||:x:	16 61787c3a78627c3a7c7c7c3a7c7c7c7c
11	|b	3 7c7c62
25	b	1 62
23	|x|xax|a|b|:b|xb|bxa:	21 7c7c787c7c7861787c7c617c7c627c7c7c3a627c7c
24	xbaa|a:|aabbabab:x|axx|:	22 786261617c7c617c3a7c7c61616262616261627c3a78
5	||aabx|:|b|x|x:b::aaax|	4 7c7c7c7c
20	b|x||axx:||b|||bb::xb	18 627c7c787c7c7c7c6178787c3a7c7c7c7c62
27	:|baa:bbbbx	14 7c3a7c7c6261617c3a6262626278
12	:xa|aax||xb:|	11 7c3a78617c7c6161787c7c
10	b:x::|x:axabb|abaax	8 627c3a787c3a7c3a
10	aa	2 6161
7	:x:xb|b:|x	5 7c3a787c3a
9	a::|:||:xaba|aa	7 617c3a7c3a7c7c
16	::xxbbxaxabx	14 7c3a7c3a78786262786178616278
26	aaxx	4 61617878
20	||:|ba|xa|::aab::xba|	18 7c7c7c7c7c3a7c7c62617c7c78617c7c7c3a
25	b:|xx:a:xa::	18 627c3a7c7c78787c3a617c3a78617c3a7c3a
7	xb:xaaba||a|::|:	6 78627c3a7861
22	axa:bb|:ba:|	17 6178617c3a62627c7c7c3a62617c3a7c7c
22	b	1 62
6	|abba:x:xaxx:ab	5 7c7c616262
19	a:x	4 617c3a78
15	:b|bx	7 7c3a627c7c6278
36	b:xbx||ab|:b	17 627c3a7862787c7c7c7c61627c7c7c3a62
8	||b|b:x|:|:bbaxx:x:xb:b|b||xax	7 7c7c7c7c627c7c
33	b::||axaaxax|xx|xx	24 627c3a7c3a7c7c7c7c617861617861787c7c78787c7c7878
3	x:	1 78
37	bx::xa::a	13 62787c3a7c3a78617c3a7c3a61
9	b::::b|a|ax	7 627c3a7c3a7c3a
22	a:x|b:x:a:a|b::x|:|bb||abba	21 617c3a787c7c627c3a787c3a617c3a617c7c627c3a
38	|::|:|a	13 7c7c7c3a7c3a7c7c7c3a7c7c61
40	|xxbax|:aa|:|aabxbb::ab:|	35 7c7c78786261787c7c7c3a61617c7c7c3a7c7c6161627862627c3a7c3a61627c3a7c7c
40	a|xbaxbxx:b:b|ab|:xb	26 617c7c786261786278787c3a627c3a627c7c61627c7c7c3a7862
18	x|ab|a::ax||:b|b|::	16 787c7c61627c7c617c3a7c3a61787c7c
34	::xb|a	9 7c3a7c3a78627c7c61
21	b||:|b::xxx|	19 627c7c7c7c7c3a7c7c627c3a7c3a7878787c7c
31	|aa:|bxaa::xaaxx	21 7c7c61617c3a7c7c627861617c3a7c3a7861617878
38	|ba:b	7 7c7c62617c3a62
39	||baxbxaxb:baa:bb|baxabb:b:a	35 7c7c7c7c62617862786178627c3a6261617c3a62627c7c6261786162627c3a627c3a61
9	|xx|x::a|	7 7c7c78787c7c78
13	|ax|xa||:::ba|:x:xa	12 7c7c61787c7c78617c7c7c7c
30	baxbxbb:a|xa|xbbb|aa	24 626178627862627c3a617c7c78617c7c786262627c7c6161
22	|ba:bb:|ax|:bb:ax|xa|b:|xx	20 7c7c62617c3a62627c3a7c7c61787c7c7c3a6262
35	|:baxaxbax|xaa|a:a||x|abaxbxx|	34 7c7c7c3a62617861786261787c7c7861617c7c617c3a617c7c7c7c787c7c61626178
36	:axx||:b::xa|a||x|:xbabxbbb:|a	35 7c3a6178787c7c7c7c7c3a627c3a7c3a78617c7c617c7c7c7c787c7c7c3a7862616278
26	xa:|b||x:::|b:::|:ba:a	25 78617c3a7c7c627c7c7c7c787c3a7c3a7c3a7c7c627c3a7c3a
14	bab:x|x	9 6261627c3a787c7c78
16	b:|bb|ab:axa|xba|:a|a|bxxbb	15 627c3a7c7c62627c7c61627c3a6178
39	:xx:ab|aaax||bb|:x:xbab|babx|	37 7c3a78787c3a61627c7c616161787c7c7c7c62627c7c7c3a787c3a786261627c7c62616278
40	xxxb:x:bx:b:b::xa:	25 787878627c3a787c3a62787c3a627c3a627c3a7c3a78617c3a
8	aabxbbbx|	7 61616278626262
31	x|xxbaxb:x|bb|aab:|::xaaxa|:	29 787c7c7878626178627c3a787c7c62627c7c6161627c3a7c7c7c3a7c3a
31	|a|x:|::a::||baaa|:	29 7c7c617c7c787c3a7c7c7c3a7c3a617c3a7c3a7c7c7c7c626161617c7c
26	xbax:|:x:ba::|	21 786261787c3a7c7c7c3a787c3a62617c3a7c3a7c7c
37	xb|::xxx|a||x	19 78627c7c7c3a7c3a7878787c7c617c7c7c7c78
16	:|a	5 7c3a7c7c61
3	xxx|:|:::xxa|xab:bxxx::a|:xab	2 7878
28	aabbb|ax	9 61616262627c7c6178
5	ab:bxx	4 61627c3a
20	xxa|b:a:bb	13 7878617c7c627c3a617c3a6262
36	:ax	4 7c3a6178
18	bb:x||:|:bb	17 62627c3a787c7c7c7c7c3a7c7c7c3a6262
16	b|b:axb||x	14 627c7c627c3a6178627c7c7c7c78
19	|x::bxb	10 7c7c787c3a7c3a627862
38	x|x|	6 787c7c787c7c
10	xbb:x:xbbax:a	8 7862627c3a787c3a
6	|:|a|xb:|b:xxxa:|b:bx	4 7c7c7c3a
24	b:aaa|bxax:::abb:xaa|x|b:||||	23 627c3a6161617c7c627861787c3a7c3a7c3a6162627c3a
17	bxxa::|x:bb:xax:b	15 627878617c3a7c3a7c7c787c3a6262
11	ax|aab:x:x|aba|ab|baaxb||:|ab	9 61787c7c6161627c3a
27	axb:baa|||ab:a|:axb|	26 6178627c3a6261617c7c7c7c7c7c61627c3a617c7c7c3a617862
13	||a:a:x||a:bba:axx:axx	11 7c7c7c7c617c3a617c3a78
35	xaa::ba::||x|xa:x::b:|	34 7861617c3a7c3a62617c3a7c3a7c7c7c7c787c7c78617c3a787c3a7c3a627c3a7c7c
21	:a|xbxabaxbb:b::|babababb||a|a	19 7c3a617c7c7862786162617862627c3a627c3a
30	ba:	4 62617c3a
18	|bbbab|ba:|ba||::|a:bxxa|xb|b	17 7c7c62626261627c7c62617c3a7c7c6261
14	b	1 62
19	axbax|xa:|a|bax:a|a	18 61786261787c7c78617c3a7c7c617c7c6261
18	|xbx|a:	10 7c7c7862787c7c617c3a
3	aabxaa:baaxbba|xx	2 6161
8	a::x:a:ax:axx	6 617c3a7c3a78
32	|b:||b|:||aba:|xbaa|:xaxab	31 7c7c627c3a7c7c7c7c627c7c7c3a7c7c7c7c6162617c3a7c7c786261617c7c
28	|x|::xab|xxa||ax:	25 7c7c787c7c7c3a7c3a7861627c7c7878617c7c7c7c61787c3a
40	ba:b|x:a:|:xb:bbb|x:a|	32 62617c3a627c7c787c3a617c3a7c7c7c3a78627c3a6262627c7c787c3a617c7c
27	a:|bba	8 617c3a7c7c626261
11	:b:xa|xxa|x	9 7c3a627c3a78617c7c
6	x:x||:bb|xa	4 787c3a78
9	:ax:::a:xa:bbxabab:ab||babxb|x	8 7c3a61787c3a7c3a
21	x||:x:a	11 787c7c7c7c7c3a787c3a61
8	x	1 78
13	:a::b:	10 7c3a617c3a7c3a627c3a
24	|:aab:ba||x	16 7c7c7c3a6161627c3a62617c7c7c7c78
28	bx:xbxxxaabbxaxbxbaa|a:|bbx||b	26 62787c3a78627878786161626278617862786261617c7c617c3a
28		0 
38	||ax:::|ax:|a|b:|ax|axxb:xx:	36 7c7c7c7c61787c3a7c3a7c3a7c7c61787c3a7c7c617c7c627c3a7c7c61787c7c61787862
24	x:x:aa:b:|bx|x:|x	22 787c3a787c3a61617c3a627c3a7c7c62787c7c787c3a
21	||a:aaaxax|bxb	18 7c7c7c7c617c3a6161617861787c7c627862
9	baabbxbx|a::abab|axb|bbbxa:	8 6261616262786278
16	axxaabax:|:|abx	14 61787861616261787c3a7c7c7c3a
23	x::|:|bxxb|x::|:ba:xbaa|:	22 787c3a7c3a7c7c7c3a7c7c627878627c7c787c3a7c3a
3	b:||:|ax|:aaa|ba:||:||||a|x	1 62
6	xa|:a|:||xxb::aa	4 78617c7c
28	|axbb:ab	10 7c7c617862627c3a6162
25	ba	2 6261
20	bb	2 6262
9	:||::xbxx:abx:xb|xx::	8 7c3a7c7c7c7c7c3a
37	::aaxaa:b|::xbaxax|xxx|:xx|	35 7c3a7c3a61617861617c3a627c7c7c3a7c3a7862617861787c7c7878787c7c7c3a7878
18	ba::b|xa:ax:xx|x|x:bx	17 62617c3a7c3a627c7c78617c3a61787c3a
3	:bb:	2 7c3a
28	x:::a|b:b	14 787c3a7c3a7c3a617c7c627c3a62
5	ba|b:xx:xxa:b|:b|a:|	4 62617c7c
18		0 
9	aa	2 6161
31		0 
27	ax:|x:|x:baa:a|:	24 61787c3a7c7c787c3a7c7c787c3a6261617c3a617c7c7c3a
11	|a	3 7c7c61
39	:bab|x|x|:::xaxxx:xx:ba|||	38 7c3a6261627c7c787c7c787c7c7c3a7c3a7c3a78617878787c3a78787c3a62617c7c7c7c7c7c
26	a:x:xb||:ba:xx:|abxx||bbb	24 617c3a787c3a78627c7c7c7c7c3a62617c3a78787c3a7c7c
22	b::	5 627c3a7c3a
38	:xb|x|xxx|	14 7c3a78627c7c787c7c7878787c7c
29	:b:x:a:|xxa:x:x:a:aa|:a:	27 7c3a627c3a787c3a617c3a7c7c7878617c3a787c3a787c3a617c3a
16	a:|||:xab|	14 617c3a7c7c7c7c7c7c7c3a786162
9	a	1 61
30	ab:xx:ba::|	16 61627c3a78787c3a62617c3a7c3a7c7c
17	|x:|bxaxbxb|bx|a|b|a|:a||	16 7c7c787c3a7c7c627861786278627c7c
25	bx:x:b|b:||:x	20 62787c3a787c3a627c7c627c3a7c7c7c7c7c3a78
7	|x:	5 7c7c787c3a
33	bbx|:x:xbax	14 6262787c7c7c3a787c3a78626178
3	b:b|a:	1 62
11	a:ax|aa:|x|abx|xba	9 617c3a61787c7c6161
10	x:b|bab:b:b	9 787c3a627c7c626162
34	|x:bx|x:baa::bx|:|xb|:xb||ab	33 7c7c787c3a62787c7c787c3a6261617c3a7c3a62787c7c7c3a7c7c78627c7c7c3a
18	abaxx:|	9 61626178787c3a7c7c
11	a:xb|xxxxb|a::xbbabxx:xx:x||:	10 617c3a78627c7c787878
12	axbb|:xba|:xa||:b|a:::bb:bb	11 617862627c7c7c3a786261
23	|:baxabb|xx||bb	20 7c7c7c3a6261786162627c7c78787c7c7c7c6262
15	x||baa|||:x|b:xxxa|bxb:|bxa	14 787c7c7c7c6261617c7c7c7c7c7c
23	ax::|ba:aa:b	17 61787c3a7c3a7c7c62617c3a61617c3a62
19	aa:ab|bbaa	12 61617c3a61627c7c62626161
38	a|a|b|b::	14 617c7c617c7c627c7c627c3a7c3a
6	:|b|:a|xb||:x|::::aa	4 7c3a7c7c
38	bbb|x:|xbb:||:bxxaaxx	28 6262627c7c787c3a7c7c7862627c3a7c7c7c7c7c3a62787861617878
4	|||:::a|ax:xxx:aa	2 7c7c
16	:x||xb|	11 7c3a787c7c7c7c78627c7c
32	b:|bba|:bbxx:b|a:|b||bab:|b	31 627c3a7c7c6262617c7c7c3a626278787c3a627c7c617c3a7c7c627c7c7c7c
40	|bb:bba:ab|xbxaabb	22 7c7c62627c3a6262617c3a61627c7c78627861616262
4	xb:b|xabab:xx|bx|b|axxb:|:a|ba	2 7862
31	aaaab|x|a:	13 61616161627c7c787c7c617c3a
31	bax:	5 6261787c3a
10	xbx|aax|:ab|:x:|x|||a::b|b	8 7862787c7c616178
21	xxxx:|:|bx|	16 787878787c3a7c7c7c3a7c7c62787c7c
3	:x|x:|ab:	2 7c3a
23	xbabaxx:|b||	16 786261626178787c3a7c7c627c7c7c7c
23	baa:x:ax:a	13 6261617c3a787c3a61787c3a61
8	bxa	3 627861
11	|a:xbbb|x:x|xx|b||:	9 7c7c617c3a78626262
30	|bbbaxx:b:abb:x::|:a||:	28 7c7c6262626178787c3a627c3a6162627c3a787c3a7c3a7c7c7c3a61
40	|ax	4 7c7c6178
4	|x|:a::xbb::xxab:ab	2 7c7c
37	::xaba|a|axb|ax:axxa:ab::::aa:	36 7c3a7c3a786162617c7c617c7c6178627c7c61787c3a617878617c3a61627c3a7c3a7c3a
33	a|ab:|x	10 617c7c61627c3a7c7c78
5	:b|:a||:ab:x:|:bxxa	3 7c3a62
8	|:|x|xba||a|bx|x	6 7c7c7c3a7c7c
9	xx:::|xaxb::|bbaabbax:a|	8 78787c3a7c3a7c3a
30	b|axbxb:|a|aax|::a:::|a::xbbxx	29 627c7c61786278627c3a7c7c617c7c6161787c7c7c3a7c3a617c3a7c3a
36	|xaa::x|ba:	16 7c7c7861617c3a7c3a787c7c62617c3a
9	bbx|xx|:bxb:b|	7 6262787c7c7878
4	xb:bxba:axx||:	2 7862
15	||xbbb:|b|b:a	13 7c7c7c7c786262627c3a7c7c62
14	xbbx	4 78626278
31	xxx||x:xxaaaxba	18 7878787c7c7c7c787c3a7878616161786261
27	:x:||b||bbb:bx	21 7c3a787c3a7c7c7c7c627c7c7c7c6262627c3a6278
26	ax|bx|xa:::x||:xax||	25 61787c7c62787c7c78617c3a7c3a7c3a787c7c7c7c7c3a7861
14	:	2 7c3a
15		0 
33	|xxbxx:a|x:xa:|||:x||:x	32 7c7c78786278787c3a617c7c787c3a78617c3a7c7c7c7c7c7c7c3a787c7c7c7c
32	||bb||:aba||:a:x:|aba|::b	31 7c7c7c7c62627c7c7c7c7c3a6162617c7c7c7c7c3a617c3a787c3a7c7c6162
30	a|aab|:xxxxaaabxax:ba|aa|x	29 617c7c6161627c7c7c3a78787878616161627861787c3a62617c7c6161
12	a:x||:aaa|a|:xabxa|bbaba:a:x	10 617c3a787c7c7c7c7c3a
6	xb|ax:x::|ba:||:|	4 78627c7c
8	xx|x|:xb:	7 78787c7c787c7c
36	||:ba|||bx|b	19 7c7c7c7c7c3a62617c7c7c7c7c7c62787c7c62
13	a|||abx:abaa||xbb|:bb|x|	12 617c7c7c7c7c7c6162787c3a
9	:a|xxa|b|abbba|xa:|a|	8 7c3a617c7c787861
22	:x|	5 7c3a787c7c
31	x|:||xa:	13 787c7c7c3a7c7c7c7c78617c3a
37	x|xxbba|x:|||:b|:a||bab	34 787c7c78786262617c7c787c3a7c7c7c7c7c7c7c3a627c7c7c3a617c7c7c7c626162
10	axa|bxab|a|b:|bbxbxabb|xbab	9 6178617c7c62786162
35	|:x:|ax::|bx	19 7c7c7c3a787c3a7c7c61787c3a7c3a7c7c6278
4	bxa|xbb|bxbb|b:a::	3 627861
20	abbb	4 61626262
19	b:xbx|bbxabxba::b	18 627c3a7862787c7c62627861627862617c3a
27	::bx|:|:aaaxa	19 7c3a7c3a62787c7c7c3a7c7c7c3a6161617861
8		0 
14	x|||a|ba:x:x:|:aaxa|x	12 787c7c7c7c7c7c617c7c6261
34	|:xxb:a:ba|::|b:	25 7c7c7c3a7878627c3a617c3a62617c7c7c3a7c3a7c7c627c3a
23	babx|aa|ab|b:x:x:a::x|ba	21 626162787c7c61617c7c61627c7c627c3a787c3a78
34	:|xaxb	8 7c3a7c7c78617862
20	ba|aabxa|a||xaxx::x::|	19 62617c7c61616278617c7c617c7c7c7c786178
11	:|abxaabxb:a:xa	10 7c3a7c7c616278616162
18	:xabb|xxax|ax|aa|abx	16 7c3a786162627c7c787861787c7c6178
34	bbx|b:xaax:|axa|x:b|x|::bxxbx	32 6262787c7c627c3a786161787c3a7c7c6178617c7c787c3a627c7c787c7c7c3a
3	b:a|:b:|	1 62
36	xx|x	5 78787c7c78
35	ax:x:|x	10 61787c3a787c3a7c7c78
28	a||a:	8 617c7c7c7c617c3a
27		0 
4	::||::ba:xba|	2 7c3a
11		0 
17	a||bxaa:x||xax:|b:b|ba	16 617c7c7c7c627861617c3a787c7c7c7c
19	baxxaa:a::a|::bbb|a	18 6261787861617c3a617c3a7c3a617c7c7c3a
29	|	2 7c7c
9	b|b:ab	8 627c7c627c3a6162
37	xa:x	5 78617c3a78
33	ab:bxxbxab:a:	16 61627c3a627878627861627c3a617c3a
25	a|xax|xabx|a|a	18 617c7c7861787c7c786162787c7c617c7c61
4	:bbab:|ax	2 7c3a
11	a:	3 617c3a
21	|:a:ax|bb|:x|b|bxa|	20 7c7c7c3a617c3a61787c7c62627c7c7c3a787c7c
26	x:xxb:|::b|bx|b|	24 787c3a7878627c3a7c7c7c3a7c3a627c7c62787c7c627c7c
26	:xa:bxbb|:b:a:bbb:aba|||:a	25 7c3a78617c3a627862627c7c7c3a627c3a617c3a6262627c3a
10	xx:a	5 78787c3a61
26	a||::|ab|:xaa	20 617c7c7c7c7c3a7c3a7c7c61627c7c7c3a786161
40	aba:|b||x	13 6162617c3a7c7c627c7c7c7c78
23	b:bb||xxb:b|ax:bx|aba:	21 627c3a62627c7c7c7c7878627c3a627c7c61787c3a
29	x:xbx:bbax:	14 787c3a7862787c3a626261787c3a
13	b:xa:a:a:a::b:babb:x:|	11 627c3a78617c3a617c3a61
28	|a:abxbxx:|::a:ax	24 7c7c617c3a6162786278787c3a7c7c7c3a7c3a617c3a6178
14		0 
40	bx:bxba||	12 62787c3a627862617c7c7c7c
34	|	2 7c7c
38	|||	6 7c7c7c7c7c7c
22	a|a:bb|	10 617c7c617c3a62627c7c
29	a:a:bx|x:aaxxaax:axxxxx	28 617c3a617c3a62787c7c787c3a616178786161787c3a617878787878
39	bx|||bxa:bbbabxbabab	24 62787c7c7c7c7c7c6278617c3a6262626162786261626162
4	x:x|b|ax	3 787c3a
40	bxx|a|:x|:a	16 6278787c7c617c7c7c3a787c7c7c3a61
15	:	2 7c3a
20	|	2 7c7c
36	||axbaxb|b:x|||aa|b|abaababbxx	35 7c7c7c7c6178626178627c7c627c3a787c7c7c7c7c7c61617c7c627c7c616261616261
34	:a:|xbb|||	16 7c3a617c3a7c7c7862627c7c7c7c7c7c
17	|:aaaxbb|axabxbaax:bx:aa::a	16 7c7c7c3a6161617862627c7c61786162
7	::x:a|:x	5 7c3a7c3a78
6	a:|b|:aa|||bbbx:x|b	5 617c3a7c7c
14	b:	3 627c3a
28	a|::b|:a||:|:xbx	26 617c7c7c3a7c3a627c7c7c3a617c7c7c7c7c3a7c7c7c3a786278
32	xxbxbbb|::xb:b:ab|ba:ab::	30 787862786262627c7c7c3a7c3a78627c3a627c3a61627c7c62617c3a6162
21	bbx:b|bxxxa|xb|||||abb:ba:ba	19 6262787c3a627c7c62787878617c7c78627c7c
4	bbx:xb:x||baxxxbx|:|xa|ax::	3 626278
11	:bbbb|:a:||a:abx|xb	10 7c3a626262627c7c7c3a
33	:|||	8 7c3a7c7c7c7c7c7c
35	bbx	3 626278
39	a:||xxb::xa	16 617c3a7c7c7c7c7878627c3a7c3a7861
38	x:x	4 787c3a78
15	b|x||x:xbabax:bb|b	14 627c7c787c7c7c7c787c3a786261
29	b|a||a|xaaa:xa|aa|ax|:|:||||	27 627c7c617c7c7c7c617c7c786161617c3a78617c7c61617c7c6178
25	b:xxx|	8 627c3a7878787c7c
17	a|x|axabxbxa|:axaxbax|:bb:b	16 617c7c787c7c61786162786278617c7c
40	x|||abaxax|:bx|xxa|	26 787c7c7c7c7c7c6162617861787c7c7c3a62787c7c7878617c7c
5	baa|xab:||x|bab|b||aaaxaxx	3 626161
16	|xa::b|:b:a|aaaaab|xxa:|:xx:	14 7c7c78617c3a7c3a627c7c7c3a62
36	:b:bbaxabxaa|a:	19 7c3a627c3a6262617861627861617c7c617c3a
8	|:a|x|x||axxa|x:||aabx|:a::|	7 7c7c7c3a617c7c
6	b|x:::b||:aaxa|	4 627c7c78
21	b:x	4 627c3a78
18	|ab:|x|:xb|:|axx||axxaxx:||:	17 7c7c61627c3a7c7c787c7c7c3a78627c7c
5	:|:b|:bax:b::||bx|::x|xx|	4 7c3a7c7c
15	axbb|a:b|x|ax|xbxxxxxxx|axb|x	13 617862627c7c617c3a627c7c78
36	:|aaa|aa:xb:||:xbxx|b	30 7c3a7c7c6161617c7c61617c3a78627c3a7c7c7c7c7c3a786278787c7c62
4	aax:ax:aab:b	3 616178
28	bbx||axa||:||b|::bb:bx|x	27 6262787c7c7c7c6178617c7c7c7c7c3a7c7c7c7c627c7c7c3a7c3a
37	bba	3 626261
38	xbb|:::	11 7862627c7c7c3a7c3a7c3a
21	bxaaba|b|x:ax	16 6278616162617c7c627c7c787c3a6178
25	b:b||abbaabbx::xxb|a	23 627c3a627c7c7c7c61626261616262787c3a7c3a787862
19	xxa:baaax|x|xaa|a:ab:|a	18 7878617c3a62616161787c7c787c7c786161
13	a|:b:|ab|:::xb::a|xb	12 617c7c7c3a627c3a7c7c6162
6	:x|:bab	5 7c3a787c7c
16	|	2 7c7c
25	xaa:|a:abaxbx:|a::	23 7861617c3a7c7c617c3a6162617862787c3a7c7c617c3a
22	aa|aa|	8 61617c7c61617c7c
18	|axa::bbb||xba|b	16 7c7c6178617c3a7c3a6262627c7c7c7c
35	a||:|b|a	13 617c7c7c7c7c3a7c7c627c7c61
10	axabxx|:|aabab:||xxx|	8 6178616278787c7c
29	a:b|a:bb|a|b:|a	22 617c3a627c7c617c3a62627c7c617c7c627c3a7c7c61
5	:a::xxb:b|:xxxxbxaab	3 7c3a61
34	xb:b||xab:||bb|x	23 78627c3a627c7c7c7c7861627c3a7c7c7c7c62627c7c78
18	|bbxaba::xbbbx:|xaa|x||xb	17 7c7c6262786162617c3a7c3a7862626278
35	|bx||::xaa:bax|x::xb	29 7c7c62787c7c7c7c7c3a7c3a7861617c3a6261787c7c787c3a7c3a7862
27	x:bba|xa::ab::x	21 787c3a6262617c7c78617c3a7c3a61627c3a7c3a78
10	||b:	7 7c7c7c7c627c3a
35	a|x:||xb	12 617c7c787c3a7c7c7c7c7862
4	a:x|	3 617c3a
13	xx	2 7878
28	|bxb|b:x	11 7c7c6278627c7c627c3a78
23	a:|:x|b|b:x|a	20 617c3a7c7c7c3a787c7c627c7c627c3a787c7c61
9		0 
30	xb||ax|||baaab	19 78627c7c7c7c61787c7c7c7c7c7c6261616162
3	xbx|ax:|x:|b:||xxb:xx:x:a|b|	2 7862
23	:|abx|b||||	18 7c3a7c7c6162787c7c627c7c7c7c7c7c7c7c
23	|b|a:a::xa:a|bxbbx:a::|babbb:	22 7c7c627c7c617c3a617c3a7c3a78617c3a617c7c6278
16	x	1 78
31	|b||:x::a:::a||a:b	29 7c7c627c7c7c7c7c3a787c3a7c3a617c3a7c3a7c3a617c7c7c7c617c3a
26	|	2 7c7c
12	:baab::ab:|||:|	10 7c3a626161627c3a7c3a
24	|b	3 7c7c62
9	abb::::b|:a:	7 6162627c3a7c3a
32	ab|	4 61627c7c
33	:a|x|ab|b|a::b:bbbxa|a||b	31 7c3a617c7c787c7c61627c7c627c7c617c3a7c3a627c3a62626278617c7c61
4	||:ba|b|b	2 7c7c
23	aaa|ax|x:b	13 6161617c7c61787c7c787c3a62
19	ab:a|baaaxbb|xbbbax|b:	18 61627c3a617c7c626161617862627c7c7862
33	:b:b||bxa|x:|aab	23 7c3a627c3a627c7c7c7c6278617c7c787c3a7c7c616162
8	:|:b|baba|:bxbxbx:xa:xb:b|	6 7c3a7c7c7c3a
17	||xx|xx||ab||b|aa:	16 7c7c7c7c78787c7c78787c7c7c7c6162
29	x:bx|:::x|bxbxb|::	27 787c3a62787c7c7c3a7c3a7c3a787c7c62786278627c7c7c3a7c3a
25	|x:xa:	9 7c7c787c3a78617c3a
7	b:x:xbxxa:a|:xa:bb	6 627c3a787c3a
40	ba|:|x|aaxa:ba:|xbb:|x|axaxb	38 62617c7c7c3a7c7c787c7c616178617c3a62617c3a7c7c7862627c3a7c7c787c7c6178617862
38	ba|aa::a|ba||||xba:|	30 62617c7c61617c3a7c3a617c7c62617c7c7c7c7c7c7c7c7862617c3a7c7c
22	::xa|axbbxbba|x|b|a|x|ax::x	21 7c3a7c3a78617c7c61786262786262617c7c787c7c
26	xa|a|xabxxxbaxx|baa|a||xba|x	24 78617c7c617c7c786162787878626178787c7c6261617c7c
31	|ba:axxxxxa:xxx||ba::xa::	30 7c7c62617c3a617878787878617c3a7878787c7c7c7c62617c3a7c3a7861
4	aa:bxbbaaa:xaxx	2 6161
17	b|xaxx||bbxxxa:x	16 627c7c786178787c7c7c7c6262787878
21	baxxx||abxaab:b:xa:a	20 62617878787c7c7c7c6162786161627c3a627c3a
26	::bbxb|::b|ab||b|b|a:|bx	24 7c3a7c3a626278627c7c7c3a7c3a627c7c61627c7c7c7c62
18	|b	3 7c7c62
33	ba::axa:|	13 62617c3a7c3a6178617c3a7c7c
9	ba|b:axx:x|:|xb:|x:|:|::x	7 62617c7c627c3a
12	::x||:aaaba:bba:a	11 7c3a7c3a787c7c7c7c7c3a
20		0 
24	b:axb|xxabxx:babxbx	22 627c3a6178627c7c7878616278787c3a626162786278
8	bxa::ab:|a:xbxbbbxb|ab:x:|:	7 6278617c3a7c3a
3	bxa:|:aa::a	2 6278
35	|:|:a:b||:aaxb|bxbxxbb:|x|b	33 7c7c7c3a7c7c7c3a617c3a627c7c7c7c7c3a616178627c7c627862787862627c3a
17	:a|ba:|b:x:aax|bba|||||bxa	15 7c3a617c7c62617c3a7c7c627c3a78
33	||x:b::bx:::b|bbabbb|	31 7c7c7c7c787c3a627c3a7c3a62787c3a7c3a7c3a627c7c6262616262627c7c
23		0 
23	x	1 78
20	:babaxbb:a:|xa:|x|	18 7c3a626162617862627c3a617c3a7c7c7861
38	xbb|a|bb	10 7862627c7c617c7c6262
12	x|ax|xxaaxbxbxx|ab|x|:	11 787c7c61787c7c78786161
24	x||xab:aa::aab|a	22 787c7c7c7c7861627c3a61617c3a7c3a6161627c7c61
16	:bbba:||xaxbba:||:	15 7c3a626262617c3a7c7c7c7c786178
17	|bbb|bax|ababab|ab	16 7c7c6262627c7c6261787c7c61626162
5	axa|:|bb:bx|abb:ba|||bxbba:|a:	3 617861
4	x:	3 787c3a
26	:b:axx:xxa|xaxbbb|	23 7c3a627c3a6178787c3a7878617c7c7861786262627c7c
24	|	2 7c7c
22	|:a|xa||xxb|:|:baaax	20 7c7c7c3a617c7c78617c7c7c7c7878627c7c7c3a
23	|aaab	6 7c7c61616162
14	b:x:|xxx|b|:ax:xb|a:xx	13 627c3a787c3a7c7c7878787c7c
22		0 
39	xa:x|xb::xbbabb:b	22 78617c3a787c7c78627c3a7c3a7862626162627c3a62
9	xa||:x|abb|:	8 78617c7c7c7c7c3a
12	bbx||b|ba:xab|	10 6262787c7c7c7c627c7c
3	xb:|x||bbb|:b:axa:	2 7862
14	x|xaa:|:xb|	12 787c7c7861617c3a7c7c7c3a
29	|:|x||ab:b|ax:b|:x|	27 7c7c7c3a7c7c787c7c7c7c61627c3a627c7c61787c3a627c7c7c3a
16	ax:b|:	9 61787c3a627c7c7c3a
21	bx:||bxx:a:aaab:ax||aaa	20 62787c3a7c7c7c7c6278787c3a617c3a61616162
40	b:bxxxa:b:x	14 627c3a62787878617c3a627c3a78
27	|a:baxx:	11 7c7c617c3a626178787c3a
9	a||a|x:|xbxa|xx|x|bxbxxx	8 617c7c7c7c617c7c
24	:b|a|ba:xaxbb|:::a|bx:babb	23 7c3a627c7c617c7c62617c3a78617862627c7c7c3a7c3a
34	bbbb:bx|||:b|xx|bb:bb|a:aab	32 626262627c3a62787c7c7c7c7c7c7c3a627c7c78787c7c62627c3a62627c7c61
37	x:aab::ba:x	15 787c3a6161627c3a7c3a62617c3a78
22	:b:b|:baaabxxbx:||bx	21 7c3a627c3a627c7c7c3a6261616162787862787c3a
5	a:xxbbb:|ax|x:	3 617c3a
19	:x:bx	7 7c3a787c3a6278
18	b::|xxxb||:x|a|xa||:|x|ab	17 627c3a7c3a7c7c787878627c7c7c7c7c3a
28	|:a|x|:bbxxa|ax	21 7c7c7c3a617c7c787c7c7c3a62627878617c7c6178
9	ax|axa:xbx::a|b|b	7 61787c7c617861
10	xabb:a|bx:|aa:	9 786162627c3a617c7c
29	||bba	7 7c7c7c7c626261
27	xx::x|bx:a|ba|:a:|ba|	25 78787c3a7c3a787c7c62787c3a617c7c62617c7c7c3a617c3a
5	|x|a|aaaaa|b:bxaxaxa	3 7c7c78
13	||:||	10 7c7c7c7c7c3a7c7c7c7c
15	x|xbx::x:babbaba:|a|xxba	13 787c7c7862787c3a7c3a787c3a
35	b:xa|a|a:xx|axx:x|	25 627c3a78617c7c617c7c617c3a78787c7c6178787c3a787c7c
25	bax::|x:|:a:xx:abaa:bbaxx	23 6261787c3a7c3a7c7c787c3a7c7c7c3a617c3a78787c3a
16	:	2 7c3a
17	x:a:a	7 787c3a617c3a61
33	:xbaaax::b:|a:	20 7c3a7862616161787c3a7c3a627c3a7c7c617c3a
12	b::b:b:aa:x:aaxab:bb:||a	11 627c3a7c3a627c3a627c3a
18	baa::aaa:a|xab:|x:::	17 6261617c3a7c3a6161617c3a617c7c7861
10	aa	2 6161
11	:bb|x::|axx:ax	9 7c3a62627c7c787c3a
36	xbaa|x:	9 786261617c7c787c3a
37	|:b|a|||b|:xa:|xbx|:xaba:	36 7c7c7c3a627c7c617c7c7c7c7c7c627c7c7c3a78617c3a7c7c7862787c7c7c3a78616261
38	abx:b:abxx|b|axxxa|xa:|x	31 6162787c3a627c3a616278787c7c627c7c61787878617c7c78617c3a7c7c78
21	||bb:abb::xbx:bb:b:|	20 7c7c7c7c62627c3a6162627c3a7c3a7862787c3a
6	b:	3 627c3a
3	axaxaabbb:|x|bb|ab|aa|axxa|b	2 6178
39	:abbx::xaax:	16 7c3a616262787c3a7c3a786161787c3a
31	|a|axa||x:|:x::xxxxx	29 7c7c617c7c6178617c7c7c7c787c3a7c7c7c3a787c3a7c3a7878787878
7	:a	3 7c3a61
11	a:|ab|:aa:	9 617c3a7c7c61627c7c
12	abaxxxx	7 61626178787878
37	:abxxx:a:bx|xb|	20 7c3a61627878787c3a617c3a62787c7c78627c7c
27	|b||:x|:|axx	19 7c7c627c7c7c7c7c3a787c7c7c3a7c7c617878
3	|	2 7c7c
24	|xbaxxb|baxbaa:|:	22 7c7c7862617878627c7c6261786261617c3a7c7c7c3a
27	a:bxab|:x|xbaxaaxa|x	25 617c3a627861627c7c7c3a787c7c78626178616178617c7c78
29	xxb:bb:b	10 7878627c3a62627c3a62
39	axb	3 617862
12	::b:xx|a|xxabxxba|:|xx	11 7c3a7c3a627c3a78787c7c
19	:xab|	7 7c3a7861627c7c
17	:b|bbbaxaa	12 7c3a627c7c62626261786161
37	bxab:ab::x:abxb	19 627861627c3a61627c3a7c3a787c3a61627862
38		0 
20	|bab|:	9 7c7c6261627c7c7c3a
13	xbaax:x|::x:baxa	12 78626161787c3a787c7c7c3a
28	x:	3 787c3a
28	bab	3 626162
30	:babababaa:|x	16 7c3a6261626162616261617c3a7c7c78
30	b:|b|:a:ax:|aa	21 627c3a7c7c627c7c7c3a617c3a61787c3a7c7c6161
10	:x	3 7c3a78
32	baa:bb|a:b::xab	20 6261617c3a62627c7c617c3a627c3a7c3a786162
25	a|::ax|:axb:bxxxxax|bxa|::||:b	24 617c7c7c3a7c3a61787c7c7c3a6178627c3a627878787861
24	xx|:|x|bx:b:|xa|a|a:|ba|::a	22 78787c7c7c3a7c7c787c7c62787c3a627c3a7c7c7861
23	a|bx:x:	10 617c7c62787c3a787c3a
36	:x|:aaabxxxaa:ax:xax|ba:b	32 7c3a787c7c7c3a6161616278787861617c3a61787c3a7861787c7c62617c3a62
27	b:a|||x|ax||:bxxa	25 627c3a617c7c7c7c7c7c787c7c61787c7c7c7c7c3a62787861
15	a|xa:b||	12 617c7c78617c3a627c7c7c7c
16	bb||::xxa:xb:x|x||:xb|a:b:ax:	15 62627c7c7c7c7c3a7c3a7878617c3a
22	xx|a:b|||b::|:xx	21 78787c7c617c3a627c7c7c7c7c7c627c3a7c3a7c7c
16	abab:xb:bba	13 616261627c3a78627c3a626261
8	xxxa|:||a|xxxx	6 787878617c7c
5	xx|:a|a	4 78787c7c
31	ba	2 6261
28	bxxa:ab|ab:	14 627878617c3a61627c7c61627c3a
11	xax:a	6 7861787c3a61
19	|xx:|x||ab::::ba::b:	17 7c7c78787c3a7c7c787c7c7c7c61627c3a
35	|x:::x:b||bbabx|x:	27 7c7c787c3a7c3a7c3a787c3a627c7c7c7c62626162787c7c787c3a
18	aa|a|:::bbbxb|bbb|	17 61617c7c617c7c7c3a7c3a7c3a62626278
23	bbaba|b|	10 62626162617c7c627c7c
22		0 
18	bb|a:b|:|:||::baa:x:ba:||x:a	16 62627c7c617c3a627c7c7c3a7c7c7c3a
23	a:|x|xx|:x|b|::|:b:xbb|	22 617c3a7c7c787c7c78787c7c7c3a787c7c627c7c7c3a
34	|bxbxa	7 7c7c6278627861
24	x:::xa|ab:aaxbxb:::|baxbb|::	23 787c3a7c3a7c3a78617c7c61627c3a6161786278627c3a
32	|x|x|||||ba||a	23 7c7c787c7c787c7c7c7c7c7c7c7c7c7c62617c7c7c7c61
36	bbb|a|xaaxaa::x:bbax:xa|baax	35 6262627c7c617c7c7861617861617c3a7c3a787c3a626261787c3a78617c7c62616178
4	:|xx:||b:|||xaxbbbbxaba|	2 7c3a
22	baxxaxx|:|b:xx:a	20 626178786178787c7c7c3a7c7c627c3a78787c3a
33	|a|axxx|b||b|bx:bbxb::|b|::x::	31 7c7c617c7c617878787c7c627c7c7c7c627c7c62787c3a626278627c3a7c3a
14	a:|bxx:xxbxab:bbb||bx:xa	13 617c3a7c7c6278787c3a787862
14	aa:|x|:|:|:|bx|:aaa	13 61617c3a7c7c787c7c7c3a7c7c
30	aaxxbx||x|ax|xx|xaxabaaa|	29 6161787862787c7c7c7c787c7c61787c7c78787c7c7861786162616161
33	axa:|bxa|bx|:xa:ab|:|||||xx:a	32 6178617c3a7c7c6278617c7c62787c7c7c3a78617c3a61627c7c7c3a7c7c7c7c
16	::||bb|x:::x|b	15 7c3a7c3a7c7c7c7c62627c7c787c3a
11	::b:bb:b|x|xxaaa:b	9 7c3a7c3a627c3a6262
37	xx:xbbb::ba	14 78787c3a786262627c3a7c3a6261
33	aa::|xab	11 61617c3a7c3a7c7c786162
37	bax||xbxa|axba|abax|xx|	29 6261787c7c7c7c786278617c7c617862617c7c616261787c7c78787c7c
4	bbbax|::x||axa:xbx:x|:::xb|baa	3 626262
35	bb:bbab|b:babxb:	20 62627c3a626261627c7c627c3a62616278627c3a
9	a:|:ba|axa|bbxabb|bxb::::baxb:	7 617c3a7c7c7c3a
20	|x|b||ba||	16 7c7c787c7c627c7c7c7c62617c7c7c7c
20	|a||bb:a	12 7c7c617c7c7c7c62627c3a61
6	x|a:::	4 787c7c61
31	xbb:xa:|a:a:xb	19 7862627c3a78617c3a7c7c617c3a617c3a7862
11	aaxbb	5 6161786262
9	xb|a||xabxbxbabbxx|ab	7 78627c7c617c7c
37	::xxaxaaaaba:::	20 7c3a7c3a787861786161616162617c3a7c3a7c3a
23	xxabax	6 787861626178
28	|abxbb|xxa:x|:|:a:xx|x||	26 7c7c61627862627c7c7878617c3a787c7c7c3a7c7c7c3a617c3a
9	a|bx	5 617c7c6278
32	|::ab|xx	12 7c7c7c3a7c3a61627c7c7878
21	xb	2 7862
40	xbxb|bxaaa:	13 786278627c7c62786161617c3a
18	bxb:::|||x:|b|x|xaxa|x:	16 6278627c3a7c3a7c3a7c7c7c7c7c7c78
7	bb::|xb:|bxb:b|xb	6 62627c3a7c3a
12	xxbaaaxb:b:::xbax	10 78786261616178627c3a
9	abbx:|aab|:|:|:||	8 616262787c3a7c7c
4	|xxbxb:|a:xaaa||a:b	2 7c7c
13	:	2 7c3a
28	aaa:x|:|ba::a::xxx:xbabx	26 6161617c3a787c7c7c3a7c7c62617c3a7c3a617c3a7c3a787878
8	x:|aax::bxbb::bxa|ba|	7 787c3a7c7c6161
21	x|xxxbxb:x|||bxx||bx	20 787c7c7878786278627c3a787c7c7c7c7c7c6278
33	x:b||b	9 787c3a627c7c7c7c62
20	bxx||a::aaa::|	19 6278787c7c7c7c617c3a7c3a6161617c3a7c3a
7	:a|bax|baxx|b|a:xxbx:a::b|	5 7c3a617c7c
38	axx|a|xxx|:b|	18 6178787c7c617c7c7878787c7c7c3a627c7c
3	:|b::|axbb:xxbaa:a	2 7c3a
10	|:ab||b|xb:b|xxa:bb	8 7c7c7c3a61627c7c
23	baxa:b:abaa:axb::::x||	22 626178617c3a627c3a616261617c3a6178627c3a7c3a
8	aa:|x:b:aba::a|:aabx	6 61617c3a7c7c
27	b:a|a::aabaaxb::	22 627c3a617c7c617c3a7c3a616162616178627c3a7c3a
23	a::b||||x:x::b:a:a:xbbab:a	22 617c3a7c3a627c7c7c7c7c7c7c7c787c3a787c3a7c3a
20	:abbb|bab|	13 7c3a616262627c7c6261627c7c
39	|	2 7c7c
19	|b:a:xxbx:a|	17 7c7c627c3a617c3a787862787c3a617c7c
35	|:bx|aaax	12 7c7c7c3a62787c7c61616178
7	bxabx|||b:|xx:|x:bb::bbb|	5 6278616278
15	abaxaabbb||b|	13 6162617861616262627c7c7c7c
33	a|x||:a:xx|a	18 617c7c787c7c7c7c7c3a617c3a78787c7c61
20	b|x::|x|bx	15 627c7c787c3a7c3a7c7c787c7c6278
24	a|xxa|xxabab:||bxax|	23 617c7c7878617c7c7878616261627c3a7c7c7c7c627861
19	::axax|babb|xb:|bbx|::	18 7c3a7c3a617861787c7c626162627c7c7862
3	a|b|x|xxba:|aaba::baabaa	1 61
33	aa:|:b||b|::xaba|x|:x|xb|aa	31 61617c3a7c7c7c3a627c7c7c7c627c7c7c3a7c3a786162617c7c787c7c7c3a
19	b:xa:aa|||:b:bx|	17 627c3a78617c3a61617c7c7c7c7c7c7c3a
6	aa|a|:x:|||x|:ba:|axa:|xxabxa	4 61617c7c
6	:|::a:bb:b:bxx|abx:	4 7c3a7c7c
27	x:ab|abxx|:b|||xbx|a	25 787c3a61627c7c616278787c7c7c3a627c7c7c7c7c7c786278
9		0 
18	b:b:bbab::a:|bb|bxbbb	17 627c3a627c3a626261627c3a7c3a617c3a
33	:xxb	5 7c3a787862
18	a:|:||bb|:bx:xbxb|	17 617c3a7c7c7c3a7c7c7c7c62627c7c7c3a
8	:|b|||bx::xb|:xa:::xbabxxx	7 7c3a7c7c627c7c
13	b:xaxxaa|b:xxb|ba|xbba|a::a	11 627c3a7861787861617c7c
5	|aa:|abb:bxabxb	4 7c7c6161
10	bxb||axbxa:::xbbaxxxx|bb::b:	9 6278627c7c7c7c6178
12	::::::|xaaxb|aa:b|ba::a:aa	10 7c3a7c3a7c3a7c3a7c3a
17	xb|xabx|x|b|ba|b:b	16 78627c7c786162787c7c787c7c627c7c
15	b:bb|a|||xaax:a:	14 627c3a62627c7c617c7c7c7c7c7c
17	bxx|xaaa|xaa:axba:x:|xaaax	16 6278787c7c786161617c7c7861617c3a
23	:::::xaaxa	15 7c3a7c3a7c3a7c3a7c3a7861617861
34	b|bxbaab||bb:|bbxba|	26 627c7c6278626161627c7c7c7c62627c3a7c7c62627862617c7c
25	a:x|:x|ab|ba|b||xbbababa:xa	24 617c3a787c7c7c3a787c7c61627c7c62617c7c627c7c7c7c
10	x|:||bx|axbbabx::	9 787c7c7c3a7c7c7c7c
19	a|:b||xxx:||bxabb:	17 617c7c7c3a627c7c7c7c7878787c3a7c7c
20	||xx:bx|b	13 7c7c7c7c78787c3a62787c7c62
28	xxbaab:xxaabxa:abx:||ax	26 7878626161627c3a787861616278617c3a6162787c3a7c7c7c7c
4	xxa|||:x:bxx	3 787861
10	:x:|b|x:a::a	8 7c3a787c3a7c7c62
33	|::aaxx:xb	14 7c7c7c3a7c3a616178787c3a7862
14	|x|:::|baxa|a:bbaaaba	13 7c7c787c7c7c3a7c3a7c3a7c7c
16	b:a	4 627c3a61
36	:xa||xxxb:|baxbba|	24 7c3a78617c7c7c7c787878627c3a7c7c6261786262617c7c
36	:a|bab||	12 7c3a617c7c6261627c7c7c7c
5	:|	4 7c3a7c7c
7	:axaxxb:ba	6 7c3a61786178
18	xa|bb:xaxbaaxbb:|b||aa:xa:a	17 78617c7c62627c3a786178626161786262
22	b|x::abaaaab:xxbax|b:a:b:::	21 627c7c787c3a7c3a616261616161627c3a78786261
7	||bbb||aax|a:axx|abbx:x|	6 7c7c7c7c6262
24	bbbxbxaax|bx:|bxbba:bxx|:|bb	22 6262627862786161787c7c62787c3a7c7c6278626261
21		0 
28	xxx:a	6 7878787c3a61
18	:::axbb|xb	14 7c3a7c3a7c3a617862627c7c7862
7	:x|||aa|	5 7c3a787c7c
39	bxaabaxxb|xbabxx::a|:	26 6278616162617878627c7c7862616278787c3a7c3a617c7c7c3a
40	|a:a	6 7c7c617c3a61
16	b|b:xaxbx::baa|x	15 627c7c627c3a78617862787c3a7c3a
7	xb:a:aabx|xx	5 78627c3a61
23	xa:|xa|b|baab|a|b|xa|axb::	22 78617c3a7c7c78617c7c627c7c626161627c7c617c7c
28	ba::x:|::abbbbxab:baa|x	27 62617c3a7c3a787c3a7c7c7c3a7c3a61626262627861627c3a6261
39	xxbx::xx:xx|:b:axabaxaa:x:|xba	38 787862787c3a7c3a78787c3a78787c7c7c3a627c3a61786162617861617c3a787c3a7c7c7862
5	a|:a:xaa:|x:|xxxa|::ab:	3 617c7c
18	bbx::	7 6262787c3a7c3a
35	x|ba:|::b|b|x::||axx|xbbx:x|	33 787c7c62617c3a7c7c7c3a7c3a627c7c627c7c787c3a7c3a7c7c7c7c6178787c7c
25	a::x|ba:xaaxbaax	20 617c3a7c3a787c7c62617c3a7861617862616178
17	:|abababxaba:||axa|axx	16 7c3a7c7c616261626162786162617c3a
3	|||	2 7c7c
35	x|bxx||:a:xbaa:a	22 787c7c6278787c7c7c7c7c3a617c3a786261617c3a61
30	xa||a:|:|xaxx:bbx|b|a|ba||	29 78617c7c7c7c617c3a7c7c7c3a7c7c786178787c3a6262787c7c627c7c
14	:xaxbx:xx:xb:x|:||xa:|a::aabx	13 7c3a78617862787c3a78787c3a
32	:|b|a:b:	13 7c3a7c7c627c7c617c3a627c3a
30	a|:axbb:xa:bxa|:axabaaxa	29 617c7c7c3a617862627c3a78617c3a6278617c7c7c3a61786162616178
20	aa	2 6161
12	abaxx|::a:a|bxaxb:axab:|bx:xa|	11 61626178787c7c7c3a7c3a
25	|	2 7c7c
12	bxbx|x::xbbaba::|abb::|ax	11 627862787c7c787c3a7c3a
39	|xb:bb||b|	15 7c7c78627c3a62627c7c7c7c627c7c
19	x|ababbaxaabx|abxxax|	18 787c7c61626162626178616162787c7c6162
9	|||:aaaxbx|:x|:::|axaa:xbxab	8 7c7c7c7c7c7c7c3a
12	:b:xxb	8 7c3a627c3a787862
26	b	1 62
28	a:x|x||ax:a:xbb	21 617c3a787c7c787c7c7c7c61787c3a617c3a786262
35	xx|aabx|ax|bx|	18 78787c7c616162787c7c61787c7c62787c7c
25	|b:ba|x:	12 7c7c627c3a62617c7c787c3a
10	b||:abax:a:x|x	9 627c7c7c7c7c3a6162
26	baaa|xba:x:bxxbbxb||xba:bx	25 626161617c7c7862617c3a787c3a627878626278627c7c7c7c
7	bab|a|:xaa	5 6261627c7c
23	:a	3 7c3a61
10	:x|||a|bxxb:ba	9 7c3a787c7c7c7c7c7c
6	bx||:xab	4 62787c7c
24	:	2 7c3a
8	x|bx|:|b	7 787c7c62787c7c
13	||:ba|	10 7c7c7c7c7c3a62617c7c
30	xa|:baxxa|a::aba:ab:	27 78617c7c7c3a62617878617c7c617c3a7c3a6162617c3a61627c3a
13	|:x:bba:a::|xbaa||b:x:b::|||aa	12 7c7c7c3a787c3a6262617c3a
31	x|axbbxaaa	11 787c7c6178626278616161
37	x|b|bbb:bx|:xb:|:|b:|baxbax	36 787c7c627c7c6262627c3a62787c7c7c3a78627c3a7c7c7c3a7c7c627c3a7c7c62617862
39	a:baaxb::::||xbbb|xabba|	33 617c3a62616178627c3a7c3a7c3a7c3a7c7c7c7c786262627c7c78616262617c7c
17	abaaaxabb|::xb||x|	15 6162616161786162627c7c7c3a7c3a
11		0 
18	|:	4 7c7c7c3a
19	b|ax:xbb|bxa::b|xbbxxaax|b:b	17 627c7c61787c3a7862627c7c6278617c3a
17	|axa:bab|:b||xb:baa|xxx|:x|axb	15 7c7c6178617c3a6261627c7c7c3a62
12	:b||b:x:::ax|aaxbaab::ba|ab	10 7c3a627c7c7c7c627c3a
25	babx:bb:xx|b||||:|x::|:a	23 626162787c3a62627c3a78787c7c627c7c7c7c7c7c7c7c
40	baabxabbb::aa|xa:aaab::|x|:	36 6261616278616262627c3a7c3a61617c7c78617c3a616161627c3a7c3a7c7c787c7c7c3a
31	aa::baba:xbabx|:xx||a:	30 61617c3a7c3a626162617c3a78626162787c7c7c3a78787c7c7c7c617c3a
23	|a:a:|:	12 7c7c617c3a617c3a7c7c7c3a
29	xabbaabb::x|x||x|a|:x::|:|:xb	28 78616262616162627c3a7c3a787c7c787c7c7c7c787c7c617c7c7c3a
13	bba|xb::abb|:b:bx||	11 6262617c7c78627c3a7c3a
20	xb:x::bxx:xa|::xa	18 78627c3a787c3a7c3a6278787c3a78617c7c
11	x:bx|aaaxxaax:::a:a:xaa:b	10 787c3a62787c7c616161
21	x||:b|a|a	14 787c7c7c7c7c3a627c7c617c7c61
33	:x|b:bx	10 7c3a787c7c627c3a6278
15		0 
12	aa::|axx	11 61617c3a7c3a7c7c617878
37		0 
25	bx:a:b:aba:ax	17 62787c3a617c3a627c3a6162617c3a6178
31	:a:	5 7c3a617c3a
17	:||aa|xab:a|	15 7c3a7c7c7c7c61617c7c7861627c3a
28	a|x|:|a::b:xb||x|	27 617c7c787c7c7c3a7c7c617c3a7c3a627c3a78627c7c7c7c787c7c
39	a|a:x|||:b	16 617c7c617c3a787c7c7c7c7c7c7c3a62
32	:aabb:baaxa:|axa||aaxaa||axabb	31 7c3a616162627c3a62616178617c3a7c7c6178617c7c7c7c61617861617c7c
9		0 
25	a||a:abx	11 617c7c7c7c617c3a616278
26	:|babxxbba::baabaxa:x::	25 7c3a7c7c62616278786262617c3a7c3a626161626178617c3a
29	:abb:x:|:xx|||x:ab|x	27 7c3a6162627c3a787c3a7c7c7c3a78787c7c7c7c7c7c787c3a6162
22	bbxa:x:xab|xb	16 626278617c3a787c3a7861627c7c7862
32	bxx|a|xbb	11 6278787c7c617c7c786262
27	b|b|aaba|babx||b|xaaa|:aa::a	26 627c7c627c7c616162617c7c626162787c7c7c7c627c7c786161
24	bx::|b:baxx|aa	19 62787c3a7c3a7c7c627c3a626178787c7c6161
6	|ab	4 7c7c6162
18	xx|a|b|:aaaaax:xa	17 78787c7c617c7c627c7c7c3a6161616161
16	|	2 7c7c
8	aabb|||bb	6 616162627c7c
38	ab	2 6162
11	::b:baxx|baaaab||ba	10 7c3a7c3a627c3a626178
36	b:bx:::b|b:abx:	22 627c3a62787c3a7c3a7c3a627c7c627c3a6162787c3a
35	b:::||xbbxa	16 627c3a7c3a7c3a7c7c7c7c7862627861
34	|:b|abb::a||x||	24 7c7c7c3a627c7c6162627c3a7c3a617c7c7c7c787c7c7c7c
5	axba:xx|a|xb	4 61786261
7	aa:a||	5 61617c3a61
17	a|xaxa:|||	15 617c7c786178617c3a7c7c7c7c7c7c
31	bbx:b|xaabx:x|	18 6262787c3a627c7c78616162787c3a787c7c
29	a:x|:	8 617c3a787c7c7c3a
40	baabxabb:	10 62616162786162627c3a
5	|:|x:|b:bbxaabaax	4 7c7c7c3a
18	|ax:xbxxb|	13 7c7c61787c3a78627878627c7c
14	|x:|x|x	11 7c7c787c3a7c7c787c7c78
36	|axb:bxbabbxbxxxa|a|xx:	28 7c7c6178627c3a6278626162627862787878617c7c617c7c78787c3a
36	a:b:b::bx|xx:bbx:bbx|abaaxa|xx	35 617c3a627c3a627c3a7c3a62787c7c78787c3a6262787c3a6262787c7c616261617861
19	x|abaaaaax:b:x|:abba|bb:ax|b	17 787c7c61626161616161787c3a627c3a78
30	bb	2 6262
15	abb:|xxa||bxaabxaba	14 6162627c3a7c7c7878617c7c7c7c
30	ab:xaaaa:a:x:x::ab:a:a||:bx	29 61627c3a78616161617c3a617c3a787c3a787c3a7c3a61627c3a617c3a
32	:b:|::	11 7c3a627c3a7c7c7c3a7c3a
6	:|xbbbxx:|:aabaxxx:abxx|x	4 7c3a7c7c
15	bbxabaxa::a|b	13 62627861626178617c3a7c3a61
30	|xx|baa:xa|baba|ba||:||xx::x	29 7c7c78787c7c6261617c3a78617c7c626162617c7c62617c7c7c7c7c3a
33	|:bbb:::bb::baabaabb	27 7c7c7c3a6262627c3a7c3a7c3a62627c3a7c3a6261616261616262
39	aa|x:|:||:xa|||:aaabx|	34 61617c7c787c3a7c7c7c3a7c7c7c7c7c3a78617c7c7c7c7c7c7c3a61616162787c7c
27	a|::ab||xx:x:a|x|b||a:ax:b	26 617c7c7c3a7c3a61627c7c7c7c78787c3a787c3a617c7c787c7c
4	:abxb:ab|bab	2 7c3a
29	x|bxaba|a:abax:a|::	26 787c7c62786162617c7c617c3a616261787c3a617c7c7c3a7c3a
29	xba:||:::xbb|a:aaxax	28 7862617c3a7c7c7c7c7c3a7c3a7c3a7862627c7c617c3a6161786178
20	:	2 7c3a
13	:|	4 7c3a7c7c
11		0 
33	::b:baax|xx::a:ax|:b|:	31 7c3a7c3a627c3a626161787c7c78787c3a7c3a617c3a61787c7c7c3a627c7c
10	xxa:	5 7878617c3a
4	|:b|	2 7c7c
25	:|:::a|b|	16 7c3a7c7c7c3a7c3a7c3a617c7c627c7c
12	|xbb	5 7c7c786262
31	:aabbx|x|xx::|ba	22 7c3a61616262787c7c787c7c78787c3a7c3a7c7c6261
14	|aaax:xx::axx:x|b:xbaab:a||xx	12 7c7c616161787c3a78787c3a
35	:b|b:b::|aa|aa:ba:|xx::a:::|xa	33 7c3a627c7c627c3a627c3a7c3a7c7c61617c7c61617c3a62617c3a7c7c78787c3a
7	xa|a|	5 78617c7c61
3	xbaaaa|xbxa|bx|ab:x:|b	2 7862
5	xaxx	4 78617878
21	:axbx|bbbxaxa|a|b:a|x	20 7c3a617862787c7c626262786178617c7c617c7c
38	:bbxxa::::aabxb|	22 7c3a62627878617c3a7c3a7c3a7c3a61616278627c7c
29	:||ab|:bb|b||xxb|xb|b	28 7c3a7c7c7c7c61627c7c7c3a62627c7c627c7c7c7c7878627c7c7862
3	:aa:x|abaa:x:bx|xax::a:xa:aab	2 7c3a
29	aaaxabx|	9 616161786162787c7c
6	:aabxbb::|::||abxaa	5 7c3a616162
27	a||||xax:|:::bbbx|bxb|x:	26 617c7c7c7c7c7c7c7c7861787c3a7c7c7c3a7c3a7c3a62626278
16	x:||xabbx|bbaxaab::xxxax|b||ax	14 787c3a7c7c7c7c78616262787c7c
19	|b|x:bba	11 7c7c627c7c787c3a626261
33	:||xbb||	13 7c3a7c7c7c7c7862627c7c7c7c
12	xxx:ax:|b:b:|||::|b	11 7878787c3a61787c3a7c7c
10	x|x|||xx:xb:|aaa:xxa	8 787c7c787c7c7c7c
16	xbbbaba:::aa|:|ba:||aa|b:xxx	15 786262626162617c3a7c3a7c3a6161
30	b:|a|x|bx|aa:a|xba|xxx:ax:	29 627c3a7c7c617c7c787c7c62787c7c61617c3a617c7c7862617c7c7878
24	:babxxaaabbba:xxxxba:ba:x|	22 7c3a6261627878616161626262617c3a787878786261
26	:xbxbbbxxaa|a|::bxba	25 7c3a786278626262787861617c7c617c7c7c3a7c3a62786261
27	:xbxxax:a|:abb	18 7c3a7862787861787c3a617c7c7c3a616262
28	:|b||bab:bxxbaxx|axab:babb:|:	27 7c3a7c7c627c7c7c7c6261627c3a627878626178787c7c61786162
15	:|::xxbaa||x:|x|||x|	13 7c3a7c7c7c3a7c3a7878626161
6	:ax|bxxbx	4 7c3a6178
4	:axabxa:|||:aa|b:bxa|xa	2 7c3a
27	aa|abxx|x:ab:|a:x:ba|a	25 61617c7c616278787c7c787c3a61627c3a7c7c617c3a787c3a
40	xa|b||:xa::a	18 78617c7c627c7c7c7c7c3a78617c3a7c3a61
7	:xa|::xbbb|	6 7c3a78617c7c
10	b|::aax::||::xa:b::|:b:x:	9 627c7c7c3a7c3a6161
4	xaax	3 786161
23	a:||	7 617c3a7c7c7c7c
10	bxa|baa:|x:bx:x:x||a|b	8 6278617c7c626161
20	aa:	4 61617c3a
36	aa|ax:x|a|ba:b||xxxb|	29 61617c7c61787c3a787c7c617c7c62617c3a627c7c7c7c787878627c7c
8	x:|a::aaa	6 787c3a7c7c61
6	aa|ax:|:::bab|xxx::ba	4 61617c7c
15	|bbaab|ba	11 7c7c62626161627c7c6261
4	xab	3 786162
14	:|:b	7 7c3a7c7c7c3a62
17	x:::	7 787c3a7c3a7c3a
8	|a:ba|:ab|xb|bxax|a||b	7 7c7c617c3a6261
36	xxbb:b|aba:xa|b:|||xbaa	31 787862627c3a627c7c6162617c3a78617c7c627c3a7c7c7c7c7c7c78626161
18	|a	3 7c7c61
35	bab|:a|bx:|ba:|::|x|ab|a|	33 6261627c7c7c3a617c7c62787c3a7c7c62617c3a7c7c7c3a7c3a7c7c787c7c6162
15	ba||::||ab	14 62617c7c7c7c7c3a7c3a7c7c7c7c
24	bbbxaa::bx:	14 6262627861617c3a7c3a62787c3a
33	b|ab:x|bbxax:baxb:a:b::x:xx	31 627c7c61627c3a787c7c62627861787c3a626178627c3a617c3a627c3a7c3a
22	|a|::::|x|xaxa:babxxx	21 7c7c617c7c7c3a7c3a7c3a7c3a7c7c787c7c786178
16	a::ba|xx:bax|x||||x|ba|xxbx:xb	15 617c3a7c3a62617c7c78787c3a6261
39	axb:x:baab	12 6178627c3a787c3a62616162
33	:xx|xb:x:|xabba|x	23 7c3a78787c7c78627c3a787c3a7c7c78616262617c7c78
15	:|x	5 7c3a7c7c78
21	xb|a:baa:|x|a|aa:aa:	20 78627c7c617c3a6261617c3a7c7c787c7c617c7c
27	:ax|||ababa||b||||	26 7c3a61787c7c7c7c7c7c61626162617c7c7c7c627c7c7c7c7c7c
23	aa	2 6161
38	|:a:a|a	11 7c7c7c3a617c3a617c7c61
16	a	1 61
17	|ax|||x	11 7c7c61787c7c7c7c7c7c78
32	bxab|||	10 627861627c7c7c7c7c7c
36	::b||:::ax|xa	21 7c3a7c3a627c7c7c7c7c3a7c3a7c3a61787c7c7861
34	b|x|ax|	10 627c7c787c7c61787c7c
32	ax::a||b|xxb|xx:::|babb|:xb	31 61787c3a7c3a617c7c7c7c627c7c7878627c7c78787c3a7c3a7c3a7c7c6261
25	|xba|aaxb|a:x|aax|a|baax|b:b|:	24 7c7c7862617c7c616178627c7c617c3a787c7c6161787c7c
3	|bbxxbaba::	2 7c7c
35	|xa:xba:x|xxbxx|b|bx|	28 7c7c78617c3a7862617c3a787c7c78786278787c7c627c7c62787c7c
17	b:bxxb	7 627c3a62787862
23	b|b:bxa	9 627c7c627c3a627861
29	|ab	4 7c7c6162
3	a::||:|x|bx:x:|ax:aa::aax	1 61
11	ab::ax:x|aa:a:	10 61627c3a7c3a61787c3a
4	||x:xa|b:a:|:bxaabx|:bb|	2 7c7c
25	:a:||a:xx:x|baa:a:axa|	24 7c3a617c3a7c7c7c7c617c3a78787c3a787c7c6261617c3a
7	a||aab||ab||:||a	5 617c7c7c7c
22	ab||axaxxa:a:|b|ax:b:|bx:	20 61627c7c7c7c6178617878617c3a617c3a7c7c62
14	xbbb::||b|xx:aa||:baa:axax	12 786262627c3a7c3a7c7c7c7c
34	xx|a:|x:bx	14 78787c7c617c3a7c7c787c3a6278
29	b|ab:b:ax|:||b	21 627c7c61627c3a627c3a61787c7c7c3a7c7c7c7c62
19	a:	3 617c3a
29	||a|ba	9 7c7c7c7c617c7c6261
22	a:|xbbxaxx|xx|xbb:xxbb:xaxb|x	21 617c3a7c7c786262786178787c7c78787c7c786262
32	xxa|::xbb:b:|xa	21 7878617c7c7c3a7c3a7862627c3a627c3a7c7c7861
34	a|xb:x	8 617c7c78627c3a78
36	bxbb:a:xbbaa:|axx:b::ax	30 627862627c3a617c3a78626261617c3a7c7c6178787c3a627c3a7c3a6178
36	:xbaxx|xx|ba:a:bb::|axa|a	34 7c3a78626178787c7c78787c7c62617c3a617c3a62627c3a7c3a7c7c6178617c7c61
27	:xabbxax:::b:ba|abxb|a	26 7c3a786162627861787c3a7c3a7c3a627c3a62617c7c61627862
24	b|bxa::|b|:|:xbxbxb|b:	23 627c7c6278617c3a7c3a7c7c627c7c7c3a7c7c7c3a7862
39	x|||||bxxx::	19 787c7c7c7c7c7c7c7c7c7c627878787c3a7c3a
19	::b||	9 7c3a7c3a627c7c7c7c
7	a|ax	5 617c7c6178
15	bx:bbx	7 62787c3a626278
11	xx:|b|b	9 78787c3a7c7c627c7c
34	b:x|a||xa::x:abbaxbb|bb	31 627c3a787c7c617c7c7c7c78617c3a7c3a787c3a616262617862627c7c6262
31	:x:||xaba|:bb:a::aaa|:aaa|	29 7c3a787c3a7c7c7c7c786162617c7c7c3a62627c3a617c3a7c3a616161
17	|bbx|a:xxab|||:abb:b||bb|ax	16 7c7c6262787c7c617c3a787861627c7c
17	abx:|xb:x|:|axxab:xx|ax|	16 6162787c3a7c7c78627c3a787c7c7c3a
6	a|a|b:axaa|b|xax	4 617c7c61
10	ababb|ba:xa|bx:x:|x:xa:b|aa:	9 61626162627c7c6261
40	xb	2 7862
36	|x|xbax:axa	14 7c7c787c7c786261787c3a617861
27	x|xab|b:a||b|a:|bx|	26 787c7c7861627c7c627c3a617c7c7c7c627c7c617c3a7c7c6278
28	:bbaa|xbb	11 7c3a626261617c7c786262
6	xaxa|	4 78617861
16	xa|||a::::a:b:bb|::||x	15 78617c7c7c7c7c7c617c3a7c3a7c3a
36	xax|b|b|:baxxxxax|:xxax:b	32 7861787c7c627c7c627c7c7c3a62617878787861787c7c7c3a787861787c3a62
23	:xaaaab||b|	15 7c3a7861616161627c7c7c7c627c7c
40	|x|b:|xb	12 7c7c787c7c627c3a7c7c7862
35	:bx:|x|x|bx:|xxxab|	27 7c3a62787c3a7c7c787c7c787c7c62787c3a7c7c78787861627c7c
39	x|bxx:xabbb::a	18 787c7c6278787c3a78616262627c3a7c3a61
26	bxa:bb|aaxbx::|bbxa|:	24 6278617c3a62627c7c61617862787c3a7c3a7c7c62627861
9	::ax|axab	8 7c3a7c3a61787c7c
33	|bb::ax:x	13 7c7c62627c3a7c3a61787c3a78
7	ax:x||bxx|a|bb::a|xb:xa||a|	5 61787c3a78
40	||bxb:b|a:b|xaabb:b:bb|bbaxx	37 7c7c7c7c6278627c3a627c7c617c3a627c7c78616162627c3a627c3a62627c7c6262617878
19	bbab:||||a|bb|||:xab:b|||x:|b	17 626261627c3a7c7c7c7c7c7c7c7c617c7c
16	|ba|baab|:x:aabbax	14 7c7c62617c7c626161627c7c7c3a
20	::a|aa:|bbx||aax|bba:|:xxba::	18 7c3a7c3a617c7c61617c3a7c7c6262787c7c
5	xba|a:a|a:bxbb|abba||:	3 786261
38	bx|bxx||x|xa:bbxa||	26 62787c7c6278787c7c7c7c787c7c78617c3a626278617c7c7c7c
27	x:|	5 787c3a7c7c
26	:bxbabxbxaa:xxaxax:a:xb||	25 7c3a627862616278627861617c3a7878617861787c3a617c3a
6	::abb	4 7c3a7c3a
3	bbb|a:ab|baa|xx	2 6262
27	x:a:|:axaaxabxbb|a|:	25 787c3a617c3a7c7c7c3a617861617861627862627c7c617c7c
9	:||xx|b|b:|x|b|:x||xa|x	8 7c3a7c7c7c7c7878
14	:xb|xaxaa	11 7c3a78627c7c7861786161
25	a:ax||x|a	13 617c3a61787c7c7c7c787c7c61
3	||::ba|||x|xxbxxb:xbx	2 7c7c
16	aabx|aaa|axa:||aa:bx:axa|x|	14 616162787c7c6161617c7c617861
30	|a::ba||bb|ba|abaaxbx::bx	28 7c7c617c3a7c3a62617c7c7c7c62627c7c62617c7c61626161786278
8	|abxbxa:	7 7c7c6162786278
29	:xx||baax	12 7c3a78787c7c7c7c62616178
12	a	1 61
7	b|x:b:a:	6 627c7c787c3a
10	|a:::ba:|:ax:aa|:	9 7c7c617c3a7c3a7c3a
11	b:x|:b:x|a|b|axb::bb	9 627c3a787c7c7c3a62
38	a|xxa	6 617c7c787861
18	b||:||x:bbbx:xbxxbbaba|aaab:b	17 627c7c7c7c7c3a7c7c7c7c787c3a626262
24	a|ab:aaxaaaa:	16 617c7c61627c3a616178616161617c3a
9	axba||x||a|:bx:x:axbaab|	8 617862617c7c7c7c
9	xabxxb:xaaxx:::b	8 7861627878627c3a
16	xbb|::xaxa|aax|bbba	15 7862627c7c7c3a7c3a786178617c7c
29	x|xaxab:xaabbxxaxb	20 787c7c78617861627c3a78616162627878617862
32	|bx|:ba	10 7c7c62787c7c7c3a6261
23	:|:a|a|aaxxb::::bb|bxx||a	21 7c3a7c7c7c3a617c7c617c7c61617878627c3a7c3a
27	||ax:	8 7c7c7c7c61787c3a
35	|a||:baaba	14 7c7c617c7c7c7c7c3a6261616261
25	xx:|x|:axx:	16 78787c3a7c7c787c7c7c3a6178787c3a
21	|b:|bb|a:aa:abab|b::bba:||	20 7c7c627c3a7c7c62627c7c617c3a61617c3a6162
16	:|xbxb:a|xxaa:|:::bxxa:||aa	15 7c3a7c7c786278627c3a617c7c7878
11	:xxa::a||aba:a|	9 7c3a7878617c3a7c3a
35	|bxb|xbx:xa:xa:ba::|	28 7c7c6278627c7c7862787c3a78617c3a78617c3a62617c3a7c3a7c7c
22	|:bx:xxaxxaax:bxa|bbb:	21 7c7c7c3a62787c3a78786178786161787c3a627861
35	xx	2 7878
13	abbbxab:|b:a|||a	11 616262627861627c3a7c7c
26	:a:b|ax|:abaxabx	21 7c3a617c3a627c7c61787c7c7c3a61626178616278
18	a|:bx:b:x:bxx:x:aa:ax|::|	17 617c7c7c3a62787c3a627c3a787c3a6278
28	bxbax::xa:|:|ax|x||bxx:axbabx	26 62786261787c3a7c3a78617c3a7c7c7c3a7c7c61787c7c787c7c
4	|b	2 7c7c
27	a:xxaa:a::	14 617c3a787861617c3a617c3a7c3a
36		0 
15	:|x:x|xxx::x|:ba|a:b||a|:	13 7c3a7c7c787c3a787c7c787878
17	|xaxxx|b::b:aabx:	15 7c7c78617878787c7c627c3a7c3a62
10		0 
26	::a|a|:||x|bbb||xba|||:aaaa|:	24 7c3a7c3a617c7c617c7c7c3a7c7c7c7c787c7c6262627c7c
36	a	1 61
36	ax|aabb::|	14 61787c7c616162627c3a7c3a7c7c
14	|b:	5 7c7c627c3a
11	bxaabx|x:|x|:a:baxbb|	9 6278616162787c7c78
30	:a||:|:|||x:xxx:xaxaax	29 7c3a617c7c7c7c7c3a7c7c7c3a7c7c7c7c7c7c787c3a7878787c3a7861
39	b:aaaa:aa:::baa:xa::	28 627c3a616161617c3a61617c3a7c3a7c3a6261617c3a78617c3a7c3a
38	a|baab|ba||bbx|a|x	24 617c7c626161627c7c62617c7c7c7c6262787c7c617c7c78
19	axb|::abax:	15 6178627c7c7c3a7c3a616261787c3a
19	:x|ab:b|xbx:|x|	17 7c3a787c7c61627c3a627c7c7862787c3a
18	xxxbxaxa:||xa:a|::||x||xbabx:	16 78787862786178617c3a7c7c7c7c7861
25	bbb:x||:aaxb:baxa::::x:ab:	24 6262627c3a787c7c7c7c7c3a616178627c3a626178617c3a
17	::a|:||||b:xb|||:aaa:xa	15 7c3a7c3a617c7c7c3a7c7c7c7c7c7c
13	|:ax:b|bxb	11 7c7c7c3a61787c3a627c7c
13	abxaxbab:	10 61627861786261627c3a
27	||xx:x:aaabbab:|b:xxxx|:a|:|	25 7c7c7c7c78787c3a787c3a616161626261627c3a7c7c627c3a
26	bab	3 626162
27	::xab|:ab|x:bxbb	22 7c3a7c3a7861627c7c7c3a61627c7c787c3a62786262
18	x:|::xxbaa::x::|b	16 787c3a7c7c7c3a7c3a78786261617c3a
37	x|::aa:aa||ax|	21 787c7c7c3a7c3a61617c3a61617c7c7c7c61787c7c
21	:aabxa|xa::a|xaa|a|xa:b:ax|xbx	20 7c3a61616278617c7c78617c3a7c3a617c7c7861
28	a	1 61
11	a|bx:xaaa:|bxb:xxabbaxb	10 617c7c62787c3a786161
28	aaxa|bbbaxxbax:|:b|xa:a:	26 616178617c7c6262626178786261787c3a7c7c7c3a627c7c7861
11	b|:|bb:b:xb::b:|bx|abba	9 627c7c7c3a7c7c6262
40	|axa:b||b|x	16 7c7c6178617c3a627c7c7c7c627c7c78
14	|ab|ba|:x	12 7c7c61627c7c62617c7c7c3a
6	:xx	4 7c3a7878
32	xbabx:|a::|xb:xb|:x::	31 78626162787c3a7c7c617c3a7c3a7c7c78627c3a78627c7c7c3a787c3a7c3a
31	xb|xbb||b:xbx:xxaxbaba|b	29 78627c7c7862627c7c7c7c627c3a7862787c3a78786178626162617c7c
6	|:bba:aab	4 7c7c7c3a
22	b|a:xa	8 627c7c617c3a7861
38	::bb|:bb:b:bb:b|a:	27 7c3a7c3a62627c7c7c3a62627c3a627c3a62627c3a627c7c617c3a
5		0 
5	x:a	3 787c3a
13	:|x:xa|	11 7c3a7c7c787c3a78617c7c
4	:|aabbb|||:x:axa:a:axb	2 7c3a
12		0 
38		0 
16	ax||:b::xxabaa:x:bx:ab	15 61787c7c7c7c7c3a627c3a7c3a7878
16	x::|:aaabbxxax|xxab|a|aaaa	15 787c3a7c3a7c7c7c3a616161626278
27	x	1 78
38	b|xx:||:ab:bb::|ax:a:	32 627c7c78787c3a7c7c7c7c7c3a61627c3a62627c3a7c3a7c7c61787c3a617c3a
24	x:|b	6 787c3a7c7c62
25	|bb:xbxbaxx|a|x|axbax	24 7c7c62627c3a786278626178787c7c617c7c787c7c617862
39	a|xaxbxb|b	12 617c7c7861786278627c7c62
25		0 
12	:b:aab	8 7c3a627c3a616162
9	|ab:|:xab:bax:a||:bb|ba|xbb|x	8 7c7c61627c3a7c7c
9	bbaa|:a:|bxxbb	8 626261617c7c7c3a
8	b:xa	5 627c3a7861
12	baaa|:ax:a|bbx||aax:|:bxx|::	10 626161617c7c7c3a6178
31	|bbba:ab|:b	15 7c7c626262617c3a61627c7c7c3a62
35	xbaaa|ba::||bba	20 78626161617c7c62617c3a7c3a7c7c7c7c626261
39	:::b|a|	12 7c3a7c3a7c3a627c7c617c7c
19	x|bx:a|	10 787c7c62787c3a617c7c
27	:::a:b|:x:a:a:	23 7c3a7c3a7c3a617c3a627c7c7c3a787c3a617c3a617c3a
29	b|axb|baxbxa||bb:	22 627c7c6178627c7c6261786278617c7c7c7c62627c3a
20	xax:|abxaa::	16 7861787c3a7c7c61627861617c3a7c3a
31	:a|:|xbx|xaa:x:b|a:a|x	29 7c3a617c7c7c3a7c7c7862787c7c7861617c3a787c3a627c7c617c3a61
38	aa|||axx|xxbxx::b|:aab:ab	34 61617c7c7c7c7c7c6178787c7c78786278787c3a7c3a627c7c7c3a6161627c3a6162
10	x	1 78
9	x:||bba:|bx:x:xbbaa	7 787c3a7c7c7c7c
21	bxaaa:bbxaxaxa:a:|:|:ba:	20 62786161617c3a62627861786178617c3a617c3a
25	|||:xxa|::|::ab:|:xbab:xa:	23 7c7c7c7c7c7c7c3a7878617c7c7c3a7c3a7c7c7c3a7c3a
39	xxaaa|::||aabaax:ababx	28 78786161617c7c7c3a7c3a7c7c7c7c6161626161787c3a6162616278
37	a|:||b	10 617c7c7c3a7c7c7c7c62
24		0 
37	:|x||axbx:axb|aaa	23 7c3a7c7c787c7c7c7c617862787c3a6178627c7c616161
35	:|:aaxbab:ab|b|a|a	25 7c3a7c7c7c3a6161786261627c3a61627c7c627c7c617c7c61
34	x||x||:bab|a|b|b	24 787c7c7c7c787c7c7c7c7c3a6261627c7c617c7c627c7c62
35	ax:xa||b|||:|	21 61787c3a78617c7c7c7c627c7c7c7c7c7c7c3a7c7c
39	bax|a	6 6261787c7c61
19		0 
10	:a::xaa||:b:baa	9 7c3a617c3a7c3a7861
32	xa|xb:xxx:x|a|	19 78617c7c78627c3a7878787c3a787c7c617c7c
40	|xaax:|x|:|a::||:xx:x	33 7c7c786161787c3a7c7c787c7c7c3a7c7c617c3a7c3a7c7c7c7c7c3a78787c3a78
29	||xaa:b:b::::b:a|ba	27 7c7c7c7c7861617c3a627c3a627c3a7c3a7c3a7c3a627c3a617c7c
36	:xxa|bxa|x	13 7c3a7878617c7c6278617c7c78
24	a|xa:b:bbxabba	17 617c7c78617c3a627c3a62627861626261
24	b|:aaa:ax:|	16 627c7c7c3a6161617c3a61787c3a7c7c
40	xb	2 7862
18	|:x|ab:|a:	16 7c7c7c3a787c7c61627c3a7c7c617c3a
27	x::a|b||:xxx:xxa:	25 787c3a7c3a617c7c627c7c7c7c7c3a7878787c3a7878617c3a
32	:	2 7c3a
3	bab:aaxx|a	2 6261
36	:|a:x|:x|x|b:ba:a::x:	33 7c3a7c7c617c3a787c7c7c3a787c7c787c7c627c3a62617c3a617c3a7c3a787c3a
21	baa	3 626161
7	|axxxx:xb:x||b||xb:aa|x:	6 7c7c61787878
18	bbb|a|b:|x||b:|axxaxx:baxa	16 6262627c7c617c7c627c3a7c7c787c7c
5	aaxx|bx:b|aa::||:xaa	4 61617878
8	bbx|b::ba|bb:|a:a|::|bx|abxa|	6 6262787c7c62
38	|x||aaxb:ab:b|xbb|:aa:	31 7c7c787c7c7c7c616178627c3a61627c3a627c7c7862627c7c7c3a61617c3a
33	|aa|xxx	9 7c7c61617c7c787878
34	x||aa:abxax|xax:x:b:xa:xb:a	33 787c7c7c7c61617c3a61627861787c7c7861787c3a787c3a627c3a78617c3a7862
34	bxx:b|x:xxa|b|bx|ba:	27 6278787c3a627c7c787c3a7878617c7c627c7c62787c7c62617c3a
10		0 
26	:b:||b::x:	17 7c3a627c3a7c7c7c7c627c3a7c3a787c3a
27	xa:aa:b|a|bb:xx:|bx:axba:	26 78617c3a61617c3a627c7c617c7c62627c3a78787c3a7c7c6278
20	|xbbxbb::x|:xb|xbxbba:b	19 7c7c7862627862627c3a7c3a787c7c7c3a7862
40	:ab|:aabaxaaa|:aa::|x::|:a|	38 7c3a61627c7c7c3a61616261786161617c7c7c3a61617c3a7c3a7c7c787c3a7c3a7c7c7c3a61
6	a:xb|x|baaaxa:|a:::aa:|bxaaa	5 617c3a7862
11	|::|b|b|ax:bb|aax	9 7c7c7c3a7c3a7c7c62
18	:bx||xxaaaa|x	16 7c3a62787c7c7c7c7878616161617c7c
23		0 
11	a|bxb:x:bxbaa::|bxa|	9 617c7c6278627c3a78
9	xa|:|b|bb	8 78617c7c7c3a7c7c
39	x:|a:abx|:a:|ab::xb||:|a|a:ab	37 787c3a7c7c617c3a6162787c7c7c3a617c3a7c7c61627c3a7c3a78627c7c7c7c7c3a7c7c61
30	||:baxb::|xxbxbx|a:aabbabb	29 7c7c7c7c7c3a626178627c3a7c3a7c7c7878627862787c7c617c3a6161
19	|x|bab	8 7c7c787c7c626162
39	xb:||xa:|aaaa:a	21 78627c3a7c7c7c7c78617c3a7c7c616161617c3a61
13	xx|a||baaaba::|axbxxbaab	12 78787c7c617c7c7c7c626161
34	:|b|||axx:aabx|:|xxx:x|::xaxa	32 7c3a7c7c627c7c7c7c7c7c6178787c3a616162787c7c7c3a7c7c7878787c3a78
10	b:x:|xxbaab|:x|:|	8 627c3a787c3a7c7c
10	a:xx::|xx|::a|:x	9 617c3a78787c3a7c3a
14	aax|ba::a:b|:|:xa|:||:xx	12 6161787c7c62617c3a7c3a61
34	xx:b:bab:bax	15 78787c3a627c3a6261627c3a626178
25	:x	3 7c3a78
18	xxaxbaab	8 7878617862616162
9	xba||:|:a:|a	7 7862617c7c7c7c
18	axb|bbx	8 6178627c7c626278
19	:x|||bx:x|::x:x::x|axa|a:xa	18 7c3a787c7c7c7c7c7c62787c3a787c7c7c3a
10	:xxxxa:aax	9 7c3a78787878617c3a
22	b|bbx|	8 627c7c6262787c7c
35	||xb|:xa:|x|xxa	22 7c7c7c7c78627c7c7c3a78617c3a7c7c787c7c787861
4	xxaa:abaxaa:bb|xbxbbabx|a|:x	3 787861
25	b:b:a|xbx:x|:a:axx|bbabb:b	24 627c3a627c3a617c7c7862787c3a787c7c7c3a617c3a6178
20	:|:x:b||:|a|	18 7c3a7c7c7c3a787c3a627c7c7c7c7c3a7c7c
23	bxx:aa::|xa:||x|b|b|	21 6278787c3a61617c3a7c3a7c7c78617c3a7c7c7c7c
36	a	1 61
23	aa|xxaaa:|x|xaax|:a	22 61617c7c78786161617c3a7c7c787c7c786161787c7c
31	:|:b|b:|a|aabbb|ba|x|x:aa||a	29 7c3a7c7c7c3a627c7c627c3a7c7c617c7c61616262627c7c62617c7c78
28	a:|:a:||:x|:bxabx:xbxa	26 617c3a7c7c7c3a617c3a7c7c7c7c7c3a787c7c7c3a6278616278
36	ba|:xb:bb:bbaa|x||bxaax||	34 62617c7c7c3a78627c3a62627c3a626261617c7c787c7c7c7c62786161787c7c7c7c
11	bb::x|:b|xaabxa|aaax|	9 62627c3a7c3a787c7c
36	bbb:|bb||b|:::bx:xx:::b	34 6262627c3a7c7c62627c7c7c7c627c7c7c3a7c3a7c3a62787c3a78787c3a7c3a7c3a
5	||axb	4 7c7c7c7c
30	aa|||:b|a:||xba:||aab||:b	29 61617c7c7c7c7c7c7c3a627c7c617c3a7c7c7c7c7862617c3a7c7c7c7c
6	bbb::a:ab|xbabax:bb|axbbbba|b:	5 6262627c3a
29	b:b:a|::xbbbxxx:|xb:b|a|a|:x	28 627c3a627c3a617c7c7c3a7c3a786262627878787c3a7c7c78627c3a
22	a:|a:b::||	17 617c3a7c7c617c3a627c3a7c3a7c7c7c7c
20	b|ab|||x:x|:x	19 627c7c61627c7c7c7c7c7c787c3a787c7c7c3a
28	:|:bbaaa||xa||xa	23 7c3a7c7c7c3a62626161617c7c7c7c78617c7c7c7c7861
17	x:abab:xxx|xbb|aab:|xaa	16 787c3a616261627c3a7878787c7c7862
40	:ba:|ax:b::||b|a||::xaxbxx	39 7c3a62617c3a7c7c61787c3a627c3a7c3a7c7c7c7c627c7c617c7c7c7c7c3a7c3a786178627878
31	xaxb:	6 786178627c3a
17	bxxa:b|bb||a|	15 627878617c3a627c7c62627c7c7c7c
9	x:abxbb|a	8 787c3a6162786262
40	a|a|x||:|xaaba||:|	28 617c7c617c7c787c7c7c7c7c3a7c7c78616162617c7c7c7c7c3a7c7c
6	xx|x:x|:|:a|ba||bbxxxb||	4 78787c7c
30	|bb|xbb||ax|x	18 7c7c62627c7c7862627c7c7c7c61787c7c78
33	ax|:baaxa:|bxaaab|x:|xbx|xbxa	31 61787c7c7c3a62616178617c3a7c7c6278616161627c7c787c3a7c7c786278
9	bb:|::b|||bxxxxb|x	8 62627c3a7c7c7c3a
13	abxb	4 61627862
30	:||||:a:	15 7c3a7c7c7c7c7c7c7c7c7c3a617c3a
3	|:b	2 7c7c
36	ab	2 6162
27	|bxb::xbbab|:aa:::	26 7c7c6278627c3a7c3a78626261627c7c7c3a61617c3a7c3a7c3a
10	b::b::b|:axa::|b:bx	8 627c3a7c3a627c3a
17	x|:aabxb	10 787c7c7c3a6161627862
7	xa|xax::|aba:x|::xxx:aa:x|	6 78617c7c7861
16	b:|x:x::b	14 627c3a7c7c787c3a787c3a7c3a62
38	abxx|:a::ab:|ab|a:axa|:b::	36 616278787c7c7c3a617c3a7c3a61627c3a7c7c61627c7c617c3a6178617c7c7c3a627c3a
16	b|b|bxaaxb|b|x::|:x::	14 627c7c627c7c6278616178627c7c
35	:bx:	6 7c3a62787c3a
6	a:a|:|xx|a	4 617c3a61
33		0 
31	|xxbax::aaxxb::	20 7c7c78786261787c3a7c3a61617878627c3a7c3a
17	abbbxb|:a|xx||bxbbb|xxb:b|	15 6162626278627c7c7c3a617c7c7878
27	b:	3 627c3a
34	bbb:|	7 6262627c3a7c7c
16	|xbxx|||bx|b:	14 7c7c786278787c7c7c7c7c7c6278
21	:a||	7 7c3a617c7c7c7c
12	x|:x:x|ab:xbxx:b:xxbx||xxb	11 787c7c7c3a787c3a787c7c
30	x:xxxbxb:	11 787c3a7878786278627c3a
33	axba:b|a:|b:b:|:	24 617862617c3a627c7c617c3a7c7c627c3a627c3a7c7c7c3a
7	||:|a:a||a:xbbx|baxabb|||x:	6 7c7c7c7c7c3a
27	bbax::|:|:x||b:|bax:bbb|:ba|ax	26 626261787c3a7c3a7c7c7c3a7c7c7c3a787c7c7c7c627c3a7c7c
12	xaaba:	7 78616162617c3a
8	xxxbxabaxxb:a|xaabbbb|abxxxb	7 78787862786162
10	|:bxa|bbaaabax:b:|b|aabb::ab|	9 7c7c7c3a6278617c7c
31	|bx:xxx|bxbx:abax::	25 7c7c62787c3a7878787c7c627862787c3a616261787c3a7c3a
25	x|xbaba:xaxab|::|a:a:bb|b	23 787c7c78626162617c3a78617861627c7c7c3a7c3a7c7c
29	b:|b|x:a:||xxa:|xaba:ba|a	28 627c3a7c7c627c7c787c3a617c3a7c7c7c7c7878617c3a7c7c786162
18	|b:::bb|axa|abxabx:	16 7c7c627c3a7c3a7c3a62627c7c617861
30	:|x||	9 7c3a7c7c787c7c7c7c
20	bbxbb|||x:a	15 62627862627c7c7c7c7c7c787c3a61
23	:x|:x:baa	13 7c3a787c7c7c3a787c3a626161
28	aa|::b|bbxbba||||a:abba:a|:	26 61617c7c7c3a7c3a627c7c6262786262617c7c7c7c7c7c7c7c61
36	b|:b|:aa:|a|bxaa|:abbx:	33 627c7c7c3a627c7c7c3a61617c3a7c7c617c7c627861617c7c7c3a616262787c3a
31	aaba:a|x|a||::xxax	25 616162617c3a617c7c787c7c617c7c7c7c7c3a7c3a78786178
3		0 
22	:axab|::|xab:bb|xa|baxaa|ba	21 7c3a617861627c7c7c3a7c3a7c7c7861627c3a6262
8	||x|xbb::|a|xxa|||b:ab|:b:xba	7 7c7c7c7c787c7c
35	ax:a:a:|:bx|:ax:a:aax|xbb|:	34 61787c3a617c3a617c3a7c7c7c3a62787c7c7c3a61787c3a617c3a6161787c7c7862
30	bbb|:x:xx:|:a:axx:::bb:||:xx	28 6262627c7c7c3a787c3a78787c3a7c7c7c3a617c3a6178787c3a7c3a
27	:a:a|x|x|a|:xx	21 7c3a617c3a617c7c787c7c787c7c617c7c7c3a7878
12	babbxbxbax:xaxxxabaxxba||	10 62616262786278626178
31	|ax:x:b	10 7c7c61787c3a787c3a62
7	b:abxaaa|x|a:|ba:|:	6 627c3a616278
17	|x:x:xxa:ax	15 7c7c787c3a787c3a7878617c3a6178
33	a|a::a:a:::|xx:xxaa::a:::	32 617c7c617c3a7c3a617c3a617c3a7c3a7c3a7c7c78787c3a787861617c3a7c3a
9	x|x||a:|xaa|:axb:::|x:::b	8 787c7c787c7c7c7c
35	|a	3 7c7c61
12	x:bxa	6 787c3a627861
23	axaaxbbb||xb:||ba||	22 61786161786262627c7c7c7c78627c3a7c7c7c7c6261
6	:ab:b|b:|b:a|b||b:|abbbx:|	4 7c3a6162
7	ba:|aab:|::aabxx:b:|bx	6 62617c3a7c7c
22	|:b|	7 7c7c7c3a627c7c
9	a:aaa:x:b|xa|a||xxaxb:xa|a|:::	8 617c3a6161617c3a
33	xbx:x:	8 7862787c3a787c3a
3	:baa:bbbb:	2 7c3a
32	ax|x	5 61787c7c78
19	xxa:abab|a:||bbab|::xxxax:xa	18 7878617c3a616261627c7c617c3a7c7c7c7c
26	xa:a:|:b:|bab:::aa:b:|ax::	25 78617c3a617c3a7c7c7c3a627c3a7c7c6261627c3a7c3a7c3a
21	b|	3 627c7c
9	abbb|||xaxax	8 616262627c7c7c7c
8	::b:|:::a||bbb|xbb	7 7c3a7c3a627c3a
30	:ab:x::|:x:|b|ax:a:bx|a	28 7c3a61627c3a787c3a7c3a7c7c7c3a787c3a7c7c627c7c61787c3a61
5	b|	3 627c7c
22	aa	2 6161
19	x:::a	8 787c3a7c3a7c3a61
38	||:x	7 7c7c7c7c7c3a78
33	|::	6 7c7c7c3a7c3a
12	:a|::x::|:||xab:a|axx	10 7c3a617c7c7c3a7c3a78
3	x|aax:a|:axab|b|ab:	1 78
26	ax:a|x|:|:bbbbbb:	24 61787c3a617c7c787c7c7c3a7c7c7c3a6262626262627c3a
19	:xbb|x|bx:axbb:|:a:|b	18 7c3a7862627c7c787c7c62787c3a61786262
8	xxbaab:|b||bxx::xb	6 787862616162
33	:|aa	6 7c3a7c7c6161
26	|b|:baa	10 7c7c627c7c7c3a626161
13	a:xxaax:x:xb|xa	11 617c3a78786161787c3a78
29	x:bxbxbb	9 787c3a627862786262
35	ab|xx:baaxx:xaxba|abxa	26 61627c7c78787c3a62616178787c3a78617862617c7c61627861
5	:|bxbx|x:x:xx|:	4 7c3a7c7c
28	aaa|bxbb:xbx|x:b|b|axaa|x:	27 6161617c7c627862627c3a7862787c7c787c3a627c7c627c7c6178
26	:baxabxxa|:aa||::a:|	24 7c3a62617861627878617c7c7c3a61617c7c7c7c7c3a7c3a
16	:bxabaa|||bab|:b:ba|bbx:x	14 7c3a6278616261617c7c7c7c7c7c
26	|:aa||	10 7c7c7c3a61617c7c7c7c
23	bb|aab|xab:xxaaa|bx:a|||:x|	21 62627c7c6161627c7c7861627c3a78786161617c7c
34	:b	3 7c3a62
5	bxxabax	4 62787861
12	abxbb|aa|||a	11 61627862627c7c61617c7c
10	:|xa::xa|b:axxxax:b:xbxx|xbxxa	8 7c3a7c7c78617c3a
15	a:|||:|a:||x:|x|x:|a|bx::x|:	13 617c3a7c7c7c7c7c7c7c3a7c7c
33	||||xxaabxab::x|a:x	27 7c7c7c7c7c7c7c7c78786161627861627c3a7c3a787c7c617c3a78
28	b|x|	6 627c7c787c7c
9	x:a||abxbxxab|:::a||b::|:x	8 787c3a617c7c7c7c
33	b|a|:xbb:bx|a	18 627c7c617c7c7c3a7862627c3a62787c7c61
13	a:a:aab:|:xxbxaa	11 617c3a617c3a6161627c3a
7	abxbax|xx	6 616278626178
3	b|xa|x|::b:xbxb|a|||xb:xax|ax|	1 62
38	x|||xxxb|b|ba|a	21 787c7c7c7c7c7c787878627c7c627c7c62617c7c61
36	aa:ax|b|b:||bb:aa|x::b::xba:ab	34 61617c3a61787c7c627c7c627c3a7c7c7c7c62627c3a61617c7c787c3a7c3a627c3a
24	:|axb:bx:|:||aba	23 7c3a7c7c6178627c3a62787c3a7c7c7c3a7c7c7c7c6162
38	xx||ax||b:a||b:ab|:x::|:x	36 78787c7c7c7c61787c7c7c7c627c3a617c7c7c7c627c3a61627c7c7c3a787c3a7c3a7c7c
19	x:::	7 787c3a7c3a7c3a
25	babxb:a::xabba|x	20 62616278627c3a617c3a7c3a78616262617c7c78
27	b:xabx	7 627c3a78616278
17	xxa||:||b||:|ax	16 7878617c7c7c7c7c3a7c7c7c7c627c7c
4	|:a:|a	2 7c7c
12		0 
21	xba|aab:aaxb	14 7862617c7c6161627c3a61617862
23	:	2 7c3a
22	b|xa|||:::bbxxaabb||:|:::	21 627c7c78617c7c7c7c7c7c7c3a7c3a7c3a62627878
8	:aaxbbxab:|:|xxxb::a|a||x	7 7c3a6161786262
11	:|x|aa:x|ab|:x	9 7c3a7c7c787c7c6161
32	|a:xxbabb:|a||xabxbbx:b	30 7c7c617c3a7878626162627c3a7c7c617c7c7c7c786162786262787c3a62
25	:|bb|xxa:|:xb|:|x|xaa|x	23 7c3a7c7c62627c7c7878617c3a7c7c7c3a78627c7c7c3a
15	a:a|:||a:x	13 617c3a617c7c7c3a7c7c7c7c61
22	:xxb|::|	13 7c3a7878627c7c7c3a7c3a7c7c
30	|a:|	7 7c7c617c3a7c7c
29	x|b|baa|abxb:|	19 787c7c627c7c6261617c7c616278627c3a7c7c
7	baa:xxxax::x	5 6261617c3a
11	|xxabxb|b:a:x:a|a:xaxab|a::a|:	10 7c7c7878616278627c7c
35	|	2 7c7c
36	:x::ababaax|	16 7c3a787c3a7c3a616261626161787c7c
14	::x|xaa:|bb|axxb	12 7c3a7c3a787c7c7861617c3a
20	:abaabaa	9 7c3a61626161626161
34	|::||aa|:|b:xbb:bxbb:bb	32 7c7c7c3a7c3a7c7c7c7c61617c7c7c3a7c7c627c3a7862627c3a627862627c3a
14	bxa:	5 6278617c3a
12	:xxxabxabxa:xbx|	11 7c3a787878616278616278
8	|bb:||a|a|b:	6 7c7c62627c3a
11	x|:x|x:xa|bx:|:ab|a:abxa	9 787c7c7c3a787c7c78
12	b|	3 627c7c
5	||b|b|ba|:ba::b|:bxa||::aax	4 7c7c7c7c
31	baa|xxa::bxaa:xxb:	23 6261617c7c7878617c3a7c3a627861617c3a7878627c3a
40	|||ba|bb:aaa|aaxxba	25 7c7c7c7c7c7c62617c7c62627c3a6161617c7c616178786261
14	xabb:ab|bba:||x:|aaxabbabx:	13 786162627c3a61627c7c626261
22	baa:xx:baxaa:bbb	19 6261617c3a78787c3a62617861617c3a626262
39	a:x:xbx|b|	14 617c3a787c3a7862787c7c627c7c
34	|bx|bbxxaa|b|x|	20 7c7c62787c7c6262787861617c7c627c7c787c7c
38	ab:|:xa:xaax:x|	21 61627c3a7c7c7c3a78617c3a786161787c3a787c7c
9	x:b:abb:|aa	8 787c3a627c3a6162
7	:	2 7c3a
40	ababbb|xbx||aa::xxxx:aab|a:ba|	39 6162616262627c7c7862787c7c7c7c61617c3a7c3a787878787c3a6161627c7c617c3a62617c7c
18	::a::b|ax	14 7c3a7c3a617c3a7c3a627c7c6178
29	bx:	4 62787c3a
12	b||xaa||:ab|a|||bxbb:|:|xa	10 627c7c7c7c7861617c7c
23	a:|a|a|	11 617c3a7c7c617c7c617c7c
40	|b|:ba|:ba:aba:ab:bxa|:	33 7c7c627c7c7c3a62617c7c7c3a62617c3a6162617c3a61627c3a6278617c7c7c3a
16	:|ab:|:aa:xxxx|b|a|x|b|x:a||a	14 7c3a7c7c61627c3a7c7c7c3a6161
11	:ab:ab|a:x::::a||a||a|	10 7c3a61627c3a61627c7c
18	:|axx|aaax:a|bbbaaaba:||b:	16 7c3a7c7c6178787c7c616161787c3a61
9	x|:bx|xxxbx	7 787c7c7c3a6278
27	abbbb:a	8 61626262627c3a61
24	::b:||b:xx|::a|xaxx	22 7c3a7c3a627c3a7c7c7c7c627c3a78787c7c7c3a7c3a
8	x:a|xbxb:b:|:bx:	6 787c3a617c7c
11	|:b::b||bbb:::|:x:x||	9 7c7c7c3a627c3a7c3a
9	:b|	5 7c3a627c7c
18	xx:xbxab:bxabaa||:a	17 78787c3a78627861627c3a627861626161
24	:bb:b::xxx	14 7c3a62627c3a627c3a7c3a787878
4	x:|xax:x||xx|xb:||	3 787c3a
16	|:||xb:aa::x:abaaaxbb:xx	14 7c7c7c3a7c7c7c7c78627c3a6161
5	|xab|baxa::bb|x	4 7c7c7861
20	xaa	3 786161
24	|ab|aaa|abxb	15 7c7c61627c7c6161617c7c61627862
30		0 
14	xxa||	7 7878617c7c7c7c
11	:bbbb:baxax	10 7c3a626262627c3a6261
32	bbba|aa|x|axba:x|a:baxxbxaa|	31 626262617c7c61617c7c787c7c617862617c3a787c7c617c3a626178786278
23	b	1 62
36	::b|axxxxaxa	15 7c3a7c3a627c7c6178787878617861
22	:a	3 7c3a61
6	|aaabxb|:xxxx|	5 7c7c616161
14	b||axb::	12 627c7c7c7c6178627c3a7c3a
13	axx:x|bbababxx|abaaxa:x|b	12 6178787c3a787c7c62626162
33	|||xabbbxx||xx|xaa:bxx|b	31 7c7c7c7c7c7c786162626278787c7c7c7c78787c7c7861617c3a6278787c7c
37	a|b|ax:ba|axb:|axbb||	29 617c7c627c7c61787c3a62617c7c6178627c3a7c7c617862627c7c7c7c
5	x:|xb|abxa|aa:bxa:::aa:::	3 787c3a
10	bbx::	7 6262787c3a7c3a
8	xx|xbxb:|xx|||bxb||:xx|:xxabx:	7 78787c7c786278
11	aab|:a:|a|x:b:a::a:	10 6161627c7c7c3a617c3a
40	::||	8 7c3a7c3a7c7c7c7c
36		0 
9	bb||:bx::aabx	8 62627c7c7c7c7c3a
22	x|babab:bx:b:xaaxaa	21 787c7c62616261627c3a62787c3a627c3a78616178
18	b|a::a	9 627c7c617c3a7c3a61
12	ax||bbbb||x:	10 61787c7c7c7c62626262
32	:a||b:||x|aaabx	22 7c3a617c7c7c7c627c3a7c7c7c7c787c7c6161616278
28	xbxa:bxb:xaa	14 786278617c3a6278627c3a786161
10	a|bxaa:|:xaxb	9 617c7c627861617c3a
30	babaxb|||x:axx:|:|	26 6261626178627c7c7c7c7c7c787c3a6178787c3a7c7c7c3a7c7c
17	|xa	4 7c7c7861
8	b|:bxaba||:bx|:x:|bbxx::	7 627c7c7c3a6278
14	a||:|xbb:||ab|bxax:ababxa|:b	12 617c7c7c7c7c3a7c7c786262
36	:b||bb|:|aab|b||baax:||xb|	35 7c3a627c7c7c7c62627c7c7c3a7c7c6161627c7c627c7c7c7c626161787c3a7c7c7c7c
37	:|bb|x::|:|:b|	24 7c3a7c7c62627c7c787c3a7c3a7c7c7c3a7c7c7c3a627c7c
8	aabbax:a	6 616162626178
25	xx|x	5 78787c7c78
36	xxxaxxxx|:::::bb:x|x|xa	32 78787861787878787c7c7c3a7c3a7c3a7c3a7c3a62627c3a787c7c787c7c7861
30	xab:ba:|ab:	15 7861627c3a62617c3a7c7c61627c3a
31	axxx:x|axax:xxab::||b:ab:::xa	30 617878787c3a787c7c617861787c3a787861627c3a7c3a7c7c7c7c627c3a
35	|abbaabb||	13 7c7c616262616162627c7c7c7c
12	xaxbaxx|bx|	11 786178626178787c7c6278
21	aab:ba	7 6161627c3a6261
27	:aaaxa:xx:|b	16 7c3a61616178617c3a78787c3a7c7c62
22	a|bx|a:a:xbab|abx	21 617c7c62787c7c617c3a617c3a786261627c7c6162
19	:bba:b	8 7c3a6262617c3a62
40	xxbbbb|bbbbb|	15 7878626262627c7c62626262627c7c
5	aa:aba|bab|bxxbxaa|||a||b	4 61617c3a
30	::|a|xaxbxbb:|x||x:a|::b:	28 7c3a7c3a7c7c617c7c786178627862627c3a7c7c787c7c7c7c787c3a
9	a|xbaba:xa:abaaba:xa|a|||ab|	8 617c7c7862616261
6	b|bax|aa|axb	5 627c7c6261
35	axxxx|b::b:xb|a:a	23 61787878787c7c627c3a7c3a627c3a78627c7c617c3a61
38	:xxx:||:x:|b|aa:a:bax	31 7c3a7878787c3a7c7c7c7c7c3a787c3a7c7c627c7c61617c3a617c3a626178
30		0 
40	b:xabxaaa:|	14 627c3a786162786161617c3a7c7c
9	a:::	7 617c3a7c3a7c3a
4	:|b	2 7c3a
15	b|::||a|xabb	14 627c7c7c3a7c3a7c7c7c7c617c7c
31	xxaxaa	6 787861786161
6	bx	2 6278
36	||::|x|a|xa|bbxab|bxb|aaa	35 7c7c7c7c7c3a7c3a7c7c787c7c617c7c78617c7c62627861627c7c6278627c7c616161
15	baxbbxbba:aax|abxx|b:abx	14 6261786262786262617c3a616178
4	|xx	2 7c7c
14	xaxbxxaa|xa	12 78617862787861617c7c7861
14	xxa:xa:a:bxbax|	12 7878617c3a78617c3a617c3a
33	|aba|xxb|	12 7c7c6162617c7c7878627c7c
19	:bxb||b:xbxxx:x::babbxa:	17 7c3a6278627c7c7c7c627c3a7862787878
3	baxxx|a|:baax	2 6261
23	:abbaxxab|:a:|b|bb:b	22 7c3a61626261787861627c7c7c3a617c3a7c7c627c7c
38	||xax|x|:|b|x|:bbx	27 7c7c7c7c7861787c7c787c7c7c3a7c7c627c7c787c7c7c3a626278
6	b	1 62
6	|:b:xb::ab:bb||:|b|	4 7c7c7c3a
26	b:x|xaaxb	11 627c3a787c7c7861617862
30	bx::|	8 62787c3a7c3a7c7c
39	:b|:aba:x:::a	20 7c3a627c7c7c3a6162617c3a787c3a7c3a7c3a61
35	b:a|xxb	9 627c3a617c7c787862
40	x:bbaa::x|x:xxbxbxxb:|:a:xa:	38 787c3a626261617c3a7c3a787c7c787c3a78786278627878627c3a7c7c7c3a617c3a78617c3a
39	:a:xba:bxaa|b|axb:xb:|a	31 7c3a617c3a7862617c3a627861617c7c627c7c6178627c3a78627c3a7c7c61
40	b:bbbb|ax::x:xb|:b	25 627c3a626262627c7c61787c3a7c3a787c3a78627c7c7c3a62
27	xabb|xbaa:abb||:||||::x:xa:|	25 786162627c7c786261617c3a6162627c7c7c7c7c3a7c7c7c7c
15	abb:ax|	9 6162627c3a61787c7c
7	a:x|:|b:b::x|xb:|bxx|x:|ab|a	6 617c3a787c7c
7	xbx|xba|axbbx|xx|xaxbxxa:	5 7862787c7c
13	xbxxb:xb|:|a|:xa|aa:	11 78627878627c3a78627c7c
25	ba|b:::|:|bb::a|a|:|a|b	23 62617c7c627c3a7c3a7c3a7c7c7c3a7c7c62627c3a7c3a
32	bx|aa::|||||:|x|bx	29 62787c7c61617c3a7c3a7c7c7c7c7c7c7c7c7c7c7c3a7c7c787c7c6278
17	:b|:|aab	12 7c3a627c7c7c3a7c7c616162
16	|b	3 7c7c62
34	|ba:a|:|xab|x|||a|b:a	32 7c7c62617c3a617c7c7c3a7c7c7861627c7c787c7c7c7c7c7c617c7c627c3a61
24	:a::|xb:a:baxx|||b:abxxx|a	22 7c3a617c3a7c3a7c7c78627c3a617c3a626178787c7c
16		0 
3	ababbxbxbbb||b|b:|b|::bbb:	2 6162
27	abaaax|a	9 6162616161787c7c61
11	bba::|baa:::::abab	9 6262617c3a7c3a7c7c
21	|axa:xxa||::|b|ba	20 7c7c6178617c3a7878617c7c7c7c7c3a7c3a7c7c
8	|ab::bxab:::xaa|bb	6 7c7c61627c3a
14	|a:aa|aa:::x:bx::axa:b|	13 7c7c617c3a61617c7c61617c3a
32	:a||a|:x:xa|:|a:|b|	31 7c3a617c7c7c7c617c7c7c3a787c3a78617c7c7c3a7c7c617c3a7c7c627c7c
16	b:b:b:x||bbb||x:|baaxab	14 627c3a627c3a627c3a787c7c7c7c
15	ab|a|:|bbb:xb:aa	14 61627c7c617c7c7c3a7c7c626262
35	bxbx:|x:x||||b	21 627862787c3a7c7c787c3a787c7c7c7c7c7c7c7c62
26	::baaa::a	13 7c3a7c3a626161617c3a7c3a61
13	b|x|x|aa::aax|:|:bx::x	11 627c7c787c7c787c7c6161
29	aab|bb::x||::a||bx:a:x|xb|	27 6161627c7c62627c3a7c3a787c7c7c7c7c3a7c3a617c7c7c7c6278
32	|b:|x|a|x||ba|x	23 7c7c627c3a7c7c787c7c617c7c787c7c7c7c62617c7c78
25	:|bba::||	15 7c3a7c7c6262617c3a7c3a7c7c7c7c
22	ax::xbx|:|xxx:baxab	20 61787c3a7c3a7862787c7c7c3a7c7c7878787c3a
25	|b:|x::bb::axx	21 7c7c627c3a7c7c787c3a7c3a62627c3a7c3a617878
6	xxx|:||aaabx:xabx	5 7878787c7c
15	xxbaxxbxxxaa||bbaxa|x|x::bx|b	14 7878626178786278787861617c7c
18	b::bxxx	9 627c3a7c3a62787878
30	aa|:ax:|::::x|:xb|xbbb	29 61617c7c7c3a61787c3a7c7c7c3a7c3a7c3a7c3a787c7c7c3a78627c7c
20	|xab	5 7c7c786162
28	b	1 62
40	|:a|b:|xax:a:|b:baaxxbb:x	35 7c7c7c3a617c7c627c3a7c7c7861787c3a617c3a7c7c627c3a626161787862627c3a78
20	a|||::x	12 617c7c7c7c7c7c7c3a7c3a78
38		0 
31	a:x:bbax|bxax:	18 617c3a787c3a626261787c7c627861787c3a
27	a|baa:|::x	15 617c7c6261617c3a7c7c7c3a7c3a78
31	a:ab::x:bxb|baaa|a||ax:|	30 617c3a61627c3a7c3a787c3a6278627c7c626161617c7c617c7c7c7c6178
13	a:b:||aaa|aaax	12 617c3a627c3a7c7c7c7c6161
22	|::|xaxbabaa|xbb|:xabx:||:|b:x	21 7c7c7c3a7c3a7c7c78617862616261617c7c786262
28	xa:aba|x||abxaxx:ax|ba|ba:xa|	26 78617c3a6162617c7c787c7c7c7c6162786178787c3a61787c7c
13	|:||:|bxxb::xaa|a::a:x:|xxbx|	12 7c7c7c3a7c7c7c7c7c3a7c7c
11	x:|:ba:axbx	9 787c3a7c7c7c3a6261
24	xab|x::x|aa	15 7861627c7c787c3a7c3a787c7c6161
7	baxx||:aab:baba:aa|:a	6 626178787c7c
26	|x|x:bb|x	13 7c7c787c7c787c3a62627c7c78
25	|b||xaax:b|aaa:x::b|a:|ba||	24 7c7c627c7c7c7c786161787c3a627c7c6161617c3a787c3a
6	|x:b:xb:xb|bxb::x|ba|	5 7c7c787c3a
37	abx|:b:|b|:|b:b:abbbb	30 6162787c7c7c3a627c3a7c7c627c7c7c3a7c7c627c3a627c3a6162626262
12	|||:|a	10 7c7c7c7c7c7c7c3a7c7c
5	:|bb|b||a|b|b:b:|b	4 7c3a7c7c
31	xb:x||ba|abaa	17 78627c3a787c7c7c7c62617c7c61626161
33	|b:	5 7c7c627c3a
26	a	1 61
14	xx:|xxaaa|::|a:aab||	13 78787c3a7c7c78786161617c7c
4	ab:||x|b||xa:|ax|b|a	2 6162
19	a::xb:aa|bbabaa|ab:x	18 617c3a7c3a78627c3a61617c7c6262616261
35	:|:x|xaaxb|baxxb:ax|ab:b	32 7c3a7c7c7c3a787c7c78616178627c7c62617878627c3a61787c7c61627c3a62
6	axxxxx|x||:axb:x:|b|bax|:bb:b	5 6178787878
18	b:xaxabxa:xxb||:	17 627c3a786178616278617c3a7878627c7c
37	:|bxbxab|b|ba|::aaa	26 7c3a7c7c6278627861627c7c627c7c62617c7c7c3a7c3a616161
16	|:ab:xb:|xxb:a	14 7c7c7c3a61627c3a78627c3a7c7c
17	|axa::|::	15 7c7c6178617c3a7c3a7c7c7c3a7c3a
27	abbx::	8 616262787c3a7c3a
19	:x|b|a:x:a:||b|ba:::bxx	17 7c3a787c7c627c7c617c3a787c3a617c3a
22	a|:aaaxa|b|aaabax:bb|:|a|b|||a	21 617c7c7c3a61616178617c7c627c7c616161626178
5	::xaxxxaa:aab|:	4 7c3a7c3a
5	::::bx|:|b|a:ab:|aax||:	4 7c3a7c3a
7	|b:b:a	5 7c7c627c3a
39	b|aab:xa	10 627c7c6161627c3a7861
33	baxx:xaxx||a:|:x|::a|a	31 626178787c3a786178787c7c7c7c617c3a7c7c7c3a787c7c7c3a7c3a617c7c
29	:::abxbxaxx||::x|ab:b	27 7c3a7c3a7c3a61627862786178787c7c7c7c7c3a7c3a787c7c6162
19	xaabbxab||:	14 78616162627861627c7c7c7c7c3a
38	:|b|xx:b:bx:xb|axx|x:|aa::x:a|	36 7c3a7c7c627c7c78787c3a627c3a62787c3a78627c7c6178787c7c787c3a7c7c61617c3a
33	x	1 78
7	b|||:||baxa	5 627c7c7c7c
7	abxxbb:b:|||bbxxx:|:	6 616278786262
19	:x	3 7c3a78
40	|ba:aaxxxbb:xb|xa|:xx	27 7c7c62617c3a616178787862627c3a78627c7c78617c7c7c3a7878
26	babaxax|abb:ab:ax|b|	25 626162617861787c7c6162627c3a61627c3a61787c7c627c7c
8	b	1 62
8	abaa:xxxa||xabb:xbxxba|ab:	6 616261617c3a
13	b|x|a|:b|axax|ab::::|	11 627c7c787c7c617c7c7c3a
23	::xa|axaax:bb:ba|x|	21 7c3a7c3a78617c7c61786161787c3a62627c3a6261
7	ax	2 6178
15	bb:baaxbbbabaaxbxx:|bxbbbb	14 62627c3a62616178626262616261
6	:aab:babba:bbx||a	5 7c3a616162
23	|x|axx:xbxa|::xa:	22 7c7c787c7c6178787c3a786278617c7c7c3a7c3a7861
5	bx:a|xxaax:|x:xxaaxaba|:	4 62787c3a
31	|xxba|ax:b	13 7c7c787862617c7c61787c3a62
21	|xbx	5 7c7c786278
9	babxaxbx|ba|baa|xx:xa	8 6261627861786278
32	::|:bb|x|xx	17 7c3a7c3a7c7c7c3a62627c7c787c7c7878
18	a|xxb:ab|xa|||::aabaa	16 617c7c7878627c3a61627c7c78617c7c
15		0 
18	x:xax|b:a::|bbxx::bb|b|xaa|a|:	16 787c3a7861787c7c627c3a617c3a7c3a
10	a	1 61
38	b:bbb|bx:b:ax:|b:::x	29 627c3a6262627c7c62787c3a627c3a61787c3a7c7c627c3a7c3a7c3a78
39	|	2 7c7c
31		0 
25	:|	4 7c3a7c7c
4	:b:b:a||bxxx:a|axbxb	2 7c3a
8	x||::::a:xa:|xx:|x:bb:|bbb	7 787c7c7c7c7c3a
21	a:x||:bxba|x:a	19 617c3a787c7c7c7c7c3a627862617c7c787c3a
34		0 
26	aabbx|:bbx|::::|x|	24 61616262787c7c7c3a6262787c7c7c3a7c3a7c3a7c3a7c7c
37	:|:axbx|::xx:|	22 7c3a7c7c7c3a617862787c7c7c3a7c3a78787c3a7c7c
36	::::|xba|:|b|a::|baaa||a:b	35 7c3a7c3a7c3a7c3a7c7c7862617c7c7c3a7c7c627c7c617c3a7c3a7c7c626161617c7c
17	a:|a	6 617c3a7c7c61
27	xab:::xaaa	13 7861627c3a7c3a7c3a78616161
34	:a:xb|ba|ab::|::|:|x:x:a	32 7c3a617c3a78627c7c62617c7c61627c3a7c3a7c7c7c3a7c3a7c7c7c3a7c7c78
5	:baa:||:xx:a:aba:	4 7c3a6261
39	aaxb:||x|ba||x:aa	24 616178627c3a7c7c7c7c787c7c62617c7c7c7c787c3a6161
10	b::|bb|bxb:a:	9 627c3a7c3a7c7c6262
20	x:|:bbbab|b:|bb|xab	19 787c3a7c7c7c3a62626261627c7c627c3a7c7c
36	bxbxx:||ba|:a:b:a|a:bx:xx	35 62786278787c3a7c7c7c7c62617c7c7c3a617c3a627c3a617c7c617c3a62787c3a7878
3	a:a:b:bxx|:b:x|:|a|x:	1 61
9	x|bbb:|xxx:||bbba|:	8 787c7c6262627c3a
6	:a|xxbaab|x:xb|axax|xabxabx	5 7c3a617c7c
30	:ba||b:xb|bbx	18 7c3a62617c7c7c7c627c3a78627c7c626278
32	:xb|x	7 7c3a78627c7c78
7	abaa:|:a||ba:xab|a|bab	6 616261617c3a
23	xbbxbbxx|ab:a:|b|a:b|x:	22 78626278626278787c7c61627c3a617c3a7c7c627c7c
27	x	1 78
27	||bxax:::	14 7c7c7c7c627861787c3a7c3a7c3a
19	:::	6 7c3a7c3a7c3a
26	|	2 7c7c
35	xab::x:	10 7861627c3a7c3a787c3a
16	bbxxbx:xa|xb:a:	14 6262787862787c3a78617c7c7862
37	|::aab|a|x:|b|xb	24 7c7c7c3a7c3a6161627c7c617c7c787c3a7c7c627c7c7862
34	axbb|:b|xaba	15 617862627c7c7c3a627c7c78616261
28	a:x:ax|::|aa:x|xb	25 617c3a787c3a61787c7c7c3a7c3a7c7c61617c3a787c7c7862
18	a::x:::b	13 617c3a7c3a787c3a7c3a7c3a62
18	:|b|x:a|:aaab:ab:ba	17 7c3a7c7c627c7c787c3a617c7c7c3a6161
32	ab:xx:|bxxaaabbxxb|ba	25 61627c3a78787c3a7c7c62787861616162627878627c7c6261
22	b::xx:aabaxx::|xxx|:x	21 627c3a7c3a78787c3a6161626178787c3a7c3a7c7c
3	|ax:|:b|abx:|	2 7c7c
31	:xb::xba::a:x:bx:b|	28 7c3a78627c3a7c3a7862617c3a7c3a617c3a787c3a62787c3a627c7c
11	|baxbbbxabbb|::bax:a||::|x:	10 7c7c6261786262627861
28		0 
6	a|x||bx:ababa|bax|||	4 617c7c78
12	x||a:aa:aab:|a||::|ba:::aa|||	10 787c7c7c7c617c3a6161
26		0 
21	||:|::a:x:a|b|:||a::x:a:xb|	19 7c7c7c7c7c3a7c7c7c3a7c3a617c3a787c3a61
16	|a|baxa:xab:baa|xa::::|:b	14 7c7c617c7c626178617c3a786162
31	|x|bbbx|aabxb::bb|xbab|b|xxa|a	30 7c7c787c7c626262787c7c61616278627c3a7c3a62627c7c786261627c7c
23	x|:xa|xb|xx|x||xaaxx|b:x	22 787c7c7c3a78617c7c78627c7c78787c7c787c7c7c7c
19	ba:|aa	8 62617c3a7c7c6161
21	b|::|x|aax|:x:|	19 627c7c7c3a7c3a7c7c787c7c6161787c7c7c3a
6	:	2 7c3a
10	axxax|:	9 61787861787c7c7c3a
18	a::aaa:x	11 617c3a7c3a6161617c3a78
36	ba:bx::|xxabbab||b	24 62617c3a62787c3a7c3a7c7c787861626261627c7c7c7c62
30	b|ba:b:x|x|:b:b::xaxb:a|xbbbbb	29 627c7c62617c3a627c3a787c7c787c7c7c3a627c3a627c3a7c3a786178
20	xb|:x|xba|:|xx|abx|x	18 78627c7c7c3a787c7c7862617c7c7c3a7c7c
30	x|b:bx::x|a	16 787c7c627c3a62787c3a7c3a787c7c61
7	x::x:x|:xxx	5 787c3a7c3a
29	b:|x:b	9 627c3a7c7c787c3a62
33	a:|a:|b	11 617c3a7c7c617c3a7c7c62
25	|b:xb	7 7c7c627c3a7862
35	|b::b:axaa	14 7c7c627c3a7c3a627c3a61786161
3	a:b	1 61
24	:xxaa:a|baab||axxxa	23 7c3a787861617c3a617c7c626161627c7c7c7c61787878
10	||abx|a:bbax	9 7c7c7c7c6162787c7c
28	abax:aa|xbbxx::::xxa	26 616261787c3a61617c7c78626278787c3a7c3a7c3a7c3a787861
24	||ba|x:|x:xaa:axax|:|x	23 7c7c7c7c62617c7c787c3a7c7c787c3a7861617c3a6178
33	a:xx|:::ba|a:aa|xa:b:xxa:	31 617c3a78787c7c7c3a7c3a7c3a62617c7c617c3a61617c7c78617c3a627c3a
27	:x|bb|abaaxbb::a::||:x	25 7c3a787c7c62627c7c616261617862627c3a7c3a617c3a7c3a
8	b	1 62
29	||||:x:bbax|::xb|:|ax	27 7c7c7c7c7c7c7c7c7c3a787c3a626261787c7c7c3a7c3a78627c7c
18	|:a	5 7c7c7c3a61
6	b||x:bbxxb|aaa|ab:x|ax	5 627c7c7c7c
39	:a:|babb|x|x:xaxb	23 7c3a617c3a7c7c626162627c7c787c7c787c3a78617862
19		0 
31	:aax:bbxbbx	13 7c3a6161787c3a626278626278
3	ab|a|a::|x	2 6162
14	aa|abb:bbbb	13 61617c7c6162627c3a62626262
6	bab|||bbxba::abx	5 6261627c7c
23	|:ba:aa:xa::bbb:xb:x:|x|||aax:	21 7c7c7c3a62617c3a61617c3a78617c3a7c3a626262
25		0 
34	xbxxaxaa|x::xxb|abx::xa:xb	33 78627878617861617c7c787c3a7c3a7878627c7c6162787c3a7c3a78617c3a7862
37	|b:a::|axb:xaa|ax::a|:b|aa	36 7c7c627c3a617c3a7c3a7c7c6178627c3a7861617c7c61787c3a7c3a617c7c7c3a627c7c
30	:a:bxxb|x:::a:axbba|:|x||a:	28 7c3a617c3a627878627c7c787c3a7c3a7c3a617c3a61786262617c7c
4	a	1 61
39	|:||a|x|bab:|:ab|:aa:ax|x	37 7c7c7c3a7c7c7c7c617c7c787c7c6261627c3a7c7c7c3a61627c7c7c3a61617c3a61787c7c
18	a::bab|x|x|aab:x|a|x|xbb	16 617c3a7c3a6261627c7c787c7c787c7c
14	ax|::bab|axbb|ax|aaaa|bxaa:||	13 61787c7c7c3a7c3a6261627c7c
12	xabb|:||	10 786162627c7c7c3a7c7c
38	|abbxaa:axax:ab|:::ab|b:a:b	36 7c7c6162627861617c3a617861787c3a61627c7c7c3a7c3a7c3a61627c7c627c3a617c3a
7	b:x:|::a||xb|a:|x|:|bx:|x::	6 627c3a787c3a
23	|b|:||ab:|||b|||abba	21 7c7c627c7c7c3a7c7c7c7c61627c3a7c7c7c7c7c7c
7	|xb:xx:xaaxba	6 7c7c78627c3a
38	:|axbb	8 7c3a7c7c61786262
24	a|ax:x:|x	13 617c7c61787c3a787c3a7c7c78
23	bxba	4 62786261
29	|:aabbbab	11 7c7c7c3a61616262626162
22	bb||x:x	10 62627c7c7c7c787c3a78
28	aa|bax:x|:abbaba||::xxa	26 61617c7c6261787c3a787c7c7c3a6162626162617c7c7c7c7c3a
7	xx:xb:::b|xbbx|:xb|x|a||a:a:	6 78787c3a7862
18	axxxa:::axxabb|	17 61787878617c3a7c3a7c3a617878616262
23	::	4 7c3a7c3a
35	baxbxba|xab:ab	16 626178627862617c7c7861627c3a6162
29	:ba:x:axabba:xbx|a||b:xaa:xb||	27 7c3a62617c3a787c3a6178616262617c3a7862787c7c617c7c7c7c
17	|||axabx:b|xa:|xaaa	16 7c7c7c7c7c7c61786162787c3a627c7c
34	b:x|bbax||baab|x	21 627c3a787c7c626261787c7c7c7c626161627c7c78
10	:aaba:b	8 7c3a616162617c3a
6	|:||xa:|a:|:xb::bb	4 7c7c7c3a
34	xba||::	11 7862617c7c7c7c7c3a7c3a
30		0 
12	axaxa||b:||x:x|:bbb:bxaa:a	10 61786178617c7c7c7c62
36	xaxbxx|aaa|:aa:|abx:	26 7861786278787c7c6161617c7c7c3a61617c3a7c7c6162787c3a
32	abba:	6 616262617c3a
32	||x	5 7c7c7c7c78
31	aba|aa|b|a:a:xaab|:aa	28 6162617c7c61617c7c627c7c617c3a617c3a786161627c7c7c3a6161
26	b||b|a|x||aabx:xx	24 627c7c7c7c627c7c617c7c787c7c7c7c616162787c3a7878
25	bab||a:abb:x	16 6261627c7c7c7c617c3a6162627c3a78
37	a::::bxb|aa|a:x|aabbx|xbxxaxb	36 617c3a7c3a7c3a7c3a6278627c7c61617c7c617c3a787c7c61616262787c7c7862787861
40	:|:abxb:|	14 7c3a7c7c7c3a616278627c3a7c7c
22	bxx|b:b|a|:b::	21 6278787c7c627c3a627c7c617c7c7c3a627c3a7c3a
25	x|x|a	7 787c7c787c7c61
13	:x	3 7c3a78
27	b::bx:a|:xaxx|x|b|	26 627c3a7c3a62787c3a617c7c7c3a786178787c7c787c7c627c7c
18	|xaa||bx||xxa|bbxbaaaa|:|:|	17 7c7c7861617c7c7c7c62787c7c7c7c7878
26	xxaxaxb:x|||a:a:xx:||||::b|:b	24 787861786178627c3a787c7c7c7c7c7c617c3a617c3a7878
26	|a||b|:xb:aa:::x|a:xaababxbx:	24 7c7c617c7c7c7c627c7c7c3a78627c3a61617c3a7c3a7c3a
28	baxxaa|bx	10 6261787861617c7c6278
32	ax:||ba:::::axaa:x:|	31 61787c3a7c7c7c7c62617c3a7c3a7c3a7c3a7c3a617861617c3a787c3a7c7c
28	aababxaxbb:a|:||x	22 616162616278617862627c3a617c7c7c3a7c7c7c7c78
11	::xbxab	9 7c3a7c3a7862786162
4	bx::|xx:xa|a:baab|ba	2 6278
18	:b::axa|:x:babxxxa	17 7c3a627c3a7c3a6178617c7c7c3a787c3a
32	a:bx|ax|:|xxaa|xbbb|ab	29 617c3a62787c7c61787c7c7c3a7c7c787861617c7c786262627c7c6162
3	ab:	2 6162
9	:||b|bx	7 7c3a7c7c7c7c62
14	aa:babx|:x::xa:a|bb|a|xaa::::	12 61617c3a626162787c7c7c3a
37	xaaxbabxbxax	12 786161786261627862786178
31	xb:xx:b:aa:|bb|x:b|||x||	29 78627c3a78787c3a627c3a61617c3a7c7c62627c7c787c3a627c7c7c7c
38	|||::bb:b:|a|xb|b|aaba|||bxb|:	37 7c7c7c7c7c7c7c3a7c3a62627c3a627c3a7c7c617c7c78627c7c627c7c616162617c7c7c7c
36	xxb|||::|bbxbxaxb:bxx|:|a|:	34 7878627c7c7c7c7c7c7c3a7c3a7c7c62627862786178627c3a6278787c7c7c3a7c7c
22	|:babb:abbxx|xb:|||bxxaaa	21 7c7c7c3a626162627c3a61626278787c7c78627c3a
14	::a|||:ax|xaxab	13 7c3a7c3a617c7c7c7c7c7c7c3a
15	a||xa|:b:|::x	14 617c7c7c7c78617c7c7c3a627c3a
25	b|xb|b|x:|x:x||bx:ba	23 627c7c78627c7c627c7c787c3a7c7c787c3a787c7c7c7c
20	xa||xb|	10 78617c7c7c7c78627c7c
21	:xaxb:bxb:baab::a	19 7c3a786178627c3a6278627c3a626161627c3a
20	abx|xabbabx::x||b||:b:a::	19 6162787c7c786162626162787c3a7c3a787c7c
20	a:b|a|bxxx|x:bxxxxbbb:b:|a:bxa	18 617c3a627c7c617c7c627878787c7c787c3a
14	xx|ax|b	9 78787c7c61787c7c62
7	||bx	6 7c7c7c7c6278
18	:|abbxbx	10 7c3a7c7c616262786278
22	x::abx|:bxx|axbx	21 787c3a7c3a6162787c7c7c3a6278787c7c61786278
21	|x	3 7c7c78
27	ab:a|||::|axxxa|bxxa|xba:x|x:	26 61627c3a617c7c7c7c7c7c7c3a7c3a7c7c61787878617c7c6278
21	|x:|ab:||a|	18 7c7c787c3a7c7c61627c3a7c7c7c7c617c7c
37	bb|axab:	10 62627c7c617861627c3a
22	||axb|xx|a:a:::xax:a:a::ab:	21 7c7c7c7c6178627c7c78787c7c617c3a617c3a7c3a
25	x|:bbb|b:||b:bx|aax	24 787c7c7c3a6262627c7c627c3a7c7c7c7c627c3a62787c7c
9	:a|ax:a::x	7 7c3a617c7c6178
9	|xxxaxbxa||x:x	8 7c7c787878617862
5	b|xx|ababx:a	3 627c7c
22	a:axa|	8 617c3a6178617c7c
3	ab:b|a::b	2 6162
12	::x::x:a	10 7c3a7c3a787c3a7c3a78
9	|xbb:|||xab:a:|bax:ab::a:	7 7c7c7862627c3a
15	aa|x::abx:bba	14 61617c7c787c3a7c3a6162787c3a
25	::ab:	8 7c3a7c3a61627c3a
3	|a|:bbx|aaaa:xx|xbb	2 7c7c
25	x::b:	8 787c3a7c3a627c3a
23	xaab|::x:a||abxbaxaaa|b:axa::	22 786161627c7c7c3a7c3a787c3a617c7c7c7c61627862
21	|:x|ab|:a:|x|aax|ax|xxxb:a	19 7c7c7c3a787c7c61627c7c7c3a617c3a7c7c78
6	axax||xbb:|xa||	4 61786178
28	ax|bb::|x|||ab:b:bxxb	26 61787c7c62627c3a7c3a7c7c787c7c7c7c7c7c61627c3a627c3a
32	:ax|:|aa::|xxx|b:||a	30 7c3a61787c7c7c3a7c7c61617c3a7c3a7c7c7878787c7c627c3a7c7c7c7c
31	abb:xx:	9 6162627c3a78787c3a
17	|||x|axabb:a:|baabxab|ba|a:|	16 7c7c7c7c7c7c787c7c61786162627c3a
32	axxb|||ax|baxaxbbabx::|axab	30 617878627c7c7c7c7c7c61787c7c626178617862626162787c3a7c3a7c7c
38	|:baaab|b:	14 7c7c7c3a62616161627c7c627c3a
25	bbbab|xax|:b:::x:|	24 62626261627c7c7861787c7c7c3a627c3a7c3a7c3a787c3a
13	x||x|a:ba|xa:	11 787c7c7c7c787c7c617c3a
24	xba:|x|	10 7862617c3a7c7c787c7c
12	||:|bbaabbx:bxx:|:|xx|::|	11 7c7c7c7c7c3a7c7c626261
12	|b|x|bxx:aab:b	11 7c7c627c7c787c7c627878
25	:xxb|:axaaabx|||b:xxabxax|	23 7c3a7878627c7c7c3a617861616162787c7c7c7c7c7c62
39	bx::	6 62787c3a7c3a
23	b:a|aaxxab:	14 627c3a617c7c6161787861627c3a
34	a:x|a:::x||babba|b||b:xxb|a	33 617c3a787c7c617c3a7c3a7c3a787c7c7c7c62616262617c7c627c7c7c7c627c3a
8	a	1 61
13	baaxbaa	7 62616178626161
25	x	1 78
34	xb|:bxaxx:xxx:aa::|a	27 78627c7c7c3a62786178787c3a7878787c3a61617c3a7c3a7c7c61
5		0 
36		0 
4	|:b:bbx|bb:xb|b|b	2 7c7c
15	bx	2 6278
26	:b::b:aabx|b|xaa||ababx	24 7c3a627c3a7c3a627c3a616162787c7c627c7c7861617c7c
29	b:::x||:x|aa|a:bbxxbxba|::b|aa	28 627c3a7c3a7c3a787c7c7c7c7c3a787c7c61617c7c617c3a62627878
33	xxba|aabx|x|b:x|ax|	25 787862617c7c616162787c7c787c7c627c3a787c7c61787c7c
33	a:a:b|xb|:a::bxb:bbxab:aaax|	32 617c3a617c3a627c7c78627c7c7c3a617c3a7c3a6278627c3a62627861627c3a
16	||xb|x|axa|bab	14 7c7c7c7c78627c7c787c7c617861
33	|b|:aax|b:axaxbb|::	27 7c7c627c7c7c3a6161787c7c627c3a6178617862627c7c7c3a7c3a
39	bx	2 6278
17	:|:x|:a	12 7c3a7c7c7c3a787c7c7c3a61
22	::bx:aa	10 7c3a7c3a62787c3a6161
21	abba|a:x	10 616262617c7c617c3a78
34	|bx||||ax:::::aabx|baxa:||	33 7c7c62787c7c7c7c7c7c7c7c61787c3a7c3a7c3a7c3a7c3a616162787c7c626178
11	aaxab	5 6161786162
12	xb|xax:x|a:|a|:|:b|a||||	10 78627c7c7861787c3a78
33	:||b	7 7c3a7c7c7c7c62
29	bb:xxaxxabxaxxa:aa	20 62627c3a7878617878616278617878617c3a6161
12	|xxbbaaaxa|xbbbbb:|:b|b	11 7c7c787862626161617861
37	xb:aax|::aba	16 78627c3a6161787c7c7c3a7c3a616261
16	|:b:|::xax	15 7c7c7c3a627c3a7c7c7c3a7c3a7861
40	:aabb|x|x||	16 7c3a616162627c7c787c7c787c7c7c7c
15	|axxxabb||xxax|xbxa:|:ba	13 7c7c617878786162627c7c7c7c
7	ab|:xx	6 61627c7c7c3a
35	::bbaaxx:||b:x||:b::ax	33 7c3a7c3a6262616178787c3a7c7c7c7c627c3a787c7c7c7c7c3a627c3a7c3a6178
10	xxb:aa:|bxxx:|:xbaa:b:ab|	9 7878627c3a61617c3a
37	bxb|aaaax	10 6278627c7c6161616178
24	ba|:x|abbxxa|b|xaxxxb:ab	23 62617c7c7c3a787c7c6162627878617c7c627c7c786178
31	::b:xx:b|a|xx||||x|ba:	30 7c3a7c3a627c3a78787c3a627c7c617c7c78787c7c7c7c7c7c7c7c787c7c
37	:||xx|x:xxxxa::bxxbaaa|:x|	36 7c3a7c7c7c7c78787c7c787c3a78787878617c3a7c3a627878626161617c7c7c3a787c7c
37	bab:b|x|bb|	15 6261627c3a627c7c787c7c62627c7c
33	bx|:ax|b|:b:xax|b:x|:bb:x	31 62787c7c7c3a61787c7c627c7c7c3a627c3a7861787c7c627c3a787c7c7c3a
38	|xbbb|:x:b	14 7c7c786262627c7c7c3a787c3a62
11	|x|x|||bxbaa|x	10 7c7c787c7c787c7c7c7c
39	aax:::a:	12 6161787c3a7c3a7c3a617c3a
40	xaax:a|:b|bb:||aaabbxbbb	31 786161787c3a617c7c7c3a627c7c62627c3a7c7c7c7c616161626278626262
27	|x:a:xb|b:bbaxbbbax:xaa:x	26 7c7c787c3a617c3a78627c7c627c3a6262617862626261787c3a
14	:|b::|b|:a|b::a	12 7c3a7c7c627c3a7c3a7c7c62
4	|aabx:aaxb|xaxxxxa	2 7c7c
27	xx::b|:|xabba::b	23 78787c3a7c3a627c7c7c3a7c7c78616262617c3a7c3a62
15	:x|	5 7c3a787c7c
17	b:|	5 627c3a7c7c
8	a:|a:x::|a:x|:	6 617c3a7c7c61
27	abxxabx|bx:a:xb:b||xaxxxbxbxx	25 616278786162787c7c62787c3a617c3a78627c3a627c7c7c7c
39	a:xab|::xb|:baa	21 617c3a7861627c7c7c3a7c3a78627c7c7c3a626161
4	xa	2 7861
29	a|bb|bxbaaa|xb:|b|	24 617c7c62627c7c6278626161617c7c78627c3a7c7c627c7c
21	x::x:bbx|a:|:x:ba||||a:	20 787c3a7c3a787c3a6262787c7c617c3a7c7c7c3a
3	x:ababbaxbb:a:|bx|a::|bbbax|b|	1 78
34	:xbbb|xa:b|b:bbbb:||	28 7c3a786262627c7c78617c3a627c7c627c3a626262627c3a7c7c7c7c
28	:ax||x||xax	16 7c3a61787c7c7c7c787c7c7c7c786178
6	aba:	5 6162617c3a
19	ax||ab:aa|xxaxxb|bb||ba:b	18 61787c7c7c7c61627c3a61617c7c78786178
26	xaxaxxa|aa:bbba:	19 786178617878617c7c61617c3a626262617c3a
18	ax|:b|:x	12 61787c7c7c3a627c7c7c3a78
18	b|aaxxb:x|x|bxbb|axbxx||xbbbbx	16 627c7c61617878627c3a787c7c787c7c
36	bxa|xx|:bb|:||aax	24 6278617c7c78787c7c7c3a62627c7c7c3a7c7c7c7c616178
13	xbxb::|:b	12 786278627c3a7c3a7c7c7c3a
15	x:babab|b|xxxbaxxbx|	13 787c3a62616261627c7c627c7c
15	ab:xxxaaxxxxbabba	14 61627c3a78787861617878787862
3	b:b:|:abxaabx:ax:|axbx|:xx|	1 62
10	abbaab:x::aaa|b|x:x:	8 6162626161627c3a
20	abxaxba|abx||b|:|bxbxxxb	19 616278617862617c7c6162787c7c7c7c627c7c
40	|ba|:::a|:bx|b:ab	26 7c7c62617c7c7c3a7c3a7c3a617c7c7c3a62787c7c627c3a6162
35	x:bx|bba:x|x	16 787c3a62787c7c6262617c3a787c7c78
11	:b|a:bbx:|	10 7c3a627c7c617c3a6262
27	|b|	5 7c7c627c7c
5	|aabaaab|a|a	4 7c7c6161
22	|	2 7c7c
5	xb::xaabxbbaa|	4 78627c3a
27	x:||b|	10 787c3a7c7c7c7c627c7c
19	:x|xa:bxxax:a|	17 7c3a787c7c78617c3a62787861787c3a61
32	|:ba|xbxxa||bba|bxb|abbaxbba::	31 7c7c7c3a62617c7c78627878617c7c7c7c6262617c7c6278627c7c61626261
19	aa:bx|a|abab:x||a||aba	17 61617c3a62787c7c617c7c616261627c3a
24	abbbb	5 6162626262
21	|babx|ab|xa||b|ba|:|bbxx|a	19 7c7c626162787c7c61627c7c78617c7c7c7c62
16	x||:a:aax||x:||::a|:|:|b|:|a::	15 787c7c7c7c7c3a617c3a6161787c7c
40		0 
40	|ax:a|||ba	15 7c7c61787c3a617c7c7c7c7c7c6261
22	:xxbx:|||::	18 7c3a787862787c3a7c7c7c7c7c7c7c3a7c3a
20	:|b:|xxabbbaxa||xx||:	18 7c3a7c7c627c3a7c7c787861626262617861
13	xba||x::x:b|xbbab:a|	12 7862617c7c7c7c787c3a7c3a
4	b:a|:	3 627c3a
34		0 
40	|:bxa:x	10 7c7c7c3a6278617c3a78
24	bbxx:bxa:|xb||xbxbxa::x|b	23 626278787c3a6278617c3a7c7c78627c7c7c7c78627862
33	:bxb:bxa:b|ba:b|xaxaa|aab	32 7c3a6278627c3a6278617c3a627c7c62617c3a627c7c78617861617c7c616162
29	xbxxax::aab:b	16 7862787861787c3a7c3a6161627c3a62
4	b:|a:xb|a|:bbba:::|b|	3 627c3a
36	b:aba||b:ab|ab|aax:::|:x	34 627c3a6162617c7c7c7c627c3a61627c7c61627c7c6161787c3a7c3a7c3a7c7c7c3a
3	xab|xb|bxxxa|xx|:x:a||a||b|	2 7861
20	b|	3 627c7c
12	aa	2 6161
9	a||xxb::	8 617c7c7c7c787862
33	bbb::b:axb||xax|	22 6262627c3a7c3a627c3a6178627c7c7c7c7861787c7c
13	bx:ab:::||bax|b||bx:x|b:::xa	12 62787c3a61627c3a7c3a7c3a
28		0 
35	xx::ax|a:	13 78787c3a7c3a61787c7c617c3a
36	|	2 7c7c
21	::x||||ax::|:a|:bx|bxb:a|aa	19 7c3a7c3a787c7c7c7c7c7c7c7c61787c3a7c3a
39	bx|:a|x|axxax:|a::xa|	30 62787c7c7c3a617c7c787c7c61787861787c3a7c7c617c3a7c3a78617c7c
20	b:xaa|xx::bb	16 627c3a7861617c7c78787c3a7c3a6262
8	xbabxxaaa||xaba	7 78626162787861
21	b||a	6 627c7c7c7c61
22	b:bxbxaabbb|ax	16 627c3a6278627861616262627c7c6178
34	|:||:::aa||||x:aax:b:a|b	32 7c7c7c3a7c7c7c7c7c3a7c3a7c3a61617c7c7c7c7c7c7c7c787c3a6161787c3a
27	b:ba	5 627c3a6261
35	a::|:xab:	14 617c3a7c3a7c7c7c3a7861627c3a
39	:||aababb|||a|:|bx:xx|b	34 7c3a7c7c7c7c6161626162627c7c7c7c7c7c617c7c7c3a7c7c62787c3a78787c7c62
14	axx:xx|axba||aa:a|a|xba:x||a:	13 6178787c3a78787c7c61786261
38	|:	4 7c7c7c3a
8	:||ax||:|a|b||ax|bbx	6 7c3a7c7c7c7c
31	||xbx:xbx:|xx:|::b:aaabba	29 7c7c7c7c7862787c3a7862787c3a7c7c78787c3a7c7c7c3a7c3a627c3a
4	baaxbbb||	3 626161
38	:aa:|:x:x|aa:|bax:aa||	33 7c3a61617c3a7c7c7c3a787c3a787c7c61617c3a7c7c6261787c3a61617c7c7c7c
34	:xabxb:b:	12 7c3a78616278627c3a627c3a
15	|::x:baab:|:x:	13 7c7c7c3a7c3a787c3a62616162
33	|xx|axb:a|:xbbba|:xxa||xa	32 7c7c78787c7c6178627c3a617c7c7c3a78626262617c7c7c3a7878617c7c7c7c
4	:x|baab::babax:ab|ba	2 7c3a
30	:b|x|:xa:	14 7c3a627c7c787c7c7c3a78617c3a
33	xx:|x:|||:a:|:b:aa:b|x	31 78787c3a7c7c787c3a7c7c7c7c7c7c7c3a617c3a7c7c7c3a627c3a61617c3a
19	a:::ba|b|bxxabbx|xxx:x	18 617c3a7c3a7c3a62617c7c627c7c62787861
36	|x||baa::xxa:x	20 7c7c787c7c7c7c6261617c3a7c3a7878617c3a78
32	bax:bab	8 6261787c3a626162
19	bbbxxbab|:b:aax:x:x	18 62626278786261627c7c7c3a627c3a616178
10	x:b:|axa:::|ab::::a:|:aabxx||b	8 787c3a627c3a7c7c
4	xxbxx:::x|a|bb:a:a:	3 787862
14	axaba:aa|::axaa|x	13 61786162617c3a61617c7c7c3a
38		0 
35	:a:x::ax|bbxa:b|a:x|:aab||:xx	34 7c3a617c3a787c3a7c3a61787c7c626278617c3a627c7c617c3a787c7c7c3a616162
16	aa||:bxxabb:b:|ab:|xxbba:b	14 61617c7c7c7c7c3a627878616262
14	:abx:axbb:b|	13 7c3a6162787c3a617862627c3a
11	|::xab:x|:	9 7c7c7c3a7c3a786162
24	b:a:baxab|:b:::|	22 627c3a617c3a62617861627c7c7c3a627c3a7c3a7c3a
25	xa:bb:b|xa::::|x:b||	23 78617c3a62627c3a627c7c78617c3a7c3a7c3a7c3a7c7c
30	|||bxxbaxbaaaaxaa|	22 7c7c7c7c7c7c62787862617862616161617861617c7c
39	x	1 78
34	|a|xb|:b|b:	17 7c7c617c7c78627c7c7c3a627c7c627c3a
33	ab:ab|x:|b|ab::	22 61627c3a61627c7c787c3a7c7c627c7c61627c3a7c3a
32	xx|:bbaaxb:xxbxx:x	22 78787c7c7c3a6262616178627c3a78786278787c3a78
15	aa:axx|a::|||baaaba:b|	14 61617c3a6178787c7c617c3a7c3a
28	:	2 7c3a
13	|x:b|x:b|:x:b:xa:bbabx	11 7c7c787c3a627c7c787c3a
13	b:bxa|b|x|:	11 627c3a6278617c7c627c7c
21	aabbxbb|:x:a|b	18 616162627862627c7c7c3a787c3a617c7c62
15	|x|xaabaxbxx|ababx	14 7c7c787c7c786161626178627878
4	aaaa::bxx	3 616161
25	xxx	3 787878
11	baa	3 626161
17	||bx|	8 7c7c7c7c62787c7c
11	abxb|aa|:xaa|:xa	10 616278627c7c61617c7c
20	b|:|b:aabb:bxba:a	19 627c7c7c3a7c7c627c3a616162627c3a627862
6	:aba||:xab|xxb||axb:|bbaxb|:ax	5 7c3a616261
35		0 
21	axaab:|b	10 61786161627c3a7c7c62
20	a	1 61
27	xa:b:x|aba:a|:xabxxbxxbab::a|x	26 78617c3a627c3a787c7c6162617c3a617c7c7c3a786162787862
5	a::x:b|x||||a|ab|:|ba	3 617c3a
23	::ax|abx:b:|bxx|::xaa||x::ab::	21 7c3a7c3a61787c7c6162787c3a627c3a7c7c627878
12	||aaxxa:bxa|bxbxx	11 7c7c7c7c61617878617c3a
9	|xbb:a::x:	7 7c7c7862627c3a
40	xabb|xb:b:xx|:bb:aa:x|xx|:a	37 786162627c7c78627c3a627c3a78787c7c7c3a62627c3a61617c3a787c7c78787c7c7c3a61
31	bxbx:bb:	10 627862787c3a62627c3a
23	:|bbxa:xaxax:x:aaxa|bx	22 7c3a7c7c626278617c3a78617861787c3a787c3a6161
6	|xxb|:x:|xbb|ab::bb::ba:axxa	5 7c7c787862
10	a|	3 617c7c
16	bbaa:x|xxab|	15 626261617c3a787c7c787861627c7c
25	x|x|:::ab:::xx|b|a|||x|x::ab	24 787c7c787c7c7c3a7c3a7c3a61627c3a7c3a7c3a78787c7c
24	:axbb:|bx:aaxba|axa|xb	23 7c3a617862627c3a7c7c62787c3a61617862617c7c6178
17	baxbbb|b:|xxbbbbax::	16 6261786262627c7c627c3a7c7c787862
10	x|:|aabxaa|:bb:bbax:x:x	9 787c7c7c3a7c7c6161
30	:b	3 7c3a62
20	a:a:b:xa|b|||:	18 617c3a617c3a627c3a78617c7c627c7c7c7c
34	:xx::baa::b|a|:aba|	28 7c3a78787c3a7c3a6261617c3a7c3a627c7c617c7c7c3a6162617c7c
31	|:|:b|xxx|::b:baaa|bx|b|	29 7c7c7c3a7c7c7c3a627c7c7878787c7c7c3a7c3a627c3a626161617c7c
18	ba:ab:xba	11 62617c3a61627c3a786261
16	b|bxx:	8 627c7c6278787c3a
38	:x|bb|xa:x::aabxbxax	26 7c3a787c7c62627c7c78617c3a787c3a7c3a6161627862786178
4	xb:aa:|x|x	2 7862
21	xa|	4 78617c7c
17	xx:bbxx|:	12 78787c3a626278787c7c7c3a
3	ax:abbaab|axa::abxb	2 6178
32	xbxxax:|	10 7862787861787c3a7c7c
10	|a:|bbxbb|	9 7c7c617c3a7c7c6262
34	a:||x:abbx	14 617c3a7c7c7c7c787c3a61626278
38	ax:a::ba|baa|bx|xx|||	30 61787c3a617c3a7c3a62617c7c6261617c7c62787c7c78787c7c7c7c7c7c
27	bb:a|xx|bb	13 62627c3a617c7c78787c7c6262
25	b:|a|:|a|x:ab::x|bx||x|axa	24 627c3a7c7c617c7c7c3a7c7c617c7c787c3a61627c3a7c3a
18	|ax||:|aa|	16 7c7c61787c7c7c7c7c3a7c7c61617c7c
22		0 
36	|bb	4 7c7c6262
12	|xax	5 7c7c786178
24	bba:axba|:bx|::|::x|||x	23 6262617c3a617862617c7c7c3a62787c7c7c3a7c3a7c7c
18	||b||a|ab|	16 7c7c7c7c627c7c7c7c617c7c61627c7c
39	a::b	6 617c3a7c3a62
23	abbaa:b::a|xb|aaxb|	22 61626261617c3a627c3a7c3a617c7c78627c7c616178
27	baba:bba|:b	14 626162617c3a6262617c7c7c3a62
15	:a:baxa:xb|xa|xxbx:xa:xba:b	13 7c3a617c3a626178617c3a7862
24	|axa	5 7c7c617861
17	xx::|bxaaab|x::|||axax	16 78787c3a7c3a7c7c6278616161627c7c
18	|b:b|:|bx|b:a	16 7c7c627c3a627c7c7c3a7c7c62787c7c
7	ba:|abxbbb:a:x::	6 62617c3a7c7c
27	:b:b|ba	10 7c3a627c3a627c7c6261
29	bb::babab:b	14 62627c3a7c3a62616261627c3a62
16	:	2 7c3a
34	x|||a|	10 787c7c7c7c7c7c617c7c
16	axaxa||:|:::||bax|:x|	15 61786178617c7c7c7c7c3a7c7c7c3a
6	ax	2 6178
34	|:a||xxxa:::|b	22 7c7c7c3a617c7c7c7c787878617c3a7c3a7c3a7c7c62
17	bxxxb:xb|::|axx|::b:xb|::a	15 62787878627c3a78627c7c7c3a7c3a
13	bx:xx:|||||xa::	12 62787c3a78787c3a7c7c7c7c
11	x:b|||ba:x:ba:x:a	10 787c3a627c7c7c7c7c7c
22	aa|aa|	8 61617c7c61617c7c
17	:|a|axaxbbxx:x|a|	15 7c3a7c7c617c7c6178617862627878
15	xb|:a:a||:bxxbaab:|:x:|	14 78627c7c7c3a617c3a617c7c7c7c
17	|a||:abx:a|a:	15 7c7c617c7c7c7c7c3a6162787c3a61
23	|xa	4 7c7c7861
25	x	1 78
17	xb::|a:b:x|xba|aa:x||	15 78627c3a7c3a7c7c617c3a627c3a78
19	b:ax|:bbxb	13 627c3a61787c7c7c3a62627862
36	|xba:x|bx|||x::x|bab:ax|bb|x:x	35 7c7c7862617c3a787c7c62787c7c7c7c7c7c787c3a7c3a787c7c6261627c3a61787c7c
6	:|:::axxab::a:	4 7c3a7c7c
6	axx|x|:aa::aa:x	5 6178787c7c
3	::bxaxx:::|aaa||b|xx|axbx	2 7c3a
21	||a	5 7c7c7c7c61
23	xxx|axxbb:	12 7878787c7c61787862627c3a
38	|b:|ba:a	12 7c7c627c3a7c7c62617c3a61
13	xxb:b:xx|:::xbb|:|	12 7878627c3a627c3a78787c7c
26	|	2 7c7c
17	::x|:xx||b|	15 7c3a7c3a787c7c7c3a78787c7c7c7c
26	|:a:|||b	14 7c7c7c3a617c3a7c7c7c7c7c7c62
18	aaba|a	7 616162617c7c61
18	a:|a:x	9 617c3a7c7c617c3a78
29	|b:aaxa:ax|xb:bxxa:xxa	28 7c7c627c3a616178617c3a61787c7c78627c3a627878617c3a787861
15	x:|xb||	11 787c3a7c7c78627c7c7c7c
16	:xx	4 7c3a7878
31	b:aaba:xaa|:x:|x|ax	26 627c3a616162617c3a7861617c7c7c3a787c3a7c7c787c7c6178
4	a:|x||:|:	3 617c3a
19	abx|xxax:x:baaa:bxxx|	18 6162787c7c787861787c3a787c3a62616161
7	x|bx|bxa:|:|::abxaaa	5 787c7c6278
20	bx|ba||:ba:||aaxab|:|xb|a::	18 62787c7c62617c7c7c7c7c3a62617c3a7c7c
22	|bxxa:aaa:bbabbb:x|aaa	21 7c7c627878617c3a6161617c3a6262616262627c3a
11	|x||baxx|b:xx:|bx:bxaxaax||xbb	10 7c7c787c7c7c7c626178
10	aa:x	5 61617c3a78
21	aax	3 616178
24	|b|:ba|aa	13 7c7c627c7c7c3a62617c7c6161
34	:xba|aa:bbbbaxa|a|:	25 7c3a7862617c7c61617c3a626262626178617c7c617c7c7c3a
8	aa|ba:x:bxaxab:|x|a|xx|||	6 61617c7c6261
23	aaxxaaa||bx|:bx:	21 616178786161617c7c7c7c62787c7c7c3a62787c3a
20	|:|b|::xbbxa:bxx|x:	18 7c7c7c3a7c7c627c7c7c3a7c3a7862627861
21	:xxaa:ba|bxb:xba:|x|a:bx	20 7c3a787861617c3a62617c7c6278627c3a786261
32	ba||:bbaxxbababb::bb|x:ab|aa	30 62617c7c7c7c7c3a62626178786261626162627c3a7c3a62627c7c787c3a
7	axbb:aaa:|:ababx:	6 617862627c3a
23	aaxaa:||:a	14 61617861617c3a7c7c7c7c7c3a61
27	a:b	4 617c3a62
16	::::|x:a:|aa||xabbb|xa::|a:	14 7c3a7c3a7c3a7c3a7c7c787c3a61
5	:|:||:aab:|xa	4 7c3a7c7c
19	:|b:|:xxa	14 7c3a7c7c627c3a7c7c7c3a787861
32		0 
37	||ba	6 7c7c7c7c6261
3	xxb|x|a|bba:|:a|ab|aa:ab	2 7878
34	:b:aa|ab|:xab	18 7c3a627c3a61617c7c61627c7c7c3a786162
12	x:b:|:bxxaax:xa:x::x:|||	10 787c3a627c3a7c7c7c3a
36	axx||b::|x	15 6178787c7c7c7c627c3a7c3a7c7c78
18	axxax|x:babb|::b|b:|bax:||b	16 61787861787c7c787c3a626162627c7c
30	|xb||	8 7c7c78627c7c7c7c
20	abxxxa|ax:x|||x|xabxxbbab::bx	19 6162787878617c7c61787c3a787c7c7c7c7c7c
25		0 
28	|b::xbaaxabx|aa|ba|	25 7c7c627c3a7c3a78626161786162787c7c61617c7c62617c7c
7	x|b|::|xx	6 787c7c627c7c
30		0 
13	:|b:bbba||:ax|b|	11 7c3a7c7c627c3a62626261
36	a:abbaxxx:|::axx:abbb:|x:x:ax	34 617c3a616262617878787c3a7c7c7c3a7c3a6178787c3a616262627c3a7c7c787c3a
34	|	2 7c7c
37	a|bbx|::xaa:xa::axa	26 617c7c6262787c7c7c3a7c3a7861617c3a78617c3a7c3a617861
19	||:||a:bbx|b:baxbbbxxx|x:ba:aa	18 7c7c7c7c7c3a7c7c7c7c617c3a6262787c7c
33	|||:xb|axx|a:x||b|x|aaxaaxa:x	31 7c7c7c7c7c7c7c3a78627c7c6178787c7c617c3a787c7c7c7c627c7c787c7c
4	xaabax::axx::a|aa:bx|:x|a	3 786161
10	|aaxxabaxb|a|b	9 7c7c61617878616261
21	:b|:x:|a|:bbba:a|a|b	20 7c3a627c7c7c3a787c3a7c7c617c7c7c3a626262
36	:|:|aba|a|b:	19 7c3a7c7c7c3a7c7c6162617c7c617c7c627c3a
16	xxxa|x::|||x|||bxaxa:ba	15 787878617c7c787c3a7c3a7c7c7c7c
23	:x:ax	7 7c3a787c3a6178
18	||xbx:||xba	16 7c7c7c7c7862787c3a7c7c7c7c786261
17	aax|xbxbx:|a|aabx||a:b|b:ax:xa	15 6161787c7c78627862787c3a7c7c61
21	||a:ba|xxa	14 7c7c7c7c617c3a62617c7c787861
11	:b|a|a||b	9 7c3a627c7c617c7c61
5	::x:b:|	4 7c3a7c3a
23	ab:|ab|b:xxa|baxbb|ba:bxb::a	22 61627c3a7c7c61627c7c627c3a7878617c7c62617862
35	:b:|:aa:bx:a||axb	25 7c3a627c3a7c7c7c3a61617c3a62787c3a617c7c7c7c617862
5	::a:x|	4 7c3a7c3a
4	x|x|ab:ba||:xb:|a:b:||:ax:	3 787c7c
32	b|:ba|::aaxxb|x|xb:	27 627c7c7c3a62617c7c7c3a7c3a61617878627c7c787c7c78627c3a
15	||b:bb|aba	14 7c7c7c7c627c3a62627c7c616261
40	axx	3 617878
12	x||xb	7 787c7c7c7c7862
15	x|:|	7 787c7c7c3a7c7c
10	bx|b::|abb|:bx:|||a:|xxab:aaa	9 62787c7c627c3a7c3a
5	:xxxb:babb	4 7c3a7878
31	xba|x:	8 7862617c7c787c3a
14	xbxaaa:b:|	13 7862786161617c3a627c3a7c7c
6	b	1 62
27	x::b|	8 787c3a7c3a627c7c
32	xa|xxab|:	12 78617c7c787861627c7c7c3a
23	:ab|xbb|ab|:x:	20 7c3a61627c7c7862627c7c61627c7c7c3a787c3a
6	|a:xa:|abxxax::|b:bxx	5 7c7c617c3a
34	|x	3 7c7c78
11	a|bax|bxxb:abx|:	10 617c7c6261787c7c6278
3	ax|bxbx:a|aa	2 6178
13	xabx::axbb	12 786162787c3a7c3a61786262
21	|x:baabb:x:|ba:xabxbxbx:x	19 7c7c787c3a62616162627c3a787c3a7c7c6261
21	bxb:|::a|:|a:b:|	19 6278627c3a7c7c7c3a7c3a617c7c7c3a7c7c61
25	bx:axb	7 62787c3a617862
21	aab||:|:	13 6161627c7c7c7c7c3a7c7c7c3a
5	b	1 62
9	:xxa:ab|xbxx:|:::	7 7c3a7878617c3a
11	|:bxb|x|:axxb:::a:|x:a:	9 7c7c7c3a6278627c7c
8	a	1 61
13	:b:b|b::xabxxxbb:|x|xba::|bb	11 7c3a627c3a627c7c627c3a
3	:bxb|x|xaxxa|ax|:xa::x:x	2 7c3a
5	b|x:|xabb	3 627c7c
22	axbb:bb:ax|	14 617862627c3a62627c3a61787c7c
9	a:x||b|bbb:axa:	8 617c3a787c7c7c7c
28	:a|bx:x	10 7c3a617c7c62787c3a78
40	bxbxa||:a:bax|b:	22 62786278617c7c7c7c7c3a617c3a6261787c7c627c3a
35	a:||:b:|:aa:a|xb:abbx|:x:xxb	33 617c3a7c7c7c7c7c3a627c3a7c7c7c3a61617c3a617c7c78627c3a616262787c7c
14	a:::b:::|ab|bx|bx|:xa|bx	12 617c3a7c3a7c3a627c3a7c3a
9	aaa	3 616161
37	a:b|aaxbbx::a:|aaba	25 617c3a627c7c6161786262787c3a7c3a617c3a7c7c61616261
22	a:bxx|x|aa::||a||aa::aa::|	21 617c3a6278787c7c787c7c61617c3a7c3a7c7c7c7c
8	|:ab|::|:	6 7c7c7c3a6162
4	a:x||x:aab:|babxb::xba	3 617c3a
38	:||||bx|xxaaabx	21 7c3a7c7c7c7c7c7c7c7c62787c7c78786161616278
8	bxx|xbbxax|:a::bbbabx:ax::::b	7 6278787c7c7862
12	axx|ax|bxa||ab	11 6178787c7c61787c7c6278
11	x|aaabbbx||:::bxb	10 787c7c61616162626278
16	aa|aa:ab|bbxbbb:x|bx::|ax:a	15 61617c7c61617c3a61627c7c626278
6	::|aa|:bxb|bba||a:baa	4 7c3a7c3a
11	||axax:|::bb:b|:a|x::axbb	10 7c7c7c7c617861787c3a
3	|xbax|	2 7c7c
33	axbbxxb:	9 617862627878627c3a
9	xxa:|x|b	7 7878617c3a7c7c
37	:x:x|||||xaa|a|a|bb:a:	34 7c3a787c3a787c7c7c7c7c7c7c7c7c7c7861617c7c617c7c617c7c62627c3a617c3a
36	::::bxba	12 7c3a7c3a7c3a7c3a62786261
36	|	2 7c7c
16	::b|a|a	11 7c3a7c3a627c7c617c7c61
12	||bab|bxx|x:xxxax	11 7c7c7c7c6261627c7c6278
40	|||x|bx|aa::|a|a||:a|	34 7c7c7c7c7c7c787c7c62787c7c61617c3a7c3a7c7c617c7c617c7c7c7c7c3a617c7c
19	||a|b:b|:x	16 7c7c7c7c617c7c627c3a627c7c7c3a78
36	a|bbx:	8 617c7c6262787c3a
17	b::|bxb||:|:ax|:b	16 627c3a7c3a7c7c6278627c7c7c7c7c3a
23	a:a|:|a:ax|xbbb:a|:axb:|x	21 617c3a617c7c7c3a7c7c617c3a61787c7c78626262
37	b:|:x|xa:x:|bbb|xa|a:::a:xx	35 627c3a7c7c7c3a787c7c78617c3a787c3a7c7c6262627c7c78617c7c617c3a7c3a7c3a
10	a::xbxx::xxb:x:||	9 617c3a7c3a78627878
10	x|x:|xxbbxaxab|::bxaxb:xbb|	8 787c7c787c3a7c7c
3	:bb|a	2 7c3a
19	|b:aab::|x|||ababxab	17 7c7c627c3a6161627c3a7c3a7c7c787c7c
17	xbx::::axbax:ax	16 7862787c3a7c3a7c3a7c3a6178626178
3	bbbbxx:|	2 6262
10	b|xa||:||a	9 627c7c78617c7c7c7c
16	|:xb:xx|b:aa||x|baax:b::||bax|	15 7c7c7c3a78627c3a78787c7c627c3a
18	bb|	4 62627c7c
14	babbxx|ax|::b:xxaa|x:b::bbb:a|	12 6261626278787c7c61787c7c
4	ba|baa::ax:||xa:b:|b||abx	2 6261
32	b	1 62
36	a|:xaxxa|a|xbab	19 617c7c7c3a78617878617c7c617c7c78626162
24	xxbb	4 78786262
31	xb|xbx:||xbba:|	21 78627c7c7862787c3a7c7c7c7c786262617c3a7c7c
29	a|aaa|:	10 617c7c6161617c7c7c3a
39	ax|a|a|:xxb:bb|bxx|xb	28 61787c7c617c7c617c7c7c3a7878627c3a62627c7c6278787c7c7862
3	bxx|a:|	2 6278
32	|:b::::xa|::bb|:|:xaba|axa	31 7c7c7c3a627c3a7c3a7c3a7c3a78617c7c7c3a7c3a62627c7c7c3a7c7c7c3a
20	x:|ba:|:|b:xaababbb	18 787c3a7c7c62617c3a7c7c7c3a7c7c627c3a
29	b::ax:a||||::b:x:aabba:x|	28 627c3a7c3a61787c3a617c7c7c7c7c7c7c7c7c3a7c3a627c3a787c3a
7	|:|bb|	6 7c7c7c3a7c7c
40	:abxxa:ab:b:	16 7c3a61627878617c3a61627c3a627c3a
28	abb|a:x::x:aaa||xbb	26 6162627c7c617c3a787c3a7c3a787c3a6161617c7c7c7c786262
25	:b:a:xxa::bbb:|b:abxb|b	23 7c3a627c3a617c3a7878617c3a7c3a6262627c3a7c7c62
30	baxb:::aa|bxa:b||x:|bxx:	29 626178627c3a7c3a7c3a61617c7c6278617c3a627c7c7c7c787c3a7c7c
23	xx|aba:a	10 78787c7c6162617c3a61
13	x||xb|:|:bb|axaaaaa:|ax	11 787c7c7c7c78627c7c7c3a
25	|	2 7c7c
39	xba:|:x::ax|ab|b:abb|:bxb||b	37 7862617c3a7c7c7c3a787c3a7c3a61787c7c61627c7c627c3a6162627c7c7c3a6278627c7c
24	b|::axa|xba|a:ba:a:x	22 627c7c7c3a7c3a6178617c7c7862617c7c617c3a6261
8	xa|:a	6 78617c7c7c3a
29	|a::a|||xbxxa|b:||abxbx	28 7c7c617c3a7c3a617c7c7c7c7c7c78627878617c7c627c3a7c7c7c7c
19	xbabxbba::bbxbaba:xa::	18 78626162786262617c3a7c3a626278626162
25	bb:baabab:xaba|abxx:bxxb	24 62627c3a6261616261627c3a786162617c7c616278787c3a
19	axbaxx|x:a|a|abxa	17 6178626178787c7c787c3a617c7c617c7c
39	:|:ax|:a:xa|xa:xxx:bxa:|:xx	37 7c3a7c7c7c3a61787c7c7c3a617c3a78617c7c78617c3a7878787c3a6278617c3a7c7c7c3a
38	bb|:ab::xbabxa:bxxb|xaa:ab|	35 62627c7c7c3a61627c3a7c3a7862616278617c3a627878627c7c7861617c3a61627c7c
36	:ax|a:|x|||||a:a:ab:|:a||:b:x	34 7c3a61787c7c617c3a7c7c787c7c7c7c7c7c7c7c7c7c617c3a617c3a61627c3a7c7c
21	:ax||:	10 7c3a61787c7c7c7c7c3a
22	a:|:baa|aa|::b|::b:bbxxa:a|	20 617c3a7c7c7c3a6261617c7c61617c7c7c3a7c3a
4	xb:b:xa::|xba:aax	2 7862
4	aa||b	2 6161
13	:|:|a||b|a|:x:baba:	11 7c3a7c7c7c3a7c7c617c7c
27	||bx:xbbbbbxax|xx:a|::b	26 7c7c7c7c62787c3a7862626262627861787c7c78787c3a617c7c
21	||:bba:|a|ba:|a:axxaxax:	20 7c7c7c7c7c3a6262617c3a7c7c617c7c62617c3a
25	::xbx:bbbx:|bb||	23 7c3a7c3a7862787c3a626262787c3a7c7c62627c7c7c7c
19	b:aa::bxx|bbaxaxb|	18 627c3a61617c3a7c3a6278787c7c62626178
5	a	1 61
11	axb|:aax:|:|||bx|b|xa|x|:|x	10 6178627c7c7c3a616178
15	a:x:bb	8 617c3a787c3a6262
14	aa|	4 61617c7c
22	a|:|a:|||:a||bxbx::	21 617c7c7c3a7c7c617c3a7c7c7c7c7c7c7c3a617c7c
11	aabaxbbaba:ba|aaxa|	10 61616261786262616261
35	:bx|aa	8 7c3a62787c7c6161
16	|x:a|x	9 7c7c787c3a617c7c78
24	xbaxxaxxxa:b:xxxxba	21 786261787861787878617c3a627c3a787878786261
3	:xb|:xx::::||xxxbxaxxbb:	2 7c3a
18	ax:b	5 61787c3a62
3	bxxbx	2 6278
33	ax|:aba:xbx:aaxa:aax	25 61787c7c7c3a6162617c3a7862787c3a616178617c3a616178
9	x::	5 787c3a7c3a
24	xb::ax||a:ba	17 78627c3a7c3a61787c7c7c7c617c3a6261
38	a|ax:	7 617c7c61787c3a
39	xx:a|x::xxa:|xabab||bb|ab	34 78787c3a617c7c787c3a7c3a7878617c3a7c7c78616261627c7c7c7c62627c7c6162
36	abaaa:x|xba|:	17 61626161617c3a787c7c7862617c7c7c3a
15	xxx	3 787878
4	:x:xa|:xaxab	2 7c3a
4	|:x:b:xaba|aab|x	2 7c7c
15	x:xxb|	8 787c3a7878627c7c
32	:x|||b:xb|a|::	23 7c3a787c7c7c7c7c7c627c3a78627c7c617c7c7c3a7c3a
30	b:b|a:xxx||:b:::b||::b:	28 627c3a627c7c617c3a7878787c7c7c7c7c3a627c3a7c3a7c3a627c7c
12	::xx::|||||:x|a|:b|xx::axbx::|	10 7c3a7c3a78787c3a7c3a
21	|bx||||bxbbb||:x|x:::baxxa|	19 7c7c62787c7c7c7c7c7c7c7c62786262627c7c
14	|xb	4 7c7c7862
12	b|bbaxa:::a|a:ab	10 627c7c62626178617c3a
5	bxxxx|||::ax|a	4 62787878
27		0 
20	aa:::|xxbbb:ab|||b:::::xbxb	19 61617c3a7c3a7c3a7c7c78786262627c3a6162
32	|||b|:abababa:x|aaxxab	29 7c7c7c7c7c7c627c7c7c3a616261626162617c3a787c7c616178786162
7	:a|a:baaba||x||a:||ax:	5 7c3a617c7c
36	:x:::||:abbb:xabbb:bb:xxx:||a	35 7c3a787c3a7c3a7c3a7c7c7c7c7c3a616262627c3a78616262627c3a62627c3a787878
20	a:|x|x	9 617c3a7c7c787c7c78
7	x|x:xa:a|bb|abxaxaxa::b:bxab	6 787c7c787c3a
24	b:a:|bxabbb:xa|b:axx:|b|b	23 627c3a617c3a7c7c6278616262627c3a78617c7c627c3a
8	xxxx:|	6 787878787c3a
28	b|:	5 627c7c7c3a
19	ax	2 6178
9	xaaax|xx|a|:aaxaabaa|:a::|	7 78616161787c7c
29	bax|:a:xbaxa:xa|xa|b|b	28 6261787c7c7c3a617c3a78626178617c3a78617c7c78617c7c627c7c
10	a|xa:|:b:a|x|a:b|::	9 617c7c78617c3a7c7c
40	b:|axb:|a:|:||:ba	27 627c3a7c7c6178627c3a7c7c617c3a7c7c7c3a7c7c7c7c7c3a6261
27	x|axxxxa:bx|bbaxbbax|b:a|:	25 787c7c6178787878617c3a62787c7c62626178626261787c7c
9	::b|aaxa|x:x:||xaa:bbxbbaxa	7 7c3a7c3a627c7c
36	b:x	4 627c3a78
14	|::|	8 7c7c7c3a7c3a7c7c
34	|x:x||:|xabb|bb:	24 7c7c787c3a787c7c7c7c7c3a7c7c786162627c7c62627c3a
40	|b	3 7c7c62
12	xa|aab|:b	11 78617c7c6161627c7c7c3a
29	bb|xaa:|	11 62627c7c7861617c3a7c7c
34	:aaaxxbax:ax|xbbbba:ba:xaa|a|	33 7c3a61616178786261787c3a61787c7c7862626262617c3a62617c3a7861617c7c
24	|:x|:bxba:aabx:	21 7c7c7c3a787c7c7c3a627862617c3a616162787c3a
25	xbb|abbxx:xab||	19 7862627c7c61626278787c3a7861627c7c7c7c
28	::bxab:b:|:a:a|:baba	27 7c3a7c3a627861627c3a627c3a7c7c7c3a617c3a617c7c7c3a6261
35	|:ba:|x::bxa::baa:bba	30 7c7c7c3a62617c3a7c7c787c3a7c3a6278617c3a7c3a6261617c3a626261
23	|bx:x:x:x:::aaa:||x	22 7c7c62787c3a787c3a787c3a787c3a7c3a7c3a616161
25	aa|::axxbba::b:	21 61617c7c7c3a7c3a6178786262617c3a7c3a627c3a
38	a::aax|b|	13 617c3a7c3a6161787c7c627c7c
40	:||ab|	10 7c3a7c7c7c7c61627c7c
30	bb|x|abx||:||xxx:bxb:xbb:	28 62627c7c787c7c6162787c7c7c7c7c3a7c7c7c7c7878787c3a627862
31	a|	3 617c7c
34	b||:x:xb::|:bb:|	26 627c7c7c7c7c3a787c3a78627c3a7c3a7c7c7c3a62627c3a7c7c
34	a::||xxbb:xb|bb::::	29 617c3a7c3a7c7c7c7c787862627c3a78627c7c62627c3a7c3a7c3a7c3a
8	x:aaxxxa:ba||a||axxx|	7 787c3a61617878
24	a:|a|xxx::b::|ax|	22 617c3a7c7c617c7c7878787c3a7c3a627c3a7c3a7c7c
35	|axbxb:b:abx	15 7c7c61786278627c3a627c3a616278
7	a:::bb::	5 617c3a7c3a
15	x|bxxxaa:xxxx::aa:	14 787c7c6278787861617c3a787878
9	ax|bbb|abbb|xbaaxb	7 61787c7c626262
5	b:a|a|aa:|xx:	3 627c3a
33	:a|ba||::||||bxbxxbxb::axbbbx	31 7c3a617c7c62617c7c7c7c7c3a7c3a7c7c7c7c7c7c7c7c6278627878627862
40	xb:abb:a:bbb|axb:|bb:xabx:a:	37 78627c3a6162627c3a617c3a6262627c7c6178627c3a7c7c62627c3a786162787c3a617c3a
20	::xax|x:bx|xaaa|::xba|xx	19 7c3a7c3a7861787c7c787c3a62787c7c786161
21	bxbxxbb|bxab|bb:a::aa|:aba|bb	19 627862787862627c7c627861627c7c62627c3a
5		0 
3	a	1 61
37	|b|bbaabbbbb::::xxxx|	28 7c7c627c7c6262616162626262627c3a7c3a7c3a7c3a787878787c7c
40	bxa|bb|b|:xbb:b|x||x:|xabb||	38 6278617c7c62627c7c627c7c7c3a7862627c3a627c7c787c7c7c7c787c3a7c7c786162627c7c
39	||a|xxbba:bab|:|xxb|::xb:	36 7c7c7c7c617c7c78786262617c3a6261627c7c7c3a7c7c7878627c7c7c3a7c3a78627c3a
36	baba|	6 626162617c7c
13	ab:|ax||b:|a	12 61627c3a7c7c61787c7c7c7c
38	b|x|bx:x||:a:|axb|:bxx	32 627c7c787c7c62787c3a787c7c7c7c7c3a617c3a7c7c6178627c7c7c3a627878
37	axa:bax||::ba	18 6178617c3a6261787c7c7c7c7c3a7c3a6261
17	bxaxb|x:a|:|abaxxab||	15 62786178627c7c787c3a617c7c7c3a
35	aa||:|:b|b:bxxa:bxx	27 61617c7c7c7c7c3a7c7c7c3a627c7c627c3a627878617c3a627878
28	aaaa|:a||bxa|||axxx	26 616161617c7c7c3a617c7c7c7c6278617c7c7c7c7c7c61787878
8	ab	2 6162
14	xbb|:a|::|x:::|bbxx:bb	12 7862627c7c7c3a617c7c7c3a
38	xa|	4 78617c7c
6	|b	3 7c7c62
25	|xaaxbxa|abxb:ax||b	23 7c7c786161786278617c7c616278627c3a61787c7c7c7c
22	bbaaa|::ab	13 62626161617c7c7c3a7c3a6162
4	axx|:x||:x	3 617878
38	|:axxbaxb:|::b||bxxbxbb:a	34 7c7c7c3a617878626178627c3a7c7c7c3a7c3a627c7c7c7c627878627862627c3a61
35	xab:xaaxbb:||a:	20 7861627c3a7861617862627c3a7c7c7c7c617c3a
33	||b:|xxx|babb:ab|bbx	27 7c7c7c7c627c3a7c7c7878787c7c626162627c3a61627c7c626278
27	xbaxx||xxb|:bab	19 78626178787c7c7c7c7878627c7c7c3a626162
9	a|xa|b:abaxbxa:b|bxbxa||bx	7 617c7c78617c7c
23	xx|bxabbb|bb|ba||abx:|a|axa	22 78787c7c6278616262627c7c62627c7c62617c7c7c7c
35	baxabbxbxx:xba:a::	22 626178616262786278787c3a7862617c3a617c3a7c3a
30	|a|	5 7c7c617c7c
10	|ab:baa:xb|a:|bx	9 7c7c61627c3a626161
40	:xax	5 7c3a786178
5	xaa||x|aaa|:a|a:a:ax	3 786161
16	ba|xaab:axxxx	15 62617c7c786161627c3a6178787878
5	bx||a:|x:x	4 62787c7c
5	::bb||aa:bxbxa:|a:ab	4 7c3a7c3a
32	:|xbx|||:b:::||a:x|x:aaxa|x:	30 7c3a7c7c7862787c7c7c7c7c7c7c3a627c3a7c3a7c3a7c7c7c7c617c3a78
32	:x	3 7c3a78
6	:|:bab||a	4 7c3a7c7c
16	:axaa|b:|b:|||a:ba::aax	14 7c3a617861617c7c627c3a7c7c62
31	|bbx:xb||:ab||||a::	30 7c7c6262787c3a78627c7c7c7c7c3a61627c7c7c7c7c7c7c7c617c3a7c3a
27	b|b:::abb:::|:a	24 627c7c627c3a7c3a7c3a6162627c3a7c3a7c3a7c7c7c3a61
3	x:|xx|axxx:b:	1 78
29	b	1 62
4	a|bx|x::xab|::|xb|::x|aa	3 617c7c
6	|b|xba|ba||	5 7c7c627c7c
14	|aba:a	8 7c7c6162617c3a61
34	|abxaa:xxaba:a:x:aa:x|a	30 7c7c61627861617c3a78786162617c3a617c3a787c3a61617c3a787c7c61
28	x:b:axb	9 787c3a627c3a617862
16	|:b:||x:ba|b|x:	14 7c7c7c3a627c3a7c7c7c7c787c3a
19	ax|x	5 61787c7c78
26	b	1 62
25	bbxbb|||:aaba::a:x:aa|	24 62627862627c7c7c7c7c7c7c3a616162617c3a7c3a617c3a
18	a::::a:x|baab|abaabb|xbaxxa|	17 617c3a7c3a7c3a7c3a617c3a787c7c6261
31	x|xxaxaxa:xaa:	17 787c7c787861786178617c3a7861617c3a
8	xx:bxbbbx	7 78787c3a627862
6	bxxaaa|a|xxx	5 6278786161
35	x	1 78
24	|x|a||:	12 7c7c787c7c617c7c7c7c7c3a
17	|bb|ax:aa:|bax|bax:xx:a:a	16 7c7c62627c7c61787c3a61617c3a7c7c
6	bbxxa|b::|x:x:bx|	5 6262787861
26		0 
24	a|:|::	11 617c7c7c3a7c7c7c3a7c3a
14	|xa|a:axa|:a:x:|b	12 7c7c78617c7c617c3a617861
3	|axbxxa::a:|aabxa|b|x|::bbx	2 7c7c
15	|xxx||:aba::|xa|bxa|:bxbx:	14 7c7c7878787c7c7c7c7c3a616261
19	::a|ba:axbbbx::x|x:ba||::x:xx	17 7c3a7c3a617c7c62617c3a617862626278
4	|x	2 7c7c
4	b|a:abaab:bxx::	3 627c7c
31	:x|a:b|:b|a|||:b:|bba|:x	30 7c3a787c7c617c3a627c7c7c3a627c7c617c7c7c7c7c7c7c3a627c3a7c7c
9		0 
26	a|b:xxba|baax|bx|x::::babb	25 617c7c627c3a787862617c7c626161787c7c62787c7c787c3a
40	ba	2 6261
23	bb|b|aa:|a|bx::|xxx:::x	22 62627c7c627c7c61617c3a7c7c617c7c62787c3a7c3a
10	:|xx:a||b:xaxaxbx:axa	8 7c3a7c7c78787c3a
18	xx:	4 78787c3a
36	x|:x|:b||bx|b:::	26 787c7c7c3a787c7c7c3a627c7c7c7c62787c7c627c3a7c3a7c3a
17	a:xa::abaxx:baa:aab|xxxab|aaa	16 617c3a78617c3a7c3a61626178787c3a
7	|||:	6 7c7c7c7c7c7c
30	bxbxb:x|xxbx	14 62786278627c3a787c7c78786278
29	|ab|bb:aa:|ab	18 7c7c61627c7c62627c3a61617c3a7c7c6162
39	b:b|xb|:b:babbab|x:b	27 627c3a627c7c78627c7c7c3a627c3a6261626261627c7c787c3a62
40	a|b:::::ab::ba:x	25 617c7c627c3a7c3a7c3a7c3a7c3a61627c3a7c3a62617c3a78
26	ax:xa|x|bx	13 61787c3a78617c7c787c7c6278
40	xa|:|xa	10 78617c7c7c3a7c7c7861
18	:a:::a|b|ab|a:::|bx	17 7c3a617c3a7c3a7c3a617c7c627c7c6162
10	b|:xbbx:axb	9 627c7c7c3a78626278
9	bxb|||b|a|	7 6278627c7c7c7c
40	a|a:x:axxxa:a:xxaxba:x||x	33 617c7c617c3a787c3a61787878617c3a617c3a7878617862617c3a787c7c7c7c78
8	:|a|ba	7 7c3a7c7c617c7c
34		0 
8	xab	3 786162
22	|:||b:::ab:|ax|ba	21 7c7c7c3a7c7c7c7c627c3a7c3a7c3a61627c3a7c7c
15	x	1 78
21	|abbxxx	8 7c7c616262787878
7	:x	3 7c3a78
26	x|ab|a	8 787c7c61627c7c61
24	:::|bx:xx|b:xbab::|x|	23 7c3a7c3a7c3a7c7c62787c3a78787c7c627c3a78626162
6	x|:b:||:	5 787c7c7c3a
11	bb|:bx:a|xx|::aa||:b|x:a:bbxx	10 62627c7c7c3a62787c3a
33	b:b|	6 627c3a627c7c
7	|:x:||xb:aa:a:|bxx:|a|a||	5 7c7c7c3a78
9	b|a:a:aa|	7 627c7c617c3a61
31	:b||x|:xb:	16 7c3a627c7c7c7c787c7c7c3a78627c3a
27	a:xxxa|ab::x||x||babb::	25 617c3a787878617c7c61627c3a7c3a787c7c7c7c787c7c7c7c
36	|axx::bb:|aaax:axxx:	27 7c7c6178787c3a7c3a62627c3a7c7c616161787c3a617878787c3a
9	bxbbxab:|ax|a::b	7 62786262786162
36	abba|x	7 616262617c7c78
25	ax|aa|bb:|:a:aa:b:b|x:	23 61787c7c61617c7c62627c3a7c7c7c3a617c3a61617c3a
4	:b:b:bb:x||::|a:|	2 7c3a
19	|xxb:	7 7c7c7878627c3a
18	|aaxxa|baax:	15 7c7c61617878617c7c626161787c3a
21	:xb|b|:x|bb:xbba	20 7c3a78627c7c627c7c7c3a787c7c62627c3a7862
9	:xabb|xb:b:xx	8 7c3a786162627c7c
12	|x:abxax::::|b|:b	10 7c7c787c3a6162786178
7	xbxab:b|	5 7862786162
18	bxbb::|:a	13 627862627c3a7c3a7c7c7c3a61
40	abaxa|:xaabxx|bx|a||x:abxxx::b	38 61626178617c7c7c3a7861616278787c7c62787c7c617c7c7c7c787c3a61627878787c3a7c3a
17	a:xa:x:x|b:	16 617c3a78617c3a787c3a787c7c627c3a
14	x:a|:bb:::b|x|b:a	12 787c3a617c7c7c3a62627c3a
34	|	2 7c7c
19	b||xb:a|xb:b|	17 627c7c7c7c78627c3a617c7c78627c3a62
14		0 
4	|x:|baaaabb|xab	2 7c7c
11	bxbxaxx::ba	9 627862786178787c3a
40	xbxaa::b:aa||ax	20 78627861617c3a7c3a627c3a61617c7c7c7c6178
9	:a::b|:|x	7 7c3a617c3a7c3a
39	:a|	5 7c3a617c7c
23	b:xax|x:axbbbx:a||aaxax:xb:x:	22 627c3a7861787c7c787c3a6178626262787c3a617c7c
30	x|:x:xaabaa|xbx	19 787c7c7c3a787c3a7861616261617c7c786278
20	||::x:xaxbbab||axb|:aa	18 7c7c7c7c7c3a7c3a787c3a78617862626162
6	xax::xx:x	5 7861787c3a
20	a:a|axxxxaa:|a:axxbab	18 617c3a617c7c617878787861617c3a7c7c61
24	x:axaxxx|abb:xxbbx|::a:bx	23 787c3a6178617878787c7c6162627c3a78786262787c7c
19	x:bb	5 787c3a6262
15	x|	3 787c7c
32	xaab:x|	9 786161627c3a787c7c
16	|:aaba:|::xxx|:b||x|a	14 7c7c7c3a616162617c3a7c7c7c3a
28	xaa:x:bab|:bab:x|x::|x:xbb|:	26 7861617c3a787c3a6261627c7c7c3a6261627c3a787c7c787c3a
11	b:bbxb:	9 627c3a626278627c3a
35	bxb::|a|b|a:xaxbbx:a:xa:|a|	33 6278627c3a7c3a7c7c617c7c627c7c617c3a7861786262787c3a617c3a78617c3a
18	b:b:a	7 627c3a627c3a61
5	a::	3 617c3a
21	|a|baxbx|	12 7c7c617c7c62617862787c7c
16	|xbxb	6 7c7c78627862
19	b||x|:|	12 627c7c7c7c787c7c7c3a7c7c
7	|a::axx	5 7c7c617c3a
33	:b	3 7c3a62
12	ba	2 6261
4	ab|a:a:x:	2 6162
12	x::||:b|b|:babbab|:x:babxxxa	11 787c3a7c3a7c7c7c7c7c3a
9		0 
37	:|x::axa|x:aa:ab|a:xxaaabx:	35 7c3a7c7c787c3a7c3a6178617c7c787c3a61617c3a61627c7c617c3a78786161616278
12	aaxb:|a:a:xaa|b:|a	11 616178627c3a7c7c617c3a
36	bbxxaxa:x:|||x::::abx:	32 626278786178617c3a787c3a7c7c7c7c7c7c787c3a7c3a7c3a7c3a6162787c3a
24	a:a:bx|b:|:x:xxb:a	23 617c3a617c3a62787c7c627c3a7c7c7c3a787c3a787862
7	a:b|:ax	6 617c3a627c7c
20	xaxba|x||xa|a|bb	19 78617862617c7c787c7c7c7c78617c7c617c7c
4	xaa:ax|babaxax:a|:	3 786161
20	bx|a::ababaxa||a	18 62787c7c617c3a7c3a616261626178617c7c
8	xb::	6 78627c3a7c3a
12	|a:|:x::ab|bb|xx|:|:bab|:bxa:	10 7c7c617c3a7c7c7c3a78
38	|:	4 7c7c7c3a
7	x||::xa:||b|:|x||ax|a	5 787c7c7c7c
15	xaxb|babxxab||bbx	13 786178627c7c62616278786162
6	ba:aax|xa	4 62617c3a
9	b:|abxaa	8 627c3a7c7c616278
35	aa||:a|x||::b||:xbbb:	33 61617c7c7c7c7c3a617c7c787c7c7c7c7c3a7c3a627c7c7c7c7c3a786262627c3a
10	xa:a|baxa|aab|bb|::|:a	9 78617c3a617c7c6261
40	xxbaxbab|bbbaaxxa|a|a|::x	31 78786261786261627c7c62626261617878617c7c617c7c617c7c7c3a7c3a78
16	||baaaax	10 7c7c7c7c626161616178
3	x|xxxbxxb:xx:b	1 78
22	|||xa:baa	13 7c7c7c7c7c7c78617c3a626161
22	:bb|	6 7c3a62627c7c
6	bxab|axx:|x|ax::xbxxx:xb|bx	4 62786162
29	b:x||x|::b:abaxba	24 627c3a787c7c7c7c787c7c7c3a7c3a627c3a616261786261
10	x:|b:|bbxbxxxbbx|axx:|x	8 787c3a7c7c627c3a
39	::xa|b:xa||x|aa|xa||axb:aa|b	37 7c3a7c3a78617c7c627c3a78617c7c7c7c787c7c61617c7c78617c7c7c7c6178627c3a6161
36	b|bbabax|||x:	18 627c7c6262616261787c7c7c7c7c7c787c3a
22	||xa|x||:::|:|aaxxb:b:bb|a	21 7c7c7c7c78617c7c787c7c7c7c7c3a7c3a7c3a7c7c
10	xaxxbaba||b::b	8 7861787862616261
34	|abxa|bxxxaxa|:b::xx:b|:b|b	33 7c7c616278617c7c627878786178617c7c7c3a627c3a7c3a78787c3a627c7c7c3a
14	baax:x|a::|a|axax	12 626161787c3a787c7c617c3a
18	xaa::|xxb:x	15 7861617c3a7c3a7c7c7878627c3a78
12	a:xb|bb|bbxab|xx|::|b:xax:	11 617c3a78627c7c62627c7c
23	:::	6 7c3a7c3a7c3a
12	b||:|aa	11 627c7c7c7c7c3a7c7c6161
31	x::|ab||x||xaxbbxx|:xx|:||xax	29 787c3a7c3a7c7c61627c7c7c7c787c7c7c7c786178626278787c7c7c3a
12	xx:a|x|xxx	10 78787c3a617c7c787c7c
5	b:a||b|xbbbax|x|x	3 627c3a
7	|x:aab:b|aaa	5 7c7c787c3a
26	:|a::|bbx|:a::axa	25 7c3a7c7c617c3a7c3a7c7c6262787c7c7c3a617c3a7c3a6178
24	bba|a|x|b|xxbb||bba	22 6262617c7c617c7c787c7c627c7c787862627c7c7c7c
14	axaaab:x:aa|::bx|abax:a||	13 6178616161627c3a787c3a6161
6	xbaax:xxb|::baxbaxaaa:|:x|	5 7862616178
30	|	2 7c7c
40	xa||:b|xaaxx|:	20 78617c7c7c7c7c3a627c7c78616178787c7c7c3a
9	bb|ba::b||a:::ax:axb:bbx	8 62627c7c62617c3a
36	:a|xb|:a|bbxxa:||baaa|	31 7c3a617c7c78627c7c7c3a617c7c62627878617c3a7c7c7c7c626161617c7c
28	|b	3 7c7c62
13	x:bbx|axbb|bxx:|	12 787c3a6262787c7c61786262
24	||x|aa||a::	18 7c7c7c7c787c7c61617c7c7c7c617c3a7c3a
19	::||ab|x:a:xx:xa:xax::|:|xb|:|	18 7c3a7c3a7c7c7c7c61627c7c787c3a617c3a
6	:|||::bx|:axb	4 7c3a7c7c
38	|b||x:aa	12 7c7c627c7c7c7c787c3a6161
20	b|x|aa:x|x|aaxa:|:b|:|b|:	19 627c7c787c7c61617c3a787c7c787c7c616178
22	x|aa:b::b	13 787c7c61617c3a627c3a7c3a62
23	:|aa|xa|:aaaaxa||axaa:x|b::||	22 7c3a7c7c61617c7c78617c7c7c3a6161616178617c7c
22	|b|ba::a||b|xaabb	21 7c7c627c7c62617c3a7c3a617c7c7c7c627c7c7861
33	baxa|	6 626178617c7c
6	:a:|:b:baaxx|b|a:|b:	5 7c3a617c3a
23	b|::aabxbbax|ax|xa::	21 627c7c7c3a7c3a61616278626261787c7c61787c7c
25	b::xabba:xb:bxxxabxa|bbxa	24 627c3a7c3a78616262617c3a78627c3a6278787861627861
14	:	2 7c3a
40	|a:x:b|	11 7c7c617c3a787c3a627c7c
28	:bbx|||bxaxa	16 7c3a6262787c7c7c7c7c7c6278617861
37	:bxaax::a||||	20 7c3a62786161787c3a7c3a617c7c7c7c7c7c7c7c
10	::abx|xbx||ax|:	9 7c3a7c3a6162787c7c
21	axb	3 617862
3	xax	2 7861
36	b:::b	8 627c3a7c3a7c3a62
32	xxbb|xa|ba	12 787862627c7c78617c7c6261
33	|:bxxa::|x	15 7c7c7c3a627878617c3a7c3a7c7c78
32	x||aaa|:x|a	16 787c7c7c7c6161617c7c7c3a787c7c61
7	aabaa|:x|:b|||bx|x||aa|	5 6161626161
36	:|||:|:axxabxxxxab|xbaxaxx:|xx	34 7c3a7c7c7c7c7c7c7c3a7c7c7c3a61787861627878787861627c7c78626178617878
17	bbb:	5 6262627c3a
24	b::|b|a::x|bx|xx|ba|:xaa:x::x	22 627c3a7c3a7c7c627c7c617c3a7c3a787c7c62787c7c
24	b:xx|:aax:x:x	18 627c3a78787c7c7c3a6161787c3a787c3a78
20	xbaaxa|xx:xxx::ax|||bbax:x|xx	19 7862616178617c7c78787c3a7878787c3a7c3a
31	aaaaaxx::	11 616161616178787c3a7c3a
15	abbbb:xxxb::b|:aabx|xbb:x:x:|b	13 61626262627c3a787878627c3a
26	ax::a|aa|:baaa|	21 61787c3a7c3a617c7c61617c7c7c3a626161617c7c
9	xaaxbx	6 786161786278
25	|b:a|bbxbx|a:a:x::||a	24 7c7c627c3a617c7c62627862787c7c617c3a617c3a787c3a
38	:	2 7c3a
13	ax|b	5 61787c7c62
14	b:|a||b:|bx|ab:b:|xb|xx	13 627c3a7c7c617c7c7c7c627c3a
34	xxaaxx||xa|:	16 7878616178787c7c7c7c78617c7c7c3a
37	:axa|aab:b|xab	18 7c3a6178617c7c6161627c3a627c7c786162
27	a||:xxa||xxa|xx|bba|ab::	26 617c7c7c7c7c3a7878617c7c7c7c7878617c7c78787c7c626261
25	xbb:	5 7862627c3a
10	|b|	5 7c7c627c7c
4	|axxxaxa|	2 7c7c
28	aaax::ab	10 616161787c3a7c3a6162
22	|||axxbb:bb	15 7c7c7c7c7c7c61787862627c3a6262
16	babaab|xab|xaxaa:bxbx:bax:|b|x	15 6261626161627c7c7861627c7c7861
38	xa|b::	9 78617c7c627c3a7c3a
33	b|bxb::x	11 627c7c6278627c3a7c3a78
28	|baxb|aba:x|a:	19 7c7c626178627c7c6162617c3a787c7c617c3a
19	||xaa:a|xx:::|	18 7c7c7c7c7861617c3a617c7c78787c3a7c3a
10	b|x:bbb|:x::ax|ababbb:x:	9 627c7c787c3a626262
15	a|ab|::x|bb	14 617c7c61627c7c7c3a7c3a787c7c
12	::ax:ab:|aax	10 7c3a7c3a61787c3a6162
6	b|:	5 627c7c7c3a
18	bxxa|ab|a||xa||xb	17 627878617c7c61627c7c617c7c7c7c7861
24	xxba|:|x	11 787862617c7c7c3a7c7c78
38	:a|aa|xbbx||axb	20 7c3a617c7c61617c7c786262787c7c7c7c617862
8	|aabbbbxxax:ba|:aba	7 7c7c6161626262
26	::|xa:xba:xb|a:bx:abbx|	24 7c3a7c3a7c7c78617c3a7862617c3a78627c7c617c3a6278
14	:bbab	6 7c3a62626162
5	:bb|axb|b:bbbxb:b	4 7c3a6262
40	|:xa:	8 7c7c7c3a78617c3a
23		0 
16	:b::::|:bxba:bx|:x|abx|axb:|:	15 7c3a627c3a7c3a7c3a7c3a7c7c7c3a
14	bab:axbxa:xb|aaxx|b|xxx:	12 6261627c3a61786278617c3a
14	||bx||:|a|:a	12 7c7c7c7c62787c7c7c7c7c3a
34	a|ax:a	8 617c7c61787c3a61
27	:xax:|x:ab	14 7c3a7861787c3a7c7c787c3a6162
10	:|xbab|:xb||a|bb:a:a|bx	8 7c3a7c7c78626162
27	x:bb|x|abb|baa:b	21 787c3a62627c7c787c7c6162627c7c6261617c3a62
33	ax|xbxabxxx|ba|||b|::	29 61787c7c78627861627878787c7c62617c7c7c7c7c7c627c7c7c3a7c3a
15	|aaa||x:b:|axxx|::abxb	13 7c7c6161617c7c7c7c787c3a62
7	a:a|x|aba:	6 617c3a617c7c
10	xxa|bb|||:b||ax::xxx|	9 7878617c7c62627c7c
22	:aaxb::|:||axbbabax:b|ab|a|a	21 7c3a616178627c3a7c3a7c7c7c3a7c7c7c7c617862
37	bxabxbb|::|:	17 627861627862627c7c7c3a7c3a7c7c7c3a
4	xx|:xb	2 7878
15	:axx	5 7c3a617878
30	b|:xx|a|:::|:bxxxx|	29 627c7c7c3a78787c7c617c7c7c3a7c3a7c3a7c7c7c3a62787878787c7c
16	xabxxaa:b:|:|x:|:	14 786162787861617c3a627c3a7c7c
34	||xxxa	8 7c7c7c7c78787861
11	aba|:b|	10 6162617c7c7c3a627c7c
10	ax:x::a|ax||b|	9 61787c3a787c3a7c3a
21	a::|x|:xabbxx:aa::xbx:b	20 617c3a7c3a7c7c787c7c7c3a7861626278787c3a
8	xbb:|:::x:::ab:bx:a:bb::xa|a	7 7862627c3a7c7c
10	|x:axaxbba::ba:a:x::xaxa	9 7c7c787c3a61786178
26	bb|x::|xaa|ba:bx:|axxb	24 62627c7c787c3a7c3a7c7c7861617c7c62617c3a62787c3a
35	bax||x||||abb|abb:|b	29 6261787c7c7c7c787c7c7c7c7c7c7c7c6162627c7c6162627c3a7c7c62
25	bb|b::b|:|xb:xbb|b::x	23 62627c7c627c3a7c3a627c7c7c3a7c7c78627c3a786262
10	::baabxb::bb:||x	9 7c3a7c3a6261616278
8	|aaxbb|bx|||bb:|b|	7 7c7c6161786262
12	bx||bbb||b	11 62787c7c7c7c6262627c7c
15	::::x:bbx:|b:b|bxxxaa|:|	14 7c3a7c3a7c3a7c3a787c3a626278
22	aa|aaab:	10 61617c7c616161627c3a
9		0 
19	b:b|x|ax:a|:xa|||:|babx:	18 627c3a627c7c787c7c61787c3a617c7c7c3a
14	bxa:xabb:x|:xb|x:bx|bx	12 6278617c3a786162627c3a78
39	a|xbbx:bbbb|ax:|x:aaabba|	32 617c7c786262787c3a626262627c7c61787c3a7c7c787c3a6161616262617c7c
6	b:babx|xa|a:|a::a:|:bxxa|:xa||	5 627c3a6261
13	b:|a|b|	11 627c3a7c7c617c7c627c7c
18	ab:x	5 61627c3a78
30	xxx:b|x:baa:|x::xaxa:	29 7878787c3a627c7c787c3a6261617c3a7c7c787c3a7c3a786178617c3a
36	x	1 78
39	a|:a|aa|bxax:a||xaa::x|b:::b|	38 617c7c7c3a617c7c61617c7c627861787c3a617c7c7c7c7861617c3a7c3a787c7c627c3a7c3a
29	|a:abb|xb|:|||bb:	26 7c7c617c3a6162627c7c78627c7c7c3a7c7c7c7c7c7c62627c3a
39	|:|bbaabbbxxx:xa:	22 7c7c7c3a7c7c626261616262627878787c3a78617c3a
10	xxb|axax||xx:	9 7878627c7c61786178
8	b|xxb|bx:|aaabbxa	6 627c7c787862
22	::|aaxa:||xxb|::a|a|	21 7c3a7c3a7c7c616178617c3a7c7c7c7c7878627c7c
7	xaaaa|:x|ba|x:a|b::||	5 7861616161
13	b:||:|b:||:::b:xb	11 627c3a7c7c7c7c7c3a7c7c
37	:xx|a|b|abxb|:x	21 7c3a78787c7c617c7c627c7c616278627c7c7c3a78
10	:a|a||a|:||:ax:b|::	8 7c3a617c7c617c7c
36	abax|baxxx|x||:abxax:xba	30 616261787c7c62617878787c7c787c7c7c7c7c3a61627861787c3a786261
21	|||xxxbb|:aaa:x|:::|baxbabxx	20 7c7c7c7c7c7c78787862627c7c7c3a6161617c3a
15	b|xxx:x|::a|b|b|x|x|bbb	13 627c7c7878787c3a787c7c7c3a
21	|xba|a||bxxab|b|xba|:b:b	19 7c7c7862617c7c617c7c7c7c62787861627c7c
5	ax	2 6178
38	axbx:bb||a:aaxx:|::|x|b|bbbaba	37 617862787c3a62627c7c7c7c617c3a616178787c3a7c7c7c3a7c3a7c7c787c7c627c7c6262
6	a	1 61
35	x|:aa|x|xxbxbabaxaba|x|b	30 787c7c7c3a61617c7c787c7c7878627862616261786162617c7c787c7c62
35	::a:axxa:bxba||xaxbbxx	28 7c3a7c3a617c3a617878617c3a627862617c7c7c7c78617862627878
12	a::b|aa|	10 617c3a7c3a627c7c6161
27	bbxa|	6 626278617c7c
14	b:ba||bbb	12 627c3a62617c7c7c7c626262
28	||:bxxxb::|x||b	23 7c7c7c7c7c3a62787878627c3a7c3a7c7c787c7c7c7c62
39	bb|:ab|ba|:x:|a|xa:xa|||a	37 62627c7c7c3a61627c7c62617c7c7c3a787c3a7c7c617c7c78617c3a78617c7c7c7c7c7c61
29	:	2 7c3a
40	::xx::||xa	16 7c3a7c3a78787c3a7c3a7c7c7c7c7861
38	|a|:||aaaxaaxa|axxb:x:|x:a	36 7c7c617c7c7c3a7c7c7c7c61616178616178617c7c617878627c3a787c3a7c7c787c3a61
7	ax:|:bbab::xbbx::|b	6 61787c3a7c7c
20	xb|	4 78627c7c
3	x	1 78
16	||a:x:x||b|ax:aa:ba	15 7c7c7c7c617c3a787c3a787c7c7c7c
7	b||	5 627c7c7c7c
37	baxax:xbx|a|:xbbbbbx:|:	30 62617861787c3a7862787c7c617c7c7c3a786262626262787c3a7c7c7c3a
18	babx||xb:xb:|xa:abbx	16 626162787c7c7c7c78627c3a78627c3a
25	:||a	7 7c3a7c7c7c7c61
32	|:b|x|ax::|aa|xaba|b|:xb	31 7c7c7c3a627c7c787c7c61787c3a7c3a7c7c61617c7c786162617c7c627c7c
15	b|a:ax:::a:|:b:a|b:a||a:ab|	14 627c7c617c3a61787c3a7c3a7c3a
6	:|x::aa|aaxa|x|a|xaabx	4 7c3a7c7c
6	a|ax:|xbbx:	5 617c7c6178
24	:x|	5 7c3a787c7c
33	x||aaa|:bx|bxa	19 787c7c7c7c6161617c7c7c3a62787c7c627861
33	b	1 62
13	::	4 7c3a7c3a
12	abba:abb|xb|xaxx:|b:bx|::|xbba	11 616262617c3a6162627c7c
8	:bx:xx::|xbbbbba|:x:bbb:a	6 7c3a62787c3a
28	axxxax|:a|a	14 6178787861787c7c7c3a617c7c61
27	a|::|a	10 617c7c7c3a7c3a7c7c61
31	|xba:b:||::b:b	22 7c7c7862617c3a627c3a7c7c7c7c7c3a7c3a627c3a62
33	a:|xb|b|xxx|babx:xb	25 617c3a7c7c78627c7c627c7c7878787c7c626162787c3a7862
38	abx:|||:b	14 6162787c3a7c7c7c7c7c7c7c3a62
36	aax|:x:a|axx	16 6161787c7c7c3a787c3a617c7c617878
37	|x|:bxaxxx||baab:xbxabx::	33 7c7c787c7c7c3a6278617878787c7c7c7c626161627c3a7862786162787c3a7c3a
34	bx|xb|aa|axb:bx|xx	23 62787c7c78627c7c61617c7c6178627c3a62787c7c7878
31		0 
6	bb|b|a:a|xx	4 62627c7c
16	xbxbaxb::|xxa	15 786278626178627c3a7c3a7c7c7878
10	:b|a|bx:|babxabaxabbxxaa:x:	8 7c3a627c7c617c7c
4	a:b::|a|bxxx	3 617c3a
11	:	2 7c3a
13	|a||b:axxaabxa:|||xb||axba	12 7c7c617c7c7c7c627c3a6178
40		0 
8	|baxb|a|x:b:a|aab|x:::x:bb	6 7c7c62617862
28	:|b||xb:|	15 7c3a7c7c627c7c7c7c78627c3a7c7c
7	xxxaxb:aax	6 787878617862
7	x:::abxxbxax:|x	5 787c3a7c3a
25	aba|xb:axbabb||x:|	24 6162617c7c78627c3a6178626162627c7c7c7c787c3a7c7c
8		0 
21	||a:axx|x|bbbxbaabaa|||bb|||x	20 7c7c7c7c617c3a6178787c7c787c7c6262627862
27	x:|xabx	9 787c3a7c7c78616278
9	abxa||x	8 616278617c7c7c7c
27	ab:a::a|aba|bx	19 61627c3a617c3a7c3a617c7c6162617c7c6278
30	:::ba:b|ba:xbab:aab	26 7c3a7c3a7c3a62617c3a627c7c62617c3a786261627c3a616162
26	x||b:xb:|:|axb|ab|x|x|x	25 787c7c7c7c627c3a78627c3a7c7c7c3a7c7c6178627c7c6162
13	b|abx:|a|||b::a|x|b|a	11 627c7c6162787c3a7c7c61
39	bb:bb|bx:b:||:xbb:b:|baaa:	37 62627c3a62627c7c62787c3a627c3a7c7c7c7c7c3a7862627c3a627c3a7c7c626161617c3a
34	abxxx|:b|||xaabbxx:a||b|xb|	33 61627878787c7c7c3a627c7c7c7c7c7c786161626278787c3a617c7c7c7c627c7c
38	bxxa|x:	9 627878617c7c787c3a
10	:b|axba|b	9 7c3a627c7c61786261
15	a|b|xb:a|	13 617c7c627c7c78627c3a617c7c
25	baxax|bx|||aa||xx::axbaxa	23 62617861787c7c62787c7c7c7c7c7c61617c7c7c7c7878
13	:|b:a:xaaxx|b:xb	12 7c3a7c7c627c3a617c3a7861
18	axa:|xxbaaaxxa|bbx|xababa:a	16 6178617c3a7c7c787862616161787861
35	a:|xxaaab:b::x:a:x:|xaax	33 617c3a7c7c7878616161627c3a627c3a7c3a787c3a617c3a787c3a7c7c78616178
32	xb::b	7 78627c3a7c3a62
32	||	4 7c7c7c7c
5	:aabbxa|:|abax|xxax:a::a|	4 7c3a6161
10	x:x::b|a|bbbxxx||xxb:	8 787c3a787c3a7c3a
19	axa|ax:|x|	14 6178617c7c61787c3a7c7c787c7c
18	bxb:xa:bx:||b||bbax|:	17 6278627c3a78617c3a62787c3a7c7c7c7c
23	a||::|:|a:::||x||axb||:|x:b|	22 617c7c7c7c7c3a7c3a7c7c7c3a7c7c617c3a7c3a7c3a
35	:ab:a	7 7c3a61627c3a61
9	baxa	4 62617861
34	:xa|xxxbxxb:|x|xx|x:bx	29 7c3a78617c7c787878627878627c3a7c7c787c7c78787c7c787c3a6278
7	|x|a|bxb|:b:|||b:|baba||xb	5 7c7c787c7c
25	|xx	4 7c7c7878
27	a:xx:axbxb::xb|::a::||bb:bx|xx	25 617c3a78787c3a61786278627c3a7c3a78627c7c7c3a7c3a61
3	|	2 7c7c
9	b|b|ab	8 627c7c627c7c6162
16	x|xb:xxa:x:x:bb|aa::bx	15 787c7c78627c3a7878617c3a787c3a
17	x|	3 787c7c
13	x|:|xb|x||ba:bbxa|ba|	11 787c7c7c3a7c7c78627c7c
3	:bxb|bab:xxx:xa:|	2 7c3a
30	|b|ab:::|||xxxaba:ba:	29 7c7c627c7c61627c3a7c3a7c3a7c7c7c7c7c7c7878786162617c3a6261
14	a|:|axx	10 617c7c7c3a7c7c617878
37	x:	3 787c3a
37	|:x::xbxxx|x|x	20 7c7c7c3a787c3a7c3a78627878787c7c787c7c78
32	bxa:|	7 6278617c3a7c7c
24	|b|a|b:|:aaxx|:	23 7c7c627c7c617c7c627c3a7c7c7c3a616178787c7c7c3a
9		0 
17	aaxa|b|bxabxbx|b:b|::bb|x:	16 616178617c7c627c7c62786162786278
13	abxxa|ba:xb|bbbxba:|:ba::ba|:|	11 61627878617c7c62617c3a
18	axbx:xbxaxa:a:bxx:a:bx	17 617862787c3a7862786178617c3a617c3a
34	a|:a|	8 617c7c7c3a617c7c
27	b||xx:xb	11 627c7c7c7c78787c3a7862
7	bxb|:x|bxxxbbx	5 6278627c7c
37	x||a|x|||:b:x|	23 787c7c7c7c617c7c787c7c7c7c7c7c7c3a627c3a787c7c
18	aaxaba|b|ba|aab|xbaaba|||::a|:	17 6161786162617c7c627c7c62617c7c6161
20	x|:bxb:b|a:b:xb::	19 787c7c7c3a6278627c3a627c7c617c3a627c3a
21	ba|:a:xbb:b:xaa|:xba:ab|ax|b::	20 62617c7c7c3a617c3a7862627c3a627c3a786161
24	babxb|x:xa|bxbb|:a:x:	22 62616278627c7c787c3a78617c7c627862627c7c7c3a
15	ba	2 6261
8	:a:xxb:bx:	7 7c3a617c3a7878
38	xbxx||:x:|:	17 786278787c7c7c7c7c3a787c3a7c7c7c3a
33	::a|b||	12 7c3a7c3a617c7c627c7c7c7c
32	xaxb|bxa	9 786178627c7c627861
15	xax:bx:|||ba||b:|bbb:xba	13 7861787c3a62787c3a7c7c7c7c
38	::|	6 7c3a7c3a7c7c
34	ab|aa:b:aa:::|:ba::|x	32 61627c7c61617c3a627c3a61617c3a7c3a7c3a7c7c7c3a62617c3a7c3a7c7c78
23	a|bb|:b|a|ab|:	21 617c7c62627c7c7c3a627c7c617c7c61627c7c7c3a
30	xaabxb:bbb:a|a|b:x:x|bxaabxxx	28 7861616278627c3a6262627c3a617c7c617c7c627c3a787c3a787c7c
35		0 
38	|bx:a||baab:xa:xxxb	25 7c7c62787c3a617c7c7c7c626161627c3a78617c3a78787862
34	ax|a|a:|x:axx||bxa|xabxb:b|	32 61787c7c617c7c617c3a7c7c787c3a6178787c7c7c7c6278617c7c7861627862
37	baax|xxbaxb||:ax:ax:|xbx|	33 626161787c7c7878626178627c7c7c7c7c3a61787c3a61787c3a7c7c7862787c7c
20		0 
25	xbb||a|:ab:bbaaxa	22 7862627c7c7c7c617c7c7c3a61627c3a626261617861
12	x|	3 787c7c
19	xa|a|b:a|:|:aaa:xaa|ax|xbxb|:a	17 78617c7c617c7c627c3a617c7c7c3a7c7c
36		0 
40	::||ax	10 7c3a7c3a7c7c7c7c6178
10	|bx	4 7c7c6278
28	:a|:|b|xbxbx:aax|xba:xaa:bxb:	27 7c3a617c7c7c3a7c7c627c7c78627862787c3a6161787c7c786261
20	aaa|x||x|:|xa|bbb:bba||	19 6161617c7c787c7c7c7c787c7c7c3a7c7c7861
31	b:x:|a:::::|	21 627c3a787c3a7c7c617c3a7c3a7c3a7c3a7c3a7c7c
37	axaxxaxaa:|a	14 6178617878617861617c3a7c7c61
6	|:|aab|:b||b:x|a:x|axab	4 7c7c7c3a
37	bb||:|:ba||a:x:|xxbx|bbb	35 62627c7c7c7c7c3a7c7c7c3a62617c7c7c7c617c3a787c3a7c7c787862787c7c626262
5	:axx:aa|:x|:::b:a|bxab:|x|:b:a	4 7c3a6178
15	a||xbb|:bbxab|bbxaxx:bx:xxb|	14 617c7c7c7c7862627c7c7c3a6262
20	bax::|:x:||:x||xb:ba|::b::	18 6261787c3a7c3a7c7c7c3a787c3a7c7c7c7c
4	x:a||x|bbb	3 787c3a
4	axb|x:bxbb||a:baxa	3 617862
15	bxaxxxx|x|x	13 627861787878787c7c787c7c78
33	x:aab|ba::::ba||:	26 787c3a6161627c7c62617c3a7c3a7c3a7c3a62617c7c7c7c7c3a
30	a:b||ab:	12 617c3a627c7c7c7c61627c3a
3	::bab||xx:|xx:xx	2 7c3a
23	bbbx	4 62626278
15	b	1 62
9	:a||a:|:a|aaxaaxa|b|a	7 7c3a617c7c7c7c
39	|b:b|::|xa|ab:b::b:|	32 7c7c627c3a627c7c7c3a7c3a7c7c78617c7c61627c3a627c3a7c3a627c3a7c7c
9	a|::|b:abbb:a:|bb|:ab:a|||x:a	7 617c7c7c3a7c3a
34	xa:ax::	10 78617c3a61787c3a7c3a
7	b|babba	6 627c7c626162
15	axax|a||a|:axx:xaxx:x|x:|xa:|b	14 617861787c7c617c7c7c7c617c7c
17	x:a	4 787c3a61
31	:b:a|x:::	15 7c3a627c3a617c7c787c3a7c3a7c3a
19	::xb:|xxxb|:x::	18 7c3a7c3a78627c3a7c7c787878627c7c7c3a
15	:xxx:xbxa::	13 7c3a7878787c3a786278617c3a
10	xbxabbaa|b::a:b|b|bb:b:	8 7862786162626161
36	x||:ba|b|:bxbaab	22 787c7c7c7c7c3a62617c7c627c7c7c3a627862616162
5	:::::xa::a::aax|bbaxxxaxa|x|ax	4 7c3a7c3a
20	||b|xaa:||x:x:|ba|||xx	19 7c7c7c7c627c7c7861617c3a7c7c7c7c787c3a
25	|a|:aa|||a:x:x|a|xbbba|||bb::	24 7c7c617c7c7c3a61617c7c7c7c7c7c617c3a787c3a787c7c
23	xb	2 7862
34	|aaxx::xxb||b	18 7c7c616178787c3a7c3a7878627c7c7c7c62
12	baa	3 626161
32	xababbabx|axx|x|||x::||	30 7861626162626162787c7c6178787c7c787c7c7c7c7c7c787c3a7c3a7c7c
39	ax:axa:::aa||xxbbx|:a|x|x:b	37 61787c3a6178617c3a7c3a7c3a61617c7c7c7c78786262787c7c7c3a617c7c787c7c787c3a
19	b:||:x:xa|x	17 627c3a7c7c7c7c7c3a787c3a78617c7c78
16		0 
28	xaaxbbb::x|b:x	18 786161786262627c3a7c3a787c7c627c3a78
13	bxb	3 627862
34	b:ba	5 627c3a6261
9	x|a:||xbxa|:|	8 787c7c617c3a7c7c
22		0 
8	b|xxx:ba|||xa|::x:x:	6 627c7c787878
38	xx::|ba|:bax|a	20 78787c3a7c3a7c7c62617c7c7c3a6261787c7c61
30	:b::xxx::|xb|::|a:b|xa|	29 7c3a627c3a7c3a7878787c3a7c3a7c7c78627c7c7c3a7c3a7c7c617c3a
3	|:aaxa|xa:||:	2 7c7c
16	|b|aax	8 7c7c627c7c616178
27		0 
36	bx|b:::	11 62787c7c627c3a7c3a7c3a
23	xb|xaxxaaax|aab::|:|||a	21 78627c7c78617878616161787c7c6161627c3a7c3a
11	bab|xxbx:b|x:xa:x|ab|:	9 6261627c7c78786278
24	:|a:aaxa	11 7c3a7c7c617c3a61617861
26	b|a	4 627c7c61
31	b:xxx::bxb	13 627c3a7878787c3a7c3a627862
25	:	2 7c3a
34	bxxaaaxb|:	12 62787861616178627c7c7c3a
5	bb:bxbbaaa	4 62627c3a
5	xba|aaxab	3 786261
24	abbab|aba:a|:b|xa:|	22 61626261627c7c6162617c3a617c7c7c3a627c7c7861
15	|xb|b||||xx|bxbb:||a:	13 7c7c78627c7c627c7c7c7c7c7c
4	|	2 7c7c
8		0 
40	b|::x|:|a:b|xaa	23 627c7c7c3a7c3a787c7c7c3a7c7c617c3a627c7c786161
37	:|x|xb|x|a:xxb:xxabbb|:b|ax|	35 7c3a7c7c787c7c78627c7c787c7c617c3a7878627c3a7878616262627c7c7c3a627c7c
27	:bb:bxxa:xa||ab:bab:x::ba:|	25 7c3a62627c3a627878617c3a78617c7c7c7c61627c3a626162
4	::xx:bx:a:xx|aabbxb:|x:a|bbx|a	2 7c3a
26	|:x|a|::|a|	19 7c7c7c3a787c7c617c7c7c3a7c3a7c7c617c7c
32	b|:x|b|	11 627c7c7c3a787c7c627c7c
32	:a|aax	8 7c3a617c7c616178
32	xab|b:a|b|a|x::	22 7861627c7c627c3a617c7c627c7c617c7c787c3a7c3a
3	|ax|aaxaba|abbbxbx:bb:x|xa|a||	2 7c7c
33	b	1 62
25		0 
5	xax|b|bx|x::bxb	3 786178
36		0 
31	bb:|:|bx|x:x	18 62627c3a7c7c7c3a7c7c62787c7c787c3a78
26	a|x:x:b:x:bxa:xxaaaxxxx	25 617c7c787c3a787c3a627c3a787c3a6278617c3a7878616161
40	||a:b|a:b|b:a	20 7c7c7c7c617c3a627c7c617c3a627c7c627c3a61
28	x:|xa|axabaxax:xaxxaaa:b	26 787c3a7c7c78617c7c61786162617861787c3a78617878616161
40	:aa:bb:|:x|x|a||:	27 7c3a61617c3a62627c3a7c7c7c3a787c7c787c7c617c7c7c7c7c3a
38	|xbb|b|a:bb	15 7c7c7862627c7c627c7c617c3a6262
40	xaa:|	7 7861617c3a7c7c
31	:bx|ba|baa|ba:x||axx|:|aab:|	29 7c3a62787c7c62617c7c6261617c7c62617c3a787c7c7c7c6178787c7c
33	axx:bb|ab:xax:a|a|:|aaxab	32 6178787c3a62627c7c61627c3a7861787c3a617c7c617c7c7c3a7c7c61617861
19	aaaxb:x:||bxxxxx	18 61616178627c3a787c3a7c7c7c7c62787878
25	:x:|xbx:|bbbx|b:xbx|b|aaxba	23 7c3a787c3a7c7c7862787c3a7c7c626262787c7c627c3a
5	xxaa|a:|x	4 78786161
12	:bbabxb:x||ab||abxb|:b:b:|axx:	10 7c3a6262616278627c3a
25	|ab:a:xbxb|bxb|a|ab:|:|||:abbb	23 7c7c61627c3a617c3a786278627c7c6278627c7c617c7c
23	x|:ababaxx||b:xxba:x:||||	22 787c7c7c3a616261626178787c7c7c7c627c3a787862
13	a:xxaba	8 617c3a7878616261
28	x	1 78
19	aa:xxbxa:::xbb|a:bxxa|	18 61617c3a78786278617c3a7c3a7c3a786262
6	||:ax:|x|a:|a:x|aaabb:ab|||	4 7c7c7c7c
23	xaaxba:abx:ax|xb|::	21 7861617862617c3a6162787c3a61787c7c78627c7c
9	x|x	4 787c7c78
26	|aab|aba:||||::bxx::|a	24 7c7c6161627c7c6162617c3a7c7c7c7c7c7c7c7c7c3a7c3a
10	:x|xbaa:||baxx|||aax	9 7c3a787c7c78626161
18	bbaxa||ab:bb|ax:|:x	17 62626178617c7c7c7c61627c3a62627c7c
33	ax|||:|:|:|xx:babx	28 61787c7c7c7c7c7c7c3a7c7c7c3a7c7c7c3a7c7c78787c3a62616278
23	x|:||bx::::xxab||xb|xxa:|b|	22 787c7c7c3a7c7c7c7c62787c3a7c3a7c3a7c3a787861
28	:|:a|::x:a::bxxa|xba:bx|xxbb:a	27 7c3a7c7c7c3a617c7c7c3a7c3a787c3a617c3a7c3a627878617c7c
3	a|b:|ab|:abxx:aa||abx:a||:a|	1 61
21	:baxa::bbbxxaab||	20 7c3a626178617c3a7c3a62626278786161627c7c
17	b|ba||xbxaabxba|bxabaa||x|	16 627c7c62617c7c7c7c78627861616278
35	aax|x|a:x:axxb|::x:b|:x|xbxx	33 6161787c7c787c7c617c3a787c3a617878627c7c7c3a7c3a787c3a627c7c7c3a78
8	:xxx:x:bx|aaxbbxaax:x|	7 7c3a7878787c3a
32	x::|:|||	15 787c3a7c3a7c7c7c3a7c7c7c7c7c7c
3	|bxbb|||axba|babb	2 7c7c
20		0 
22	bb:::|a	11 62627c3a7c3a7c3a7c7c61
10	::x:|b|baa:xax	9 7c3a7c3a787c3a7c7c
29	xxb:bxb|bx:xax||b:x:|baaa	27 7878627c3a6278627c7c62787c3a7861787c7c7c7c627c3a787c3a
16	xabab:|:|b|bb|a:ab:a	14 78616261627c3a7c7c7c3a7c7c62
9	axxxa::::b:|a	7 61787878617c3a
32	axa:|ax	9 6178617c3a7c7c6178
34	:b::|xbaxba::aa:bb|::a:	32 7c3a627c3a7c3a7c7c7862617862617c3a7c3a61617c3a62627c7c7c3a7c3a61
14	bx|:b:||:|a:a	13 62787c7c7c3a627c3a7c7c7c7c
11	:xxbb|baba:bx:xx|b:a:aa	10 7c3a787862627c7c6261
30	a::a|	8 617c3a7c3a617c7c
40	axbab||a:	12 61786261627c7c7c7c617c3a
15	bb||a::	11 62627c7c7c7c617c3a7c3a
20	x|	3 787c7c
21	|bbaxb:aaa	12 7c7c62626178627c3a616161
33	xa:ba:xa||bx|:x|x::x|bax:b	31 78617c3a62617c3a78617c7c7c7c62787c7c7c3a787c7c787c3a7c3a787c7c
11	:||:xa:b|aaab:b::bbx|x:	10 7c3a7c7c7c7c7c3a7861
29		0 
19	|x|a	6 7c7c787c7c61
3	|:a	2 7c7c
8	bx|::|:a::xax:a:a|	6 62787c7c7c3a
36	|bba:xax::a:ba|xaa:	26 7c7c6262617c3a7861787c3a7c3a617c3a62617c7c7861617c3a
16	baa|babb:	11 6261617c7c626162627c3a
24	|:ba|a|:abbxb:|bax|::aa::|:|	22 7c7c7c3a62617c7c617c7c7c3a61626278627c3a7c7c
29	a|::a::baax:x||a|:xxa:bxbax::	28 617c7c7c3a7c3a617c3a7c3a626161787c3a787c7c7c7c617c7c7c3a
32	x|xbaaa|:ax:||||	24 787c7c78626161617c7c7c3a61787c3a7c7c7c7c7c7c7c7c
22	x||:a||bx:axa:xx:	21 787c7c7c7c7c3a617c7c7c7c62787c3a6178617c3a
37	:ax|a:b:baax|:::bx:|:	32 7c3a61787c7c617c3a627c3a626161787c7c7c3a7c3a7c3a62787c3a7c7c7c3a
6	x:bax|aa|	5 787c3a6261
27	bbba:babx||bba:axx	22 626262617c3a626162787c7c7c7c6262617c3a617878
3		0 
30	:xbxbaxbxa|||b:aa||||a:b|::	28 7c3a7862786261786278617c7c7c7c7c7c627c3a61617c7c7c7c7c7c
10	|b|a|aabxx|b|ba	8 7c7c627c7c617c7c
38	xx|bxba|:	12 78787c7c627862617c7c7c3a
4	b:||abxb||axx:|aa|bbb|xb:aa:a|	3 627c3a
18	a|bbxxxaaxbbb:ax	16 617c7c62627878786161786262627c3a
24	|x:ab:|:|:|bb:x|:aab::	23 7c7c787c3a61627c3a7c7c7c3a7c7c7c3a7c7c62627c3a
21	ba|ab::|ba|x|xb|	19 62617c7c61627c3a7c3a7c7c62617c7c787c7c
27	xbab|	6 786261627c7c
9	xbx|baxx	8 7862787c7c626178
25	xa:::b	9 78617c3a7c3a7c3a62
4	a|b:||xbabxbb:xxa:xa||a|x|x|	3 617c7c
8	||xa::b|xa:xbxb:x	6 7c7c7c7c7861
36	x|a:|bxxabaxabb|x:a|a:a:x|a	35 787c7c617c3a7c7c627878616261786162627c7c787c3a617c7c617c3a617c3a787c7c
17	abxxx:b|:|	14 61627878787c3a627c7c7c3a7c7c
29	:x|b|b|:	13 7c3a787c7c627c7c627c7c7c3a
18	abb:b:|||	14 6162627c3a627c3a7c7c7c7c7c7c
14	:axxxbbxb|:|x:aa:baaa|b:	12 7c3a61787878626278627c7c
36	b:|:|:	11 627c3a7c7c7c3a7c7c7c3a
36	xaaxxax::xaba|xx:b	22 786161787861787c3a7c3a786162617c7c78787c3a62
36	a::x::b:a	14 617c3a7c3a787c3a7c3a627c3a61
18	:ax|a||:ab|ab||::x|:|bxxx	17 7c3a61787c7c617c7c7c7c7c3a61627c7c
19	::x:xa:aa:bxx||:a::b|a	18 7c3a7c3a787c3a78617c3a61617c3a627878
6	|x	3 7c7c78
28	::||xxxaax::xb|b|b|bbxbbaabax	26 7c3a7c3a7c7c7c7c7878786161787c3a7c3a78627c7c627c7c62
35	x	1 78
3	a|xxb|x:bx|:a|bxb:b:axb:aa:|:	1 61
21	|axbbxx|b:b	14 7c7c6178626278787c7c627c3a62
19	:|	4 7c3a7c7c
24	|||baa||:||a|xbab:xx|x	22 7c7c7c7c7c7c6261617c7c7c7c7c3a7c7c7c7c617c7c
30	x|bb||bb:bbxaxx:b:ba:bxx	28 787c7c62627c7c7c7c62627c3a6262786178787c3a627c3a62617c3a
11	b:|aa|bbx:|:|||x:bx:xab::bb|:	9 627c3a7c7c61617c7c
21		0 
37		0 
15	bbaba|xb:xxa	14 62626162617c7c78627c3a787861
34	||xx:bxb:a:a|:xb|	25 7c7c7c7c78787c3a6278627c3a617c3a617c7c7c3a78627c7c
12	|b|::b|:axax	10 7c7c627c7c7c3a7c3a62
37	bbx:|:	9 6262787c3a7c7c7c3a
8	:::xb:a::x:|xb|axa:ab:axb	6 7c3a7c3a7c3a
34	bbaa:::aabaa	15 626261617c3a7c3a7c3a6161626161
40	xxxa:ax|x|:x|a:b:||:	30 787878617c3a61787c7c787c7c7c3a787c7c617c3a627c3a7c7c7c7c7c3a
19	xb|a::|a:aa::::xaxx	18 78627c7c617c3a7c3a7c7c617c3a61617c3a
36	::x:axx|abax:abxxxxba:b	29 7c3a7c3a787c3a6178787c7c616261787c3a61627878787862617c3a62
11	b:|::|xbaax|axax::	9 627c3a7c7c7c3a7c3a
8	|x|a	6 7c7c787c7c61
26	|xba|	7 7c7c7862617c7c
24	|x:||x|b:aa:|x:ba:ba	22 7c7c787c3a7c7c7c7c787c7c627c3a61617c3a7c7c78
3	|x::|bxx:a:xxx:a|x::|:x|abxbbx	2 7c7c
15	axbaaxab:a|a:a:aa	13 61786261617861627c3a617c7c
21	|xxb	5 7c7c787862
29	::a|a:a:a|::ba:a:bxa||x	27 7c3a7c3a617c7c617c3a617c3a617c7c7c3a7c3a62617c3a617c3a
9	:ab::abx|a|b:bxxb:b:a||b|	8 7c3a61627c3a7c3a
36	a:x::|aaba|bxb::ax|b:x	31 617c3a787c3a7c3a7c7c616162617c7c6278627c3a7c3a61787c7c627c3a78
31		0 
16	:aabxx:xxaxab:x|ab	15 7c3a61616278787c3a787861786162
12	ax|b::x|:xb|axax:||bbbx	10 61787c7c627c3a7c3a78
4	b||a:bbxa||b::|:|b:bba	3 627c7c
19	baa|:bb|xa:a	16 6261617c7c7c3a62627c7c78617c3a61
33	:abx:a::b:xaaxbabba|bxa||xaa:	31 7c3a6162787c3a617c3a7c3a627c3a7861617862616262617c7c6278617c7c
28	aaxa:bxxax:||::a:xx::|b	26 616178617c3a62787861787c3a7c7c7c7c7c3a7c3a617c3a7878
7	xbba:x:|	6 786262617c3a
18	:x|ab:xxx	12 7c3a787c7c61627c3a787878
18	xa:b:xxa::xa	16 78617c3a627c3a7878617c3a7c3a7861
14		0 
15	x:x:|||x:ba	13 787c3a787c3a7c7c7c7c7c7c78
6	|x||x|:aaaba:|:	5 7c7c787c7c
10	||x|ab::|axxxxbxa	9 7c7c7c7c787c7c6162
24	||bx|xb:|:b|:bb|	23 7c7c7c7c62787c7c78627c3a7c7c7c3a627c7c7c3a6262
9	axb:a|:ba:bxbb|axbb|:xb:x:x:|	8 6178627c3a617c7c
36	xaxbbaaa|:aa:aa:x:|:b:x|axb	35 78617862626161617c7c7c3a61617c3a61617c3a787c3a7c7c7c3a627c3a787c7c6178
4	a|x:aaa	3 617c7c
6	:ba	4 7c3a6261
39	x|b::xb||x|xbx:bb|xa||:|bba:|	38 787c7c627c3a7c3a78627c7c7c7c787c7c7862787c3a62627c7c78617c7c7c7c7c3a7c7c6262
30	||axaxxa|b|xababx||||x:|	29 7c7c7c7c6178617878617c7c627c7c7861626162787c7c7c7c7c7c7c7c
28	x:|::a||ba:|:a:axbb|a	27 787c3a7c7c7c3a7c3a617c7c7c7c62617c3a7c7c7c3a617c3a6178
32	a|b	4 617c7c62
35	xaa::|:x|	14 7861617c3a7c3a7c7c7c3a787c7c
32	|:xxbx|:x:b:x|:xab|aaa	31 7c7c7c3a787862787c7c7c3a787c3a627c3a787c7c7c3a7861627c7c616161
29	|:xbbxx:|:bab|axa|aa||b	27 7c7c7c3a78626278787c3a7c7c7c3a6261627c7c6178617c7c6161
36	xb	2 7862
27	xx:x:|:bxxxabx|bbbbx	25 78787c3a787c3a7c7c7c3a627878786162787c7c6262626278
16	:::aaaaaa|xaxxa::aa:bb	14 7c3a7c3a7c3a6161616161617c7c
21	a::|abbax|::bx|bx|:bax:b	20 617c3a7c3a7c7c61626261787c7c7c3a7c3a6278
8	xbaa|::	6 786261617c7c
25	bb|a|baa|b:	15 62627c7c617c7c6261617c7c627c3a
7	xbxabx|a|aa:a:bbbbb:|:|	6 786278616278
24	:a||:a|xbxb|::xbbxb	22 7c3a617c7c7c7c7c3a617c7c786278627c7c7c3a7c3a
33	bxaxxa:x:xaa:baabax|xbbb:|ba	32 6278617878617c3a787c3a7861617c3a6261616261787c7c786262627c3a7c7c
22	b:xbba||::	15 627c3a786262617c7c7c7c7c3a7c3a
24		0 
19	babbx|x:|||aaa::x	18 62616262787c7c787c3a7c7c7c7c7c7c6161
14	x||x:abx|:|b:a:aa	13 787c7c7c7c787c3a6162787c7c
23	|||ab::xb|:a::bbba|aax:|:ba	21 7c7c7c7c7c7c61627c3a7c3a78627c7c7c3a617c3a
23	bx:b|	7 62787c3a627c7c
29	axa||bbba	11 6178617c7c7c7c62626261
10	aax|bxa:b|xa|:a::::bb:	8 6161787c7c627861
27	b:x|xa||::aa:|xaxbxxa|	26 627c3a787c7c78617c7c7c7c7c3a7c3a61617c3a7c7c78617862
10	:|a:|xxbba|b:a	9 7c3a7c7c617c3a7c7c
40	||a:x|a:xxaxxa|b|x|:aab||xaa:	39 7c7c7c7c617c3a787c7c617c3a7878617878617c7c627c7c787c7c7c3a6161627c7c7c7c786161
16	|a:abaa:|||::axxb:bbxxba|:xx	15 7c7c617c3a616261617c3a7c7c7c7c
19	bbaxax	6 626261786178
29	:xbaa:xxx:b:axba|a||:	27 7c3a786261617c3a7878787c3a627c3a617862617c7c617c7c7c7c
15	:axa||x|aaa:xxbbb|xxaaa::|a	14 7c3a6178617c7c7c7c787c7c6161
36	x:|::xxa:bax:bb|xxaxb:|xb	34 787c3a7c7c7c3a7c3a7878617c3a6261787c3a62627c7c78786178627c3a7c7c7862
23	:xxb|axxx	11 7c3a7878627c7c61787878
37	aa	2 6161
23	x|b|abb	9 787c7c627c7c616262
7	b|bbaxbx|	6 627c7c626261
35	b|a:aabab|x|ax|:x	23 627c7c617c3a61616261627c7c787c7c61787c7c7c3a78
17	||xaaa:::	14 7c7c7c7c786161617c3a7c3a7c3a
35	ax:	4 61787c3a
30	ax:xabxa|xbxa|aaa|x|ab:aab	29 61787c3a78616278617c7c786278617c7c6161617c7c787c7c61627c3a
12	xxxx|ax::bba:xxx|ax:ax|::bba	10 787878787c7c61787c3a
35		0 
40	:b|	5 7c3a627c7c
23	:xba	5 7c3a786261
27		0 
26	bbbb:a:|baxx|	17 626262627c3a617c3a7c7c626178787c7c
33	|xbbx:x|bb::b|b|||x	28 7c7c786262787c3a787c7c62627c3a7c3a627c7c627c7c7c7c7c7c78
14	bb|:ab:|xax:|b|xx||b|x|xa:a|b:	12 62627c7c7c3a61627c3a7c7c
36		0 
16	::x:bbax:|||:b||ab:a	15 7c3a7c3a787c3a626261787c3a7c7c
27	bx:abaa:a:bab:xax	21 62787c3a616261617c3a617c3a6261627c3a786178
37	:aa|a	7 7c3a61617c7c61
8	:b:|ax|ba:b:xax|:a:::b:bxxx:|	7 7c3a627c3a7c7c
32	:|	4 7c3a7c7c
18	:x||||b:||x|a||x|	16 7c3a787c7c7c7c7c7c7c7c627c3a7c7c
3	|	2 7c7c
30	aaxb|baaa|::xa	18 616178627c7c626161617c7c7c3a7c3a7861
9	x||x:a|a:x:b|xb:	8 787c7c7c7c787c3a
26	baabxx|:xxxxaaab	18 6261616278787c7c7c3a7878787861616162
39	abb||:bxxaa::x:bxb:bb|	30 6162627c7c7c7c7c3a62787861617c3a7c3a787c3a6278627c3a62627c7c
35	x|x|bx|ab|x:bxb	20 787c7c787c7c62787c7c61627c7c787c3a627862
6	x|a:b:bbx:|xxa:b:ba:|bx	4 787c7c61
4	:ax:|b|bxxbb|a:|x|b	2 7c3a
30	b|:|||xa:x|:aa||	26 627c7c7c3a7c7c7c7c7c7c78617c3a787c7c7c3a61617c7c7c7c
18	:||axx|:xb:|xx:xb::x:a:x	17 7c3a7c7c7c7c6178787c7c7c3a78627c3a
8	:|x:|x::::|a|:bx|x||a:a|:bx|bx	7 7c3a7c7c787c3a
31	|b|bb::b|x|abx:x:abbx|xxax|x:	29 7c7c627c7c62627c3a7c3a627c7c787c7c6162787c3a787c3a61626278
32	xb	2 7862
27	:baa|xba|axbax:|ax||a:	25 7c3a6261617c7c7862617c7c61786261787c3a7c7c61787c7c
12	xa:|a::|abbxx:bb|ba	11 78617c3a7c7c617c3a7c3a
22	::axxx:bba	13 7c3a7c3a617878787c3a626261
29	abb:x:axx|b:x|||ab|b::aaabxb|	27 6162627c3a787c3a6178787c7c627c3a787c7c7c7c7c7c61627c7c
4	axaxxbb:xa:b|||b	3 617861
26	bxx:	5 6278787c3a
4	::abb|	2 7c3a
5	||xx|ba|abxa|a|bxx	4 7c7c7c7c
18	||:b|a:x|x:b|b:aab|a	16 7c7c7c7c7c3a627c7c617c3a787c7c78
9	::bxxxbbx||axx:a||x::xbbaa|x:a	8 7c3a7c3a62787878
29	|abx	5 7c7c616278
3	|aa::axaabx||xba	2 7c7c
31	x	1 78
22	|:|aaxx|b|abx:a|bxbxa:|aba:	20 7c7c7c3a7c7c616178787c7c627c7c6162787c3a
27	b|aab:ba|ax|a::|b|||:	26 627c7c6161627c3a62617c7c61787c7c617c3a7c3a7c7c627c7c
26	b||:x	8 627c7c7c7c7c3a78
17	xb|x|xa|ba:||b:b|aab	15 78627c7c787c7c78617c7c62617c3a
3	:a	2 7c3a
5	ba:bx|a::abxa	4 62617c3a
22	||bx|:bab::x:ax|x	20 7c7c7c7c62787c7c7c3a6261627c3a7c3a787c3a
25	|:a	5 7c7c7c3a61
4	xbb::aabxxb:bxaxabxxx:a:xaxxx	3 786262
13	|	2 7c7c
29	||b:axxbx|a|:|x||:|::	28 7c7c7c7c627c3a61787862787c7c617c7c7c3a7c7c787c7c7c7c7c3a
5	x|||	3 787c7c
24	ba|a|xbbb:|:abb|	22 62617c7c617c7c786262627c3a7c7c7c3a6162627c7c
38	a::b:xb||a	15 617c3a7c3a627c3a78627c7c7c7c61
7	xxxb:a|:ax|b||b:bx|	6 787878627c3a
18	|:xbb:xa|b::axx|aabab:	16 7c7c7c3a7862627c3a78617c7c627c3a
6	x|:axaxxx:aa:::xaa::bx|:a:	5 787c7c7c3a
39	aa|xx|xa:x:||axx:	24 61617c7c78787c7c78617c3a787c3a7c7c7c7c6178787c3a
10	ax|b|b|b:bax::x:b:a:|||bbab|||	8 61787c7c627c7c62
13	|bbaab	7 7c7c6262616162
29	x:xba	6 787c3a786261
37	|||||:ab:x:b	20 7c7c7c7c7c7c7c7c7c7c7c3a61627c3a787c3a62
40	:::::|aabax|b|xxxaa|ba:|baa	38 7c3a7c3a7c3a7c3a7c3a7c7c61616261787c7c627c7c78787861617c7c62617c3a7c7c626161
4	|x:xbab:::	2 7c7c
29	aabaa|bxax|:xaaab:x:b	26 61616261617c7c627861787c7c7c3a78616161627c3a787c3a62
32	:|xbxa|b:b|xaa:x:b||	29 7c3a7c7c786278617c7c627c3a627c7c7861617c3a787c3a627c7c7c7c
30	bxaxx::|abax||:|xba	26 62786178787c3a7c3a7c7c616261787c7c7c7c7c3a7c7c786261
3	:|x|:xba:bbab:|x:x	2 7c3a
8	:a:|xaxa::x|:x:x	7 7c3a617c3a7c7c
38	:x:baxx	9 7c3a787c3a62617878
37	:a||::bxx|x||xxaaxbbbaa:|x|a	35 7c3a617c7c7c7c7c3a7c3a6278787c7c787c7c7c7c787861617862626261617c3a7c7c
5	a|bax|a|b|axx	3 617c7c
36	xx|bx:a:x:xa	16 78787c7c62787c3a617c3a787c3a7861
29	bb:a|xaxbx::a:a|bx|bxa||:xa:	28 62627c3a617c7c78617862787c3a7c3a617c3a617c7c62787c7c6278
34	:a	3 7c3a61
20	xabaa:bxx	10 78616261617c3a627878
22	bx|a|ba::ax|ab|:aa	21 62787c7c617c7c62617c3a7c3a61787c7c61627c7c
21	|b:ax|x:xax|a	18 7c7c627c3a61787c7c787c3a7861787c7c61
31	bbxxb::xx|:	15 62627878627c3a7c3a78787c7c7c3a
15	xbxabx	6 786278616278
27	|bbb|bxa:|b:a:a:xb||xabx|a	25 7c7c6262627c7c6278617c3a7c7c627c3a617c3a617c3a7862
33	aa|ax|a|xa|x:	18 61617c7c61787c7c617c7c78617c7c787c3a
3	:x:x::babab|xb|	2 7c3a
29	|a|::xxxababaxx::aa	25 7c7c617c7c7c3a7c3a787878616261626178787c3a7c3a6161
7	bxbaab:x:|x|a	6 627862616162
26	a|x	4 617c7c78
32	bx|a||baaxa:a:x|:::b|xaaa|	31 62787c7c617c7c7c7c62616178617c3a617c3a787c7c7c3a7c3a7c3a627c7c
24	bxaxb:b|aaxba:	17 62786178627c3a627c7c61617862617c3a
38	a:a||ax:x|b	16 617c3a617c7c7c7c61787c3a787c7c62
23	bba||x|:x|::::ab|:|a:::|::aa	21 6262617c7c7c7c787c7c7c3a787c7c7c3a7c3a7c3a
19	bax|x|xx||xa	16 6261787c7c787c7c78787c7c7c7c7861
23		0 
11	xaxx:xb|x|axaa|b::xx	10 786178787c3a78627c7c
16	b::bax|x|b|xa|a|baxxx	14 627c3a7c3a6261787c7c787c7c62
38	:|bx|axxaab:xxaaa|xb::	29 7c3a7c7c62787c7c6178786161627c3a78786161617c7c78627c3a7c3a
9	aba:bb:xb|aaa|	7 6162617c3a6262
15	:a:bxb|	10 7c3a617c3a6278627c7c
37	baa|x:xax:xbb|:a|a|	26 6261617c7c787c3a7861787c3a7862627c7c7c3a617c7c617c7c
34	xxx:ab|:|babba:aba:bx:xx|b	33 7878787c3a61627c7c7c3a7c7c62616262617c3a6162617c3a62787c3a78787c7c
20	:x|xa|bx:x||:||:	18 7c3a787c7c78617c7c62787c3a787c7c7c7c
9	a||b:bxa:bb:bxaaxb:	8 617c7c7c7c627c3a
33	a|aaba:x:b:|bbbxxaxx:ax:|b|:bx	31 617c7c616162617c3a787c3a627c3a7c7c62626278786178787c3a61787c3a
26	|:a:aa|:	13 7c7c7c3a617c3a61617c7c7c3a
21	:	2 7c3a
8	bbbxa:aa|abbx||x:xxb:	7 62626278617c3a
27	x|b:x:x::bb	16 787c7c627c3a787c3a787c3a7c3a6262
35	bab:x|ab|axb:b	18 6261627c3a787c7c61627c7c6178627c3a62
4	xxb|||x:aa:b|x:|:	3 787862
31	a::|:|aa|:aaxbb|a|bb:bxxaaaab|	29 617c3a7c3a7c7c7c3a7c7c61617c7c7c3a61617862627c7c617c7c6262
27	ba:xb|bbxx:x:	17 62617c3a78627c7c626278787c3a787c3a
17	:xx|||bb:|ba::x:x|	16 7c3a78787c7c7c7c7c7c62627c3a7c7c
28	:|:::	10 7c3a7c7c7c3a7c3a7c3a
8	a|x:aa|:aa	6 617c7c787c3a
5	bbx|b:x|xx:ab|:a	3 626278
25	bx|a|b|aaa|b|aax:|b:xb:	23 62787c7c617c7c627c7c6161617c7c627c7c6161787c3a
27	|a|abaxax|a|:b::::aa|x:x|a:a	25 7c7c617c7c6162617861787c7c617c7c7c3a627c3a7c3a7c3a
40	abxaa|x||b::xba:a	23 61627861617c7c787c7c7c7c627c3a7c3a7862617c3a61
8	|x::x:ba	7 7c7c787c3a7c3a
25	|xbxx|ax|	12 7c7c786278787c7c61787c7c
22	bbaxb|x|:xaaabb:aa|:x:|::b:bb:	20 62626178627c7c787c7c7c3a7861616162627c3a
40	b|xb:ab:b|:bb:a|a::x|x:x	35 627c7c78627c3a61627c3a627c7c7c3a62627c3a617c7c617c3a7c3a787c7c787c3a78
5	b:x|x:|aaa||a|ab|xbbxax	3 627c3a
18	aa:a||a:|xaxxabba:|:bbb|a	17 61617c3a617c7c7c7c617c3a7c7c786178
39	xa||x:x	10 78617c7c7c7c787c3a78
31	|xbx:	7 7c7c7862787c3a
30	:axbx|a|ab:bbbb:||axxb|:a	29 7c3a617862787c7c617c7c61627c3a626262627c3a7c7c7c7c61787862
7	|b||bx:|b||:||b|a::xb	5 7c7c627c7c
33	a|	3 617c7c
13	:|||||::baaba|bax	12 7c3a7c7c7c7c7c7c7c7c7c7c
39	ab::|bx|ax:|xaxbxxxx||	30 61627c3a7c3a7c7c62787c7c61787c3a7c7c78617862787878787c7c7c7c
38	bb|	4 62627c7c
23	||axa::baa|bxa|:b	21 7c7c7c7c6178617c3a7c3a6261617c7c6278617c7c
31	b:|	5 627c3a7c7c
36	:b|:xbbb||xxa:|bx|bab|a|xx	34 7c3a627c7c7c3a786262627c7c7c7c7878617c3a7c7c62787c7c6261627c7c617c7c
39	|b:||ab|b:b	17 7c7c627c3a7c7c7c7c61627c7c627c3a62
25	bx||xbbxax:|:bb|b|xxbb||x::	23 62787c7c7c7c7862627861787c3a7c7c7c3a62627c7c62
12	:aaxaba:a||::xaa	10 7c3a6161786162617c3a
36	|b:a::xbaxaxx:x:|a	25 7c7c627c3a617c3a7c3a786261786178787c3a787c3a7c7c61
3	:::x|bxb:||xx:bx|a:x:::xxb:a	2 7c3a
26	||x:b	8 7c7c7c7c787c3a62
32	x:||bx:bbxb::x|a|:b:b:ab|	30 787c3a7c7c7c7c62787c3a626278627c3a7c3a787c7c617c7c7c3a627c3a
26	|x:xxb:xax	13 7c7c787c3a7878627c3a786178
6	xx:xb|aab	4 78787c3a
32	bxbx|::||xbbx|a|b|x|	29 627862787c7c7c3a7c3a7c7c7c7c786262787c7c617c7c627c7c787c7c
34	xb||:|a:|xbbbxa|x	24 78627c7c7c7c7c3a7c7c617c3a7c7c7862626278617c7c78
12	|bb:::::::b:xxa|:	10 7c7c62627c3a7c3a7c3a
3	:xb:xb	2 7c3a
32	||bax:|xaaxxx::bb	23 7c7c7c7c6261787c3a7c7c7861617878787c3a7c3a6262
17	:	2 7c3a
7	axaabaa:b|a|||aab:bb||xxb:a	6 617861616261
4	xxb	3 787862
37	a::x|ab:	12 617c3a7c3a787c7c61627c3a
13	bax|a:x|b|b:bxab:x|:babx:bb:a	11 6261787c7c617c3a787c7c
36	:b|a|abxa|ba:|bxaa|aba	29 7c3a627c7c617c7c616278617c7c62617c3a7c7c627861617c7c616261
12	|a	3 7c7c61
14	axxax:bbx:ax	12 61787861787c3a6262787c3a
8	|bax|xxabbxb:a::baa|xba|a|x	7 7c7c6261787c7c
27	|a:aaxx:|a|b::||:b|a:a||b|baax	25 7c7c617c3a616178787c3a7c7c617c7c627c3a7c3a7c7c7c7c
17	b::xbxaba:abbbxa|ab	16 627c3a7c3a7862786162617c3a616262
5	aa:x	4 61617c3a
36	axbb|:b:x|:x|x|:xb	26 617862627c7c7c3a627c3a787c7c7c3a787c7c787c7c7c3a7862
13	ab:|bax|	11 61627c3a7c7c6261787c7c
17		0 
9	xa:|	6 78617c3a7c7c
39	aa|x:bx:|b:|ba::b::||xxxxax	38 61617c7c787c3a62787c3a7c7c627c3a7c7c62617c3a7c3a627c3a7c3a7c7c7c7c7878787861
28	|axb||b	10 7c7c6178627c7c7c7c62
15	bbbax||x||x|ax	14 62626261787c7c7c7c787c7c7c7c
29	aa:b:|a|||||xbbx|:	28 61617c3a627c3a7c7c617c7c7c7c7c7c7c7c7c7c786262787c7c7c3a
14	xax:a:|ba|xa:|ax|bbb:b:	12 7861787c3a617c3a7c7c6261
24	:x::xb::|b:xbxx|:axx:|aba|bx	22 7c3a787c3a7c3a78627c3a7c3a7c7c627c3a78627878
5	axaa:ax:b|	4 61786161
18	bbaxbx:x:|x	14 6262617862787c3a787c3a7c7c78
22	xxx	3 787878
17	:xxbxxa|xa:|b	16 7c3a7878627878617c7c78617c3a7c7c
11	|:bx::xx|x::x:::a::|b:|:x:x|bb	10 7c7c7c3a62787c3a7c3a
38	b||xaaxbabb	13 627c7c7c7c7861617862616262
6	bb:bxx|	4 62627c3a
29	:a|:|aba:xxbbbbx|:	25 7c3a617c7c7c3a7c7c6162617c3a787862626262787c7c7c3a
9	aa:ab:	8 61617c3a61627c3a
8		0 
24	|a|ab|ba|axxa||||bb:|aab	23 7c7c617c7c61627c7c62617c7c617878617c7c7c7c7c7c
24	x|a:a:|b||a:|:b	23 787c7c617c3a617c3a7c7c627c7c7c7c617c3a7c7c7c3a
5	::abbb::ax:|aa:aax:|axa|:b|	4 7c3a7c3a
25	|b|x|b::x|ax|ax:xa:x	24 7c7c627c7c787c7c627c3a7c3a787c7c61787c7c61787c3a
17	a:b:abbaaaxaxb:||b|aaxb	16 617c3a627c3a61626261616178617862
19	x	1 78
29	b:x||xa:x|a|||:aa:b:	28 627c3a787c7c7c7c78617c3a787c7c617c7c7c7c7c7c7c3a61617c3a
26	a|x:axbba	11 617c7c787c3a6178626261
3		0 
5	xb:	4 78627c3a
38	xxb:|b:b:|x|b|xxaax:x:	31 7878627c3a7c7c627c3a627c3a7c7c787c7c627c7c78786161787c3a787c3a
7	xaa:b:xaab	5 7861617c3a
33	xxbaa|x||ba:a:baxb	23 78786261617c7c787c7c7c7c62617c3a617c3a62617862
27		0 
22	|	2 7c7c
9	:|x:a:|	7 7c3a7c7c787c3a
34	:aa||xa|a|:	17 7c3a61617c7c7c7c78617c7c617c7c7c3a
21	:xbx:::aa	13 7c3a7862787c3a7c3a7c3a6161
28	xb:ax|xbaaa:axx:x:xx::a:|x||b	27 78627c3a61787c7c78626161617c3a6178787c3a787c3a78787c3a
3	:aa:x||xb|ab:abxaa:aa:|b:x|ax	2 7c3a
27	bxxbb|ba	9 62787862627c7c6261
24	|xa||a||bb:x|x:baa::xx:	23 7c7c78617c7c7c7c617c7c7c7c62627c3a787c7c787c3a
4		0 
12	baa|	5 6261617c7c
35		0 
15	||	4 7c7c7c7c
33		0 
3	:xx||ba|xb:b:axbxx:	2 7c3a
7	x:xx||b||x:bxb:a|baa|xx|baxbxb	5 787c3a7878
27	b|ax|ab::ab:x	18 627c7c61787c7c61627c3a7c3a61627c3a78
20	ax|:bba:::|baa:bbbb:bxxbxaxb|:	19 61787c7c7c3a6262617c3a7c3a7c3a7c7c6261
6	a|xa	5 617c7c7861
16	ba::::	10 62617c3a7c3a7c3a7c3a
3	::b:x:x::bxbbbx|:||::::xbbx	2 7c3a
7	bb:xb:|xabb:bb|:b:x:x:bxx	6 62627c3a7862
36	:x|x|:ababbxx|xaa:a:	27 7c3a787c7c787c7c7c3a616261626278787c7c7861617c3a617c3a
37	:|x::|:	13 7c3a7c7c787c3a7c3a7c7c7c3a
5	bxbx|babx	4 62786278
6		0 
28	bba||a|||:xb|	20 6262617c7c7c7c617c7c7c7c7c7c7c3a78627c7c
17	:|a|a	8 7c3a7c7c617c7c61
23	:xxaba|:ab|ba|x|xa|a:b:|a	22 7c3a78786162617c7c7c3a61627c7c62617c7c787c7c
38	a|xx:ab:baa:a|xxbabax|bbx|abbb	37 617c7c78787c3a61627c3a6261617c3a617c7c787862616261787c7c6262787c7c61626262
38	|axx:xbax:aa:|xaaaab|	27 7c7c6178787c3a786261787c3a61617c3a7c7c7861616161627c7c
38	xaaa	4 78616161
38	a|b	4 617c7c62
30	::x||x|a::aaaax:	24 7c3a7c3a787c7c7c7c787c7c617c3a7c3a61616161787c3a
34	xxb|x:bb	10 7878627c7c787c3a6262
34	xaa||a|:ab|||x|b	24 7861617c7c7c7c617c7c7c3a61627c7c7c7c7c7c787c7c62
5	a|ba:x:bx	3 617c7c
24	:b|b|a|::xx|xxa:ba:b|ba:b:xx	22 7c3a627c7c627c7c617c7c7c3a7c3a78787c7c787861
20	bba:|aa:aax|aabxx|ba|a:|x|a	19 6262617c3a7c7c61617c3a6161787c7c616162
13	a|b:xbx	9 617c7c627c3a786278
12	||	4 7c7c7c7c
4	::||a|||:	2 7c3a
32	|a|axaxbb	11 7c7c617c7c617861786262
28	x|:ax|xaax:aa::x:b|:bb:b|axa|a	27 787c7c7c3a61787c7c786161787c3a61617c3a7c3a787c3a627c7c
32	|bba|ab::bbxxabaxxxa|bb|ba:||a	30 7c7c6262617c7c61627c3a7c3a62627878616261787878617c7c62627c7c
24		0 
29	a:xbabax|	11 617c3a7862616261787c7c
7	x|ab|b	5 787c7c6162
14	a|x:baxxab||:xb	12 617c7c787c3a626178786162
28	bb|x||a:a|b:|x:	23 62627c7c787c7c7c7c617c3a617c7c627c3a7c7c787c3a
33	bxaba::b|xbb:bxa|aab||:|x	31 62786162617c3a7c3a627c7c7862627c3a6278617c7c6161627c7c7c7c7c3a
9	bbxbbbb|:||	7 62627862626262
12	:||ax|:	10 7c3a7c7c7c7c61787c7c
23	b:|b::|x|axb	18 627c3a7c7c627c3a7c3a7c7c787c7c617862
37	|:x:xaxb::x	16 7c7c7c3a787c3a786178627c3a7c3a78
24	x|||x	8 787c7c7c7c7c7c78
11	a|ba|:b||xa|xb:::a|||::b:aabx|	9 617c7c62617c7c7c3a
5	x||xa||aa|x|bax|x	3 787c7c
40	|ax::xax:|abxaba	21 7c7c61787c3a7c3a7861787c3a7c7c616278616261
35	xx:b:bb|ax|aa:|b|x|	27 78787c3a627c3a62627c7c61787c7c61617c3a7c7c627c7c787c7c
39	:abx:xax:b:baax|	21 7c3a6162787c3a7861787c3a627c3a626161787c7c
28	x|:|b:abx:xxb|::bxaa|xx|:	27 787c7c7c3a7c7c627c3a6162787c3a7878627c7c7c3a7c3a627861
16	ax|x:|a	10 61787c7c787c3a7c7c61
27	x::bb|b|:|xxxb	20 787c3a7c3a62627c7c627c7c7c3a7c7c78787862
28	:|x:|bba:xba||ax:|:	27 7c3a7c7c787c3a7c7c6262617c3a7862617c7c7c7c61787c3a7c7c
32	aba:|:|	11 6162617c3a7c7c7c3a7c7c
25	xx||:bxb	11 78787c7c7c7c7c3a627862
4	xb||b	2 7862
29	|bxx:xbax|||axbxx:||x:a|aa|	28 7c7c6278787c3a786261787c7c7c7c7c7c61786278787c3a7c7c7c7c
36	xa:x:b|axaa:||a|b|:|x	31 78617c3a787c3a627c7c617861617c3a7c7c7c7c617c7c627c7c7c3a7c7c78
5	x|xa:||	3 787c7c
20	a||xx||baaaa|x|a:|x|::|b:|	18 617c7c7c7c78787c7c7c7c62616161617c7c
12	ab||x|bxx|xax:b:|||ax:::	11 61627c7c7c7c787c7c6278
22	|::b||aa:ab:|x:	21 7c7c7c3a7c3a627c7c7c7c61617c3a61627c3a7c7c
38	xbxabaxab:aaaabbb|:bax::bbb	32 7862786162617861627c3a616161616262627c7c7c3a6261787c3a7c3a626262
13	xb:|xb|b:bb|||b|:xb:b|b:|	11 78627c3a7c7c78627c7c62
14	|:||:	10 7c7c7c3a7c7c7c7c7c3a
24	ax:a	5 61787c3a61
33	bx::|:a|:b:	18 62787c3a7c3a7c7c7c3a617c7c7c3a627c3a
20	|::|xxxbxbb:bb:xbbx:::ba||baa	19 7c7c7c3a7c3a7c7c787878627862627c3a6262
25	|abxxb|:|xbx|:x|x::|xb|ab|x	23 7c7c61627878627c7c7c3a7c7c7862787c7c7c3a787c7c
4	|:|b:bbaxxxbbxa|ab|x:a	2 7c7c
26	::bb:	8 7c3a7c3a62627c3a
26	x|:|	7 787c7c7c3a7c7c
9	a|::aa:b:b::a|:ba|	7 617c7c7c3a7c3a
26	aax|||bb|aax|b|x:|aax|:b|xx	24 6161787c7c7c7c7c7c62627c7c6161787c7c627c7c787c3a
11	:|bbaaxxbx:|xb	10 7c3a7c7c626261617878
4	|abb|:x|baaxa:bbxbx:xa|x	2 7c7c
24	b:||babxxaaa||axb|::|abxb|a	22 627c3a7c7c7c7c62616278786161617c7c7c7c617862
39	||abab|xbxxb:||xbb:xbbbx	31 7c7c7c7c616261627c7c78627878627c3a7c7c7c7c7862627c3a7862626278
12	b:|a:bxabab|xa|xa:	11 627c3a7c7c617c3a627861
18	xxa:abbb::|:xbax:||xb:bb:bxb:x	17 7878617c3a616262627c3a7c3a7c7c7c3a
31	ax|a|:|xx|x|b|xa	23 61787c7c617c7c7c3a7c7c78787c7c787c7c627c7c7861
40	a|a:|xb|a::bba	20 617c7c617c3a7c7c78627c7c617c3a7c3a626261
15	aa|bbb|ba|:b:xabxb|xabx:x	13 61617c7c6262627c7c62617c7c
6		0 
39	aaab|x:b:aba	15 616161627c7c787c3a627c3a616261
27	axx:|b:|:axb|b||b||	25 6178787c3a7c7c627c3a7c7c7c3a6178627c7c627c7c7c7c62
23	ba::x:bb|:::b|a::|	22 62617c3a7c3a787c3a62627c7c7c3a7c3a7c3a627c7c
27	|x:x|:b|baxbbx:bx|:||:	25 7c7c787c3a787c7c7c3a627c7c6261786262787c3a62787c7c
12	bxxbb|a||x:	10 62787862627c7c617c7c
16	bxba|b	7 627862617c7c62
40	:xb:b|:baa:ba:::|:||:b:|:b|:b|	39 7c3a78627c3a627c7c7c3a6261617c3a62617c3a7c3a7c3a7c7c7c3a7c7c7c7c7c3a627c3a7c7c
12	||||:|bx	10 7c7c7c7c7c7c7c7c7c3a
25	axaabbxb|a|a:xbaxa	21 61786161626278627c7c617c7c617c3a7862617861
33	b|bx:x	8 627c7c62787c3a78
10	bbxax:babax|b|x|xaabaxx:xa:	9 62627861787c3a6261
33	:|x:::a:||::|bxax|bxxba|b	32 7c3a7c7c787c3a7c3a7c3a617c3a7c7c7c7c7c3a7c3a7c7c627861787c7c6278
7	xa|axa:x::x|axaxx::|xaa:a	6 78617c7c6178
30	|b|b:b|:a|a|:xbbxxxb||axbba	28 7c7c627c7c627c3a627c7c7c3a617c7c617c7c7c3a78626278787862
11	xa|:aaa|	9 78617c7c7c3a616161
11	x|a::xbax::|b	10 787c7c617c3a7c3a7862
9	:abx:x|bb::ax:bxa:|:bxab:xaba:	7 7c3a6162787c3a
29	|x:||xx|	13 7c7c787c3a7c7c7c7c78787c7c
10	xbb|b:|bx:xbx:aaba|a|x:x:baa	8 7862627c7c627c3a
24	||aaaaa|bb:b|babbxba|xbx:x:bx:	23 7c7c7c7c61616161617c7c62627c3a627c7c6261626278
21	a:abb|::xaab:bba	20 617c3a6162627c7c7c3a7c3a786161627c3a6262
23	|:abxxa|aaxb|bbxxxx|	22 7c7c7c3a61627878617c7c616178627c7c6262787878
28	xxa::x|:xx:bxa::baa:aba|ba	26 7878617c3a7c3a787c7c7c3a78787c3a6278617c3a7c3a626161
6	abbax:bxx||abxba	5 6162626178
27	bb:aa|:bb|:|::|bx:|:abb|bx::xb	26 62627c3a61617c7c7c3a62627c7c7c3a7c7c7c3a7c3a7c7c6278
19	b:|ax:x::a|:b:x:b||	17 627c3a7c7c61787c3a787c3a7c3a617c7c
16	:	2 7c3a
11	b:ax:bxb:ab|a|xx|bb|bxab	10 627c3a61787c3a627862
21	|a|a::|:|	16 7c7c617c7c617c3a7c3a7c7c7c3a7c7c
38	:x|bxbabx:a:x|ba:::bbaab|b|bx	37 7c3a787c7c6278626162787c3a617c3a787c7c62617c3a7c3a7c3a62626161627c7c627c7c
13	:b:x:axxxb:ab:	12 7c3a627c3a787c3a61787878
31	::ab	6 7c3a7c3a6162
28	b|xb:|b	10 627c7c78627c3a7c7c62
28	|a:bxbaaa:bx	15 7c7c617c3a6278626161617c3a6278
23	ab	2 6162
8	a::|b|x:aabxax	7 617c3a7c3a7c7c
25	:b::aax:b|bba|xxa:	23 7c3a627c3a7c3a6161787c3a627c7c6262617c7c787861
34	b:xbb:	8 627c3a7862627c3a
37	x:|bb|xa|:	15 787c3a7c7c62627c7c78617c7c7c3a
23	axax:||bb|xa:|bax:	22 617861787c3a7c7c7c7c62627c7c78617c3a7c7c6261
27	x||xba	8 787c7c7c7c786261
19	|:|xx:||xxa||aa|xx||	17 7c7c7c3a7c7c78787c3a7c7c7c7c787861
8	|b:ab|a:ba|x:::a|	7 7c7c627c3a6162
38	|:|a:a|b:xxaxa:a::bx|	31 7c7c7c3a7c7c617c3a617c7c627c3a78786178617c3a617c3a7c3a62787c7c
24	b|:bx:aa:xaxxb	18 627c7c7c3a62787c3a61617c3a7861787862
9	xx|ax|aa|x||xa:baxxx||xabx	8 78787c7c61787c7c
20	a:aabxba|xaabbx::|x::xa:	19 617c3a6161627862617c7c7861616262787c3a
36	xx|xx||:aaax|a:|aax	26 78787c7c78787c7c7c7c7c3a616161787c7c617c3a7c7c616178
10	:|a:baa:|x|b|x	9 7c3a7c7c617c3a6261
6	bba:bbaaax||x||||::x:	5 6262617c3a
39	bb	2 6262
30	:x::ab|xbaba|ab	20 7c3a787c3a7c3a61627c7c78626162617c7c6162
32	x||bbbax|abxx:axba:x|ba	29 787c7c7c7c62626261787c7c616278787c3a617862617c3a787c7c6261
23	|axxx:|b	11 7c7c617878787c3a7c7c62
15		0 
32	|axb||::b|	16 7c7c6178627c7c7c7c7c3a7c3a627c7c
18	|	2 7c7c
40	::xax|xa::xb||||baxaax	31 7c3a7c3a7861787c7c78617c3a7c3a78627c7c7c7c7c7c7c7c626178616178
26	x||x|bb:|a|xaa	20 787c7c7c7c787c7c62627c3a7c7c617c7c786161
17	xa	2 7861
28	:aabx:x:	11 7c3a616162787c3a787c3a
21	:|a:|b:|x||xxx|x:|ba:xxaa	19 7c3a7c7c617c3a7c7c627c3a7c7c787c7c7c7c
29	x:|b|x:	11 787c3a7c7c627c7c787c3a
21	b|a||xbxb:b::a	19 627c7c617c7c7c7c786278627c3a627c3a7c3a
17	b:xxba::xa|bxaab::bbbba:aa	15 627c3a787862617c3a7c3a78617c7c
16	aa|a|a|:ax|abxbb	14 61617c7c617c7c617c7c7c3a6178
21	xa	2 7861
10	:ax:a|xa:b:x:axbxaxxaaax|	9 7c3a61787c3a617c7c
5	b:b|a:b:a|	3 627c3a
40	a|xbbx|:b::b:::|x|::|b	35 617c7c786262787c7c7c3a627c3a7c3a627c3a7c3a7c3a7c7c787c7c7c3a7c3a7c7c62
32	b:xaabb|a:xa:|	19 627c3a78616162627c7c617c3a78617c3a7c7c
38	|xa|bba|xa::ab	19 7c7c78617c7c6262617c7c78617c3a7c3a6162
27	x|aa:|::xb:xxabba||a|axxx|b	25 787c7c61617c3a7c7c7c3a7c3a78627c3a7878616262617c7c
4	xb	2 7862
24	bxbaa||aa::|ba|a|a|x|bb:	22 62786261617c7c7c7c61617c3a7c3a7c7c62617c7c61
13	x:xaxa|b::ababx:a|xxaa:|x|b	12 787c3a786178617c7c627c3a
13	||a|x:a|xa|abaab:|xax	11 7c7c7c7c617c7c787c3a61
37	xxx:xax:a|x:x|xa|a|:axab||	36 7878787c3a7861787c3a617c7c787c3a787c7c78617c7c617c7c7c3a617861627c7c7c7c
3	bxb:baxb::xxb|:axx:b|x	2 6278
16	bb:a:bb:a|axaba:|a|||x:xa|	14 62627c3a617c3a62627c3a617c7c
26	x|bxabb|b|:|a|aab::ax|bxa	25 787c7c62786162627c7c627c7c7c3a7c7c617c7c6161627c3a
36	:	2 7c3a
12	x|aaa|b||:xxxaxx:axba	11 787c7c6161617c7c627c7c
32	bx:bxbxxxa|aa:|b	20 62787c3a627862787878617c7c61617c3a7c7c62
37	x|xbbaxbaab:aaxx||ba	24 787c7c7862626178626161627c3a616178787c7c7c7c6261
33	xxa:ax|b:bx:bb|a:|bx|:b|:bb:a|	31 7878617c3a61787c7c627c3a62787c3a62627c7c617c3a7c7c62787c7c7c3a
35	a|::xbab|:b|baa||:	27 617c7c7c3a7c3a786261627c7c7c3a627c7c6261617c7c7c7c7c3a
14		0 
26	a:ba	5 617c3a6261
37	:a:a:x::a	14 7c3a617c3a617c3a787c3a7c3a61
35	ax|::xx|:xaa	17 61787c7c7c3a7c3a78787c7c7c3a786161
15	xbx|x::xxb:ba||bb|aab	13 7862787c7c787c3a7c3a787862
10	xbx|xx::ax:bbb|:|:b:a:|x|xx	9 7862787c7c78787c3a
21	baaba:b|||xbbaax|a:x::aaa	20 62616162617c3a627c7c7c7c7c7c786262616178
28	|x	3 7c7c78
11	:|xx|:b:b:axxab|aba	10 7c3a7c7c78787c7c7c3a
14	:|:bxbaa	11 7c3a7c7c7c3a6278626161
34	bxxb	4 62787862
6	ax|xbab|||aaa|a::|xb:a:	4 61787c7c
21	:a::xbbxxxba:|:|xabx|xab:b	19 7c3a617c3a7c3a78626278787862617c3a7c7c
14	:xa|x:babax::aab|baab|:x:b|:	13 7c3a78617c7c787c3a62616261
11	x:	3 787c3a
6	bxaab:bxb:a:aa|:::|xx	5 6278616162
8	:	2 7c3a
39	:xxx	5 7c3a787878
32	|a	3 7c7c61
35	::a:xb:b:bb|a|:b:a|a|:b|:	34 7c3a7c3a617c3a78627c3a627c3a62627c7c617c7c7c3a627c3a617c7c617c7c7c3a
34	x|axaxaa:a|b:abb:bb|x:b|||	32 787c7c6178617861617c3a617c7c627c3a6162627c3a62627c7c787c3a627c7c
21	xxb:||||x|x:baabaax|b||	19 7878627c3a7c7c7c7c7c7c7c7c787c7c787c3a
30	::bxxbxba||bx|	19 7c3a7c3a627878627862617c7c7c7c62787c7c
12	::a:x|::xa:xx:	10 7c3a7c3a617c3a787c7c
40	|a|:b|ba|:ax:b|abbxxb:aab|b	37 7c7c617c7c7c3a627c7c62617c7c7c3a61787c3a627c7c6162627878627c3a6161627c7c62
29	:bx|a::xab:|x	19 7c3a62787c7c617c3a7c3a7861627c3a7c7c78
19	::|axaxb|axb:|b	18 7c3a7c3a7c7c61786178627c7c6178627c3a
27	b:bbx|aaa|axa:axxbx:|b::b:a|	25 627c3a6262787c7c6161617c7c6178617c3a61787862787c3a
25	b:|a|:xb|xxb|a:|b|a	24 627c3a7c7c617c7c7c3a78627c7c7878627c7c617c3a7c7c
31	::xx||a|x:b:bbbx|a:bxb|b:ax	30 7c3a7c3a78787c7c7c7c617c7c787c3a627c3a626262787c7c617c3a6278
39	:xx|abb:|x:x:	19 7c3a78787c7c6162627c3a7c7c787c3a787c3a
8	|xxx|xbax||aa:|b:bb|b	7 7c7c7878787c7c
19	x|bbbbx::bax||a:xb::x|x|:|x	17 787c7c62626262787c3a7c3a6261787c7c
19	x:bbab|axa:||:xbx|xxxbxx|:a	18 787c3a626261627c7c6178617c3a7c7c7c7c
26	b|a	4 627c7c61
26	::x:x|::|::xxa|:bb|:	25 7c3a7c3a787c3a787c7c7c3a7c3a7c7c7c3a7c3a7878617c7c
27	b:a|:|b||x::bba:a:xa|x	25 627c3a617c7c7c3a7c7c627c7c7c7c787c3a7c3a6262617c3a
37	x:||bb|:b:bbx:x|:x|ab	31 787c3a7c7c7c7c62627c7c7c3a627c3a6262787c3a787c7c7c3a787c7c6162
25	|:b||x|a|::xaaxb:b|abax:	24 7c7c7c3a627c7c7c7c787c7c617c7c7c3a7c3a7861617862
13	|:aabax|xbx||xb:|a	11 7c7c7c3a61616261787c7c
13	|x:abxa||babb	11 7c7c787c3a616278617c7c
31	|||x	7 7c7c7c7c7c7c78
25	axx|a	6 6178787c7c61
18	b|bb||:x|:	16 627c7c62627c7c7c7c7c3a787c7c7c3a
7	:	2 7c3a
17	|b::x|:x|a	15 7c7c627c3a7c3a787c7c7c3a787c7c
11	:bab:aabba:b|a||:|:a:a|axa	10 7c3a6261627c3a616162
21		0 
30	x|||xx|bxbbb|x:b:|b	27 787c7c7c7c7c7c78787c7c62786262627c7c787c3a627c3a7c7c62
40	:ab|b	7 7c3a61627c7c62
4	|xb:|b:bxa||xx|:	2 7c7c
18	:|||b|axab||xaaax::	17 7c3a7c7c7c7c7c7c627c7c617861627c7c
14	:axa|:|:|ab:|a:a|:b:|baa|:xb|	13 7c3a6178617c7c7c3a7c7c7c3a
9	ax|bx	6 61787c7c6278
10		0 
40	|:x|b||:abx:xxx:::::a	33 7c7c7c3a787c7c627c7c7c7c7c3a6162787c3a7878787c3a7c3a7c3a7c3a7c3a61
26	aaa|a|bab||xbxx|xa|:|a|a:x:bab	25 6161617c7c617c7c6261627c7c7c7c786278787c7c78617c7c
17	||bxa|xxxbaxaabbab:b:|ba||:|xb	16 7c7c7c7c6278617c7c78787862617861
18	bb::	6 62627c3a7c3a
4	xb||abbxa|xxaaaxxbxba|bxxb::::	2 7862
33	xb|:a:::|:ab:bx:|xbxba::x|b|x:	32 78627c7c7c3a617c3a7c3a7c3a7c7c7c3a61627c3a62787c3a7c7c7862786261
19	|baaabax|||x|	18 7c7c626161616261787c7c7c7c7c7c787c7c
23	x:|ax|x	10 787c3a7c7c61787c7c78
4	|:a:bbabb:|xaxa||:|:bb||bxa::b	2 7c7c
16	bbaxxb	6 626261787862
35	abbx	4 61626278
15	axabbbbax:x	12 6178616262626261787c3a78
10	ba|:|xaaa:a|b::|:bb|ax:x|x|b|x	8 62617c7c7c3a7c7c
30	||ab|:aa|||ba|xba:xxx||bx:abx:	29 7c7c7c7c61627c7c7c3a61617c7c7c7c7c7c62617c7c7862617c3a7878
3	:xbbabax	2 7c3a
29	x	1 78
15	xa|ab:b|axx||:	14 78617c7c61627c3a627c7c617878
16	|aa:::|axx:xa|xba|:b:	15 7c7c61617c3a7c3a7c3a7c7c617878
8	:a::||:a|:xb:ba	7 7c3a617c3a7c3a
9	a:|a|b|a:abxb::|bab	8 617c3a7c7c617c7c
10	b:aab|bx|a|abbxab||a|x:|:ax	8 627c3a6161627c7c
17	:x|:|a:::|:a|ab|:ax|ab	16 7c3a787c7c7c3a7c7c617c3a7c3a7c3a
22	|ax|:bxb	11 7c7c61787c7c7c3a627862
22		0 
26	:aaa|x:ba:|::a|axx|:aab||	25 7c3a6161617c7c787c3a62617c3a7c7c7c3a7c3a617c7c6178
30	b	1 62
25	xax:::a::ab	16 7861787c3a7c3a7c3a617c3a7c3a6162
33	b	1 62
15	:|:b|a:a:a:|:|bbax|babx	13 7c3a7c7c7c3a627c7c617c3a61
36	b|:	5 627c7c7c3a
30	bbba||bbx:|x||b||x|bab|abb|	28 626262617c7c7c7c6262787c3a7c7c787c7c7c7c627c7c7c7c787c7c
4	||::	2 7c7c
32	bbxxa:|x|	12 62627878617c3a7c7c787c7c
18	|xx|:::|||::x:a	16 7c7c78787c7c7c3a7c3a7c3a7c7c7c7c
5	|bbb:xx|bbx:xx|:xab:||||::	4 7c7c6262
29	bb:a:xbaxb|:x:||xxxxbx	28 62627c3a617c3a78626178627c7c7c3a787c3a7c7c7c7c7878787862
34	|aab||a|b|a|bb:|x:x|:::||bbax	32 7c7c6161627c7c7c7c617c7c627c7c617c7c62627c3a7c7c787c3a787c7c7c3a
13	b:||x:|x|::bxb|:a|xbbbabb	12 627c3a7c7c7c7c787c3a7c7c
29	:a|:bb:xab:xa:a|:x:ab||:x:a	28 7c3a617c7c7c3a62627c3a7861627c3a78617c3a617c7c7c3a787c3a
17	:||:::b|	15 7c3a7c7c7c7c7c3a7c3a7c3a627c7c
7	:aab|xbb:|xx||:|xaaxx:bbaa:b	5 7c3a616162
4	b|	3 627c7c
29	:ax|x:a|xxx|xbabx|:aa:|abxax	28 7c3a61787c7c787c3a617c7c7878787c7c78626162787c7c7c3a6161
25	:xab:||:|ax|||:|a:ababa	23 7c3a7861627c3a7c7c7c7c7c3a7c7c61787c7c7c7c7c7c
25	baxbxx|abxxb||bba||bax|b::|::	24 6261786278787c7c61627878627c7c7c7c6262617c7c7c7c
22	|b:x||bax::aax:xb|bb|a	20 7c7c627c3a787c7c7c7c6261787c3a7c3a616178
23	a:a:x|xb:xba:||abbxbax:|aaaa	22 617c3a617c3a787c7c78627c3a7862617c3a7c7c7c7c
27	|||::xb:xxx	17 7c7c7c7c7c7c7c3a7c3a78627c3a787878
12	:::|:|baxba:abx	10 7c3a7c3a7c3a7c7c7c3a
29	ba:|:||x|:x:|	22 62617c3a7c7c7c3a7c7c7c7c787c7c7c3a787c3a7c7c
31	|:|b:|b|bbxbbxx	21 7c7c7c3a7c7c627c3a7c7c627c7c62627862627878
27	:||:baab:xx:bx:xabxa:a|b:a:b	26 7c3a7c7c7c7c7c3a626161627c3a78787c3a62787c3a78616278
13	a:|b|b|:||ba||aabx|:ba	11 617c3a7c7c627c7c627c7c
33		0 
18	ba||a|xb|xxx|a|:b	16 62617c7c7c7c617c7c78627c7c787878
24	bx	2 6278
26	b||axb	8 627c7c7c7c617862
12	a:a:a	7 617c3a617c3a61
27	xbx:bb:aa|a	14 7862787c3a62627c3a61617c7c61
8	|:a:xaa|a|:axb:|a|bb::a:b:a	7 7c7c7c3a617c3a
4	:a|:ax::xbxb|::|xa	2 7c3a
6	xxbabaa|b:a:x::x|:||:	5 7878626162
25	x:ax:bxx	10 787c3a61787c3a627878
7	xxax|a:xx:b|x|xx:|x:|::bx|:	6 787861787c7c
36	::ab:ba|ab:|::x|xa:xx|:xx|	35 7c3a7c3a61627c3a62617c7c61627c3a7c7c7c3a7c3a787c7c78617c3a78787c7c7c3a
26	b:ax	5 627c3a6178
29	:aabbaa|aa	12 7c3a6161626261617c7c6161
28	bb:bb:bbaa	12 62627c3a62627c3a62626161
26	b|bb::|axa:xx:bxab:|:|:a|	24 627c7c62627c3a7c3a7c7c6178617c3a78787c3a62786162
25	xxbaaxbx	8 7878626161786278
15	::a:||xxaa	14 7c3a7c3a617c3a7c7c7c7c787861
9	|bab:b|	7 7c7c6261627c3a
38	bb|a|axa|x:|a:aa||bb|:xx:abbx:	36 62627c7c617c7c6178617c7c787c3a7c7c617c3a61617c7c7c7c62627c7c7c3a78787c3a
29		0 
19	x	1 78
12	b|::bbax|xb:x|ba:ba|xaxx	11 627c7c7c3a7c3a62626178
27	|aax:a::a||xaxabxbaxbb:	26 7c7c6161787c3a617c3a7c3a617c7c7c7c786178616278626178
29	baa:x	6 6261617c3a78
23	a|a|ax|b|::a:ax||:|:x	22 617c7c617c7c61787c7c627c7c7c3a7c3a617c3a6178
36	b|ax:|bxb|:||:x	23 627c7c61787c3a7c7c6278627c7c7c3a7c7c7c7c7c3a78
21	::ba::b:|:a||xx|	20 7c3a7c3a62617c3a7c3a627c3a7c7c7c3a617c7c
35	aa|ba::b:x:|:abxx|bb:bx	32 61617c7c62617c3a7c3a627c3a787c3a7c7c7c3a616278787c7c62627c3a6278
29	||xb:a|:xbbba|b:b|b	27 7c7c7c7c78627c3a617c7c7c3a78626262617c7c627c3a627c7c62
38	aa	2 6161
31	|a|:|ax:b|ab|xaa||:aa	29 7c7c617c7c7c3a7c7c61787c3a627c7c61627c7c7861617c7c7c7c7c3a
37	b|x::aab|ba|||ab:b|x|ax|||bx|	35 627c7c787c3a7c3a6161627c7c62617c7c7c7c7c7c61627c3a627c7c787c7c61787c7c
12	bxaa|:bx|:b|||	10 627861617c7c7c3a6278
13	aabb::a|a|||a|bax|bbaxb:|x:	11 616162627c3a7c3a617c7c
24	:aab	5 7c3a616162
26	|ab:bb|	10 7c7c61627c3a62627c7c
32	:ba|xbx|a::x:x:ax::ax:	30 7c3a62617c7c7862787c7c617c3a7c3a787c3a787c3a61787c3a7c3a6178
12	bxb:xx	7 6278627c3a7878
12	baaa:b:|:::a:aa:|:bbbx|baxb	11 626161617c3a627c3a7c7c
19	x	1 78
25	|x:ba|ab|:a:x:aa:|	23 7c7c787c3a62617c7c61627c7c7c3a617c3a787c3a6161
20	x||:b|ba:ab:ax|x:::a|x|x:|:b|	18 787c7c7c7c7c3a627c7c62617c3a61627c3a
30	xxba	4 78786261
31	b|:ax||ax|bba|b|x	24 627c7c7c3a61787c7c7c7c61787c7c6262617c7c627c7c78
18	axabb|xbbb|bax|:xbxa|xb|x:xaax	16 61786162627c7c786262627c7c626178
21	ab|bxa:|abb:::xab||	20 61627c7c6278617c3a7c7c6162627c3a7c3a7c3a
16	:|:a:xa:b:|x:a|:x|a:ba	14 7c3a7c7c7c3a617c3a78617c3a62
23	:x	3 7c3a78
22	ba|:bab|:|x|bb|b	20 62617c7c7c3a6261627c7c7c3a7c7c787c7c6262
15	a|:b|bxa::xb::aaa:xbb|axx	13 617c7c7c3a627c7c6278617c3a
35	:bbaa:bb::||b	19 7c3a626261617c3a62627c3a7c3a7c7c7c7c62
14	a	1 61
32	::xx|xab:a:xx:ax	22 7c3a7c3a78787c7c7861627c3a617c3a78787c3a6178
8	||:a|abxb:x	6 7c7c7c7c7c3a
35	|bbbx||ba::bxx:baa:||xab::axa	33 7c7c626262787c7c7c7c62617c3a7c3a6278787c3a6261617c3a7c7c7c7c786162
36	xbx::x:ax:|:xx:a|:|bax|a:::	34 7862787c3a7c3a787c3a61787c3a7c7c7c3a78787c3a617c7c7c3a7c7c6261787c7c
13	bb|||aa||:x:|b:|bb	12 62627c7c7c7c7c7c61617c7c
8	aaa:a	6 6161617c3a61
5	a:aa|:xb:::xbaa|xa|ba:b|x:	3 617c3a
39	:a:|::||:xaxa:a|xx:|b|axaax|a	38 7c3a617c3a7c7c7c3a7c3a7c7c7c7c7c3a786178617c3a617c7c78787c3a7c7c627c7c617861
16	ab::|ax|a|x::||bbx::aax:bba	15 61627c3a7c3a7c7c61787c7c617c7c
13	:bxaaaaab:|:|axaa:|xa:	12 7c3a62786161616161627c3a
20	|:|:|b|x|a::|xa:bba||	19 7c7c7c3a7c7c7c3a7c7c627c7c787c7c617c3a
5	bbbxbbx|x|bax|	4 62626278
40	x|bbaaa:aa:a:xbb::x:	27 787c7c62626161617c3a61617c3a617c3a7862627c3a7c3a787c3a
26	b:b	4 627c3a62
28	b	1 62
39	bxb	3 627862
22	::a||x:xa:aaxx||	20 7c3a7c3a617c7c7c7c787c3a78617c3a61617878
31	::bb:bxxaaaabx	17 7c3a7c3a62627c3a627878616161616278
38	::	4 7c3a7c3a
26	:x|axa:||a:x|||bx|||:	24 7c3a787c7c6178617c3a7c7c7c7c617c3a787c7c7c7c7c7c
23	:::|a|:a::bab:a:::ba:ba:b|	21 7c3a7c3a7c3a7c7c617c7c7c3a617c3a7c3a626162
7	b|xb:::a:aa::xaaxb	5 627c7c7862
8	:x:x	6 7c3a787c3a78
27	|x|:b:x|bxb|bxaax|::baaabaxx|:	25 7c7c787c7c7c3a627c3a787c7c6278627c7c62786161787c7c
16	:a	3 7c3a61
40	aaax:b::ab||xb::|x	26 616161787c3a627c3a7c3a61627c7c7c7c78627c3a7c3a7c7c78
36	||:xxa|abbbaab|xb:a|	27 7c7c7c7c7c3a7878617c7c616262626161627c7c78627c3a617c7c
26	bbaabxx:x|x::a::xxab:xa|b	25 626261616278787c3a787c7c787c3a7c3a617c3a7c3a787861
22	a:axbaxa:aa||xax|a|a|:	20 617c3a6178626178617c3a61617c7c7c7c786178
33	|x|b::x|:|:x:bbbaxba|baaa||xx:	31 7c7c787c7c627c3a7c3a787c7c7c3a7c7c7c3a787c3a626262617862617c7c
14	x|ababbxbab	12 787c7c616261626278626162
35	:	2 7c3a
19	::xax:x|x||:baa|xaxbb	17 7c3a7c3a7861787c3a787c7c787c7c7c7c
37	a:|bx:|aabb|x	18 617c3a7c7c62787c3a7c7c616162627c7c78
28	xxb:|bb|:bbb|xb:x:b:	26 7878627c3a7c7c62627c7c7c3a6262627c7c78627c3a787c3a62
4	x||	3 787c7c
19	baxabb:|bxa:a|xa:abbabbaxb	18 6261786162627c3a7c7c6278617c3a617c7c
16	ba:bxba|:b|:bxxab:|bbb::xb|	15 62617c3a627862617c7c7c3a627c7c
10	|xa:xax:ab	9 7c7c78617c3a786178
10	xax:xb:baxxbaxa|xbxxb|:xx	9 7861787c3a78627c3a
8	|:|:xa	6 7c7c7c3a7c7c
3	bxxa:aa|bx|xbxa|:aabbabxaba|	2 6278
14	|:b|::|xaa:a|||x:	13 7c7c7c3a627c7c7c3a7c3a7c7c
34	aaa:bb|:a:ax|b|b|bb:ab	30 6161617c3a62627c7c7c3a617c3a61787c7c627c7c627c7c62627c3a6162
13	xb:a|xxx:|	12 78627c3a617c7c7878787c3a
34	:	2 7c3a
22	bba|bbxxbx	11 6262617c7c626278786278
9	:	2 7c3a
3	a|	1 61
12	|bx|bbx|bx|x:xbab|bb	11 7c7c62787c7c6262787c7c
27	::bb|baxbxab|::||x	25 7c3a7c3a62627c7c626178627861627c7c7c3a7c3a7c7c7c7c
17	bxab:bx:ba:xax:|babbx	16 627861627c3a62787c3a62617c3a7861
35	ax:::xbb:ab:|xx	21 61787c3a7c3a7c3a7862627c3a61627c3a7c7c7878
9	:b||xa|:|||aa:xx:x:|bab|ab	7 7c3a627c7c7c7c
38	xa:aa::a::xb::::|:|x	32 78617c3a61617c3a7c3a617c3a7c3a78627c3a7c3a7c3a7c3a7c7c7c3a7c7c78
23	xa|ax|xxbb|bx||::x	22 78617c7c61787c7c787862627c7c62787c7c7c7c7c3a
32		0 
33	bxbb|a|bxbbxbbx|:	21 627862627c7c617c7c62786262786262787c7c7c3a
21	ba:xa:|	10 62617c3a78617c3a7c7c
7	|abax|axb:b	6 7c7c61626178
22	aa:xb|:xb|x|a:axba|b:bb	20 61617c3a78627c7c7c3a78627c7c787c7c617c3a
20	|||ax|ba:|aab:ba:|::x	19 7c7c7c7c7c7c61787c7c62617c3a7c7c616162
35	aa:xx|abx|::a|b	21 61617c3a78787c7c6162787c7c7c3a7c3a617c7c62
38	:xba|axx:|:	16 7c3a7862617c7c6178787c3a7c7c7c3a
35	ab|xaab|xxab	14 61627c7c786161627c7c78786162
14	|:xx	6 7c7c7c3a7878
38	a|a:a::b|:a::	21 617c7c617c3a617c3a7c3a627c7c7c3a617c3a7c3a
13	x:axax:ax|baaax	11 787c3a617861787c3a6178
12	xa|:bb:||a|bba:ax	10 78617c7c7c3a62627c3a
3	babbb|:|:x:aa	2 6261
35	|xaxaxa||:ba|xxx|::x|||b	34 7c7c7861786178617c7c7c7c7c3a62617c7c7878787c7c7c3a7c3a787c7c7c7c7c7c
35	:	2 7c3a
29	||b|x:x|bxxax|aa|b	25 7c7c7c7c627c7c787c3a787c7c62787861787c7c61617c7c62
23	xbaxaa:xbaa::a::bab:	21 7862617861617c3a786261617c3a7c3a617c3a7c3a
5	|a:axxxx	3 7c7c61
37	:xba:xaxba|	14 7c3a7862617c3a78617862617c7c
27		0 
38	||a:xxx:xbabbax:|aa|ba:a:b	35 7c7c7c7c617c3a7878787c3a786261626261787c3a7c7c61617c7c62617c3a617c3a62
23	:xxa|||bxaaa|:x:||:xa:aaxb::	21 7c3a7878617c7c7c7c7c7c62786161617c7c7c3a78
39	:xa|a:b|abb:b|xx:axa:|ba:a:xa	38 7c3a78617c7c617c3a627c7c6162627c3a627c7c78787c3a6178617c3a7c7c62617c3a617c3a
22	:a:||ba|	13 7c3a617c3a7c7c7c7c62617c7c
39	x:a|:|:a:a|bx:axx	25 787c3a617c7c7c3a7c7c7c3a617c3a617c7c62787c3a617878
9	a	1 61
25	bbb::bbbb:|b:a|:aa	23 6262627c3a7c3a626262627c3a7c7c627c3a617c7c7c3a
15		0 
27	xx:|b	7 78787c3a7c7c62
12	|:aa:bb	10 7c7c7c3a61617c3a6262
32	:xxxabx|x:ab:xb|:|||:|	31 7c3a7878786162787c7c787c3a61627c3a78627c7c7c3a7c7c7c7c7c7c7c3a
34		0 
37	|b:||bx::bxab:a:b:aa	29 7c7c627c3a7c7c7c7c62787c3a7c3a627861627c3a617c3a627c3a6161
33	bx|a|x||b||:	19 62787c7c617c7c787c7c7c7c627c7c7c7c7c3a
35	bax::b|||a|a:a:x||:|a	33 6261787c3a7c3a627c7c7c7c7c7c617c7c617c3a617c3a787c7c7c7c7c3a7c7c61
27	xxba|xa|	10 787862617c7c78617c7c
11	:b:|b::axxx|xb	10 7c3a627c3a7c7c627c3a
5	|a|ba|xa:a:xb	3 7c7c61
4	:||:xb|:||:a:b|:bax|||:xbaaba	2 7c3a
11	x|x|x:xxb	9 787c7c787c7c787c3a
27	x||b|b:xba:	16 787c7c7c7c627c7c627c3a7862617c3a
20	||aaxbx:aba:::a|:b	18 7c7c7c7c61617862787c3a6162617c3a7c3a
22	ab:b|bxba|a|x|xbb|:a|:|b	21 61627c3a627c7c627862617c7c617c7c787c7c7862
26	|:xbx|x:b:bbb:||	24 7c7c7c3a7862787c7c787c3a627c3a6262627c3a7c7c7c7c
15	:aaa	5 7c3a616161
24	|::::a|axx|aa:	22 7c7c7c3a7c3a7c3a7c3a617c7c6178787c7c61617c3a
22	|b||b:xxb|:|abx:a	21 7c7c627c7c7c7c627c3a7878627c7c7c3a7c7c6162
39	b|:x|:b||aa:a||xa|xb:|ax|	38 627c7c7c3a787c7c7c3a627c7c7c7c61617c3a617c7c7c7c78617c7c78627c3a7c7c61787c7c
21	abbb:x	7 616262627c3a78
28	||:b:a|:bbaax|a	22 7c7c7c7c7c3a627c3a617c7c7c3a62626161787c7c61
3	|a:aaxb:	2 7c7c
36	a|xxbaxx||x||bbaa:x||	29 617c7c7878626178787c7c7c7c787c7c7c7c626261617c3a787c7c7c7c
20	x	1 78
33	:xxx|:axx	12 7c3a7878787c7c7c3a617878
14	x	1 78
7	:ax:ba|b:bx|:xxa	6 7c3a61787c3a
13	bab	3 626162
13	:x|x:x	9 7c3a787c7c787c3a78
17	abxx|:aa:b|:x	15 616278787c7c7c3a61617c3a627c7c
8	ba|aba:bxbx:ba|x	7 62617c7c616261
26	xabx|::aa	12 786162787c7c7c3a7c3a6161
34	a|x:|ba:xxa:baax:|xb:a||b:|	32 617c7c787c3a7c7c62617c3a7878617c3a626161787c3a7c7c78627c3a617c7c
10	axbaa||x::bax:|x|:::|axx:b|bxb	9 61786261617c7c7c7c
13	:|bx:axa:x:a	11 7c3a7c7c62787c3a617861
16	xaa|x|||x|a|ba||xb|x|xab::bx|:	15 7861617c7c787c7c7c7c7c7c787c7c
30	a:|x||:axx||ba|:|x|::	28 617c3a7c7c787c7c7c7c7c3a6178787c7c7c7c62617c7c7c3a7c7c78
25	xxxxxx|:bbaba:x|xa|:ba||:|a:	24 7878787878787c7c7c3a62626162617c3a787c7c78617c7c
13	bb|x:aax|xb:xbb:a|:a	12 62627c7c787c3a6161787c7c
28	xb:a:xabba	12 78627c3a617c3a7861626261
6	a||:axa|b:|:x:	5 617c7c7c7c
31	bax:bx:a|axx:|:x:xx	26 6261787c3a62787c3a617c7c6178787c3a7c7c7c3a787c3a7878
21	x|x|a	7 787c7c787c7c61
28	b	1 62
16	xababa|:	10 7861626162617c7c7c3a
9	bxxx::xa|b:ba|aab|abxb::b:	8 627878787c3a7c3a
13	xbb|ab::|:b	11 7862627c7c61627c3a7c3a
4	ba	2 6261
36	|baxx:|xaxa::aa|xax|	27 7c7c626178787c3a7c7c786178617c3a7c3a61617c7c7861787c7c
8	|:|xxa:aa|xx|:ax:xa|ax|b:|xb	6 7c7c7c3a7c7c
19	:bbabx:|	11 7c3a62626162787c3a7c7c
32	bxbx:xb:|ax|bb|:bb|xbb:xb|x	31 627862787c3a78627c3a7c7c61787c7c62627c7c7c3a62627c7c7862627c3a
18	b|::a|:|x|ax|:aaa|xxxb:a::	17 627c7c7c3a7c3a617c7c7c3a7c7c787c7c
13	aaxx::baax|b:aab|:xba|x|aa:|	12 616178787c3a7c3a62616178
38	baabbxbx|a:x:x|::|bab|xb|	34 62616162627862787c7c617c3a787c3a787c7c7c3a7c3a7c7c6261627c7c78627c7c
33	xb|aabxxx	10 78627c7c616162787878
39	bbxba:aa||a	14 62627862617c3a61617c7c7c7c61
5	|bab	4 7c7c6261
7	:bx:b:xa||xx::|b:abb:xx:bb:bbb	6 7c3a62787c3a
22	||:|ba|:a:|b:|b|	20 7c7c7c7c7c3a7c7c62617c7c7c3a617c3a7c7c62
17	axa:|b|:aaaxa	16 6178617c3a7c7c627c7c7c3a61616178
19	:bb||x:	11 7c3a62627c7c7c7c787c3a
30	xaa:	5 7861617c3a
9	xbxb||:x|a|bab|:bbba|::b|	8 786278627c7c7c7c
26	|:b||:a:bbx:x:|bx||:|b	24 7c7c7c3a627c7c7c7c7c3a617c3a6262787c3a787c3a7c7c
8	::a	5 7c3a7c3a61
37	:	2 7c3a
25	|::bxx||x|xabb	20 7c7c7c3a7c3a6278787c7c7c7c787c7c78616262
35	::b||	9 7c3a7c3a627c7c7c7c
10	xbxa::xaa:::x|:aab:a|b	8 786278617c3a7c3a
16	b:bx:aa:	11 627c3a62787c3a61617c3a
13		0 
29	:::aaa|x::bx::	22 7c3a7c3a7c3a6161617c7c787c3a7c3a62787c3a7c3a
11	x	1 78
10	xaa|||	9 7861617c7c7c7c7c7c
9	:||aa:ba:x|babb|::a|:b|||x	8 7c3a7c7c7c7c6161
15	:a:baxx::|x:bba:axxb|||ab:	13 7c3a617c3a626178787c3a7c3a
23	aa:xx:a:	11 61617c3a78787c3a617c3a
28	:|	4 7c3a7c7c
21	|:::ax::x|x	18 7c7c7c3a7c3a7c3a61787c3a7c3a787c7c78
22	xx|:|:baxbb:b:|:bbbax	20 78787c7c7c3a7c7c7c3a62617862627c3a627c3a
37	:xxbxx:	9 7c3a78786278787c3a
34	aaba|axa|xxb|:xx	20 616162617c7c6178617c7c7878627c7c7c3a7878
15	xb|x	5 78627c7c78
14	bb:aa	6 62627c3a6161
17	||b|xa|x:|bx:|	16 7c7c7c7c627c7c78617c7c787c3a7c7c
33	xa|:b:|axba::a:b:x:x:aax	31 78617c7c7c3a627c3a7c7c617862617c3a7c3a617c3a627c3a787c3a787c3a
9	ax:|:xxba|x:|:a:xx	8 61787c3a7c7c7c3a
13	bb:|x:xa|xbba|x:xbbx:babb	11 62627c3a7c7c787c3a7861
34		0 
4	|xb:babab|	2 7c7c
19	aba	3 616261
31	::|b|||baaa	17 7c3a7c3a7c7c627c7c7c7c7c7c62616161
17	xba|a	6 7862617c7c61
28	:bxabxa:|a::ab:xa|:x	27 7c3a6278616278617c3a7c7c617c3a7c3a61627c3a78617c7c7c3a
36		0 
36	a|:a	6 617c7c7c3a61
15	bx:bbba||:|a||ba|xbab:xa:	14 62787c3a626262617c7c7c7c7c3a
18	||:ax|a:b:bxxbab	16 7c7c7c7c7c3a61787c7c617c3a627c3a
20	abxa|:||xxxbxx|xaa:b|	18 616278617c7c7c3a7c7c7c7c787878627878
24	|:axbb:|b|:|:|:b:x|:x||x:a|	23 7c7c7c3a617862627c3a7c7c627c7c7c3a7c7c7c3a7c7c
21	a::x:axbbbbx:|xaa:|x:x	19 617c3a7c3a787c3a617862626262787c3a7c7c
11	x:bxabxxaa:|bx:ba:::a	10 787c3a62786162787861
5	b::|bb	3 627c3a
21	b|a|xx:x:a:|abx|	20 627c7c617c7c78787c3a787c3a617c3a7c7c6162
28	xbb:a:xxabbx:bxax|ba:	26 7862627c3a617c3a7878616262787c3a627861787c7c62617c3a
24	:|bxb::x|xbbxaxx:a|:b|bb|	23 7c3a7c7c6278627c3a7c3a787c7c786262786178787c3a
15	:xb|ba|bx::a|||:|aaxax|xbxbbx|	14 7c3a78627c7c62617c7c62787c3a
21	|bb:axbabx:xb:xa:a	20 7c7c62627c3a6178626162787c3a78627c3a7861
11	x:aabxb|aa	10 787c3a61616278627c7c
33	xb:x|b::b:|a|x:xx|:axb|xab	32 78627c3a787c7c627c3a7c3a627c3a7c7c617c7c787c3a78787c7c7c3a617862
24	a|::xb|:xb|xaaab|:bbx	22 617c7c7c3a7c3a78627c7c7c3a78627c7c7861616162
31	:|xaaaxbx|axax|b	20 7c3a7c7c786161617862787c7c617861787c7c62
23	b|xxxbbbbxaaxaaaa	18 627c7c787878626262627861617861616161
28	:axa|	7 7c3a6178617c7c
27	|bx|a|x:ab:babb|:ax|b:::xxa	26 7c7c62787c7c617c7c787c3a61627c3a626162627c7c7c3a6178
4	||b|x:|b|bxx|a	2 7c7c
16	|:a:xx||a	14 7c7c7c3a617c3a78787c7c7c7c61
11	x||b:bx|baxx:|x:|a:x:a|:	10 787c7c7c7c627c3a6278
36	aaax:a:xaa:	14 616161787c3a617c3a7861617c3a
9	:xa|ab|bx:|abaaax|a	8 7c3a78617c7c6162
9	b|bx|ba::xxx	7 627c7c62787c7c
30	||x:b:|x:::	19 7c7c7c7c787c3a627c3a7c7c787c3a7c3a7c3a
23	:bbaxbba|:b:x|xxbx:a||aaxb	22 7c3a626261786262617c7c7c3a627c3a787c7c787862
17	aab|babxxbx	12 6161627c7c62616278786278
34	bxbxb:xb:abb	14 62786278627c3a78627c3a616262
7	xx:xx|:b	6 78787c3a7878
24	x|b:	6 787c7c627c3a
5	x	1 78
6		0 
20	xb|aa:a|:|:b:b|x	18 78627c7c61617c3a617c7c7c3a7c7c7c3a62
7	x|b|x	6 787c7c627c7c
23	:|axxx:b|	13 7c3a7c7c617878787c3a627c7c
36	:b:|bba|aaxxa:|xaa	24 7c3a627c3a7c7c6262617c7c61617878617c3a7c7c786161
17	|a:ab||a|ab:x:xx::	16 7c7c617c3a61627c7c7c7c617c7c6162
14	|:|xaxba:||b|:ab	13 7c7c7c3a7c7c78617862617c3a
15	ba:|x:bbx|	14 62617c3a7c7c787c3a6262787c7c
20	b|a|aaaa|:|bxaabaab|a	19 627c7c617c7c616161617c7c7c3a7c7c627861
9	x::|abxba|b|bab|:xxxbxxa|	7 787c3a7c3a7c7c
33	xx|::|:|a::x:xx:||:::	32 78787c7c7c3a7c3a7c7c7c3a7c7c617c3a7c3a787c3a78787c3a7c7c7c7c7c3a
8	x:|bxx:|xa:axxab:b	7 787c3a7c7c6278
12	a	1 61
30	|:bxxxa:b:|xabx	20 7c7c7c3a62787878617c3a627c3a7c7c78616278
21	|xx:xb:xba|aaaaaa	20 7c7c78787c3a78627c3a7862617c7c6161616161
25	:b:xbabaxa:abb:b:b:a:x	23 7c3a627c3a786261626178617c3a6162627c3a627c3a62
15	a:bbxa:b|xxx	14 617c3a626278617c3a627c7c7878
9	bb|xaa:a:ax||x:axxbx|:bbb:x:	7 62627c7c786161
9	|	2 7c7c
4	xxxbb||b:a|ba|x::||:xa|b::	3 787878
23	x|x	4 787c7c78
10	:bbx:|	9 7c3a6262787c3a7c7c
14	a|:a|xxa:|a|axaa:x	13 617c7c7c3a617c7c7878617c3a
21	ba|x:baa|b|:x	18 62617c7c787c3a6261617c7c627c7c7c3a78
40	|::b	7 7c7c7c3a7c3a62
4	|axabxx:|a|ab|a:::b:	2 7c7c
36	xaba|:x:xaaax:xaxaa:x	26 786162617c7c7c3a787c3a78616161787c3a78617861617c3a78
11	bx:|||b	10 62787c3a7c7c7c7c7c7c
8	|ab|a	6 7c7c61627c7c
7	x:aa::axbx:ba::xbbxxb:bab|a	5 787c3a6161
5	:xba:bxa	4 7c3a7862
9	xxx:xx:xaxx:||:a|aab|xa:a	7 7878787c3a7878
24	|a:|ab	9 7c7c617c3a7c7c6162
28	x||xbxxbxabba|bxax:abaxbxb	27 787c7c7c7c786278786278616262617c7c627861787c3a61626178
4	b:|:ax|:x:x:|b::x:|xx:b|a:b	3 627c3a
35	a	1 61
36	:|xx:aa:|:xa:||::axa:ax:bb	35 7c3a7c7c78787c3a61617c3a7c7c7c3a78617c3a7c7c7c7c7c3a7c3a6178617c3a6178
24	|abx|xab|x:bb|	19 7c7c6162787c7c7861627c7c787c3a62627c7c
8	|ax|bbb|||::a||bxb	6 7c7c61787c7c
8	xa:x|:x|ab:|a:|x:x||||ab:x:xx|	7 78617c3a787c7c
7	:x:bxb|b	5 7c3a787c3a
8	:b|x||xx:bxxabbx|x	6 7c3a627c7c78
14	a|a:||a:bbxbb:aa	13 617c7c617c3a7c7c7c7c617c3a
16	x	1 78
36	b:x	4 627c3a78
20	abx	3 616278
19	bb::bbxx|||	16 62627c3a7c3a626278787c7c7c7c7c7c
26	x|::aa|bb|axbax:xx	24 787c7c7c3a7c3a61617c7c62627c7c61786261787c3a7878
18	axxxbbxxbbxaa|ax|bx||b|a|xxx	17 617878786262787862627861617c7c6178
36	xbbx	4 78626278
28	babx|bxxb|:ba	16 626162787c7c627878627c7c7c3a6261
30	a:x:a	7 617c3a787c3a61
16	||	4 7c7c7c7c
5	:bxaaxa|ba||ab|xx:|a|abx|bxxbx	4 7c3a6278
40	a|a:xaa|b|xbx:x:xa:b:a	30 617c7c617c3a7861617c7c627c7c7862787c3a787c3a78617c3a627c3a61
23		0 
33	b|xax:b:bx:xxaaaax||aaxa:baa	32 627c7c7861787c3a627c3a62787c3a787861616161787c7c7c7c616178617c3a
5	ba:bxa::|:	4 62617c3a
13	xbb|ba|:bbx::abbbxx:b:	11 7862627c7c62617c7c7c3a
25	baa:b:	8 6261617c3a627c3a
22	b|a::ax	10 627c7c617c3a7c3a6178
32	aba	3 616261
8	:|:	6 7c3a7c7c7c3a
30	|x|:bbxbb	12 7c7c787c7c7c3a6262786262
13	a:axb|b:b||	11 617c3a6178627c7c627c3a
29	x:xba:a||bbx:ab|xa:ab:	28 787c3a7862617c3a617c7c7c7c6262787c3a61627c7c78617c3a6162
10	abxx|:||a:	8 616278787c7c7c3a
16	xbx:xaaabx:bbxb	15 7862787c3a7861616162787c3a6262
36	::||:x:::bb:b||a:|::x:b	35 7c3a7c3a7c7c7c7c7c3a787c3a7c3a7c3a62627c3a627c7c7c7c617c3a7c7c7c3a7c3a
8	a|b:bbbbxx|xax|:baabab	6 617c7c627c3a
5	b|ba	3 627c7c
21	b:a|||:ba|aa:|:ax:x:abxbb:x	20 627c3a617c7c7c7c7c7c7c3a62617c7c61617c3a
31	bb	2 6262
22	xa:|::aa:x:|:xab:|bxb|a	21 78617c3a7c7c7c3a7c3a61617c3a787c3a7c7c7c3a
13	ba	2 6261
39	|a|a|a	9 7c7c617c7c617c7c61
6	:x::b|bx:ab::bxba|xababxa:ab	5 7c3a787c3a
22	ba||x	7 62617c7c7c7c78
12	|xbxx:|bax:x:|::xba:|x||:	10 7c7c786278787c3a7c7c
10	b|abb|xbxa:x|b|ba	8 627c7c6162627c7c
4	x|axa::a|x:bxa:a:axxba:b:	3 787c7c
21	:x|aa:xbbx||abb::|x:x|ax:	20 7c3a787c7c61617c3a786262787c7c7c7c616262
17	::xba|abaxaabbb||xa||b::|b	16 7c3a7c3a7862617c7c61626178616162
35	:::x	7 7c3a7c3a7c3a78
7	xa|x:x|bxbb|xx|a	5 78617c7c78
12	b||xx|a|:||b||:ab:x	10 627c7c7c7c78787c7c61
35	::||aab:bbaxxbxa:xx	25 7c3a7c3a7c7c7c7c6161627c3a62626178786278617c3a7878
14	|baa|:x	10 7c7c6261617c7c7c3a78
30	bbx|xb|||xa|xxxax|xab|abb:bax|	29 6262787c7c78627c7c7c7c7c7c78617c7c78787861787c7c7861627c7c
37	:ax|:||babb:|bab|bxb|abx	33 7c3a61787c7c7c3a7c7c7c7c626162627c3a7c7c6261627c7c6278627c7c616278
39	aab:|aa|axa	14 6161627c3a7c7c61617c7c617861
10		0 
18	a:|x|bbx||bxb|:a	17 617c3a7c7c787c7c6262787c7c7c7c6278
24	a|:x::aa:|xxb:abax:xba:ab|	23 617c7c7c3a787c3a7c3a61617c3a7c7c7878627c3a6162
10	a:x|x	7 617c3a787c7c78
4	x|aa|bbx	3 787c7c
37	|a	3 7c7c61
23	axb:bxxaaa|:bx	17 6178627c3a6278786161617c7c7c3a6278
33		0 
20	a|b	4 617c7c62
24	:x|ab::aab:	16 7c3a787c7c61627c3a7c3a6161627c3a
23	baxba	5 6261786261
29	::|xx:bax|aa:	19 7c3a7c3a7c7c78787c3a6261787c7c61617c3a
31	x|b||:bxab|a||:bb:ababxaaaxa|	30 787c7c627c7c7c7c7c3a627861627c7c617c7c7c7c7c3a62627c3a616261
34	:xaxaaa	8 7c3a786178616161
33	:aaa|::abbbxb	17 7c3a6161617c7c7c3a7c3a616262627862
9	x|b:::axaax:xaax:::xxx:b|	8 787c7c627c3a7c3a
28	xaaaxba	7 78616161786261
11	|a:xbab:::xa|:xb||::xa:xbaxbba	9 7c7c617c3a78626162
22	b|x:xaabb::x:aax|:aab:b|:|||x:	21 627c7c787c3a78616162627c3a7c3a787c3a616178
36	a|:xb|a||b:abxb:xb	25 617c7c7c3a78627c7c617c7c7c7c627c3a616278627c3a7862
31	|abax::|xabxx	17 7c7c616261787c3a7c3a7c7c7861627878
38	baaxxax|:xx|b|bbx|xb|a|b:b:bx	36 626161787861787c7c7c3a78787c7c627c7c6262787c7c78627c7c617c7c627c3a627c3a
9	:ab::a|aab|xaxb	8 7c3a61627c3a7c3a
39	xxxb::|a|ba:bx|b:|::xbx|	35 787878627c3a7c3a7c7c617c7c62617c3a62787c7c627c3a7c7c7c3a7c3a7862787c7c
38	b	1 62
39	bbba|::x::	15 626262617c7c7c3a7c3a787c3a7c3a
10	::b:abxab|bx|::::xb	9 7c3a7c3a627c3a6162
31		0 
32	:baxxaxxbaax:	15 7c3a62617878617878626161787c3a
5	:|:xxbx	4 7c3a7c7c
13	||::x:bxbx|aabaa|b::xx:|bbx	11 7c7c7c7c7c3a7c3a787c3a
11	xx|xbab|:x:|xxba:b|b|:::	10 78787c7c786261627c7c
37	xx:xxbb:abxx:|x|aaaxaxxaaaba:	35 78787c3a787862627c3a616278787c3a7c7c787c7c6161617861787861616162617c3a
4	x|a|bxbx|bba|xa::::abb|xx	3 787c7c
26	|a:b|a:axx:x|bbb|a:x|ax|a	24 7c7c617c3a627c7c617c3a6178787c3a787c7c6262627c7c
40	|xabax|:a:|x:|	21 7c7c78616261787c7c7c3a617c3a7c7c787c3a7c7c
10	|:baxx:::a:x:bxb::xb::b:	8 7c7c7c3a62617878
19	xxbb:aa|xa:x|x	17 787862627c3a61617c7c78617c3a787c7c
23	ba::a:xxb|a	15 62617c3a7c3a617c3a7878627c7c61
15	x:x:x:	9 787c3a787c3a787c3a
20	|||xaa|:|:|b:::abbbxb:xx	19 7c7c7c7c7c7c7861617c7c7c3a7c7c7c3a7c7c
37	:a::xaxxaxxxbbx|a:b::aabb	32 7c3a617c3a7c3a78617878617878786262787c7c617c3a627c3a7c3a61616262
22	|ba:|bxx:|axaxaxbx|:a:axaa:a|	21 7c7c62617c3a7c7c6278787c3a7c7c617861786178
38		0 
27	:ax|:axb|a||xaxx|b:aa||a:	25 7c3a61787c7c7c3a6178627c7c617c7c7c7c786178787c7c62
17	b:|xax|b:xxaxba:xa:	16 627c3a7c7c7861787c7c627c3a787861
8	aa|:b||a||xb	6 61617c7c7c3a
4	|aabb|x:x	2 7c7c
23	xxb|:xba:::a|a:aaxb:::x:	22 7878627c7c7c3a7862617c3a7c3a7c3a617c7c617c3a
28	|xa|x:|axa:|xb	20 7c7c78617c7c787c3a7c7c6178617c3a7c7c7862
3	x:|xxxaba::bbbbxa	1 78
15	bxxa|aabbab||ab:axabb|	14 627878617c7c6161626261627c7c
13	a	1 61
35	|xx::::a|x:|	20 7c7c78787c3a7c3a7c3a7c3a617c7c787c3a7c7c
35	b:|bxaa|:a:axx|a	22 627c3a7c7c627861617c7c7c3a617c3a6178787c7c61
4	ba|ax|:b|xb|xxx||:bb|b::abxx|	2 6261
19	||baabbxx|:bbb::x|||	18 7c7c7c7c626161626278787c7c7c3a626262
27	|abxxaaxxaa|a:x	18 7c7c616278786161787861617c7c617c3a78
14	x|a::||xx|:xa|bax|a|:	12 787c7c617c3a7c3a7c7c7c7c
38	b::a:||x|a:bxxb||:|bx|:|b	36 627c3a7c3a617c3a7c7c7c7c787c7c617c3a627878627c7c7c7c7c3a7c7c62787c7c7c3a
6	a:axab	5 617c3a6178
9	axxxb	5 6178787862
33	aabab||:x|bx:|a:b|a:aaa	32 61616261627c7c7c7c7c3a787c7c62787c3a7c7c617c3a627c7c617c3a616161
38	bb|x|a	8 62627c7c787c7c61
38	ab|xa|abb|:bx|a||||x:abab	35 61627c7c78617c7c6162627c7c7c3a62787c7c617c7c7c7c7c7c7c7c787c3a61626162
24	ab:	4 61627c3a
22	b	1 62
3	xaaaba	2 7861
11	|:a::xxxaab:a::x:x|xb||xb:b|a	9 7c7c7c3a617c3a7c3a
19	bbb:|:a:bx|aa|baaaa||ax|bab	18 6262627c3a7c7c7c3a617c3a62787c7c6161
7	b:bax:ax:	6 627c3a626178
24	bbx|axxx	9 6262787c7c61787878
8	|aab|x:a|abbb:x:||x|	7 7c7c6161627c7c
33	abb:ab:	9 6162627c3a61627c3a
18		0 
16	b:	3 627c3a
17	a:aaxb:ab:|a:xx:baaxxxxbb:||	15 617c3a616178627c3a61627c3a7c7c
32	xa:xa|bb|bb:::||bx|||b:aaba:x	30 78617c3a78617c7c62627c7c62627c3a7c3a7c3a7c7c7c7c62787c7c7c7c
12	xba:|b|xax	10 7862617c3a7c7c627c7c
34	ab||a:a:a:|::b::x:|:baxb|x	33 61627c7c7c7c617c3a617c3a617c3a7c7c7c3a7c3a627c3a7c3a787c3a7c7c7c3a
29	aaxx|a:|x:b	15 616178787c7c617c3a7c7c787c3a62
39	aa|:bbaxx|axax|xxbxb	24 61617c7c7c3a62626178787c7c617861787c7c7878627862
25	bxxbx	5 6278786278
23	:b|:|:b:|x	17 7c3a627c7c7c3a7c7c7c3a627c3a7c7c78
17	:b|aa:a::	14 7c3a627c7c61617c3a617c3a7c3a
38	x:|b|a||:xax:|b::xb	29 787c3a7c7c627c7c617c7c7c7c7c3a7861787c3a7c7c627c3a7c3a7862
39	xxxaax|x:|a:::axx|b	26 7878786161787c7c787c3a7c7c617c3a7c3a7c3a6178787c7c62
32	|:b|xba:xb|b:bx	21 7c7c7c3a627c7c7862617c3a78627c7c627c3a6278
11	ab:abxxab|:ax:a||||a|a|xba	10 61627c3a616278786162
14	:x:|a::ba:aab:||a|b:::a::|:a	12 7c3a787c3a7c7c617c3a7c3a
38	x|:baba|a:bxx	17 787c7c7c3a626162617c7c617c3a627878
24	:baaax|bx:b:b::	21 7c3a62616161787c7c62787c3a627c3a627c3a7c3a
9	|:|x|xaaxx||xx	7 7c7c7c3a7c7c78
30	axaab	5 6178616162
4	aba|:xxbb|	3 616261
4	|xx	2 7c7c
26	|	2 7c7c
11	|:abaxaa:bx|x:axb:|ax:a|bxax	10 7c7c7c3a616261786161
4	xxa||||:bx:bx:b:x:|::bxbx	3 787861
29	|bx	4 7c7c6278
26	|:ba||x|::xxxa||xbb|a	25 7c7c7c3a62617c7c7c7c787c7c7c3a7c3a787878617c7c7c7c
13	bax::|x::|xaxb::|x	12 6261787c3a7c3a7c7c787c3a
37		0 
25	x:xbxba|:abx|:|x:|:	24 787c3a78627862617c7c7c3a6162787c7c7c3a7c7c787c3a
16	||b::ax:abxb||b|bxxabb||xxx	15 7c7c7c7c627c3a7c3a61787c3a6162
21	a	1 61
3	:b	2 7c3a
30	xa:bx:|x	11 78617c3a62787c3a7c7c78
10	::|||:bbb::b:x	8 7c3a7c3a7c7c7c7c
17	:|x::xbaxxx|ab|::abxx::bbb|bx|	15 7c3a7c7c787c3a7c3a786261787878
12	xbb:x	6 7862627c3a78
28	|:|x||x||a:::|aa	27 7c7c7c3a7c7c787c7c7c7c787c7c7c7c617c3a7c3a7c3a7c7c6161
29	x::a|::x	13 787c3a7c3a617c7c7c3a7c3a78
10	|:x:::a|x||:b|x|x::|xb:|:	9 7c7c7c3a787c3a7c3a
16	|b|a|:|::::aaa|aax|x:xx|xax	14 7c7c627c7c617c7c7c3a7c7c7c3a
11	|	2 7c7c
40	b||x|a||:|xb|:bx:|babxaa|bx|	39 627c7c7c7c787c7c617c7c7c7c7c3a7c7c78627c7c7c3a62787c3a7c7c6261627861617c7c6278
4	ab:bab	2 6162
31	|b||ab||:|:xaxaxxx|:a:xax|a:x	30 7c7c627c7c7c7c61627c7c7c7c7c3a7c7c7c3a786178617878787c7c7c3a
29	a:aaxabbx||b|a|b:|bxx|bbb:aa	28 617c3a616178616262787c7c7c7c627c7c617c7c627c3a7c7c627878
40	:|::b:baxa:bbxba|ab|a:a	32 7c3a7c7c7c3a7c3a627c3a626178617c3a62627862617c7c61627c7c617c3a61
15	:bbb|xbbbxaaaxb:xab|bxa:|	14 7c3a6262627c7c78626262786161
30	|:a:||:xb:x:abbb:|:ab:b|:x	28 7c7c7c3a617c3a7c7c7c7c7c3a78627c3a787c3a616262627c3a7c7c
29		0 
24		0 
26	xbb:axb	8 7862627c3a617862
16	axbxx:bbb:xb:bx|xaxxax|aba	14 61786278787c3a6262627c3a7862
34	a|bbxb|b||b|a|ab|||xxbb:::xxb|	32 617c7c626278627c7c627c7c7c7c627c7c617c7c61627c7c7c7c7c7c78786262
29	x:|x|:a	11 787c3a7c7c787c7c7c3a61
6		0 
5		0 
13	xx|:ab||||xaaax|:ab|:	12 78787c7c7c3a61627c7c7c7c
19	:xbbaa|xa:	13 7c3a78626261617c7c78617c3a
27	a:|x||xaxbba:|||	24 617c3a7c7c787c7c7c7c7861786262617c3a7c7c7c7c7c7c
13	xxbaax:bbxxxbx|xa	12 7878626161787c3a62627878
16	aabb|a:b|xb:	14 616162627c7c617c3a627c7c7862
27	|||bx||xxaa:xxb	21 7c7c7c7c7c7c62787c7c7c7c787861617c3a787862
27	|:	4 7c7c7c3a
15	abab|bab::a	13 616261627c7c6261627c3a7c3a
27	abx:||xa:baa|xb	20 6162787c3a7c7c7c7c78617c3a6261617c7c7862
14	b	1 62
28	a|b|bb|x::a|||:|:aa|b:||::b	26 617c7c627c7c62627c7c787c3a7c3a617c7c7c7c7c7c7c3a7c7c
14	:ab:|b:||::|a:x::xxa	13 7c3a61627c3a7c7c627c3a7c7c
32	bba:bbaa|aax|a|x::	24 6262617c3a626261617c7c6161787c7c617c7c787c3a7c3a
4	xb|b	2 7862
25	:|b:a	8 7c3a7c7c627c3a61
30	|a:bx:bx:a::::||	26 7c7c617c3a62787c3a62787c3a617c3a7c3a7c3a7c3a7c7c7c7c
6	:axbx	5 7c3a617862
6	|a|a::a	5 7c7c617c7c
10	|babxxab::ba:|:|bbx||x|ba	9 7c7c62616278786162
30	a:xab|::axx|aab:	22 617c3a7861627c7c7c3a7c3a6178787c7c6161627c3a
26	ab|ax:	8 61627c7c61787c3a
30	|:ax:a:xbxb|abxb|	23 7c7c7c3a61787c3a617c3a786278627c7c616278627c7c
37	:a||:b||a	15 7c3a617c7c7c7c7c3a627c7c7c7c61
34	b|b:|:b|x	14 627c7c627c3a7c7c7c3a627c7c78
7	x:|x::bx:x:b||bbx::	5 787c3a7c7c
36	x	1 78
3	a|:xxa:x	1 61
33	axabaax|:x|aaxxb	19 617861626161787c7c7c3a787c7c6161787862
26	:x||:b:b::|:a	22 7c3a787c7c7c7c7c3a627c3a627c3a7c3a7c7c7c3a61
16	:||ax|:axxxbxax:a|bbab::	15 7c3a7c7c7c7c61787c7c7c3a617878
27	ab|||x:a|:|bx:a:a:xb:axx:bb:x	25 61627c7c7c7c7c7c787c3a617c7c7c3a7c7c62787c3a617c3a
36	|bx:b||::xbabb:x:b|b|ba||	35 7c7c62787c3a627c7c7c7c7c3a7c3a78626162627c3a787c3a627c7c627c7c62617c7c
6	::ax:xx:a:abxb:b|:||x||	4 7c3a7c3a
31	:||xxbx:x|	15 7c3a7c7c7c7c787862787c3a787c7c
8	|bbaxxxbxaab::aaaaxbaa:xx|::b:	7 7c7c6262617878
18	xa:a||	9 78617c3a617c7c7c7c
8	bxb:bb:|bx|b|xxb	7 6278627c3a6262
6	:bbaaxb|:::xx||	5 7c3a626261
32	aba:xx|::ba|:|b|bb:a||xbaxaxbb	31 6162617c3a78787c7c7c3a7c3a62617c7c7c3a7c7c627c7c62627c3a617c7c
7	||	4 7c7c7c7c
27	|:xba|bbb:xb::a|||:|b|a	25 7c7c7c3a7862617c7c6262627c3a78627c3a7c3a617c7c7c7c
20	::b:bb	9 7c3a7c3a627c3a6262
30	:a:||:b|abbxbx|xbxb|bxa|::a	28 7c3a617c3a7c7c7c7c7c3a627c7c6162627862787c7c786278627c7c
27	a|bba|:b|aabba|xa:bbx:|:b||xx	26 617c7c6262617c7c7c3a627c7c61616262617c7c78617c3a6262
19	::|abb:xx|b:	18 7c3a7c3a7c7c6162627c3a78787c7c627c3a
12	aabxbbbba:|a|b|	11 6161627862626262617c3a
15	|:|b|abx|::b	14 7c7c7c3a7c7c627c7c6162787c7c
37	:x|ax::|:abxb||:xxbaa:xb:	36 7c3a787c7c61787c3a7c3a7c7c7c3a616278627c7c7c7c7c3a78786261617c3a78627c3a
12	:bxx|b:aa|bb:xxa:bx|x	10 7c3a6278787c7c627c3a
10	a|b:::|axa	8 617c7c627c3a7c3a
6	a::xb::a:ba:ax:b:x:b|abx	5 617c3a7c3a
36	bbb:x|||a:|aabbb	22 6262627c3a787c7c7c7c7c7c617c3a7c7c6161626262
16	|baxx|a|a|||:b|xab|:xabx	14 7c7c626178787c7c617c7c617c7c
11	:::|a::ba::x|:|||abb:bx||	9 7c3a7c3a7c3a7c7c61
30	xa:|a:b:|xx:|a:ab	25 78617c3a7c7c617c3a627c3a7c7c78787c3a7c7c617c3a6162
39	|:baaaxaaaax:x	17 7c7c7c3a626161617861616161787c3a78
9		0 
13	bbbba::axb|:bb|b:abb:|x	12 62626262617c3a7c3a617862
12	|baa:xx:xaaxa|:x:|	11 7c7c6261617c3a78787c3a
27	bx:a:|bbx	12 62787c3a617c3a7c7c626278
36		0 
10	aa|xx:x|abbb|b:aaxab:b|:a	8 61617c7c78787c3a
24	ax	2 6178
38	:|::aa:|b|:a|bbxx|a|x	32 7c3a7c7c7c3a7c3a61617c3a7c7c627c7c7c3a617c7c626278787c7c617c7c78
24	x|bxxx|abxa|xbxbx||b	22 787c7c627878787c7c616278617c7c78627862787c7c
27	ab::bx|a|bxaaxbxaab|xabxaab	25 61627c3a7c3a62787c7c617c7c627861617862786161627c7c
18	abba:ab:bx::b|a||bxxb|aabxxb|	16 616262617c3a61627c3a62787c3a7c3a
9	|a||xx:xa|x:xxxa:::bxa	7 7c7c617c7c7c7c
35	||a|xaxb|a|bxbabaxa||:ax:|:x|b	34 7c7c7c7c617c7c786178627c7c617c7c62786261626178617c7c7c7c7c3a61787c3a
8	ab	2 6162
4	xx|::ba:bx|x|bbba:xbbb	2 7878
28	::|:|b|b:|ax:xxa|bba	27 7c3a7c3a7c7c7c3a7c7c627c7c627c3a7c7c61787c3a7878617c7c
16	x|ba|axab|b|b:xx:ab|baxx||:b	14 787c7c62617c7c617861627c7c62
29	abbababxbb|	12 616262616261627862627c7c
35	b:x|x|aab:|x:::ax	25 627c3a787c7c787c7c6161627c3a7c7c787c3a7c3a7c3a6178
11	xxx||babb	10 7878787c7c7c7c626162
13	:x::aabb|:||bbabx	11 7c3a787c3a7c3a61616262
11	b	1 62
21		0 
19	::b::babba|axba|axa|	18 7c3a7c3a627c3a7c3a62616262617c7c6178
17		0 
28	x	1 78
40	::bb:x|baab|axx|a:	25 7c3a7c3a62627c3a787c7c626161627c7c6178787c7c617c3a
24	b:|	5 627c3a7c7c
10	b	1 62
27	:xx	4 7c3a7878
10	:xba|bxb	9 7c3a7862617c7c6278
15	xx|aax:xx|xaa|||	13 78787c7c6161787c3a78787c7c
33	xbxx:a:bb|:|b:b:	23 786278787c3a617c3a62627c7c7c3a7c7c627c3a627c3a
34	bxa|babbx	10 6278617c7c6261626278
39		0 
5	abbbxa|	4 61626262
17	bxxaaab	7 62787861616162
12	|	2 7c7c
26	a|xax:|aa:a:xxa|x|ba	25 617c7c7861787c3a7c7c61617c3a617c3a7878617c7c787c7c
35	xb|:|:|::baaxb|:ab::||b||:a:	33 78627c7c7c3a7c7c7c3a7c7c7c3a7c3a62616178627c7c7c3a61627c3a7c3a7c7c
11	a:x:x:x|:|xb:axxxaa:bxbx::||	9 617c3a787c3a787c3a
10	::::xbbaab|bbbb|bxbx	8 7c3a7c3a7c3a7c3a
3	|b||aab::b|:b	2 7c7c
4	:axb	2 7c3a
23	xx	2 7878
17		0 
38	|aa|xxa:bx||a:	20 7c7c61617c7c7878617c3a62787c7c7c7c617c3a
13	x:b|	6 787c3a627c7c
34	bab::|:xbxxa:|aa|x::|xx|b	33 6261627c3a7c3a7c7c7c3a78627878617c3a7c7c61617c7c787c3a7c3a7c7c7878
31	|xxxa|axb:x||:b|b:|a	29 7c7c787878617c7c6178627c3a787c7c7c7c7c3a627c7c627c3a7c7c61
19	x|bxa||bb:	14 787c7c6278617c7c7c7c62627c3a
14	:b|:	7 7c3a627c7c7c3a
10	xbb:xaaabb:babaxb	9 7862627c3a78616161
8	:xb|:aax:babb|b:aab|a:bbbx:	6 7c3a78627c7c
17	:|:||x:bxxa|:|bb:b|a	16 7c3a7c7c7c3a7c7c7c7c787c3a627878
11		0 
20	bx:bb|:|a:::	19 62787c3a62627c7c7c3a7c7c617c3a7c3a7c3a
19	|xxabx||x|b	15 7c7c78786162787c7c7c7c787c7c62
20	xxxab::|xx	13 78787861627c3a7c3a7c7c7878
39	x:x|b|axx|a|ax:bx:x|:|	32 787c3a787c7c627c7c6178787c7c617c7c61787c3a62787c3a787c7c7c3a7c7c
20	:b|x:bx|baabx|b|axba	19 7c3a627c7c787c3a62787c7c62616162787c7c
22	|bb||b::a:b:b||bbbaaax:xx	20 7c7c62627c7c7c7c627c3a7c3a617c3a627c3a62
29	|x::	7 7c7c787c3a7c3a
38	|xba:xa||xax:xxxxa|x|b::xb:b:	37 7c7c7862617c3a78617c7c7c7c7861787c3a78787878617c7c787c7c627c3a7c3a78627c3a
7	:|a:bax|xb	5 7c3a7c7c61
33	|x	3 7c7c78
6	|xxx:|bb:|xb:x:||	5 7c7c787878
3	x::|bxbab||bbaa:x|||x:	1 78
26	b	1 62
14	:xbxxaxb|xb|axa:xbaa|abb|:	13 7c3a786278786178627c7c7862
13	ax:ab|b|:xxxab	11 61787c3a61627c7c627c7c
14	aabx::xxbb:xbabbaxa|:aaaxab||	12 616162787c3a7c3a78786262
12	:|xx|:b::a|xa:xxxx	10 7c3a7c7c78787c7c7c3a
40	:bb:||::aaaax:a|	24 7c3a62627c3a7c7c7c7c7c3a7c3a61616161787c3a617c7c
13	||babab|xa:aax	11 7c7c7c7c62616261627c7c
3	|xaxbba:xxxb::a|::|a|ax	2 7c7c
28	|bbx:ab||b:b:xx|:a|aa:|xbax	26 7c7c6262787c3a61627c7c7c7c627c3a627c3a78787c7c7c3a61
5	|ab|b:bxb|a	4 7c7c6162
37	xxaaa:xaxxaabxxaax|:	23 78786161617c3a7861787861616278786161787c7c7c3a
7	:ab|xbb|xbab	6 7c3a61627c7c
13	bx|xx|ab	10 62787c7c78787c7c6162
16	:b:|b|xx:xbxx||	14 7c3a627c3a7c7c627c7c78787c3a
13	:x:bbax:ab:xxb|	11 7c3a787c3a626261787c3a
30	x:xx|a:b:xaab|a|x|::	29 787c3a78787c7c617c3a627c3a786161627c7c617c7c787c7c7c3a7c3a
13	axa:|a	8 6178617c3a7c7c61
26	::|xa:bbb:|xaaxa|ba::xx	24 7c3a7c3a7c7c78617c3a6262627c3a7c7c78616178617c7c
38		0 
21	aa::axb:b:|a||::a:xaxxx	19 61617c3a7c3a6178627c3a627c3a7c7c617c7c
26	xxb|x:bb|bx	14 7878627c7c787c3a62627c7c6278
27	:xb||baabxaa	15 7c3a78627c7c7c7c62616162786161
17	||a:|:axa::::b|xx|:axx|	16 7c7c7c7c617c3a7c7c7c3a6178617c3a
7	axxx:xx|ab:b|||xabxxxxb	6 617878787c3a
35	bb|xb|x:	11 62627c7c78627c7c787c3a
21	b:x||a|bbxb:xx|xb:b	19 627c3a787c7c7c7c617c7c626278627c3a7878
24	aaaa	4 61616161
13	:bxx|bx|xaa:xb|||xb	11 7c3a6278787c7c62787c7c
23	xbbxabxxxa	10 78626278616278787861
37	:||	6 7c3a7c7c7c7c
39	a:::ab:aab:a|xx	21 617c3a7c3a7c3a61627c3a6161627c3a617c7c7878
40	:|a:x:a:|xbba|	21 7c3a7c7c617c3a787c3a617c3a7c7c786262617c7c
31	a|b|b|bx|:b:bba|a|axb|	29 617c7c627c7c627c7c62787c7c7c3a627c3a6262617c7c617c7c617862
9	|axxa	6 7c7c61787861
5	a||xaxbxa:b||	3 617c7c
37	|b||b|b||xab	18 7c7c627c7c7c7c627c7c627c7c7c7c786162
17	xa|||baab|xaaa|xbx:a|	16 78617c7c7c7c7c7c626161627c7c7861
32	bab|bxa|axa||b:|::ax|axbbbb:bx	30 6261627c7c6278617c7c6178617c7c7c7c627c3a7c7c7c3a7c3a61787c7c
31	x|axbx|axbabxx:x|	21 787c7c617862787c7c617862616278787c3a787c7c
39	|b:b	6 7c7c627c3a62
3	:xbxba:|x:b:b|xxa:	2 7c3a
6	|bx|a|b||:|:axb||ba:baxbab|x	4 7c7c6278
5	a:x|x|:::|::xxx|:|	3 617c3a
26	xabbb:xbbaxbb|	16 78616262627c3a786262617862627c7c
15		0 
36	axbaxab:b:xabx:abxa	22 617862617861627c3a627c3a786162787c3a61627861
11	aba:xa|:a|bax:bxxbab	9 6162617c3a78617c7c
30	a|aaxaxax:xx:bba:||bbaxa|xx|x	29 617c7c616178617861787c3a78787c3a6262617c3a7c7c7c7c62626178
9	:xbx|xa:xbbbab:	7 7c3a7862787c7c
38	:::xx	8 7c3a7c3a7c3a7878
12	baabaa:||xb|xxxb:a|	10 6261616261617c3a7c7c
8	axaxa||x::|:	7 61786178617c7c
7		0 
38	abx|xa:xbx||xb:xx:a||a:	32 6162787c7c78617c3a7862787c7c7c7c78627c3a78787c3a617c7c7c7c617c3a
17	x:x::aa|::a::xax:::xxx|x|xab|	16 787c3a787c3a7c3a61617c7c7c3a7c3a
13	|::xbab:	12 7c7c7c3a7c3a786261627c3a
10	|a:|x||aa:b|xa	8 7c7c617c3a7c7c78
8	|xa|xb:bax:	6 7c7c78617c7c
28	a:bxa|axxaaa|:x:abax|a	27 617c3a6278617c7c6178786161617c7c7c3a787c3a616261787c7c
25	b|	3 627c7c
15	aa:x|xa:xxx	14 61617c3a787c7c78617c3a787878
32	aabxb:aa|b:|b	17 61616278627c3a61617c7c627c3a7c7c62
14	ba:x:x:||xxbx	12 62617c3a787c3a787c3a7c7c
39	xab|b|||x:|bax	20 7861627c7c627c7c7c7c7c7c787c3a7c7c626178
10	b|xabb::|:x||xba|x|||xbx:x:	9 627c7c786162627c3a
15	:xx::bxxb:a:|:|:|	14 7c3a78787c3a7c3a627878627c3a
9	||bx||axax|baabbxxxb:|	8 7c7c7c7c62787c7c
3		0 
19	bbb:aa||axbaa|x|xxaa|baxaaxaxx	18 6262627c3a61617c7c7c7c61786261617c7c
24	xa:xaxx|b|xb::aa:a::ba:b|x	23 78617c3a786178787c7c627c7c78627c3a7c3a61617c3a
12	x||:xb:|xabb|bxxx:	11 787c7c7c7c7c3a78627c3a
21	b|a:axaabbx|xb|a|::xx:|xa||b	19 627c7c617c3a617861616262787c7c78627c7c
38	b|xxabaxbxaa	13 627c7c78786162617862786161
34	|:|xxxa|axxb:	18 7c7c7c3a7c7c787878617c7c617878627c3a
33	b:b|	6 627c3a627c7c
24	b::a:bxa|aa|||ab|aaaabax	23 627c3a7c3a617c3a6278617c7c61617c7c7c7c7c7c6162
26	|a:||x::b:x|:ax:xax|:b:||::|	24 7c7c617c3a7c7c7c7c787c3a7c3a627c3a787c7c7c3a6178
10	|bbab	6 7c7c62626162
16	a:aab||:ab:bb|b|:	14 617c3a6161627c7c7c7c7c3a6162
25	aa:xbxax:a	12 61617c3a78627861787c3a61
9	aaa|a	6 6161617c7c61
3	:|:|ax|x|	2 7c3a
15	:aab:bb:bx|	13 7c3a6161627c3a62627c3a6278
29		0 
18	a:|aababa:a||x:a:a|xaxxbxb	16 617c3a7c7c6161626162617c3a617c7c
25	xa:x:a:||ax|	18 78617c3a787c3a617c3a7c7c7c7c61787c7c
28	xaabxaabaaa|axb|:|xba::aaxbb||	27 78616162786161626161617c7c6178627c7c7c3a7c7c7862617c3a
10	axx|::a:a::||bbbab:||x	9 6178787c7c7c3a7c3a
6	:xb|x	4 7c3a7862
10	|	2 7c7c
15	a:x::bb:bxbb::x::abbb:|xb|a:|	14 617c3a787c3a7c3a62627c3a6278
16	|bx:||xxa|xb::x::x|::x|	15 7c7c62787c3a7c7c7c7c7878617c7c
9	:abxb:b|b|bxx::|::	8 7c3a616278627c3a
19	|:x||bbxxb||aab:	18 7c7c7c3a787c7c7c7c62627878627c7c7c7c
10	:xax:b:|xa|:aax|b:b	8 7c3a7861787c3a62
24	abbba::ab|	13 61626262617c3a7c3a61627c7c
33	:x	3 7c3a78
6	|bbb::|	5 7c7c626262
34	||:ba|axxb|:xb:x|:x	28 7c7c7c7c7c3a62617c7c617878627c7c7c3a78627c3a787c7c7c3a78
11	::x:ax	9 7c3a7c3a787c3a6178
21	abx:bbxx|baabaxaba|b	20 6162787c3a626278787c7c626161626178616261
16	xb:x	5 78627c3a78
40	a||:bbb|x|	15 617c7c7c7c7c3a6262627c7c787c7c
14	ab||	6 61627c7c7c7c
31	|bb|x:a|baxaxbaab:a|ba	28 7c7c62627c7c787c3a617c7c6261786178626161627c3a617c7c6261
6	x|	3 787c7c
3	xx:a|:a:a:|xbaxab|:a:a:x|a:a	2 7878
37	aab|ba::bxbb:xb:	21 6161627c7c62617c3a7c3a627862627c3a78627c3a
10	aa	2 6161
20	a:aab:|:::b::b|:|:b	19 617c3a6161627c3a7c7c7c3a7c3a7c3a627c3a
4	b	1 62
9	|x|b:b::ba:|:||xb|b||x	8 7c7c787c7c627c3a
39	b:bbxbaa	9 627c3a626278626161
12	|b::|:ax|b	11 7c7c627c3a7c3a7c7c7c3a
32	:|	4 7c3a7c7c
20	:ba:|xb||:||b|axb:bx::b::x|xaa	18 7c3a62617c3a7c7c78627c7c7c7c7c3a7c7c
16		0 
14	:|bbb||:b:::bxxa|::|:|b	13 7c3a7c7c6262627c7c7c7c7c3a
40	x:x|:xa:a:xababa:bbab|:	31 787c3a787c7c7c3a78617c3a617c3a7861626162617c3a626261627c7c7c3a
38	|:abx|:x:b:bax:|:bbxxa:|:bab	37 7c7c7c3a6162787c7c7c3a787c3a627c3a6261787c3a7c7c7c3a62627878617c3a7c7c7c3a
24	a|x|	6 617c7c787c7c
30	a|x|b:b:b:|:	19 617c7c787c7c627c3a627c3a627c3a7c7c7c3a
37	|xbxxxaxab:ba|:	19 7c7c7862787878617861627c3a62617c7c7c3a
28	|xxab:|b|xxbaa::	22 7c7c787861627c3a7c7c627c7c78786261617c3a7c3a
7	x:|axa:||axbx|axaxxx:	5 787c3a7c7c
3	x::aabbaab|:::::x|b:xxabax	1 78
34	b|b:b|:a||||xxx	23 627c7c627c3a627c7c7c3a617c7c7c7c7c7c7c7c787878
10	|b:::|aa:a|a:|ba:::a	9 7c7c627c3a7c3a7c3a
13		0 
6	ab|x|xb:|||b	4 61627c7c
27	:ab|:|xxa|a:xabx|:x|b|xx|aa:b:	26 7c3a61627c7c7c3a7c7c7878617c7c617c3a786162787c7c7c3a
17	axabbbaa::x|:	15 61786162626261617c3a7c3a787c7c
13	b:|b|bx::x|	12 627c3a7c7c627c7c62787c3a
4	xa:::::|ba:xxxxxab	2 7861
21	bbaa:b:xaa	12 626261617c3a627c3a786161
25	|a|xa|:||bb:a:|b:axa:x	24 7c7c617c7c78617c7c7c3a7c7c7c7c62627c3a617c3a7c7c
15	:xa:|:a:xa:xb:xb||xxaa:|xx	13 7c3a78617c3a7c7c7c3a617c3a
8	xb||:bbb|:|:b:a|:xa|xx	6 78627c7c7c7c
25	|x:|a|x:xb	15 7c7c787c3a7c7c617c7c787c3a7862
19	b:x:::::|	16 627c3a787c3a7c3a7c3a7c3a7c3a7c7c
25	||x|x|xb||bb:|bb|a:x:ba:	24 7c7c7c7c787c7c787c7c78627c7c7c7c62627c3a7c7c6262
6	||b|x|aa::bb|:a:xxbbx||	4 7c7c7c7c
20	||b|a:x|b|	16 7c7c7c7c627c7c617c3a787c7c627c7c
14	xa::|::xx|aba	12 78617c3a7c3a7c7c7c3a7c3a
16	ab:bbbx:ba|xab:xxb:xxbxx:bx:	14 61627c3a626262787c3a62617c7c
21	|||a|xx:||xxbb|b|	20 7c7c7c7c7c7c617c7c78787c3a7c7c7c7c787862
16	:x||x::bab:a:b|:|x:x	15 7c3a787c7c7c7c787c3a7c3a626162
35	x:a::|a:xbb|bbxa:b	25 787c3a617c3a7c3a7c7c617c3a7862627c7c626278617c3a62
3	xaab	2 7861
36	x:||:aabxax	15 787c3a7c7c7c7c7c3a616162786178
25	axxx:	6 617878787c3a
31	xab|x|bxax|	14 7861627c7c787c7c627861787c7c
38	b|x	4 627c7c78
29	x:aa:babb:|ax:bbx	22 787c3a61617c3a626162627c3a7c7c61787c3a626278
31	:|::x|:|x:|:xbbxa:bx	29 7c3a7c7c7c3a7c3a787c7c7c3a7c7c787c3a7c7c7c3a78626278617c3a
18	ax|a:x|xxx|	15 61787c7c617c3a787c7c7878787c7c
17	a:|aba	8 617c3a7c7c616261
5	:a|a:	3 7c3a61
10	b	1 62
29	::aax:xx|ax:aax|::ab	28 7c3a7c3a6161787c3a78787c7c61787c3a6161787c7c7c3a7c3a6162
19	ab::	6 61627c3a7c3a
31	:|baxba:b:aa	16 7c3a7c7c62617862617c3a627c3a6161
29	axx	3 617878
8	bxab|bxbxxbxxx::ab|a	6 627861627c7c
29	x|||::baa:ab|ax|ax	26 787c7c7c7c7c7c7c3a7c3a6261617c3a61627c7c61787c7c6178
12	aa::b:a|:x|ax||b::|ax|:x:|:	10 61617c3a7c3a627c3a61
10	|x::a|bbbaab	8 7c7c787c3a7c3a61
5	|:xa:xx|xa|x||xx:	4 7c7c7c3a
18	|axaaaxbbx|bb:a	17 7c7c6178616161786262787c7c62627c3a
7	bbaxaxxxbaaxx|b	6 626261786178
23	a|||xax::|:	18 617c7c7c7c7c7c7861787c3a7c3a7c7c7c3a
17	||axx|:|x:x|bx||ab:xa:x::|xb	16 7c7c7c7c6178787c7c7c3a7c7c787c3a
8	:b:xxxax|x|	7 7c3a627c3a7878
12	ba|bax||xbx:ba	11 62617c7c6261787c7c7c7c
12	x	1 78
29	x:ba:|:||b|:x:	23 787c3a62617c3a7c7c7c3a7c7c7c7c627c7c7c3a787c3a
31	bxaxbxa|a:a:xb	17 627861786278617c7c617c3a617c3a7862
6	:axabaax|x||a::bbx	5 7c3a617861
39	b|bax|:a|:|bxb:x:|:|x|	34 627c7c6261787c7c7c3a617c7c7c3a7c7c6278627c3a787c3a7c7c7c3a7c7c787c7c
7	:xx|b||x|:a:|bb:xax|	6 7c3a78787c7c
17		0 
12	ba:::b:	11 62617c3a7c3a7c3a627c3a
35	b|bxb|b||||xax:::xbbb::aabbxa|	34 627c7c6278627c7c627c7c7c7c7c7c7c7c7861787c3a7c3a7c3a786262627c3a7c3a
25	:a|a	6 7c3a617c7c61
28	|x|||aaa::::bxax|:b|x||b	26 7c7c787c7c7c7c7c7c6161617c3a7c3a7c3a7c3a627861787c7c
15	ab	2 6162
11	bbx:b|bx|b:xaa||xaax:	10 6262787c3a627c7c6278
37	:::xbax:a||:b::	24 7c3a7c3a7c3a786261787c3a617c7c7c7c7c3a627c3a7c3a
40	b	1 62
13	x||x|:abxb:xxa:|x:::a	12 787c7c7c7c787c7c7c3a6162
8	a|::|x	7 617c7c7c3a7c3a
23		0 
11	xb|aa|x|:b|xbb|:|b|a:ax||b	9 78627c7c61617c7c78
38	:ax:bba|b|a	15 7c3a61787c3a6262617c7c627c7c61
24	b:axa	6 627c3a617861
9	aaba|bx	8 616162617c7c6278
12	a|a:bbbx|xbxx:b|||:a::a|ab	10 617c7c617c3a62626278
27	:aa:baxxxax:x:b::bb||x|ax|abxx	25 7c3a61617c3a626178787861787c3a787c3a627c3a7c3a6262
28	a|:|bab|||xx:bb	22 617c7c7c3a7c7c6261627c7c7c7c7c7c78787c3a6262
8	||a:aaxx	7 7c7c7c7c617c3a
32	bx|axba|aa||:bx||bbbbxx:	30 62787c7c617862617c7c61617c7c7c7c7c3a62787c7c7c7c626262627878
8	xx|x|aab:xax|b||:xb:	7 78787c7c787c7c
38	xb:|abbx|	12 78627c3a7c7c616262787c7c
25	:aaa:ab|:b	14 7c3a6161617c3a61627c7c7c3a62
40	:x:b:a:::b:b::a:bab|x|ax|a|bbx	38 7c3a787c3a627c3a617c3a7c3a7c3a627c3a627c3a7c3a617c3a6261627c7c787c7c61787c7c
24		0 
15	|xa|x|baaa	13 7c7c78617c7c787c7c62616161
5	xb|aa	4 78627c7c
19	xxax|||aa:|:||:::|:	18 787861787c7c7c7c7c7c61617c3a7c7c7c3a
21	bbaaax:|	10 6262616161787c3a7c7c
25	b|xb:xax:xbb||:x	22 627c7c78627c3a7861787c3a7862627c7c7c7c7c3a78
26	:a:xx	7 7c3a617c3a7878
10	||::bb|	8 7c7c7c7c7c3a7c3a
28	aaxaabxbabaax|axb:xbxa|b|:b|	26 616178616162786261626161787c7c6178627c3a786278617c7c
6	:|b|xa::b|:bx|aaaaa:|b||xab	4 7c3a7c7c
17	::|bb:|ba||bxb|	16 7c3a7c3a7c7c62627c3a7c7c62617c7c
34	abxa|:abbb|:|x:|a:ab:||b	32 616278617c7c7c3a616262627c7c7c3a7c7c787c3a7c7c617c3a61627c3a7c7c
28	a:xbaa|x|x:xaba|x|ax|x	26 617c3a786261617c7c787c7c787c3a786162617c7c787c7c6178
35	:aba:ax||xabbab:	21 7c3a6162617c3a61787c7c7c7c7861626261627c3a
7	|	2 7c7c
24	|ba|ax|abx	13 7c7c62617c7c61787c7c616278
40	b|a::x:	11 627c7c617c3a7c3a787c3a
4		0 
9	|baa|	7 7c7c6261617c7c
38	::bb:|:b:a:|:xx|axa|||xxbb|xx	37 7c3a7c3a62627c3a7c7c7c3a627c3a617c3a7c7c7c3a78787c7c6178617c7c7c7c7c7c7878
38	xbba|axabaax:x::|ax:a||ax:b:||	36 786262617c7c617861626161787c3a787c3a7c3a7c7c61787c3a617c7c7c7c61787c3a62
17	:aabaxaxxaab:bbax:xaax	15 7c3a61616261786178786161627c3a
9	xaaa:baxbaabbbax:	8 786161617c3a6261
27	xaaa	4 78616161
3	:||:bbbb|:b:axx||x|b|b|	2 7c3a
37	x|a:baaa	10 787c7c617c3a62616161
32	:xa	4 7c3a7861
6	a:x:|x|a||:|xbx	4 617c3a78
27	axab:x	7 617861627c3a78
26	bxa:bab|aaax:bbxa:|b|||a:abba	24 6278617c3a6261627c7c616161787c3a626278617c3a7c7c
24	aaab:xaaa||xb:aa:xx::|::|a||	22 616161627c3a786161617c7c7c7c78627c3a61617c3a
14	||x|	7 7c7c7c7c787c7c
20	aa|:a||a:|:xbax	18 61617c7c7c3a617c7c7c7c617c3a7c7c7c3a
8	::|bbbxab|:abxbx	6 7c3a7c3a7c7c
33	b:b	4 627c3a62
16	x|aab:a:||bxabx:|baxxbbabxx:	15 787c7c6161627c3a617c3a7c7c7c7c
5	ba|||||:bb|:a	4 62617c7c
36	b|	3 627c7c
33	|::b||bxbxxxb|ax	22 7c7c7c3a7c3a627c7c7c7c627862787878627c7c6178
14	::bbaax||::	13 7c3a7c3a62626161787c7c7c7c
21	abaaa:xa||:a:a|	19 61626161617c3a78617c7c7c7c7c3a617c3a61
17	a|aaxb|x|xaaaxb:|b|bb|x:|abaa:	16 617c7c616178627c7c787c7c78616161
18	:|abxbxbxbb:a|aax:|x:|:x|:b	16 7c3a7c7c6162786278627862627c3a61
3	x|axa:|bb	1 78
30	:a||:xxx|bbb:a:|bb|:xb||||b|x	28 7c3a617c7c7c7c7c3a7878787c7c6262627c3a617c3a7c7c62627c7c
9	b:|b|x:b:bxaxxa|a||::ab:bx|b	8 627c3a7c7c627c7c
22	:ax|x|||b:xab	19 7c3a61787c7c787c7c7c7c7c7c627c3a786162
26	||bb|:b|:a|:x||xx	25 7c7c7c7c62627c7c7c3a627c7c7c3a617c7c7c3a787c7c7c7c
4	:xxb|::|abbxxx|x|	2 7c3a
32	a|a:a:||baa|:xxxb:ax|b|b	30 617c7c617c3a617c3a7c7c7c7c6261617c7c7c3a787878627c3a61787c7c
20	xa:|:|:a|bxbab::bba:	19 78617c3a7c7c7c3a7c7c7c3a617c7c62786261
30	aa:x|:	9 61617c3a787c7c7c3a
18	xaxxb|x|:abxx:bba	16 78617878627c7c787c7c7c3a61627878
5	|ab|xx:|xaa	4 7c7c6162
38	x:	3 787c3a
7	bx:|::bbax|	6 62787c3a7c7c
36	|x::|||a|aa|||:ab|xx	32 7c7c787c3a7c3a7c7c7c7c7c7c617c7c61617c7c7c7c7c7c7c3a61627c7c7878
37	:b|:::bxxb|:::x:b:a:	32 7c3a627c7c7c3a7c3a7c3a627878627c7c7c3a7c3a7c3a787c3a627c3a617c3a
35	:xa:bxaa|baxa|xabbxx	24 7c3a78617c3a627861617c7c626178617c7c786162627878
17	b|bax|xb|bx:|bxbab:|b	16 627c7c6261787c7c78627c7c62787c3a
24	x|bx:bb|:b|b|bb	21 787c7c62787c3a62627c7c7c3a627c7c627c7c6262
15	aaaxb:aax|:x|ax||:|x:|a|:b:	14 61616178627c3a6161787c7c7c3a
10	:|b|bax|b|ba	9 7c3a7c7c627c7c6261
18	b:ax:bxa::a|bbb:x|bba|:|	17 627c3a61787c3a6278617c3a7c3a617c7c
32	|x::ab:baxbxbaababbxaaa	27 7c7c787c3a7c3a61627c3a62617862786261616261626278616161
26	|x:::a	10 7c7c787c3a7c3a7c3a61
31	:aabx|:xxbx:ax	18 7c3a616162787c7c7c3a787862787c3a6178
5	a|b:axa|baxb:|xbb	3 617c7c
31	axabb	5 6178616262
11	||xa|	8 7c7c7c7c78617c7c
28	b|bb||axx:b::xbxbbb::	27 627c7c62627c7c7c7c6178787c3a627c3a7c3a7862786262627c3a
5	:ax|xaa:bb|bxbabx	4 7c3a6178
24	b:aa|xxbxxbx:xbaba|xxa|:|abx|	23 627c3a61617c7c787862787862787c3a78626162617c7c
12	xxx|	5 7878787c7c
3	|aaba|:aaaaa:	2 7c7c
7	x:|xbba||xxxb:x	5 787c3a7c7c
7	b|abbxaxxx||a:|xba:bbbab	6 627c7c616262
21	axaax|aba:axxa:||aa:a|	20 61786161787c7c6162617c3a617878617c3a7c7c
16	|ax:ab|bxa:	15 7c7c61787c3a61627c7c6278617c3a
32	::x|:|xba::b||:abax:x|a	31 7c3a7c3a787c7c7c3a7c7c7862617c3a7c3a627c7c7c7c7c3a616261787c3a
17	ba:::ab|:::|bx::bx:|aa:xa||	16 62617c3a7c3a7c3a61627c7c7c3a7c3a
38	||a:a:aax|b:a	19 7c7c7c7c617c3a617c3a6161787c7c627c3a61
4	::|abaa::x|a|:x:bxa:|:|	2 7c3a
17	aa	2 6161
26	|:x|a|b|x:abb:b|bbbxx	24 7c7c7c3a787c7c617c7c627c7c787c3a6162627c3a627c7c
29	x:x|bb||b|:xx|:::xxaxbxx	27 787c3a787c7c62627c7c7c7c627c7c7c3a78787c7c7c3a7c3a7c3a
13	:x|a:xx:ba|x	12 7c3a787c7c617c3a78787c3a
15	||:xabx|x:	13 7c7c7c7c7c3a786162787c7c78
35	bxax:b	7 627861787c3a62
33		0 
22	x:a|:a:xax|aaaaaa|x:b:aa	21 787c3a617c7c7c3a617c3a7861787c7c6161616161
25		0 
4	|::abbab:xx	2 7c7c
29	baax|a|xx:|:abb|||::xa:x::|	28 626161787c7c617c7c78787c3a7c7c7c3a6162627c7c7c7c7c7c7c3a
29	:xbxb|:ba|	14 7c3a786278627c7c7c3a62617c7c
25	baxx:|aaa:aa	15 626178787c3a7c7c6161617c3a6161
23	b|xaab:xb:x:bax|x|aaxxaxa	21 627c7c786161627c3a78627c3a787c3a6261787c7c
15	x|bx::xx|xaa:a|bbax	13 787c7c62787c3a7c3a78787c7c
12	a:x:ba|x|x:x:|xbaaxbb|a|xb||a:	10 617c3a787c3a62617c7c
28		0 
18	|b|ax||xx||b|aa:::ax:axbx:xb:a	17 7c7c627c7c61787c7c7c7c78787c7c7c7c
6	:bx::xbaa|aax|:bab:x	4 7c3a6278
11	::xaxxaba|ab:||	10 7c3a7c3a786178786162
18	ba:bxx::aabx|xb||a|x::bx|x:	17 62617c3a6278787c3a7c3a616162787c7c
25	bb:bxxb|a|x|xbx:x|:x||:	24 62627c3a627878627c7c617c7c787c7c7862787c3a787c7c
15	aaba::x|a:axx::a|::bbaa	14 616162617c3a7c3a787c7c617c3a
19	|:|	6 7c7c7c3a7c7c
25	||x::	9 7c7c7c7c787c3a7c3a
40	|bxbxbab|ba|:	17 7c7c627862786261627c7c62617c7c7c3a
23	axa||x:b||b|bbxaxbb:bxba	22 6178617c7c7c7c787c3a627c7c7c7c627c7c62627861
38	||x|	7 7c7c7c7c787c7c
12	::|x:ab|a|baaxb:x	11 7c3a7c3a7c7c787c3a6162
5	:x|xax|x::|a	3 7c3a78
17	:xa|:bab|bbxaxbx:axb|	16 7c3a78617c7c7c3a6261627c7c626278
36	b|abx::::|x:	19 627c7c6162787c3a7c3a7c3a7c3a7c7c787c3a
14	|bb|abx|xxbbab::::bxbx||x	13 7c7c62627c7c6162787c7c7878
23	xbxxx:::bbxx	15 78627878787c3a7c3a7c3a62627878
7	x|ax|xb|:ab||::b	5 787c7c6178
27	a:x|baa|::xb:aax|:bb::	26 617c3a787c7c6261617c7c7c3a7c3a78627c3a6161787c7c7c3a
22	::xxba:x|b|:x::	21 7c3a7c3a787862617c3a787c7c627c7c7c3a787c3a
21	x|bb||:bb|aba::a:b|x|	20 787c7c62627c7c7c7c7c3a62627c7c6162617c3a
39	xa::b||xa|babxb|b:aa|:||:ax|	37 78617c3a7c3a627c7c7c7c78617c7c62616278627c7c627c3a61617c7c7c3a7c7c7c7c7c3a
15	::x:b|	10 7c3a7c3a787c3a627c7c
25	a:xx:|bba||a::|axx:xxx	23 617c3a78787c3a7c7c6262617c7c7c7c617c3a7c3a7c7c
12	b|bb|ab	9 627c7c62627c7c6162
26	||a:	7 7c7c7c7c617c3a
37	:b|xa|xabxbxaxax	19 7c3a627c7c78617c7c78616278627861786178
12	|xxxbb||||x::aaxax||a:xab	11 7c7c78787862627c7c7c7c
31	a	1 61
9	a:bab|xbxaxa:bxaa||ax|:::x|	8 617c3a6261627c7c
32	|:x|aa|bx|aaba:x:|xxa||x||::|b	31 7c7c7c3a787c7c61617c7c62787c7c616162617c3a787c3a7c7c7878617c7c
10	ba|xbxbbxbaa:ab:a|	9 62617c7c7862786262
15	x:x:x:a:aa::aaxa::a	14 787c3a787c3a787c3a617c3a6161
13	xx:aabb:b|abxxbxbbabaaba:|ab:b	11 78787c3a616162627c3a62
35	|||b:a|x:aab:||	24 7c7c7c7c7c7c627c3a617c7c787c3a6161627c3a7c7c7c7c
39	xb|::aaab	12 78627c7c7c3a7c3a61616162
27	xxa::|ax:aa|:xbxba|a|:xxbxa:a	26 7878617c3a7c3a7c7c61787c3a61617c7c7c3a78627862617c7c
40	|a:b::|abb:xa:x:x:|b|xaa	35 7c7c617c3a627c3a7c3a7c7c6162627c3a78617c3a787c3a787c3a7c7c627c7c786161
32	x:a::|xa:a	15 787c3a617c3a7c3a7c7c78617c3a61
19	:bxb|||b:x|x|:xb|:::	17 7c3a6278627c7c7c7c7c7c627c3a787c7c
30	xxxbb|xb|b:xab|xaa:|x|a:a	29 78787862627c7c78627c7c627c3a7861627c7c7861617c3a7c7c787c7c
15	:bxa::axbx|bxbx||:bab|b||	13 7c3a6278617c3a7c3a61786278
38	|x|bbbbbb|xx:|	19 7c7c787c7c6262626262627c7c78787c3a7c7c
3	|:b	2 7c7c
31	|aaaabaxxxaa:|x	18 7c7c61616161626178787861617c3a7c7c78
28	:a:|x	8 7c3a617c3a7c7c78
34	a|x|:baaxa|::b:xbb	25 617c7c787c7c7c3a62616178617c7c7c3a7c3a627c3a786262
39	|a:bbbb|b|	14 7c7c617c3a626262627c7c627c7c
6	b|ab:ba|x:a:b:	5 627c7c6162
37	a|b:|:xxa::x:x|:x:bx	30 617c7c627c3a7c7c7c3a7878617c3a7c3a787c3a787c7c7c3a787c3a6278
16	xx|xxx:xa|ab|xa:aa|	15 78787c7c7878787c3a78617c7c6162
33	|xx:x|:a|aaabb:x|axxb	28 7c7c78787c3a787c7c7c3a617c7c61616162627c3a787c7c61787862
19	xxxaab:b:	11 7878786161627c3a627c3a
5	a::xb|a:x:bb::x|b:|b:ax|bbb	3 617c3a
8	x	1 78
15	baxx|xxxaa|baabb|xaxx|bx:axa	13 626178787c7c78787861617c7c
26	:b	3 7c3a62
24		0 
33	a:ab:ax||ax:bba|:||:axxba|:x	32 617c3a61627c3a61787c7c7c7c61787c3a6262617c7c7c3a7c7c7c7c7c3a6178
9	aa::|b|b:|:xba::	8 61617c3a7c3a7c7c
33	:|aabb|:x|	15 7c3a7c7c616162627c7c7c3a787c7c
25	b:abxxx|x|:b:|baaxa:::b	24 627c3a61627878787c7c787c7c7c3a627c3a7c7c62616178
14	|xx:	6 7c7c78787c3a
16		0 
32	xa||x|aaax:bx:::a:	26 78617c7c7c7c787c7c616161787c3a62787c3a7c3a7c3a617c3a
4	xaaxaa:|ab	3 786161
20	xaab|xa|xbx|ba|a:bx	19 786161627c7c78617c7c7862787c7c62617c7c
18	|x|b::	10 7c7c787c7c627c3a7c3a
16	b|xb|xbb|xxbxaax:	15 627c7c78627c7c7862627c7c787862
30	x:axx:xbba::bbaabx	22 787c3a6178787c3a786262617c3a7c3a626261616278
37	|xx|:|:a:b||a|ababb:|ab|a:ba	36 7c7c78787c7c7c3a7c7c7c3a617c3a627c7c7c7c617c7c61626162627c3a7c7c61627c7c
8	xab|b:|xbxax|xa||xba|||	6 7861627c7c62
37	|xb:bba:baxb|:a|:x|:xbx	32 7c7c78627c3a6262617c3a626178627c7c7c3a617c7c7c3a787c7c7c3a786278
5	:xb|bb	4 7c3a7862
15	b::|b|x:	13 627c3a7c3a7c7c627c7c787c3a
9	bb:b|xbbbbaxxaxa|ax	7 62627c3a627c7c
31	xbx:aa|x:|||aa|xxa	25 7862787c3a61617c7c787c3a7c7c7c7c7c7c61617c7c787861
16	bx:::|:xbbaxx:xxxx:||xaxa:abx	15 62787c3a7c3a7c3a7c7c7c3a786262
29	axxa	4 61787861
40	b|bxaa|||axb::ax	22 627c7c627861617c7c7c7c7c7c6178627c3a7c3a6178
12	a:a|abxb::a|x:a:bx|b:aaabxb	10 617c3a617c7c61627862
18	b:b:bx|:a|||a:xa|a|::|||bx:	17 627c3a627c3a62787c7c7c3a617c7c7c7c
38	x:ab::|xaxxb:aax:b	24 787c3a61627c3a7c3a7c7c78617878627c3a6161787c3a62
19	|xxa|a|abab:xbxxb:|bbxa|a|:b:	18 7c7c7878617c7c617c7c616261627c3a7862
34	aa::ba|bxaa:::axbbx:x:::	32 61617c3a7c3a62617c7c627861617c3a7c3a7c3a61786262787c3a787c3a7c3a
34	|xbxxbab|xx:b	16 7c7c786278786261627c7c78787c3a62
35	baaa:x:axx	12 626161617c3a787c3a617878
23	|ba:bxab:|bbxx::|:x|xb::	22 7c7c62617c3a627861627c3a7c7c626278787c3a7c3a
3		0 
18	|a||b|xaabax:::|a|x	16 7c7c617c7c7c7c627c7c786161626178
28	x||a	6 787c7c7c7c61
21	:|ax:|ax:b|:|	19 7c3a7c7c61787c3a7c7c61787c3a627c7c7c3a
28	x|aab|b:|bbb:x:axx:|ba:xbb	26 787c7c6161627c7c627c3a7c7c6262627c3a787c3a6178787c3a
5	|abx|:bbaab|b:xx:x::bx:	4 7c7c6162
6	bxbbb||bb:xxa:	5 6278626262
12	b|	3 627c7c
31	bx:::xbb|bbax|:xa|bxbba|a:|::x	30 62787c3a7c3a7c3a7862627c7c626261787c7c7c3a78617c7c6278626261
30	ba:xa|bxxa|b|:xxbx	23 62617c3a78617c7c627878617c7c627c7c7c3a78786278
28	bbaabxxxxbx|::::ba:|xx|	27 62626161627878787862787c7c7c3a7c3a7c3a7c3a62617c3a7c7c
3	a:||:a|a|:|b	1 61
23	ba|a|||x	12 62617c7c617c7c7c7c7c7c78
30	b|:::bxa:	14 627c7c7c3a7c3a7c3a6278617c3a
14	bb||b:xxbaa|xxb:x::bxx:xx:xbx	13 62627c7c7c7c627c3a78786261
32	|a:|xa:ab::|:x|::x:xa:|	31 7c7c617c3a7c7c78617c3a61627c3a7c3a7c7c7c3a787c7c7c3a7c3a787c3a
40	xb:bababaxaxa|:a|:bbx	26 78627c3a626162616261786178617c7c7c3a617c7c7c3a626278
20	bbaa|::|:|b|xb|ab	19 626261617c7c7c3a7c3a7c7c7c3a7c7c627c7c
13	|a||x|::b:a|x	12 7c7c617c7c7c7c787c7c7c3a
33	xababaxb|ab|bb|bx|:|:a	29 78616261626178627c7c61627c7c62627c7c62787c7c7c3a7c7c7c3a61
37	|bb||:b|b|b|bxb	22 7c7c62627c7c7c7c7c3a627c7c627c7c627c7c627862
40	:ba:|||babb:bx:xbba:b|	31 7c3a62617c3a7c7c7c7c7c7c626162627c3a62787c3a786262617c3a627c7c
19	:axxabxa::||b|xbbxbxbbx|:	17 7c3a617878616278617c3a7c3a7c7c7c7c
30	xa|ax:||xa|x:b|	22 78617c7c61787c3a7c7c7c7c78617c7c787c3a627c7c
10	|x:ax|abbbb|ab:xb:::xbx|	9 7c7c787c3a61787c7c
28	a|bbx:aaxab:|axb:x:bax|axaa	27 617c7c6262787c3a61617861627c3a7c7c6178627c3a787c3a6261
30	xx	2 7878
18	:xab|:::bb|xxb|x|b|:	17 7c3a7861627c7c7c3a7c3a7c3a62627c7c
13		0 
9	::aa	6 7c3a7c3a6161
22	abb:b:x:a|aa|b|b|ax:|||a|b||:|	21 6162627c3a627c3a787c3a617c7c61617c7c627c7c
3	x:|a|a:b::|xax:||::a:|bba:	1 78
40	||:|b|ax:b|||:b||:b|xbb|b|:	39 7c7c7c7c7c3a7c7c627c7c61787c3a627c7c7c7c7c7c7c3a627c7c7c7c7c3a627c7c7862627c7c
28	:a	3 7c3a61
3	bxx|aa|xb|	2 6278
8	|::b|x|xb|x	6 7c7c7c3a7c3a
10	baa|aab|abxx:aa|xbxa:axabaa|	8 6261617c7c616162
23	xbxb	4 78627862
18	ab	2 6162
10	:::b|a:xxa:ax|||babxa	9 7c3a7c3a7c3a627c7c
12	xbax:bbax||:x	10 786261787c3a62626178
22	:a::abb:|abb|a::|ab	20 7c3a617c3a7c3a6162627c3a7c7c6162627c7c61
6	|:x:::bba::aa|	4 7c7c7c3a
8	::xxa:ba|bxb	7 7c3a7c3a787861
6	:a	3 7c3a61
8	xabx:|a	6 786162787c3a
15	bbbx:b|aa::aab|b:b|ba||x	13 626262787c3a627c7c61617c3a
10	:bax|xxx|bax|bb:ba:	9 7c3a6261787c7c7878
29	||axb:aaa|:|a|:aa|x:||b:bb||ba	27 7c7c7c7c6178627c3a6161617c7c7c3a7c7c617c7c7c3a61617c7c
13	b|a:ba|a|||x|:ab	11 627c7c617c3a62617c7c61
22	xxb::xbxa:ba|ax::aax::|xx	21 7878627c3a7c3a786278617c3a62617c7c61787c3a
37	:xa:a:|a|xabb|x|bab::|:x	35 7c3a78617c3a617c3a7c7c617c7c786162627c7c787c7c6261627c3a7c3a7c7c7c3a78
9	:a:b:|x||bb	8 7c3a617c3a627c3a
15	a|:|:|aaxb	14 617c7c7c3a7c7c7c3a7c7c616178
5	bb:bx::x|ba|axba	4 62627c3a
27	|bba:xb|:bbxaab::xaa:a|a	26 7c7c6262617c3a78627c7c7c3a6262786161627c3a7c3a786161
4	|aa	2 7c7c
14	ba:bx:b:|ax:	13 62617c3a62787c3a627c3a7c7c
25	ax::axab	10 61787c3a7c3a61786162
5	||a	4 7c7c7c7c
4	bbax|xbba:b|||xa:::xa|aax|	3 626261
4	|:aba:a|xab:|x|::bbb|a	2 7c7c
19		0 
7	|a::x|:b:|ab|xa|:xbabbbb	5 7c7c617c3a
26	||bax|a:xxaxb:b:a::xx:||ax:x	25 7c7c7c7c6261787c7c617c3a78786178627c3a627c3a617c3a
21	x:b|bxbxa|:::ab||a	19 787c3a627c7c62786278617c7c7c3a7c3a7c3a
8	:x:a||b::xax::|b|axx|a:x	6 7c3a787c3a61
21	:b:xb::bxx:axb	19 7c3a627c3a78627c3a7c3a6278787c3a617862
18	:|:b:x:|axa::	17 7c3a7c7c7c3a627c3a787c3a7c7c617861
16	||x	5 7c7c7c7c78
30		0 
29	|b|aa:x	10 7c7c627c7c61617c3a78
28	|a|xaax|abb:||:	22 7c7c617c7c786161787c7c6162627c3a7c7c7c7c7c3a
26	bab:::baxxxax|	18 6261627c3a7c3a7c3a626178787861787c7c
7	|babbxb|a|bxb	6 7c7c62616262
11	::bb::bxx	10 7c3a7c3a62627c3a7c3a
33	:	2 7c3a
30	::	4 7c3a7c3a
34	x|:b|xbxxx:bxxb|b:a|b|	30 787c7c7c3a627c7c78627878787c3a627878627c7c627c3a617c7c627c7c
40	xab:|x	8 7861627c3a7c7c78
36		0 
13	b:aaxx::ax:b||baa|||xx:a:	11 627c3a616178787c3a7c3a
19	|aa|xxa:|::x|bx:||b||a|x||	17 7c7c61617c7c7878617c3a7c7c7c3a7c3a
7	ba:||	6 62617c3a7c7c
27	:x:a:bx|a	13 7c3a787c3a617c3a62787c7c61
19	x:|:aabbab||:|:|||x	17 787c3a7c7c7c3a6161626261627c7c7c7c
36	|x:x|||bb:babba:xa	25 7c7c787c3a787c7c7c7c7c7c62627c3a62616262617c3a7861
40	a|xxaab:aabaab:	18 617c7c78786161627c3a6161626161627c3a
3	:bbax||bbxb||b|:xb:|bxa||b|	2 7c3a
11	a|bab|:axa:a|:b|||x|xa|abb|a	10 617c7c6261627c7c7c3a
28	bxbxx:ax|b:|b|x:|||abb	26 62786278787c3a61787c7c627c3a7c7c627c7c787c3a7c7c7c7c
16	::a:|b|bbax|x	15 7c3a7c3a617c3a7c7c627c7c626261
27	abbb||xxbab:a:ax:	22 616262627c7c7c7c78786261627c3a617c3a61787c3a
8	a:a:b|||a:x|xbbxx|baba|xbabx|b	6 617c3a617c3a
19	a:x	4 617c3a78
19	:xxxxb::|a|	16 7c3a78787878627c3a7c3a7c7c617c7c
4	:b:bxbx	2 7c3a
18	xa|b:|bbxa||xxababa:xxb|:	17 78617c7c627c3a7c7c626278617c7c7c7c
36	:bx|:|xa:xaba:x:b::|:xaaxaxa	35 7c3a62787c7c7c3a7c7c78617c3a786162617c3a787c3a627c3a7c3a7c7c7c3a786161
20	|:b|||a	12 7c7c7c3a627c7c7c7c7c7c61
26	a	1 61
19	bxb:b:xa|a:b|	18 6278627c3a627c3a78617c7c617c3a627c7c
25	::	4 7c3a7c3a
30	|x	3 7c7c78
9	|:ba:b:a	8 7c7c7c3a62617c3a
31	:bbbx:ax|:xabxb	19 7c3a626262787c3a61787c7c7c3a7861627862
40	:	2 7c3a
22	ba:|xbabaaxaaxa	17 62617c3a7c7c7862616261617861617861
35	xxx:b:x::xb:x::xaxaa|bxxa||x	33 7878787c3a627c3a787c3a7c3a78627c3a787c3a7c3a78617861617c7c62787861
25	baa|:aa	9 6261617c7c7c3a6161
6	bbbxaxbbba||x|a:xbx|b	5 6262627861
29	|x|bxxx|xx|:bxbax|	24 7c7c787c7c627878787c7c78787c7c7c3a62786261787c7c
33	|aaxaa|aaxa:ab:b:a:aaxbbx:|	31 7c7c61617861617c7c616178617c3a61627c3a627c3a617c3a616178626278
10	b:b::baxx:|	8 627c3a627c3a7c3a
18	|xxax|:xbax:xxabab	16 7c7c787861787c7c7c3a786261787c3a
28	|:x:|bx:xbaa|	19 7c7c7c3a787c3a7c7c62787c3a786261617c7c
31	babb:x||ax:||xa:aa|||::x	29 626162627c3a787c7c7c7c61787c3a7c7c7c7c78617c3a61617c7c7c7c
39	|	2 7c7c
27	b||	5 627c7c7c7c
35	b|b	4 627c7c62
23	b|b:::|bx::xb::b	22 627c7c627c3a7c3a7c3a7c7c62787c3a7c3a78627c3a
28	b|xa|aaxb:b|	16 627c7c78617c7c616178627c3a627c7c
14	xxxb:xxxb::b|b|x	12 787878627c3a787878627c3a
40	babxba:	8 6261627862617c3a
28	xxax|b|a	10 787861787c7c627c7c61
29	|a|:b|xa:abaxaa	20 7c7c617c7c7c3a627c7c78617c3a616261786161
7		0 
23	axxbxx|xax::|||:x:ba::ba	21 6178786278787c7c7861787c3a7c3a7c7c7c7c7c7c
7	xx	2 7878
15	xa:xa|bxx:|a	13 78617c3a78617c7c6278787c3a
10	b|xaaab:bbax|aaaxa|a::xa:|ab	8 627c7c7861616162
7	|aa::x|	6 7c7c61617c3a
32	ax|x	5 61787c7c78
31	bb||x|bab|a::::bbbxb||:bb|ba:	30 62627c7c7c7c787c7c6261627c7c617c3a7c3a7c3a7c3a62626278627c7c
6	axb:b::|	5 6178627c3a
31	||abxxbaa|:axaba:xbx	25 7c7c7c7c616278786261617c7c7c3a61786162617c3a786278
30	:xx|a::a:|xbaxa|xaaa:bx|x	29 7c3a78787c7c617c3a7c3a617c3a7c7c78626178617c7c786161617c3a
6	:|ab|x:xxx:x:|axxx|:bbaab::	4 7c3a7c7c
4	|xb|bx	2 7c7c
22	b|b:xxxbb|	13 627c7c627c3a78787862627c7c
38	b|a:aabaxb:a::ba|:b:xaab|bb|	36 627c7c617c3a6161626178627c3a617c3a7c3a62617c7c7c3a627c3a786161627c7c6262
13	|xa:a::ba:bbx::b|::bxxxx:	11 7c7c78617c3a617c3a7c3a
4		0 
5	bbabba:xx|xa	4 62626162
5	|:x|b:bax|bxa|:xx|x	4 7c7c7c3a
33	|::a|:a:x:xbb|::x|bbxx	32 7c7c7c3a7c3a617c7c7c3a617c3a787c3a7862627c7c7c3a7c3a787c7c626278
27	a|xa:a|bbxbxabbx:|:|aabaxxbxx	25 617c7c78617c3a617c7c6262786278616262787c3a7c7c7c3a
21	a:|::|:a|:xb:	20 617c3a7c7c7c3a7c3a7c7c7c3a617c7c7c3a7862
18	abx|ab|::a||x:ab	16 6162787c7c61627c7c7c3a7c3a617c7c
13	a:x	4 617c3a78
11	xb||::	10 78627c7c7c7c7c3a7c3a
22	x|b:x	7 787c7c627c3a78
29	|:|x::|a|bxx|b::ab|:|:ab|::a	28 7c7c7c3a7c7c787c3a7c3a7c7c617c7c6278787c7c627c3a7c3a6162
7	aa::aa|:aa|	6 61617c3a7c3a
35	babababbxx||xbaaabbxbbx:bb|aa	33 626162616261626278787c7c7c7c78626161616262786262787c3a62627c7c6161
10		0 
23	::||b||b|||ab	22 7c3a7c3a7c7c7c7c627c7c7c7c627c7c7c7c7c7c6162
34	xx:x:xa||b|a|:abx:x|	29 78787c3a787c3a78617c7c7c7c627c7c617c7c7c3a6162787c3a787c7c
40	:a||:ba|xa|a:||x	25 7c3a617c7c7c7c7c3a62617c7c78617c7c617c3a7c7c7c7c78
34	bbaaaa:a:xx	13 6262616161617c3a617c3a7878
37	:a|xababab||bbaab:b|ax|a	31 7c3a617c7c786162616261627c7c7c7c62626161627c3a627c7c61787c7c61
12	|	2 7c7c
15	xaabbb:|a|bbbaxx::|||:|x	13 7861616262627c3a7c7c617c7c
32	ab:	4 61627c3a
24	::a||b|xxx|:a:ab|:|xb|xxb|bx	22 7c3a7c3a617c7c7c7c627c7c7878787c7c7c3a617c3a
8	xa|xx||||b	6 78617c7c7878
12	:aa	4 7c3a6161
11	:bb:b|||ax||	9 7c3a62627c3a627c7c
39	:|xb|::|||a|:::b||a	33 7c3a7c7c78627c7c7c3a7c3a7c7c7c7c7c7c617c7c7c3a7c3a7c3a627c7c7c7c61
34	b:|:::bx	13 627c3a7c7c7c3a7c3a7c3a6278
3	:ab|:|axax|:aaa:|b	2 7c3a
3	aa|xbaxax:	2 6161
12		0 
7	|:|xax	6 7c7c7c3a7c7c
31	b|a|aabax|:|b	18 627c7c617c7c61616261787c7c7c3a7c7c62
28	abax:x:bbx:	14 616261787c3a787c3a6262787c3a
26	b	1 62
11	:a	3 7c3a61
27	xbxab:xb:xb|:xa::bbb|::::b:	26 78627861627c3a78627c3a78627c7c7c3a78617c3a7c3a626262
27	ax|xa|bax|x:x|:a|	24 61787c7c78617c7c6261787c7c787c3a787c7c7c3a617c7c
26	:|x||b|:|b	17 7c3a7c7c787c7c7c7c627c7c7c3a7c7c62
16	|abbxxxb:x|aaa:|	14 7c7c616262787878627c3a787c7c
37		0 
11	xxx|b|	8 7878787c7c627c7c
29	|bx|x|b:||::a	21 7c7c62787c7c787c7c627c3a7c7c7c7c7c3a7c3a61
4	|axxb|ba|x::xxbx|ab||bxaa:bx|b	2 7c7c
10	a	1 61
26	aa:aaxb|:||x:|||xxxb:a:xaa	25 61617c3a616178627c7c7c3a7c7c7c7c787c3a7c7c7c7c7c7c
24	xb:aba:ab:xx:|a:xaaaxx::|b|a|	22 78627c3a6162617c3a61627c3a78787c3a7c7c617c3a
40	ab|a||a:|b::aa:bx	25 61627c7c617c7c7c7c617c3a7c7c627c3a7c3a61617c3a6278
8	ab:ab:|:x||:aa|::b|:|xabbaax	6 61627c3a6162
20	bbaabxab	8 6262616162786162
19	xbxa:b:a||ax|b:|baaxa	18 786278617c3a627c3a617c7c7c7c61787c7c
12	xa|baxba|bax|bxbb:bb|abx:	11 78617c7c62617862617c7c
7	xx||:a|:|xa:a:|x|:a:bxb::a	6 78787c7c7c7c
5	a|x:x:a||a:xb:x:a:xax|||	3 617c7c
15	a|ax	5 617c7c6178
31	|x|baxbxb|axxa|:axb	24 7c7c787c7c6261786278627c7c617878617c7c7c3a617862
5	x:ba:a|:xbab||x	3 787c3a
25	baaa::|	10 626161617c3a7c3a7c7c
17	baxxb:aaaa	11 62617878627c3a61616161
17	x||xx	7 787c7c7c7c7878
33	aabx||baa	11 616162787c7c7c7c626161
39	|::ab:x:xb|xxbx|x	24 7c7c7c3a7c3a61627c3a787c3a78627c7c787862787c7c78
27	|	2 7c7c
17	b:|:bbxxb	12 627c3a7c7c7c3a6262787862
13	||x::bxx|b|:::b	12 7c7c7c7c787c3a7c3a627878
36	|:b:bb:	11 7c7c7c3a627c3a62627c3a
37		0 
19	|bab	5 7c7c626162
15	||a	5 7c7c7c7c61
33	:::a|bxx|b|a:ax::::	30 7c3a7c3a7c3a617c7c6278787c7c627c7c617c3a61787c3a7c3a7c3a7c3a
9	ba|b	5 62617c7c62
9	:xxb:a||a:a:xax|::aa	7 7c3a7878627c3a
13	:axa:a|::bx|ab:bx	12 7c3a6178617c3a617c7c7c3a
7	a:b|abaaxx:|:aa||bxbx|:a	6 617c3a627c7c
25	bbxx||bxxaxxa	15 626278787c7c7c7c62787861787861
4	xbx:||:|b::b	3 786278
21	xxbx|xa::x:ab||aa	19 787862787c7c78617c3a7c3a787c3a61627c7c
11	a:a|abbbxb:x:a	10 617c3a617c7c61626262
6	bx|b	4 62787c7c
13	baxa:b:|xabbx|abxa:x:a|axx||	11 626178617c3a627c3a7c7c
5	xa|:|a|b:bbaxxxa:bab	4 78617c7c
5	:x:|bxba:aabab:x||	3 7c3a78
28	|:	4 7c7c7c3a
28	xaxba::b:bxbba|b|a:::	27 78617862617c3a7c3a627c3a62786262617c7c627c7c617c3a7c3a
28	xxxx|:xa:	12 787878787c7c7c3a78617c3a
32	ax|bxx:bbx:bbx|::a::axa	31 61787c7c6278787c3a6262787c3a6262787c7c7c3a7c3a617c3a7c3a617861
40	||::bab|||:xx	21 7c7c7c7c7c3a7c3a6261627c7c7c7c7c7c7c3a7878
35	x|b|xx:a::bx|abbb:aaxabx:a||aa	33 787c7c627c7c78787c3a617c3a7c3a62787c7c616262627c3a6161786162787c3a
35	:x|aa:b::xb||xb	22 7c3a787c7c61617c3a627c3a7c3a78627c7c7c7c7862
34	aabxabbb|ba||x|::bxbaxa	29 61616278616262627c7c62617c7c7c7c787c7c7c3a7c3a627862617861
23	::x||::xxb	16 7c3a7c3a787c7c7c7c7c3a7c3a787862
40	|xx:|axb|:x:b	19 7c7c78787c3a7c7c6178627c7c7c3a787c3a62
35	baa:ax|bbaax::x:ba:xb	27 6261617c3a61787c7c62626161787c3a7c3a787c3a62617c3a7862
31	bx|a:x:b||::b|x:b	26 62787c7c617c3a787c3a627c7c7c7c7c3a7c3a627c7c787c3a62
24	x	1 78
11	xba:a::baa||bxab:b::::b|:	10 7862617c3a617c3a7c3a
6	xx::|aax|bxbbbaaxxxba|axbbab	4 78787c3a
5	xx|b:|a:xx	4 78787c7c
10	:abbbx:b:	9 7c3a61626262787c3a
17	||b|a:xbxb||x||	16 7c7c7c7c627c7c617c3a786278627c7c
16	x||bx:axbaxxxabx:bbxx	15 787c7c7c7c62787c3a617862617878
35	x::axa|xa|xb|:a|aa:::b|:x	34 787c3a7c3a6178617c7c78617c7c78627c7c7c3a617c7c61617c3a7c3a7c3a627c7c
5	:::|::aax|b|||xxb	4 7c3a7c3a
32	xxaba:aab:|a::a:	22 78786162617c3a6161627c3a7c7c617c3a7c3a617c3a
36	|aba||b:xa:b	17 7c7c6162617c7c7c7c627c3a78617c3a62
20	ab|xax|:a:|||:bb||aax:bx:a:b|	18 61627c7c7861787c7c7c3a617c3a7c7c7c7c
6	baa:x||x	5 6261617c3a
10	xb:aa|xa:a|bx::axb|:||	8 78627c3a61617c7c
3	x:bbbbb:x:xx|:|abb:b|:|	1 78
21	a|b|axa|:a|:xaa|a|aa|b|x	20 617c7c627c7c6178617c7c7c3a617c7c7c3a7861
3	ax|a:|b:b::|b|aab	2 6178
25	x:xa:axxaaa|bx||b:|xb:a	24 787c3a78617c3a6178786161617c7c62787c7c7c7c627c3a
25	:|ab:bbbbxb:|xx:|ab||bbbbxx|xa	24 7c3a7c7c61627c3a6262626278627c3a7c7c78787c3a7c7c
3	:b:b:xab||b|xaaaa:|aa	2 7c3a
30	|ba|a::|	13 7c7c62617c7c617c3a7c3a7c7c
19	b|x|a:a:xb:xa|xxa|xabxxa:bx:	18 627c7c787c7c617c3a617c3a78627c3a7861
16	|xa::|xb:||	14 7c7c78617c3a7c3a7c7c78627c3a
25	|bb|a||bb:	15 7c7c62627c7c617c7c7c7c62627c3a
8	|||a:aba	6 7c7c7c7c7c7c
11	:xa|:bb:xxaa:|bxx:axa:|x	10 7c3a78617c7c7c3a6262
39	|::abx|:	13 7c7c7c3a7c3a6162787c7c7c3a
34	ax||:x||x:b|x	20 61787c7c7c7c7c3a787c7c7c7c787c3a627c7c78
17	::||baabb:bx:aaaaab	15 7c3a7c3a7c7c7c7c62616162627c3a
30	x|xabxb::|aaab||axxbx|babx	29 787c7c78616278627c3a7c3a7c7c616161627c7c7c7c61787862787c7c
34	xxxba:b|b|||:x::	24 78787862617c3a627c7c627c7c7c7c7c7c7c3a787c3a7c3a
15	axa	3 617861
7	:bbabaa:x||a:abbxaxa|xx::axb	6 7c3a62626162
25	bbbaab:xb	10 6262626161627c3a7862
22	|:	4 7c7c7c3a
21	a:|bb|x:	12 617c3a7c7c62627c7c787c3a
28	b|||a:ax:::abbba||a:x:x||axb|	27 627c7c7c7c7c7c617c3a61787c3a7c3a7c3a61626262617c7c7c7c
33	x::bx:abbba:ax:a:b:xbab|ax|	32 787c3a7c3a62787c3a61626262617c3a61787c3a617c3a627c3a786261627c7c
36	||:|a:|xx:b:b|	23 7c7c7c7c7c3a7c7c617c3a7c7c78787c3a627c3a627c7c
5	x||:b||:xb:b|ba	3 787c7c
33	|a:ax:ba:xbaaxba	20 7c7c617c3a61787c3a62617c3a78626161786261
28	bb:b|||||xb|xx:b|b:ab|:b	26 62627c3a627c7c7c7c7c7c7c7c7c7c78627c7c78787c3a627c7c
20	|bx|xxaa:bb	14 7c7c62787c7c787861617c3a6262
33	:|x|a|::|x|	19 7c3a7c7c787c7c617c7c7c3a7c3a7c7c787c7c
34	|:a|||a:a|:ax	21 7c7c7c3a617c7c7c7c7c7c617c3a617c7c7c3a6178
30	xxb:a:aba:|:a::xabaxx::	28 7878627c3a617c3a6162617c3a7c7c7c3a617c3a7c3a786162617878
20	xb||a:bbb|b	15 78627c7c7c7c617c3a6262627c7c62
16	bx::xaa:|||abx:ax|a|xa	15 62787c3a7c3a7861617c3a7c7c7c7c
25	x:ab:bx::x|a|xbxaxx:axaaxa:	24 787c3a61627c3a62787c3a7c3a787c7c617c7c7862786178
10	a	1 61
39	ab|x:baa|||a|a:|||:xa:axx:::a	37 61627c7c787c3a6261617c7c7c7c7c7c617c7c617c3a7c7c7c7c7c7c7c3a78617c3a617878
32		0 
18	:x|axa|bb|x|x:baa	17 7c3a787c7c6178617c7c62627c7c787c7c
31	bxx|xax|:a|bx	17 6278787c7c7861787c7c7c3a617c7c6278
17	:ax::|x::::|x|b|xaa|xbx	15 7c3a61787c3a7c3a7c7c787c3a7c3a
35	a|xbax	7 617c7c78626178
39	a|xax:a:xab:bb:b:x|::|b||xxxbx	37 617c7c7861787c3a617c3a7861627c3a62627c3a627c3a787c7c7c3a7c3a7c7c627c7c7c7c
17	|bx:bb:|:|a|ab|||ax	16 7c7c62787c3a62627c3a7c7c7c3a7c7c
6	b||xaxa:a	5 627c7c7c7c
35	b:a|:b	9 627c3a617c7c7c3a62
32	aaab:a:ba::|abbbaab|:|bbabb::	30 616161627c3a617c3a62617c3a7c3a7c7c616262626161627c7c7c3a7c7c
40	a|a||||abxx:|bxx:|a	28 617c7c617c7c7c7c7c7c7c7c616278787c3a7c7c6278787c3a7c7c61
37	::|:b|b::bbxbaaa:|a|b:bxx	36 7c3a7c3a7c7c7c3a627c7c627c3a7c3a626278626161617c3a7c7c617c7c627c3a627878
20	|xb	4 7c7c7862
37		0 
13	::x:x:x:ax::axxa:	11 7c3a7c3a787c3a787c3a78
24	xaxb	4 78617862
25	:bbaaxxx	9 7c3a62626161787878
8	b:b|babx:	6 627c3a627c7c
40	|b|:|::x|x	17 7c7c627c7c7c3a7c7c7c3a7c3a787c7c78
29	:baaxa||axx|b:axb::axxb||:|x:|	28 7c3a62616178617c7c7c7c6178787c7c627c3a6178627c3a7c3a6178
28	||baxx|x|axbaxb|ab||aaxxbbx:	27 7c7c7c7c626178787c7c787c7c6178626178627c7c61627c7c7c7c
19	a:b|:b:b|b|||	17 617c3a627c7c7c3a627c3a627c7c627c7c
5	bbxa::xbbax|x:|a::	4 62627861
16	|:ba::||axa:|b:b:::	14 7c7c7c3a62617c3a7c3a7c7c7c7c
26	|aaa:|xbxaxbba:xxbbbx|x	25 7c7c6161617c3a7c7c78627861786262617c3a787862626278
40	x|:x|xbax	12 787c7c7c3a787c7c78626178
30	b:a||b|baxx	15 627c3a617c7c7c7c627c7c62617878
26	abab:x|bb:|a|b:|bxa|ax|:ax:a:	25 616261627c3a787c7c62627c3a7c7c617c7c627c3a7c7c6278
39	b:axbx:	9 627c3a617862787c3a
9	b:::ba|b|x:b|:aab	7 627c3a7c3a7c3a
32	:|a|xaxx|bxb:|:xa|	26 7c3a7c7c617c7c786178787c7c6278627c3a7c7c7c3a78617c7c
13	xaxaxx|a|a:|:::b|bxx|ba	11 7861786178787c7c617c7c
5	:|a:a|aaax|b	4 7c3a7c7c
16	x:	3 787c3a
21	:bx|:xa:x|xx|xx	19 7c3a62787c7c7c3a78617c3a787c7c78787c7c
8	x|a|x:xaxbbb:bx|a:x:abbxxa:x	6 787c7c617c7c
21	||:aaxb|ab	14 7c7c7c7c7c3a616178627c7c6162
35	:|xbb|:|xbb:b::b||a:b	32 7c3a7c7c7862627c7c7c3a7c7c7862627c3a627c3a7c3a627c7c7c7c617c3a62
37	bb|a|:baxxbabb	17 62627c7c617c7c7c3a6261787862616262
11	:||ba|:||xaa:bxb	10 7c3a7c7c7c7c62617c7c
28	xaab:abbb::aab:a|:baxxa:::b	27 786161627c3a616262627c3a7c3a6161627c3a617c7c7c3a626178
28	bbxab:a|:	12 62627861627c3a617c7c7c3a
37	axabx:|x:x||xxa|a|b:b	29 61786162787c3a7c7c787c3a787c7c7c7c7878617c7c617c7c627c3a62
13	:axx:|xxa|x|babbx::babbaba	12 7c3a6178787c3a7c7c787861
15	x:bbbax:|	12 787c3a62626261787c3a7c7c
11	b|xx:bb|x|x|||a|:xxa:	9 627c7c78787c3a6262
11	:xax||:babba:|	9 7c3a7861787c7c7c7c
36	a:axbaaa::x:bxaa:bxx|xaba|	33 617c3a6178626161617c3a7c3a787c3a627861617c3a6278787c7c786162617c7c
30	x|x|	6 787c7c787c7c
3	x|axxxbxxxxaxxb:x:x:b:b	1 78
29	bb|xxb:xxxba:xx|	20 62627c7c7878627c3a78787862617c3a78787c7c
31	bxxbbaba:b||:x|	20 62787862626162617c3a627c7c7c7c7c3a787c7c
14	|bba	5 7c7c626261
35	:bb|:|xb:xabxx|	21 7c3a62627c7c7c3a7c7c78627c3a78616278787c7c
36	|b::|bx|||xxb:|a||xab::baa:|x|	34 7c7c627c3a7c3a7c7c62787c7c7c7c7c7c7878627c3a7c7c617c7c7c7c7861627c3a
19	a||axaa:b	12 617c7c7c7c617861617c3a62
29	xx|bx|a|||a:babxa|:||	27 78787c7c62787c7c617c7c7c7c7c7c617c3a62616278617c7c7c3a
22	bax|bbba:x|xab:bx||::|:|aba:xb	21 6261787c7c626262617c3a787c7c7861627c3a6278
13	||x:|abb:bxbba:x:xbabax:bx	12 7c7c7c7c787c3a7c7c616262
10	baaab:::|:x	9 62616161627c3a7c3a
8	:axx||x	7 7c3a6178787c7c
11	|xxa:a	8 7c7c7878617c3a61
11	|x:a:x:a||b:a||ax|bxxx||a:|ax	9 7c7c787c3a617c3a78
7	bxxb|aa:xa|xxxba::b	6 627878627c7c
8	|baab:a:|b:|:||xx:aax|||||bb|	6 7c7c62616162
26	b|ab:xa	9 627c7c61627c3a7861
5	|a|xxxxx:	3 7c7c61
11	|:|xaxb:b:b|:|ba|:a|:bxa	10 7c7c7c3a7c7c78617862
16	bxb:||xx:bbb|:xaxxax|babb	15 6278627c3a7c7c7c7c78787c3a6262
18	bxx|aaxb:|aa	15 6278787c7c616178627c3a7c7c6161
3		0 
24	:bax|||a||xx:b:|a|bx	23 7c3a6261787c7c7c7c7c7c617c7c7c7c78787c3a627c3a
10	|:|a|b:|xba|x||bbab|b|	9 7c7c7c3a7c7c617c7c
22	::aab||axaab:x:b:b|xx:a|x	21 7c3a7c3a6161627c7c7c7c61786161627c3a787c3a
19	b:abaa||a:ba|:aabxbxax||x:b	18 627c3a616261617c7c7c7c617c3a62617c7c
6	b:a|b:x|	4 627c3a61
4	|baxbb:xx|xabx|	2 7c7c
4	|xaa|bxxx::axxbbbabxaxxa:|ba	2 7c7c
21	b::a||a:||:|a:xx|	19 627c3a7c3a617c7c7c7c617c3a7c7c7c7c7c3a
22	||b::aa|||a:|	20 7c7c7c7c627c3a7c3a61617c7c7c7c7c7c617c3a
10	xxa|abx:bbb|:	8 7878617c7c616278
34	:baba||axxx:xba|a:b	25 7c3a626162617c7c7c7c617878787c3a7862617c7c617c3a62
31	xbbx|axa||	13 786262787c7c6178617c7c7c7c
23	::|aa|axabb|x|a:b||x|b|:	21 7c3a7c3a7c7c61617c7c61786162627c7c787c7c61
23		0 
15	|:aax:bxbaa|baab	14 7c7c7c3a6161787c3a6278626161
21	b	1 62
14	::x|aba||	12 7c3a7c3a787c7c6162617c7c
32	|axab|x::xbababa	20 7c7c617861627c7c787c3a7c3a78626162616261
34	:|abx:	9 7c3a7c7c6162787c3a
27	ax|a||:	11 61787c7c617c7c7c7c7c3a
29	x:b:bbaxb:||	17 787c3a627c3a62626178627c3a7c7c7c7c
5		0 
16	:a	3 7c3a61
38	xaa|xb|bx:a:bba::bx	25 7861617c7c78627c7c62787c3a617c3a6262617c3a7c3a6278
21	a:xxb|b	9 617c3a7878627c7c62
17	b|a||::	12 627c7c617c7c7c7c7c3a7c3a
14	bax	3 626178
33	x:ab	5 787c3a6162
16	:::xxx||baxabba:x	15 7c3a7c3a7c3a7878787c7c7c7c6261
22	x:xxa|:x:|:axx	20 787c3a7878617c7c7c3a787c3a7c7c7c3a617878
34	:ax::b|xa:ab:x:axa:x|abx:a:xx	33 7c3a61787c3a7c3a627c7c78617c3a61627c3a787c3a6178617c3a787c7c616278
40		0 
9	xx||bx::b:aax::ab|ab:::	8 78787c7c7c7c6278
23	b||x:b|a|xxa:bbbx|::xx	22 627c7c7c7c787c3a627c7c617c7c7878617c3a626262
4	ab	2 6162
37	|	2 7c7c
36	:|:	6 7c3a7c7c7c3a
8	bx|xaxxx:abxaa|aaaxa	7 62787c7c786178
40	a:axb::|a||a|x|	23 617c3a6178627c3a7c3a7c7c617c7c7c7c617c7c787c7c
14	:xbaba::b::a::xb|a|:	12 7c3a78626162617c3a7c3a62
33	a|b	4 617c7c62
39	|:	4 7c7c7c3a
39	ba||bb:xbab:|baa|::||x:ba::	38 62617c7c7c7c62627c3a786261627c3a7c7c6261617c7c7c3a7c3a7c7c7c7c787c3a62617c3a
5	:abbabb	4 7c3a6162
15	ab||||x|x||:b|b|:aa|x|:xaxaabx	13 61627c7c7c7c7c7c7c7c787c7c
21	x|abbbb|ax:bxa:bbxb|axaxa|x|	19 787c7c61626262627c7c61787c3a6278617c3a
22	:b|	5 7c3a627c7c
36	:|||ab|xxa|b::x:xxaxxxb:	34 7c3a7c7c7c7c7c7c61627c7c7878617c7c627c3a7c3a787c3a787861787878627c3a
25	aabxab|x|a:b|xa	19 6161627861627c7c787c7c617c3a627c7c7861
13	:xaxb||ba|b||a:|:abbxab:b|b|a	12 7c3a786178627c7c7c7c6261
3	bba:aa|x|x:b	2 6262
19	|a	3 7c7c61
13	xb|xaa::|x|abbx|	11 78627c7c7861617c3a7c3a
23	bbx::xab|x|ab:b	20 6262787c3a7c3a7861627c7c787c7c61627c3a62
10	xxb|xxab:aab|||x||:bx|	9 7878627c7c78786162
36	:b::|b:xb:x:b	20 7c3a627c3a7c3a7c7c627c3a78627c3a787c3a62
13	:|x:xab	10 7c3a7c7c787c3a786162
12	|axax|babxx|x:abbb:axaa:b|x	11 7c7c617861787c7c626162
4	a:b|	3 617c3a
31	:ba|:||bb||xx:xxaxx:a:|b	29 7c3a62617c7c7c3a7c7c7c7c62627c7c7c7c78787c3a78786178787c3a
5	x|::axax|||:a||:xxxaxbbb	3 787c7c
32	|:|||b::bbbb::b:b:axbbx	31 7c7c7c3a7c7c7c7c7c7c627c3a7c3a626262627c3a7c3a627c3a627c3a6178
27	||a|::b:::ax:::bx::baa|x|:||a|	26 7c7c7c7c617c7c7c3a7c3a627c3a7c3a7c3a61787c3a7c3a7c3a
31	:b|a:x:b|x::bx	21 7c3a627c7c617c3a787c3a627c7c787c3a7c3a6278
21	|bbxxax|||baxa|bb:	20 7c7c6262787861787c7c7c7c7c7c626178617c7c
35	bb||:|b|	13 62627c7c7c7c7c3a7c7c627c7c
14	|xab|:b::||:x|b|	12 7c7c7861627c7c7c3a627c3a
29	x|x|x:a:|aaa|:bba:aab:|b|aaa	28 787c7c787c7c787c3a617c3a7c7c6161617c7c7c3a6262617c3a6161
33	a:b:x:bbab||x|xx:aaxxa|:x::	31 617c3a627c3a787c3a626261627c7c7c7c787c7c78787c3a61617878617c7c
21	a:::babb|:a::a:xaa|b	20 617c3a7c3a7c3a626162627c7c7c3a617c3a7c3a
29	|axb::a||x|x:a	21 7c7c6178627c3a7c3a617c7c7c7c787c7c787c3a61
19	b:b|:a|b|:|	18 627c3a627c7c7c3a617c7c627c7c7c3a7c7c
34	ab:|:||babx:bb:|a:||b|	32 61627c3a7c7c7c3a7c7c7c7c626162787c3a62627c3a7c7c617c3a7c7c7c7c62
11	xa	2 7861
3	a:baa::xxbxxx|:	1 61
22	b:bbab:xb|aaa	16 627c3a626261627c3a78627c7c616161
7	||x:bb|:xa||a:axab:bb|:xa:b|::	5 7c7c7c7c78
36	bbbx::aa|bbx|b	18 626262787c3a7c3a61617c7c6262787c7c62
21	b:bxaabxa:|abx:|xbbaxbbxaax|b	19 627c3a627861616278617c3a7c7c6162787c3a
21	:::b:xa||a|b:abxxx:x|::	19 7c3a7c3a7c3a627c3a78617c7c7c7c617c7c62
13	:xx|ab:::aa|a	12 7c3a78787c7c61627c3a7c3a
11	|aaxbaa|:aaxa:a	10 7c7c6161786261617c7c
38	::b:abbx:b:xa|a|axxbx:	30 7c3a7c3a627c3a616262787c3a627c3a78617c7c617c7c61787862787c3a
6	a:x|:|:aba|a|aaa:|:	4 617c3a78
35	:	2 7c3a
40	:a:a::xa	12 7c3a617c3a617c3a7c3a7861
31	xb|x|:a::axxa	18 78627c7c787c7c7c3a617c3a7c3a61787861
9	|b::|bx|b	7 7c7c627c3a7c3a
24	aaxa|bb|:b|a:xbbx	22 616178617c7c62627c7c7c3a627c7c617c3a78626278
35	:||xb:	10 7c3a7c7c7c7c78627c3a
24	|a:bx|xab|:aa:xaa:x||bxxa:aaa	23 7c7c617c3a62787c7c7861627c7c7c3a61617c3a786161
31	xxabbxa::xx:b|::ba	24 787861626278617c3a7c3a78787c3a627c7c7c3a7c3a6261
12	:ax:|:|aaaxx:|:	10 7c3a61787c3a7c7c7c3a
22	abba|a|a:|xxabxx|aaba	20 616262617c7c617c7c617c3a7c7c787861627878
37	xa|:x|bb|x::xax|:ba|a|b:xba|b	35 78617c7c7c3a787c7c62627c7c787c3a7c3a7861787c7c7c3a62617c7c617c7c627c3a
27	|xx:||axbxaxa:xab::|:axaaax	26 7c7c78787c3a7c7c7c7c617862786178617c3a7861627c3a7c3a
37	x:bx:|bbx|xa:axb::aabb:	31 787c3a62787c3a7c7c6262787c7c78617c3a6178627c3a7c3a616162627c3a
24	b:xa::|a|xa|a|	21 627c3a78617c3a7c3a7c7c617c7c78617c7c617c7c
22	|a:x:b	9 7c7c617c3a787c3a62
40	a|a|:xabx	12 617c7c617c7c7c3a78616278
17	a|aa:|abaaaxxbx|b:b	16 617c7c61617c3a7c7c61626161617878
8	bxb:	5 6278627c3a
31	xabba|ax	9 78616262617c7c6178
23	:|	4 7c3a7c7c
38	:|bx:|xa|aa:|xx	22 7c3a7c7c62787c3a7c7c78617c7c61617c3a7c7c7878
9	baxxxb||ab:||a	8 6261787878627c7c
34	aa|a|||ax:|:a:axx:|b||b:x|:aa|	32 61617c7c617c7c7c7c7c7c61787c3a7c7c7c3a617c3a6178787c3a7c7c627c7c
29	bx|x|a|	10 62787c7c787c7c617c7c
39	aa	2 6161
37	b:abbbx:a|	13 627c3a61626262787c3a617c7c
39	aa:aax||ab:aa:bbbxx:xbx	29 61617c3a6161787c7c7c7c61627c3a61617c3a62626278787c3a786278
17	::a|||b|||baxxbxb|aaa|b	16 7c3a7c3a617c7c7c7c7c7c627c7c7c7c
3	|a|x:bx:x	2 7c7c
37	x|x:bb	8 787c7c787c3a6262
24	|x|bxx	8 7c7c787c7c627878
27	bx:b|a|xb|aax||ax:b:||:|:x:	25 62787c3a627c7c617c7c78627c7c6161787c7c7c7c61787c3a
18	x|:xxbaabaaaxaxaax|::a	17 787c7c7c3a787862616162616161786178
40	a:|:b|::baxbb|a:|bx	28 617c3a7c7c7c3a627c7c7c3a7c3a62617862627c7c617c3a7c7c6278
34	baaa|:baxa|x:xxa:	22 626161617c7c7c3a626178617c7c787c3a7878617c3a
9	b::b|b:aa||xb:xa|||x|aaxxb|	8 627c3a7c3a627c7c
39	x:x:|aaa|:axx|b|	23 787c3a787c3a7c7c6161617c7c7c3a6178787c7c627c7c
13	|a:b|axxba:::x::|::x|xbbxx|:x	12 7c7c617c3a627c7c61787862
39	:	2 7c3a
25	bbbx|a:b|b|b||xx||	24 626262787c7c617c3a627c7c627c7c627c7c7c7c78787c7c
4	:|b:xx|ba:x	2 7c3a
36	bbbb:a	7 626262627c3a61
25	||:ba:|bxb:ba:|:|||ba:|ab|:b	23 7c7c7c7c7c3a62617c3a7c7c6278627c3a62617c3a7c7c
17	:|:x||xx|||	15 7c3a7c7c7c3a787c7c7c7c78787c7c
8	xx:||baaxxxab|xx	6 78787c3a7c7c
31	bab|xx:ba||x|xxa	21 6261627c7c78787c3a62617c7c7c7c787c7c787861
35	axxxb|bbaa:|aaxaa:aax	25 61787878627c7c626261617c3a7c7c61617861617c3a616178
28	xbaaa|||bb:xx|x:xaxab|baa	27 78626161617c7c7c7c7c7c62627c3a78787c7c787c3a7861786162
16	:::|baxa:|x||a|ax||b|aa|xx	14 7c3a7c3a7c3a7c7c626178617c3a
9	bb|a:	7 62627c7c617c3a
23	::|b|xaa:|xb|:abx	22 7c3a7c3a7c7c627c7c7861617c3a7c7c78627c7c7c3a
30	:baxb::x::|bxaaabx|xb|:x:bb|	28 7c3a626178627c3a7c3a787c3a7c3a7c7c627861616162787c7c7862
25	|a|::::|ab	17 7c7c617c7c7c3a7c3a7c3a7c3a7c7c6162
11	ab|bxx:x:b|x||aa:a||x|	9 61627c7c6278787c3a
22	xbaxa|bbbxab:aax|:xxxb:x|bx	20 78626178617c7c6262627861627c3a6161787c7c
6		0 
32	|:b|x|:|	14 7c7c7c3a627c7c787c7c7c3a7c7c
26	ax|ax	6 61787c7c6178
39	|xx|:xababxa:|b	20 7c7c78787c7c7c3a786162616278617c3a7c7c62
35	abba||bb::x::|:a|a:|a	32 616262617c7c7c7c62627c3a7c3a787c3a7c3a7c7c7c3a617c7c617c3a7c7c61
6	xbba|xaax||	4 78626261
23	xxbaa|x	8 78786261617c7c78
14	xa|xabxxxxbab:a:|bb	13 78617c7c786162787878786261
9	|ab|ax|::ax:::x|:b:bb|:	8 7c7c61627c7c6178
13	|||	6 7c7c7c7c7c7c
19	b|a|x|ab|abb|aa|	18 627c7c617c7c787c7c61627c7c6162627c7c
17	|||abxx||b:|x:ax|x::a|xxa:	15 7c7c7c7c7c7c616278787c7c7c7c62
15	axaaaa|bxa::|||:|xx:a:	13 6178616161617c7c6278617c3a
15	:bb|xabbaa:b	14 7c3a62627c7c7861626261617c3a
40	|:xbba::::axx|a|ba:|ax|:xb|x:|	38 7c7c7c3a786262617c3a7c3a7c3a7c3a6178787c7c617c7c62617c3a7c7c61787c7c7c3a7862
25	x:x|||ax||b|xbaa:aabbxa:|bba	23 787c3a787c7c7c7c7c7c61787c7c7c7c627c7c78626161
3	:bxax||:||bbb|xax|b:bb|xx:x	2 7c3a
5	a|ba:aaxx:x	3 617c7c
38	x:a:abx||x|::xa:ax:xba	31 787c3a617c3a6162787c7c7c7c787c7c7c3a7c3a78617c3a61787c3a786261
17	|::|x	9 7c7c7c3a7c3a7c7c78
34	|:a:xbb:xxxb|	18 7c7c7c3a617c3a7862627c3a787878627c7c
19	bxa|::|:|axx:axaaaa:a|:|::x	18 6278617c7c7c3a7c3a7c7c7c3a7c7c617878
24	:xbbx:|||ab:b	19 7c3a786262787c3a7c7c7c7c7c7c61627c3a62
4	bbb|||:b	3 626262
16	a|b||ba|baab|a	15 617c7c627c7c7c7c62617c7c626161
30		0 
16	bb::axx::||bb:|aa	15 62627c3a7c3a6178787c3a7c3a7c7c
39	|x|b|:|bx	14 7c7c787c7c627c7c7c3a7c7c6278
34	aax|:::baa|b|a	20 6161787c7c7c3a7c3a7c3a6261617c7c627c7c61
28	a	1 61
12	baxxxb||bax||ba:axbaxa:x:x	10 6261787878627c7c7c7c
3	:x:b|a:	2 7c3a
6	bx|x||bax	4 62787c7c
18	|b:|:xxab|	15 7c7c627c3a7c7c7c3a787861627c7c
10	||:|:a||xxaaaxxa:x	8 7c7c7c7c7c3a7c7c
11	bxa|:a|:b::x||ax:	10 6278617c7c7c3a617c7c
8	:x:xb|xa	7 7c3a787c3a7862
12	:b:a||	10 7c3a627c3a617c7c7c7c
18	ba	2 6261
25	x:aa:ab|:bab:|b||xb	23 787c3a61617c3a61627c7c7c3a6261627c3a7c7c627c7c
39	:xb|a|baba|aab||::	26 7c3a78627c7c617c7c626162617c7c6161627c7c7c7c7c3a7c3a
12	ba|baab|xab	10 62617c7c626161627c7c
4	aba:x|	3 616261
31	xa|	4 78617c7c
8	ab|a|:ax:x::xa::xx	7 61627c7c617c7c
33	axaxaaxx:b	11 61786178616178787c3a62
36	bbaa:bbx:baabaxbb:xba	24 626261617c3a6262787c3a62616162617862627c3a786261
25	xx:	4 78787c3a
23	aaaba||b||a:x|||baa	22 61616162617c7c7c7c627c7c7c7c617c3a787c7c7c7c
37	bbx:|:||a	14 6262787c3a7c7c7c3a7c7c7c7c61
23	a::xaa:||bb:bbab:|:x:xa	22 617c3a7c3a7861617c3a7c7c7c7c62627c3a62626162
39	:|b|x|axx:aa:|:x|||ab|:aab	38 7c3a7c7c627c7c787c7c6178787c3a61617c3a7c7c7c3a787c7c7c7c7c7c61627c7c7c3a6161
40	x:bab:x|bb:||:xxaa||xx	31 787c3a6261627c3a787c7c62627c3a7c7c7c7c7c3a787861617c7c7c7c7878
8	bxx:xxxbbx	7 6278787c3a7878
4	ax:ab|xa:|x	2 6178
40	:a:ax:bbaa	13 7c3a617c3a61787c3a62626161
33	:bxx:|xb|:|x||a:	25 7c3a6278787c3a7c7c78627c7c7c3a7c7c787c7c7c7c617c3a
17	a::	5 617c3a7c3a
29	|	2 7c7c
9	bax:a|::xa::x:x|a|a||ab:	8 6261787c3a617c7c
37	a|:|||xaba::x:|x	25 617c7c7c3a7c7c7c7c7c7c786162617c3a7c3a787c3a7c7c78
39	x|||:|bbb||x|bbxbxxaaa|a:	35 787c7c7c7c7c7c7c3a7c7c6262627c7c7c7c787c7c6262786278786161617c7c617c3a
26	a|x|bxbxaxabaa|bbxbx|	25 617c7c787c7c627862786178616261617c7c62627862787c7c
35	b|a|:xx	10 627c7c617c7c7c3a7878
26	b|	3 627c7c
30	a|axbab|aabxbaxbbx	20 617c7c61786261627c7c61616278626178626278
4	b|:x	3 627c7c
39	a	1 61
39	:|bx	6 7c3a7c7c6278
32	x|:xa::a	12 787c7c7c3a78617c3a7c3a61
7	bab:::bx|b|xa|:	5 6261627c3a
26	|||||bax:ba|:a|bx	24 7c7c7c7c7c7c7c7c7c7c6261787c3a62617c7c7c3a617c7c
35	::x:aaaa:ab	15 7c3a7c3a787c3a616161617c3a6162
29	aax|x||bbbb|:x:|:::|::bx|axxx|	27 6161787c7c787c7c7c7c626262627c7c7c3a787c3a7c7c7c3a7c3a
21	:|||ab:xx:::xx:x|a|x	20 7c3a7c7c7c7c7c7c61627c3a78787c3a7c3a7c3a
14	ax:|bax:xb|bb	13 61787c3a7c7c6261787c3a7862
18	xbxaa::||	13 78627861617c3a7c3a7c7c7c7c
15	ababb:b:|aa::|	14 61626162627c3a627c3a7c7c6161
16	|bxx:xxa:x|bb|aaaa	15 7c7c6278787c3a7878617c3a787c7c
5	ab|:axx|:x|b:|x|aa|a	4 61627c7c
17	ax:b	5 61787c3a62
11		0 
24		0 
22	xax::axxb|a:aabbax::|a:b	21 7861787c3a7c3a617878627c7c617c3a6161626261
40	xa:abaxaxb:|ab:|xba	24 78617c3a616261786178627c3a7c7c61627c3a7c7c786261
31	aaxx:xxxx:	12 616178787c3a787878787c3a
3	b::|aa|	1 62
30	b|	3 627c7c
24	abbxb:|xb||x	16 61626278627c3a7c7c78627c7c7c7c78
19	|b::bx|ax|a|xbaa|a|b	18 7c7c627c3a7c3a62787c7c61787c7c617c7c
18	axaa::ab:xx:	16 617861617c3a7c3a61627c3a78787c3a
38	xa:a:|||||:b|baa|x|::a|	37 78617c3a617c3a7c7c7c7c7c7c7c7c7c7c7c3a627c7c6261617c7c787c7c7c3a7c3a617c7c
11	|::bb|xb|ax|:xxb|||axb|	10 7c7c7c3a7c3a62627c7c
7	x|xbaa:xa:|a::xxxxbbbx:b:x:|x	6 787c7c786261
11	bbb|xa	7 6262627c7c7861
12	|a|x:ax|::aax|:|bab:|bxb	10 7c7c617c7c787c3a6178
26	ax|:xxa:||xba:bb:|	24 61787c7c7c3a7878617c3a7c7c7c7c7862617c3a62627c3a
25	:::::a:||x	18 7c3a7c3a7c3a7c3a7c3a617c3a7c7c7c7c78
28	|b:a|:xa:x|x	18 7c7c627c3a617c7c7c3a78617c3a787c7c78
40	|xa|xxaabb|bxaaxaxb	22 7c7c78617c7c7878616162627c7c6278616178617862
38	ba|xxxbb:b|||a|bbbbx|ax:axx	35 62617c7c78787862627c3a627c7c7c7c7c7c617c7c62626262787c7c61787c3a617878
9	:b:x:b:|	8 7c3a627c3a787c3a
27	xaaxxx|babxbba:x:x:b	24 7861617878787c7c626162786262617c3a787c3a787c3a62
38	bxbbaax:a||||aa:	22 627862626161787c3a617c7c7c7c7c7c7c7c61617c3a
3	||	2 7c7c
37	|a::|xa|axa:bxx:|:|:	31 7c7c617c3a7c3a7c7c78617c7c6178617c3a6278787c3a7c7c7c3a7c7c7c3a
23	b|:	5 627c7c7c3a
23	bx|	4 62787c7c
15	xa:b:|bx|b:|bx|:::|b|bb	13 78617c3a627c3a7c7c62787c7c
31	:b:b:::xbb|b:b:	23 7c3a627c3a627c3a7c3a7c3a7862627c7c627c3a627c3a
40	|:b:||||xaax|ba||xb:xbx:bbx:b|	39 7c7c7c3a627c3a7c7c7c7c7c7c7c7c786161787c7c62617c7c7c7c78627c3a7862787c3a626278
14	|xaxx:	8 7c7c786178787c3a
6	a:b	4 617c3a62
10	:xxbb|b	8 7c3a787862627c7c
14	:x:ba:axx	12 7c3a787c3a62617c3a617878
23	|bbaab:xa:ax:||ba:	21 7c7c62626161627c3a78617c3a61787c3a7c7c7c7c
28	bbxx:xbb:baa::bx||ab:ba:x	26 626278787c3a7862627c3a6261617c3a7c3a62787c7c7c7c6162
15	xb||aabbb|:aa	13 78627c7c7c7c61616262627c7c
16	bxxa::|xxx:xxaa|xbbxb:bbaax	15 627878617c3a7c3a7c7c7878787c3a
17	b|axx:xx|bb:bxxbab:a|xbb|a	16 627c7c6178787c3a78787c7c62627c3a
36	xxx|:bb:a:xxax||aaa||:xb:|	35 7878787c7c7c3a62627c3a617c3a787861787c7c7c7c6161617c7c7c7c7c3a78627c3a
38	::b:	7 7c3a7c3a627c3a
25	:::a:abbx	13 7c3a7c3a7c3a617c3a61626278
21	:xxaaaa:xb||a||	19 7c3a7878616161617c3a78627c7c7c7c617c7c
20	x|xabx	7 787c7c78616278
30	|b:	5 7c7c627c3a
28	xb::ax|axx:bx	17 78627c3a7c3a61787c7c6178787c3a6278
4	x:|b:aba:xbxxbb	3 787c3a
22	|x::x||bxx|a:a|a:b:|x|:a	20 7c7c787c3a7c3a787c7c7c7c6278787c7c617c3a
12		0 
37	:aabaa|x::::b||aa:aab:xaa::	35 7c3a61616261617c7c787c3a7c3a7c3a7c3a627c7c7c7c61617c3a6161627c3a786161
21	x|ax::x||xa:x:bbb|:ax:	19 787c7c61787c3a7c3a787c7c7c7c78617c3a78
40	:bxxb	6 7c3a62787862
10	axx|axa::xaab::::x|a|:x:b|a	8 6178787c7c617861
7	x|a	4 787c7c61
15	b:aaa|:x|ax|a||b|:|	13 627c3a6161617c7c7c3a787c7c
33	x|aa|aaxb:a:xxaxa:abbxbb	29 787c7c61617c7c616178627c3a617c3a78786178617c3a616262786262
33	|b:ab|	9 7c7c627c3a61627c7c
3	|b|bb:x:|a:xx|	2 7c7c
14	|b:xxx|b:x|bab|a:	13 7c7c627c3a7878787c7c627c3a
40	aab:b:|b|a:x|xa	21 6161627c3a627c3a7c7c627c7c617c3a787c7c7861
11	:	2 7c3a
28	:xx:b:ab::::xx||xxbxaxxaa	27 7c3a78787c3a627c3a61627c3a7c3a7c3a7c3a78787c7c7c7c7878
29	|||abb|a|b:babx|ax|baax:	27 7c7c7c7c7c7c6162627c7c617c7c627c3a626162787c7c61787c7c
27	:xaxxbax|	11 7c3a786178786261787c7c
22	:xb||x:xa	13 7c3a78627c7c7c7c787c3a7861
23	b:	3 627c3a
19	bb:b|:|:|aabx:	18 62627c3a627c7c7c3a7c7c7c3a7c7c616162
20	bax|xxxab|b::ba	19 6261787c7c78787861627c7c627c3a7c3a6261
24	bbx|aa:b|::	16 6262787c7c61617c3a627c7c7c3a7c3a
22	:ax|a|::x:xaxx|x|xxxb	20 7c3a61787c7c617c7c7c3a7c3a787c3a78617878
9	|bba::::axbxbbbb|bb	7 7c7c6262617c3a
15	b::	5 627c3a7c3a
31	x|bxb:::bx	14 787c7c6278627c3a7c3a7c3a6278
8	bbb:|ax::x||||a|b|bbb:|bxa|aa	7 6262627c3a7c7c
37	|||ax|bb	12 7c7c7c7c7c7c61787c7c6262
30	:baax|xb:	12 7c3a626161787c7c78627c3a
20	|x|:xbxbaa||	17 7c7c787c7c7c3a7862786261617c7c7c7c
28	:xaxaax||:xax::ba|xxx|a:bx:	27 7c3a7861786161787c7c7c7c7c3a7861787c3a7c3a62617c7c7878
6	b|xx:bbbx:xa:bxx:bbbxx::b	5 627c7c7878
25	|aa|bbxx:b|b|:ba|axx|x::b|	24 7c7c61617c7c626278787c3a627c7c627c7c7c3a62617c7c
38	b::bbxbba||bx	17 627c3a7c3a6262786262617c7c7c7c6278
19	b:bb::xaab:b:|bxx|a|:a	18 627c3a62627c3a7c3a786161627c3a627c3a
4	:bx|x|abx|bb:bxaaxxxx|x||:b	2 7c3a
26	ab:::bxb:xaxbx::bbaa:bax:x::	25 61627c3a7c3a7c3a6278627c3a78617862787c3a7c3a626261
39	:|::::|:a:bb|axxba|xxaa|xaaxb	38 7c3a7c7c7c3a7c3a7c3a7c3a7c7c7c3a617c3a62627c7c61787862617c7c787861617c7c7861
38	||b::x|b:aaxbaabb:||b|	32 7c7c7c7c627c3a7c3a787c7c627c3a61617862616162627c3a7c7c7c7c627c7c
31	:axxb	6 7c3a61787862
7	a|xb:bx:xx|xa:|x:|bbaax|a	5 617c7c7862
29	aab|b:b::xxa	16 6161627c7c627c3a627c3a7c3a787861
32	b|	3 627c7c
32	x|a|abxa:x	13 787c7c617c7c616278617c3a78
31	|b:|x	8 7c7c627c3a7c7c78
13	xbbaxb|bbb:	11 7862626178627c7c626262
12	ba:|a|x::a:|axa	10 62617c3a7c7c617c7c78
15	|a	3 7c7c61
19	::|xbaxax:xxab||x:|xb:	18 7c3a7c3a7c7c7862617861787c3a78786162
9	|bba:x::xxa|ab||ab|x	7 7c7c6262617c3a
27	a:::|ax:xbaxaa|a|:|xxbxx:	26 617c3a7c3a7c3a7c7c61787c3a7862617861617c7c617c7c7c3a
16	::baxx	8 7c3a7c3a62617878
37	:b::|:x||::b|baaaxx:|ba|	35 7c3a627c3a7c3a7c7c7c3a787c7c7c7c7c3a7c3a627c7c6261616178787c3a7c7c6261
39	a|a:x|xxx:|:|abaa	24 617c7c617c3a787c7c7878787c3a7c7c7c3a7c7c61626161
27	:|:x:aba|a||x	20 7c3a7c7c7c3a787c3a6162617c7c617c7c7c7c78
33	x||a::bb::|	18 787c7c7c7c617c3a7c3a62627c3a7c3a7c7c
38	:b	3 7c3a62
8	xa|ax||a	6 78617c7c6178
31	|::::ax|:babxbxab|a|	29 7c7c7c3a7c3a7c3a7c3a61787c7c7c3a62616278627861627c7c617c7c
13	|:xbb|:xb|bbbab|axax|:b:a	11 7c7c7c3a7862627c7c7c3a
34	:bx|||	10 7c3a62787c7c7c7c7c7c
28	aab|x|b::::bbbbxxxxx:	26 6161627c7c787c7c627c3a7c3a7c3a7c3a626262627878787878
8	b||xaaxab	7 627c7c7c7c7861
6	|a|ax:a|a|	5 7c7c617c7c
7	||bba|::xb::x	6 7c7c7c7c6262
9	:|	4 7c3a7c7c
32	|xxa::	9 7c7c7878617c3a7c3a
35	xbb:x	6 7862627c3a78
14	b:|abb||a|:|::||	12 627c3a7c7c6162627c7c7c7c
22	a|x:aa	8 617c7c787c3a6161
28	bb||:xax|:::aaa|	24 62627c7c7c7c7c3a7861787c7c7c3a7c3a7c3a6161617c7c
17	baxx	4 62617878
19	|a|:bx:xbb:|:ax|:||:a	18 7c7c617c7c7c3a62787c3a7862627c3a7c7c
38	a|:xa|axb::	16 617c7c7c3a78617c7c6178627c3a7c3a
26	xx::x	7 78787c3a7c3a78
25	x	1 78
35	xx|bb|	8 78787c7c62627c7c
39	xb::aa:|::|baxb	22 78627c3a7c3a61617c3a7c7c7c3a7c3a7c7c62617862
17	:::bb:|a:bx|b	15 7c3a7c3a7c3a62627c3a7c7c617c3a
6	ba|a|bbaa:xaxb||b:	4 62617c7c
20	|bbx||:a:|:	18 7c7c6262787c7c7c7c7c3a617c3a7c7c7c3a
13	a:a:xaa:|bx:ab|ba	11 617c3a617c3a7861617c3a
39	ba:|	6 62617c3a7c7c
37	:aabxxx|a|a:|:|	22 7c3a6161627878787c7c617c7c617c3a7c7c7c3a7c7c
21	a:xb|axxaaxabbxb:|b:abb||:|	20 617c3a78627c7c61787861617861626278627c3a
21	||axba|:|abbxb|:b:a:|	19 7c7c7c7c617862617c7c7c3a7c7c6162627862
22	||b:|	9 7c7c7c7c627c3a7c7c
36	|a|ba:a::b|xb:axb|a	27 7c7c617c7c62617c3a617c3a7c3a627c7c78627c3a6178627c7c61
26	a:b||:ba	12 617c3a627c7c7c7c7c3a6261
12	|axxxax|ab||x|xxb:x|abaa|aax:|	10 7c7c6178787861787c7c
32	aa|:::bxbx|aaa:bxax|::xxxaaa:	31 61617c7c7c3a7c3a7c3a627862787c7c6161617c3a627861787c7c7c3a7c3a
39	|:b::b:bb:bb|b:x:b|:::x:xaaxa	38 7c7c7c3a627c3a7c3a627c3a62627c3a62627c7c627c3a787c3a627c7c7c3a7c3a7c3a787c3a
22	xaxa|ba:	10 786178617c7c62617c3a
22	||	4 7c7c7c7c
9	|bxaa:a||a|xxx:xb:	8 7c7c627861617c3a
19	|:||xb||xb|bb|:b:||:xb	18 7c7c7c3a7c7c7c7c78627c7c7c7c78627c7c
36	x:xxaax|:ax|ab|axbb|a::xxbab	35 787c3a78786161787c7c7c3a61787c7c61627c7c617862627c7c617c3a7c3a78786261
26	|x||bxa|:	14 7c7c787c7c7c7c6278617c7c7c3a
31	||abx:	9 7c7c7c7c6162787c3a
11	x||b|a	9 787c7c7c7c627c7c61
15	||axxb|a::b||x|xbaa	13 7c7c7c7c617878627c7c617c3a
37	|a:bxb:|xb|x::xxaxxx|:x:b|x:	35 7c7c617c3a6278627c3a7c7c78627c7c787c3a7c3a7878617878787c7c7c3a787c3a62
30	x:|ax:xx|xxaxabb|x|bab|x|bbaab	28 787c3a7c7c61787c3a78787c7c787861786162627c7c787c7c626162
21	xbax	4 78626178
24	ab:a:bxxab:ababa:::x|:	23 61627c3a617c3a62787861627c3a61626162617c3a7c3a
8	xaaax|:ab:aa:|bbxx	7 78616161787c7c
4	xxaxxa||	3 787861
12	|||aa|aa:a||b:	10 7c7c7c7c7c7c61617c7c
3	b|a|axaba	1 62
14	x:a:x|a|bx:xab:bx:	12 787c3a617c3a787c7c617c7c
30	xba:|aaba:b:||||bx::||xa:b	28 7862617c3a7c7c616162617c3a627c3a7c7c7c7c7c7c7c7c62787c3a
29	a:a|bbxax:||b|axx:|:abb:abbx	27 617c3a617c7c62627861787c3a7c7c7c7c627c7c6178787c3a7c7c
21	|ax:|xxa:xbxabx:|bx|	19 7c7c61787c3a7c7c7878617c3a786278616278
39	:xaxaa	7 7c3a7861786161
38	ba|axx	7 62617c7c617878
38		0 
39	x	1 78
22	:|xba:|:aa:bb:|	21 7c3a7c7c7862617c3a7c7c7c3a61617c3a62627c3a
16	::ab||aa|a|xxxxbx||babab	14 7c3a7c3a61627c7c7c7c61617c7c
24	xxa|x|:|xbxxb	17 7878617c7c787c7c7c3a7c7c7862787862
28	b	1 62
17	xa:|bb:aba	13 78617c3a7c7c62627c3a616261
32	bxa:||:a|:b|xa	21 6278617c3a7c7c7c7c7c3a617c7c7c3a627c7c7861
31	a:b|xx|:bxbb:bbb||baabbaab	30 617c3a627c7c78787c7c7c3a627862627c3a6262627c7c7c7c6261616262
10	|:|||::::|b:a	8 7c7c7c3a7c7c7c7c
30	:::abbb|:xb::b:abab|xxb|:|	29 7c3a7c3a7c3a616262627c7c7c3a78627c3a7c3a627c3a616261627c7c
18	axb:b|xb|bxxaxbx|a	17 6178627c3a627c7c78627c7c6278786178
10	||:|b:ba|	8 7c7c7c7c7c3a7c7c
32	a:|xxb:::a:bb:xaxxxb|x:bbax	30 617c3a7c7c7878627c3a7c3a7c3a617c3a62627c3a7861787878627c7c78
6	:b||xaba	5 7c3a627c7c
35	||x|b|:a:a|:|aa|b	27 7c7c7c7c787c7c627c7c7c3a617c3a617c7c7c3a7c7c61617c7c62
37	xx|:aba|aa:xb|:x|xaa::b:ab	36 78787c7c7c3a6162617c7c61617c3a78627c7c7c3a787c7c7861617c3a7c3a627c3a6162
25	xxx|bx|::|aaab|b|x|b|aaab|	24 7878787c7c62787c7c7c3a7c3a7c7c616161627c7c627c7c
34	:ax|x|xbbbabb||a	21 7c3a61787c7c787c7c786262626162627c7c7c7c61
31	|xb::bb:||b:axaxa:	26 7c7c78627c3a7c3a62627c3a7c7c7c7c627c3a61786178617c3a
23	bb|bb|b	9 62627c7c62627c7c62
7	x|a|bx|x:bxx:a:bb:xab:abb:a:|a	6 787c7c617c7c
10	x:axa:x:bx	8 787c3a6178617c3a
29	a	1 61
19	|:xx:a::x|a:a|baxb:b:xx	17 7c7c7c3a78787c3a617c3a7c3a787c7c61
29	axx:|xbxb|ba	15 6178787c3a7c7c786278627c7c6261
28		0 
34	ax|xbx:|xb||:bx:x	24 61787c7c7862787c3a7c7c78627c7c7c7c7c3a62787c3a78
3	b|||bx:ax:xbab:|:|a:	1 62
3	|x:|xb:bbx||:ba:	2 7c7c
16	|x|ba|a|b:|bx:xa:|ba:b||xx	15 7c7c787c7c62617c7c617c7c627c3a
6	aab:	5 6161627c3a
18	x	1 78
29	|xx::a:::ab|:baxa:	27 7c7c78787c3a7c3a617c3a7c3a7c3a61627c7c7c3a626178617c3a
15	aa	2 6161
15	x	1 78
27	|x|:babx	11 7c7c787c7c7c3a62616278
39	b:aba|::baaabbxx|bax	25 627c3a6162617c7c7c3a7c3a62616161626278787c7c626178
33	:b|:aa	9 7c3a627c7c7c3a6161
28	b|:|xbaxb::x	17 627c7c7c3a7c7c78626178627c3a7c3a78
5	aax:bx||bbba|axxx	3 616178
11	x|x:|baa|	10 787c7c787c3a7c7c6261
5	xx:::a|b:b:xbabb|xa:xa:x:|::|	4 78787c3a
9	:a:|x|aab|xxbb::|abxb:xabb|x:	7 7c3a617c3a7c7c
19	xb|a:x:	10 78627c7c617c3a787c3a
35	b:||xb|bbaxb|xax:x	24 627c3a7c7c7c7c78627c7c62626178627c7c7861787c3a78
24	||a:|a	10 7c7c7c7c617c3a7c7c61
8	b:aa|||:x:babx::|xx:aab:	7 627c3a61617c7c
27	a::xxbaxa:	13 617c3a7c3a7878626178617c3a
28	|a||xxbax|b|ax||a||x|:b:bbb	26 7c7c617c7c7c7c78786261787c7c627c7c61787c7c7c7c617c7c
4	bxaa:x|axbx|xx||babb	3 627861
26	aa:|x|:axxbb:xa:|ababb	24 61617c3a7c7c787c7c7c3a61787862627c3a78617c3a7c7c
4	|ax:xb:	2 7c7c
21	b|:xb|axx|:xx:|bxxaba:bxx::	20 627c7c7c3a78627c7c6178787c7c7c3a78787c3a
3	bxa	2 6278
23	x|bax|:b|xx	15 787c7c6261787c7c7c3a627c7c7878
32	b:|:x:||::	18 627c3a7c7c7c3a787c3a7c7c7c7c7c3a7c3a
33	:xa:a||xaxa|:|:xx|bbbxa	32 7c3a78617c3a617c7c7c7c786178617c7c7c3a7c7c7c3a78787c7c6262627861
3	xxbx::x|bx||aa:xabb|xa:a	2 7878
30	x|axx:x|abax|aa|x:|ababb:x:	29 787c7c6178787c3a787c7c616261787c7c61617c7c787c3a7c7c616261
8	a:|a:|xax|xb|b	6 617c3a7c7c61
24	a:ax:|bb:|||a|ba	22 617c3a61787c3a7c7c62627c3a7c7c7c7c7c7c617c7c
30	::::xbx:x|babbx|axb|b:a:|bx	28 7c3a7c3a7c3a7c3a7862787c3a787c7c62616262787c7c6178627c7c
28	||b:b:baxba|xaa||a:	27 7c7c7c7c627c3a627c3a62617862617c7c7861617c7c7c7c617c3a
17	b:|x:::x:x||abxa	15 627c3a7c7c787c3a7c3a7c3a787c3a
5	xa|x::xbbb:bx|	4 78617c7c
28	|xb|	6 7c7c78627c7c
33	xaxx|xa|bxaxbx||x|::a	28 786178787c7c78617c7c6278617862787c7c7c7c787c7c7c3a7c3a61
39	|b|babba	10 7c7c627c7c6261626261
18	b||ba|bxx:|x|	16 627c7c7c7c62617c7c6278787c3a7c7c
33	|a|xaabx|bxbb|ab:abb|bx|a:a|a	31 7c7c617c7c78616162787c7c627862627c7c61627c3a6162627c7c62787c7c
18	:xx|bbbabx:|:|xbbax::xx|xxa|	16 7c3a78787c7c6262626162787c3a7c7c
38	bxa	3 627861
6	|::a||:	4 7c7c7c3a
3		0 
17	a||	5 617c7c7c7c
21		0 
17	bbaa:bba	9 626261617c3a626261
26	x|	3 787c7c
25	|a||b:x|b|bab:ax||b|a:xab:a::	23 7c7c617c7c7c7c627c3a787c7c627c7c6261627c3a6178
19	ax|xa|xa|:aa|aa	18 61787c7c78617c7c78617c7c7c3a61617c7c
35	x|:|xab:b|x:xaxxxb:|x|:x|	33 787c7c7c3a7c7c7861627c3a627c7c787c3a7861787878627c3a7c7c787c7c7c3a
27	a|a|ax:|baa	15 617c7c617c7c61787c3a7c7c626161
19	x	1 78
3	xa:||bxaxx|axa	2 7861
8	::xa|:bbx|abx	6 7c3a7c3a7861
37	||xxxx|xb::|a::xbaa:b:a|x:|:	35 7c7c7c7c787878787c7c78627c3a7c3a7c7c617c3a7c3a786261617c3a627c3a617c7c
17	||::|ax:baaxxa	16 7c7c7c7c7c3a7c3a7c7c61787c3a6261
31	|a|bb|b:	12 7c7c617c7c62627c7c627c3a
17	bx::|	8 62787c3a7c3a7c7c
38	aa:	4 61617c3a
24		0 
32	:aaa::|xabx:b|bb|xb|x|:xb|	31 7c3a6161617c3a7c3a7c7c786162787c3a627c7c62627c7c78627c7c787c7c
39	|bax	5 7c7c626178
17	:x::xx|:bb|b|:ba:a:ax:b|xa:	15 7c3a787c3a7c3a78787c7c7c3a6262
9	a:x:	6 617c3a787c3a
8	a|||x	7 617c7c7c7c7c7c
17	abaxa:|x:xbaxx:b:bb|bxa::b|:	16 61626178617c3a7c7c787c3a78626178
19	b|a|aa:b:abb:bx	18 627c7c617c7c61617c3a627c3a6162627c3a
3	xxxb:a:	2 7878
35	|:b|x:x:a|::x:|::bxx|bb|:a:ab	34 7c7c7c3a627c7c787c3a787c3a617c7c7c3a7c3a787c3a7c7c7c3a7c3a6278787c7c
32	xa:bxa|xx|:|bxb|||xx:a:a|a	30 78617c3a6278617c7c78787c7c7c3a7c7c6278627c7c7c7c7c7c78787c3a
37	axx	3 617878
13	|b:x|xb|:|xx:axxa	12 7c7c627c3a787c7c78627c7c
24	x|:bxa|bxxb|b|x|x::a|x::baba::	22 787c7c7c3a6278617c7c627878627c7c627c7c787c7c
9	||:|::x:bab|b:babb|x|a|xbb	8 7c7c7c7c7c3a7c7c
21	|b:bbb:bba|x:bax::|||xa::a:x	20 7c7c627c3a6262627c3a6262617c7c787c3a6261
30	ba:aabbb:xb|a|::x	23 62617c3a61616262627c3a78627c7c617c7c7c3a7c3a78
10	||xxaa:b|::bxx|	8 7c7c7c7c78786161
3	aa:bxa:|ax::bxab	2 6161
10	x:a	4 787c3a61
9	ax:x	5 61787c3a78
23	b::|bbb|bb:xa	18 627c3a7c3a7c7c6262627c7c62627c3a7861
20	:||x|:b|::|a|x:||	18 7c3a7c7c7c7c787c7c7c3a627c7c7c3a7c3a
39	:b|xbaaabb:	14 7c3a627c7c786261616162627c3a
13	b|::|a:b|::ax|aa|ax|x:|:b:	12 627c7c7c3a7c3a7c7c617c3a
10	:ax:|aaa|axxaaab|baxaa|ba|xxbb	8 7c3a61787c3a7c7c
22	axa|::a:b||b:|xb|aba|	20 6178617c7c7c3a7c3a617c3a627c7c7c7c627c3a
21	ba	2 6261
38	a|b|::aaa:a:bxa	21 617c7c627c7c7c3a7c3a6161617c3a617c3a627861
17	ba:|a:	9 62617c3a7c7c617c3a
8	:bb	4 7c3a6262
32	axabx|aaxxb|aa:::|x::x:x|a	30 61786162787c7c61617878627c7c61617c3a7c3a7c3a7c7c787c3a7c3a78
27	xaxax|aa||	13 78617861787c7c61617c7c7c7c
23	ba:|abx|aaaabaabb|:ax|::	22 62617c3a7c7c6162787c7c6161616162616162627c7c
13	|xx|a:axb|xa|axa:|:||x:::bba	12 7c7c78787c7c617c3a617862
28	b:x:x||baaba	16 627c3a787c3a787c7c7c7c6261616261
36	|bb	4 7c7c6262
26	bxaba:bbx|ax||xaa:bxb:xaa|:xa	25 62786162617c3a6262787c7c61787c7c7c7c7861617c3a6278
29	aax|xba|::ax|:a:|bbbxxa:	28 6161787c7c7862617c7c7c3a7c3a61787c7c7c3a617c3a7c7c626262
35	bb:axa|	9 62627c3a6178617c7c
7		0 
26	bax:xx:axbb::|a|:abxbx	24 6261787c3a78787c3a617862627c3a7c3a7c7c617c7c7c3a
4		0 
8	:bb:a|b:axbx::axaxa|aaab|a|a	6 7c3a62627c3a
10	aa|x:aaaabb:xxbb|:	9 61617c7c787c3a6161
36	|	2 7c7c
3	xa:bxaa::aabbaxa|:|	2 7861
37	xax|xab:bx|a	15 7861787c7c7861627c3a62787c7c61
21	ab:::|xx|x|a|aaa|xa	20 61627c3a7c3a7c3a7c7c78787c7c787c7c617c7c
19	|xa|xb|xbb::||	17 7c7c78617c7c78627c7c7862627c3a7c3a
13	a|:|abb|bxaxx|aba|	12 617c7c7c3a7c7c6162627c7c
32	|bbbxxaba:||:baba:abab:|bbaa|	30 7c7c62626278786162617c3a7c7c7c7c7c3a626162617c3a616261627c3a
9	b||:x|bxxabx:||x:b	7 627c7c7c7c7c3a
27	::|	6 7c3a7c3a7c7c
16	a|xabax|:b|:ba:bb:a|bax|	15 617c7c78616261787c7c7c3a627c7c
25	|:aaa|b:x:	15 7c7c7c3a6161617c7c627c3a787c3a
37	ax|:|b	9 61787c7c7c3a7c7c62
40	b|x:xax:bx||:xxa:xax	27 627c7c787c3a7861787c3a62787c7c7c7c7c3a7878617c3a786178
38	bxx|:ax	9 6278787c7c7c3a6178
12	|xabxxxaax:ax	11 7c7c786162787878616178
32	x:	3 787c3a
12	:a|xx:|bxaxxb|bxax:|xbxbb::b:	11 7c3a617c7c78787c3a7c7c
27	x|aax||b|:xbbx:||:bx:bx:bxx|b	25 787c7c6161787c7c7c7c627c7c7c3a786262787c3a7c7c7c7c
12	ab|b|:||b|xba:xxbbxba|axab|	11 61627c7c627c7c7c3a7c7c
16	xb:a:|bbabxxa:	15 78627c3a617c3a7c7c626261627878
20	axaaababx	9 617861616162616278
19	:xaa:|:bx:b	16 7c3a7861617c3a7c7c7c3a62787c3a62
11	|:|:xab|x:ax|ab||b:aabxxba:bxx	10 7c7c7c3a7c7c7c3a7861
8	a|x::|bxbbb:ax|:bx:b:|::bbbb|b	6 617c7c787c3a
30	xb||:|x	11 78627c7c7c7c7c3a7c7c78
13	xabba|b|b|bxaa:a:::a::b:	11 78616262617c7c627c7c62
3	xa|bx|ax|xa:|:a	2 7861
38	:|x|::x|x|:	19 7c3a7c7c787c7c7c3a7c3a787c7c787c7c7c3a
10	aa|xbxb:xbb||||ba	8 61617c7c78627862
16	b|:a|bx|||b|:xbaba|xxbab::	14 627c7c7c3a617c7c62787c7c7c7c
4	|b||:bbb|bx::a:|bx|||b	2 7c7c
38	abxxa|x|xxx|ab|aa	21 61627878617c7c787c7c7878787c7c61627c7c6161
15	x|b:|xb:ba|b	14 787c7c627c3a7c7c78627c3a6261
9	b|a:xb	8 627c7c617c3a7862
16	aaa:x:a:bxxax	15 6161617c3a787c3a617c3a62787861
3	x||:	1 78
30	babbaab:a:b|xb:x|b||aaa::a:	29 626162626161627c3a617c3a627c7c78627c3a787c7c627c7c7c7c6161
15	bx:bb|ab	10 62787c3a62627c7c6162
6	|:xba|x|a:||:a	4 7c7c7c3a
15	xab:::bab:abax	14 7861627c3a7c3a7c3a6261627c3a
34	x|aaabbbbb:|axx|ab:|	26 787c7c61616162626262627c3a7c7c6178787c7c61627c3a7c7c
30	x:xax:b|xxa|a:a:|ab:bbabaaa:	28 787c3a7861787c3a627c7c7878617c7c617c3a617c3a7c7c61627c3a
23	:	2 7c3a
38	x|baxa::	11 787c7c626178617c3a7c3a
11	abbax	5 6162626178
29	b:xa	5 627c3a7861
8	|xb|xbxabaxxa|xa|b||a:b	6 7c7c78627c7c
26	b|ax:|:	11 627c7c61787c3a7c7c7c3a
19	xa|x::b:x|bb::bx|	17 78617c7c787c3a7c3a627c3a787c7c6262
14	|ab:|xb:a|b|a|bbb|bbabx|a:b:bx	12 7c7c61627c3a7c7c78627c3a
4	|bx	2 7c7c
27	:x:bx|b	10 7c3a787c3a62787c7c62
14	ax::xaaxbxxbxxb:ba:ab	13 61787c3a7c3a78616178627878
18	x|xaa:	8 787c7c7861617c3a
27	|bb|a|b:aa::bb:bbab::xax||axx	26 7c7c62627c7c617c7c627c3a61617c3a7c3a62627c3a62626162
7	x|b|:b|	6 787c7c627c7c
20	axb|||xxb:|ba|bab:bxabx|ba	18 6178627c7c7c7c7c7c7878627c3a7c7c6261
30	a:b:::|xa|||:x|a:axx|a|	28 617c3a627c3a7c3a7c3a7c7c78617c7c7c7c7c7c7c3a787c7c617c3a
36	|xbab|x|||	15 7c7c786261627c7c787c7c7c7c7c7c
28	a|:axx::xx	14 617c7c7c3a6178787c3a7c3a7878
10	a|::a|a|::a:xxa:x	8 617c7c7c3a7c3a61
18	baa|x:b:x:||:	16 6261617c7c787c3a627c3a787c3a7c7c
33	abaxx:ax||::::|	23 61626178787c3a61787c7c7c7c7c3a7c3a7c3a7c3a7c7c
16	b|:ax:xb:::a:|b:|	15 627c7c7c3a61787c3a78627c3a7c3a
4	:b:axab:	2 7c3a
32	ba|:	6 62617c7c7c3a
10	xaa|||::a:||b|xb:bb|||a|axb:xa	9 7861617c7c7c7c7c7c
17	bxbb|||xbbx:x:xx:bbx	16 627862627c7c7c7c7c7c786262787c3a
13	b|x|a:ax|xaxax||xb	11 627c7c787c7c617c3a6178
9	bxx|::::::b|x|aab|	7 6278787c7c7c3a
5	xb::::|a|xb:axb|abxx::|x||	4 78627c3a
34	x::	5 787c3a7c3a
38	:|:|bbb|:|:	19 7c3a7c7c7c3a7c7c6262627c7c7c3a7c7c7c3a
26	:xa::	8 7c3a78617c3a7c3a
4	xbxaxba::bx:xb|::a:ba:b	3 786278
3	baxbaxax::a	2 6261
29	xbaax:|bx	11 78626161787c3a7c7c6278
30	ab:a:xa:x|:b|xb:||xbx|xx|	29 61627c3a617c3a78617c3a787c7c7c3a627c7c78627c3a7c7c7c7c7862
31	x|:|bbb:x:|:a|aaba::|:	30 787c7c7c3a7c7c6262627c3a787c3a7c7c7c3a617c7c616162617c3a7c3a
6	b:bb:	5 627c3a6262
38	|bxx:||bx:|b|b|aa	25 7c7c6278787c3a7c7c7c7c62787c3a7c7c627c7c627c7c6161
13	:|:|	8 7c3a7c7c7c3a7c7c
28	xaab||abx:|||::xbx::|:aa	26 786161627c7c7c7c6162787c3a7c7c7c7c7c7c7c3a7c3a786278
25	xx|b|	7 78787c7c627c7c
24	b|:aba	8 627c7c7c3a616261
36	xbxaab|xbb:|:b|||baxa:x|xa	35 7862786161627c7c7862627c3a7c7c7c3a627c7c7c7c7c7c626178617c3a787c7c7861
7	x:|b	5 787c3a7c7c
38	aa	2 6161
24	|bab	5 7c7c626162
37	xaba|a:xxbxbx|a:x:x	24 786162617c7c617c3a7878627862787c7c617c3a787c3a78
40	a:axbxaa:aaa|xb|:aaaxb::bax:ax	38 617c3a6178627861617c3a6161617c7c78627c7c7c3a61616178627c3a7c3a6261787c3a6178
19		0 
35	xbaxa:x||::xaxa:x|aaaxaa:	33 78626178617c3a787c7c7c7c7c3a7c3a786178617c3a787c7c6161617861617c3a
7	ax:x|xaa	5 61787c3a78
18	babab|a::b||a|b	17 62616261627c7c617c3a7c3a627c7c7c7c
13	:xb|	6 7c3a78627c7c
38	bbxxb|:x|xb:|x	19 62627878627c7c7c3a787c7c78627c3a7c7c78
40	xx:||x|aa|a:|:b|:|a:xa:b|b:x	39 78787c3a7c7c7c7c787c7c61617c7c617c3a7c7c7c3a627c7c7c3a7c7c617c3a78617c3a627c7c
38	xbxb	4 78627862
5	::ax|:a::x:|b|a	4 7c3a7c3a
16	b::xxbaxa:b	14 627c3a7c3a7878626178617c3a62
26	ab::|x:||x:|a:|::|aba::|:a|:||	25 61627c3a7c3a7c7c787c3a7c7c7c7c787c3a7c7c617c3a7c7c
15	:::|	8 7c3a7c3a7c3a7c7c
25	bba|xbbba|:|||a|xbx|:	23 6262617c7c78626262617c7c7c3a7c7c7c7c7c7c617c7c
16	b|:ba|ax::|xaaaax::xax||xx|xb	15 627c7c7c3a62617c7c61787c3a7c3a
24	|xa:x|bbabx	14 7c7c78617c3a787c7c6262616278
36	:b:xxa|xb|xaax:a|::aaaaaax|:x	34 7c3a627c3a7878617c7c78627c7c786161787c3a617c7c7c3a7c3a61616161616178
38	|aa|a|:bbaxb:bab:aa	25 7c7c61617c7c617c7c7c3a62626178627c3a6261627c3a6161
37	xx|x:xx|xx:::b||x||a|b	33 78787c7c787c3a78787c7c78787c3a7c3a7c3a627c7c7c7c787c7c7c7c617c7c62
19	||:|x||x	14 7c7c7c7c7c3a7c7c787c7c7c7c78
10	xabax|aaa	9 78616261787c7c6161
34	:aaaa|:x::|xb:a::|b:||:|	33 7c3a616161617c7c7c3a787c3a7c3a7c7c78627c3a617c3a7c3a7c7c627c3a7c7c
32	|ax|x||:bbbbx::aaabb:bbxbx	31 7c7c61787c7c787c7c7c7c7c3a62626262787c3a7c3a61616162627c3a6262
14	x|b|xax	9 787c7c627c7c786178
30	:|xx|:a|:x|bab||ab:|axb||:|bxx	29 7c3a7c7c78787c7c7c3a617c7c7c3a787c7c6261627c7c7c7c61627c3a
15	:||::	10 7c3a7c7c7c7c7c3a7c3a
26	aaxbaba	7 61617862616261
12	|babb::aab|:|x:	10 7c7c626162627c3a7c3a
35	a::abab:ab:	15 617c3a7c3a616261627c3a61627c3a
18	:bxb:x:x|a|abb:b	16 7c3a6278627c3a787c3a787c7c617c7c
5		0 
25	xxx||baxb||:bxbx	21 7878787c7c7c7c626178627c7c7c7c7c3a62786278
3	x|bxab:xx	1 78
6	b|bbxx|:x:xbab::aa|x|a|xx	5 627c7c6262
7	abbb||x:	6 616262627c7c
25	xx:bx:|bb	12 78787c3a62787c3a7c7c6262
13	:xa|::|ab|xaax:b|x|	12 7c3a78617c7c7c3a7c3a7c7c
13	x::xa|x|b|xb|	12 787c3a7c3a78617c7c787c7c
17	ab::xxbxbx	12 61627c3a7c3a787862786278
27	ab||	6 61627c7c7c7c
6	||a:b|:bbxaaxba	4 7c7c7c7c
19	a|	3 617c7c
25	|xa::aab|x|aaxaxx:::a	24 7c7c78617c3a7c3a6161627c7c787c7c6161786178787c3a
27	b:a:x:||b|:xx::|::a|bx|xb:	26 627c3a617c3a787c3a7c7c7c7c627c7c7c3a78787c3a7c3a7c7c
25	:||a||b|:x|::b:|:a:ab|abxx||	23 7c3a7c7c7c7c617c7c7c7c627c7c7c3a787c7c7c3a7c3a
20	bx|xabaxab|	13 62787c7c786162617861627c7c
3	|bx||ax	2 7c7c
19	xx|ab||aba	13 78787c7c61627c7c7c7c616261
33	bba||x|:b:x|::x|aa||::x:b|xa|x	31 6262617c7c7c7c787c7c7c3a627c3a787c7c7c3a7c3a787c7c61617c7c7c7c
28	b|xa:|:xaaxa|bbxb	22 627c7c78617c3a7c7c7c3a78616178617c7c62627862
36	:|ax::|b|b::	20 7c3a7c7c61787c3a7c3a7c7c627c7c627c3a7c3a
27		0 
18	a||bbxxaaaa|aa:bxaa:x::b||a:x	17 617c7c7c7c62627878616161617c7c6161
25	:|:aaxax::	15 7c3a7c7c7c3a61617861787c3a7c3a
20	xx:xa||:|aax:xa|axx:::|:a	19 78787c3a78617c7c7c7c7c3a7c7c6161787c3a
17	|:b|xxa:xaxx:ab	16 7c7c7c3a627c7c7878617c3a78617878
15	x:x|bx|bbax:|:aaa||axbbb	14 787c3a787c7c62787c7c62626178
27		0 
29	axb::a:a::	15 6178627c3a7c3a617c3a617c3a7c3a
25	|b||bb::b	14 7c7c627c7c7c7c62627c3a7c3a62
26	a|b|bxxbb:xx	15 617c7c627c7c62787862627c3a7878
18	ba	2 6261
19	::xxbxxxa|aaa::|:xb:ba::b|	18 7c3a7c3a787862787878617c7c6161617c3a
38	bax:::|	11 6261787c3a7c3a7c3a7c7c
3	:b	2 7c3a
8	bxaaxa|x|x	6 627861617861
25	a:b:|axx:x:bb	18 617c3a627c3a7c7c6178787c3a787c3a6262
27	|a|xx	7 7c7c617c7c7878
37	:xa::xxbxx|b:a:	21 7c3a78617c3a7c3a78786278787c7c627c3a617c3a
28	xxb::bx:baabx|abaxxab||:|ab|b	27 7878627c3a7c3a62787c3a62616162787c7c616261787861627c7c
8	b:|:bab|b:x	7 627c3a7c7c7c3a
4	:	2 7c3a
24	|aa:xbabax|a:|x|a:ab:x|	22 7c7c61617c3a7862616261787c7c617c3a7c7c787c7c
32	:x:xxxx||::|	19 7c3a787c3a787878787c7c7c7c7c3a7c3a7c7c
4	b|x::bxaba|a	3 627c7c
40	|x:||a|bb	14 7c7c787c3a7c7c7c7c617c7c6262
26	:|b:a::bxb|:bbax:bbbb	25 7c3a7c7c627c3a617c3a7c3a6278627c7c7c3a626261787c3a
37	:x:xbb||:|b::ba	23 7c3a787c3a7862627c7c7c7c7c3a7c7c627c3a7c3a6261
23	bb|b|ab|b:|axa:b:baa	21 62627c7c627c7c61627c7c627c3a7c7c6178617c3a
37	|ba|:|::abbaxbxa|x|b	28 7c7c62617c7c7c3a7c7c7c3a7c3a61626261786278617c7c787c7c62
38	x|:a:baaxxx|x::x|x|bxaxaab	34 787c7c7c3a617c3a6261617878787c7c787c3a7c3a787c7c787c7c62786178616162
8	::bab|axxx|xbxab||x:xb:|ab|	7 7c3a7c3a626162
39	:bxbaxaaax|x:bx:xxaxxba|:	31 7c3a6278626178616161787c7c787c3a62787c3a787861787862617c7c7c3a
25	|a:axa||b:xax	18 7c7c617c3a6178617c7c7c7c627c3a786178
29	:|abx||bx|:bx||:x:xxba:xaa::b	28 7c3a7c7c6162787c7c7c7c62787c7c7c3a62787c7c7c7c7c3a787c3a
29	:aa:axxbbx	12 7c3a61617c3a617878626278
14	:::aa|b|	13 7c3a7c3a7c3a61617c7c627c7c
33	b::b||bbb:a:|x:xa:|x:|x:	32 627c3a7c3a627c7c7c7c6262627c3a617c3a7c7c787c3a78617c3a7c7c787c3a
19	bbax:bxxbbxbx:ab	18 626261787c3a62787862627862787c3a6162
5	b|a:a::x|xaa|bbb	3 627c7c
24	xaa|xb|xxababxa|a:bb::a|b	22 7861617c7c78627c7c78786162616278617c7c617c3a
32	a|xx:	7 617c7c78787c3a
29	xxx:baa:b:b:|b::x|:ba:	28 7878787c3a6261617c3a627c3a627c3a7c7c627c3a7c3a787c7c7c3a
34	x|:||b:|bbb|a:xabaxb:::|:xb	32 787c7c7c3a7c7c7c7c627c3a7c7c6262627c7c617c3a7861626178627c3a7c3a
30	:::|bx:axaa	16 7c3a7c3a7c3a7c7c62787c3a61786161
18	ax|:xbx|a||abbxxxaa:xa:b|b:	16 61787c7c7c3a7862787c7c617c7c7c7c
18	xxa:bxxabx:bbabbx|aabx:ab:	17 7878617c3a6278786162787c3a62626162
6	xa:|:b:aa::x:b|xxa	4 78617c3a
16	|::ax|a:|:ab	15 7c7c7c3a7c3a61787c7c617c3a7c7c
36	a||abxabaxbxaxa|a|a|b	26 617c7c7c7c6162786162617862786178617c7c617c7c617c7c62
36	|bxb|:	9 7c7c6278627c7c7c3a
13	xbx::aa|:ax:xxaxb:x:|:aa|	11 7862787c3a7c3a61617c7c
36	:x:baxbb::ax|ab::x:b||:ba:|ax	34 7c3a787c3a62617862627c3a7c3a61787c7c61627c3a7c3a787c3a627c7c7c7c7c3a
13	xxbb:	6 787862627c3a
23	x:b:||a|x|	16 787c3a627c3a7c7c7c7c617c7c787c7c
14	x|	3 787c7c
32	::xxx:b||	14 7c3a7c3a7878787c3a627c7c7c7c
19		0 
39	||||a:bbb:ba|:a:xxabb|xbbx|:|a	38 7c7c7c7c7c7c7c7c617c3a6262627c3a62617c7c7c3a617c3a78786162627c7c786262787c7c
11	:a:|xxxb:aaxbba:x	10 7c3a617c3a7c7c787878
10	|||||x|x:b	8 7c7c7c7c7c7c7c7c
4	:::xb|b:ba	2 7c3a
28	:xax:|abxaxx|a|a|aa:bbb::	27 7c3a7861787c3a7c7c6162786178787c7c617c7c617c7c61617c3a
36	axaxxbxbbba|	13 61786178786278626262617c7c
40	xabbb:bx|a:|:x:bx:ab:|xabx:xxx	39 78616262627c3a62787c7c617c3a7c7c7c3a787c3a62787c3a61627c3a7c7c786162787c3a7878
15	:x|b:abb:aa::bx||abb:b	13 7c3a787c7c627c3a6162627c3a
23	b|::bb||	13 627c7c7c3a7c3a62627c7c7c7c
39	|:::bxb	11 7c7c7c3a7c3a7c3a627862
32	aab:b	6 6161627c3a62
15	aaa:||ab||:	13 6161617c3a7c7c7c7c61627c7c
29	|:xa|aa||x	15 7c7c7c3a78617c7c61617c7c7c7c78
32	:a	3 7c3a61
9	x|::::axaab	7 787c7c7c3a7c3a
23	bbxbxxbbb|ba	13 6262786278786262627c7c6261
12	aaxxbxxbab||	10 61617878627878626162
24	|x:|bxbbxb|x:b|b:b|a|b:x|bx:	22 7c7c787c3a7c7c6278626278627c7c787c3a627c7c62
17	bxb:b:b|	11 6278627c3a627c3a627c7c
40	xb:x	5 78627c3a78
8	a|a||ba:a:x|axx:||ab|xxa	6 617c7c617c7c
3	|aab:|:baxb	2 7c7c
23	||:ba:bb||bxaa|xab|x	22 7c7c7c7c7c3a62617c3a62627c7c7c7c627861617c7c
23	||bb|aaxxb:b|ab:x	22 7c7c7c7c62627c7c61617878627c3a627c7c61627c3a
22	b|xax:ab|a|||aba|||:x	21 627c7c7861787c3a61627c7c617c7c7c7c7c7c6162
25	:::a:ax|x:|ax|:|x:ax	24 7c3a7c3a7c3a617c3a61787c7c787c3a7c7c61787c7c7c3a
21	ab|a|xbx|aa::a||aaa	19 61627c7c617c7c7862787c7c61617c3a7c3a61
3	bb|bx:a|bb|:x|	2 6262
28	axx|xb|x:x|x:bb	20 6178787c7c78627c7c787c3a787c7c787c3a6262
29	:ba|x||a:aax:|bb:	25 7c3a62617c7c787c7c7c7c617c3a6161787c3a7c7c62627c3a
24	b||a:bx:bx	14 627c7c7c7c617c3a62787c3a6278
6		0 
37	:baa:xb|a:|:b:b|x	25 7c3a6261617c3a78627c7c617c3a7c7c7c3a627c3a627c7c78
28	|:b:aaaxx:x|::|:|xxa	27 7c7c7c3a627c3a61616178787c3a787c7c7c3a7c3a7c7c7c3a7c7c
16	|x::abx|xxxbbx	15 7c7c787c3a7c3a6162787c7c787878
22	|b|b:|a:xxb:a:xb:bb|:a:b	21 7c7c627c7c627c3a7c7c617c3a7878627c3a617c3a
5	xx|:xbab:aaa:|:abaabb|ab::x:ab	4 78787c7c
13	|||	6 7c7c7c7c7c7c
4	bxxb:xb|a:baaa:x||aa||a||b:bx|	3 627878
27	a:||ax::|x|:x|axb|:	26 617c3a7c7c7c7c61787c3a7c3a7c7c787c7c7c3a787c7c617862
29	bbb:xbbx|ax:bax:|baxaab:::|b	28 6262627c3a786262787c7c61787c3a6261787c3a7c7c626178616162
8	a::ba|aa	7 617c3a7c3a6261
4	xa|:b|bx:axa:a|x	2 7861
31	bbba|:	8 626262617c7c7c3a
30	|:ba	6 7c7c7c3a6261
14		0 
13	bax::::b|xaxaa	11 6261787c3a7c3a7c3a7c3a
29	a:|axb|b::bxa:ba:b:x:x|:	27 617c3a7c7c6178627c7c627c3a7c3a6278617c3a62617c3a627c3a
40	bx::|bb:a|||xxaxx	24 62787c3a7c3a7c7c62627c3a617c7c7c7c7c7c7878617878
19	bbbxxbbb:a|xx|a|xxb:x:|xx|b	17 62626278786262627c3a617c7c78787c7c
22	a:::a:|bb	14 617c3a7c3a7c3a617c3a7c7c6262
32	|:||x||a:ab:aa|:b::|b|b::|xx|:	31 7c7c7c3a7c7c7c7c787c7c7c7c617c3a61627c3a61617c7c7c3a627c3a7c3a
13	a|b:::b|abax	11 617c7c627c3a7c3a7c3a62
10	|bbax	6 7c7c62626178
34	xb|:b:xa:x||b:a:	24 78627c7c7c3a627c3a78617c3a787c7c7c7c627c3a617c3a
30	::ab|b:|:|aabaa::x|:::x	29 7c3a7c3a61627c7c627c3a7c7c7c3a7c7c61616261617c3a7c3a787c7c
13	:	2 7c3a
14	|ba	4 7c7c6261
19	b:xab|::xxxba:	17 627c3a7861627c7c7c3a7c3a7878786261
40	ab::bx:a||:xx|b||axbba	31 61627c3a7c3a62787c3a617c7c7c7c7c3a78787c7c627c7c7c7c6178626261
32	::|xxa|aaxab:|::bxax	28 7c3a7c3a7c7c7878617c7c61617861627c3a7c7c7c3a7c3a62786178
23	a|bbbbax|bx:xa:x|bb:a:b::a:b||	22 617c7c6262626261787c7c62787c3a78617c3a787c7c
37	aba||bb|b:xa||	20 6162617c7c7c7c62627c7c627c3a78617c7c7c7c
16	b|:aaxbx|x|bxxx:ab|	15 627c7c7c3a61617862787c7c787c7c
14	bb|:b|:::x:|a:a|b:x	13 62627c7c7c3a627c7c7c3a7c3a
15	:x	3 7c3a78
16	b::b|	8 627c3a7c3a627c7c
17	xaxab:|xbb|axa	16 78617861627c3a7c7c7862627c7c6178
4	xxx|ab|xbbaax:|	3 787878
9	:|bx||xxaaxxa	8 7c3a7c7c62787c7c
10	|bbx:baba|axxabb|:|:xab||||	9 7c7c6262787c3a6261
6	aba:b|:|:a|xab	5 6162617c3a
7	bb|bxba:x	6 62627c7c6278
23	bb|||a:baaa|xa|xb|b:ax:|::x|:|	21 62627c7c7c7c7c7c617c3a626161617c7c78617c7c
37	:x:bbx:xbxba||:a	22 7c3a787c3a6262787c3a78627862617c7c7c7c7c3a61
16	x:||bb|bxx||x|:bb	14 787c3a7c7c7c7c62627c7c627878
32	:a:::ab:|a||b:b:bx||bbaaxa	30 7c3a617c3a7c3a7c3a61627c3a7c7c617c7c7c7c627c3a627c3a62787c7c
25	:abx:b|:baa|x||::b::b|aa:|:xb	24 7c3a6162787c3a627c7c7c3a6261617c7c787c7c7c7c7c3a
14	x:xabb|xb|bxaax|:	13 787c3a786162627c7c78627c7c
3	b|x|:::xaaxba|a	1 62
15	a	1 61
5	a:xx||xaaa::x	3 617c3a
4	a||ax|:bax|:x:	3 617c7c
24	aa:bxaxxb	10 61617c3a627861787862
21	:a::|x|:|	16 7c3a617c3a7c3a7c7c787c7c7c3a7c7c
37	bxxba|x:b|a	14 62787862617c7c787c3a627c7c61
5	b:bx:|a|xbabxbbx|bbb|b	3 627c3a
15	|a|bababx:axa||bx|b|::xx:	13 7c7c617c7c6261626162787c3a
16	bxbb|::||aax:a|b	14 627862627c7c7c3a7c3a7c7c7c7c
7	|x||aabxb:b	5 7c7c787c7c
12	:|:|:|:xba|:b||	10 7c3a7c7c7c3a7c7c7c3a
40	|	2 7c7c
23	axax:||	10 617861787c3a7c7c7c7c
30	xxb:a|aa||:xbbaa|xbax	27 7878627c3a617c7c61617c7c7c7c7c3a78626261617c7c78626178
35	|x|xx|||ba|:|x::x|:|a|:||xa||	33 7c7c787c7c78787c7c7c7c7c7c62617c7c7c3a7c7c787c3a7c3a787c7c7c3a7c7c
4	|x::	2 7c7c
40	bbax:||||b|axa:|::aa:::::	38 626261787c3a7c7c7c7c7c7c7c7c627c7c6178617c3a7c7c7c3a7c3a61617c3a7c3a7c3a7c3a
36	b|xxxxxa	9 627c7c787878787861
22	bxxbb|::ba:x:b:axbb|:ba	21 62787862627c7c7c3a7c3a62617c3a787c3a627c3a
20	b:a:a:|xxbbbbbb::|::xaxx|b:aba	19 627c3a617c3a617c3a7c7c7878626262626262
21	x:||aa|:a|bxb:|baxxxb:xa:xa||a	19 787c3a7c7c7c7c61617c7c7c3a617c7c627862
19	:xbax:aaxb|:|bxx|bbxxab|a:	18 7c3a786261787c3a616178627c7c7c3a7c7c
9	:::b:|aaxaabbb:b|b:x:b	7 7c3a7c3a7c3a62
39	|::	6 7c7c7c3a7c3a
31	babxbaab||x:xb|abb|:|axa|a:a	30 62616278626161627c7c7c7c787c3a78627c7c6162627c7c7c3a7c7c6178
40	a||a|:a	11 617c7c7c7c617c7c7c3a61
5	bbxax|:|x:	4 62627861
24	:xxx|b|b	11 7c3a7878787c7c627c7c62
8	:|||:a|ax	6 7c3a7c7c7c7c
6	x|:b|babb:|x|x:axaxb:b:	5 787c7c7c3a
6	a|ababa	5 617c7c6162
30	bb:xa|aab:b:::a:axa|a||bb	28 62627c3a78617c7c6161627c3a627c3a7c3a7c3a617c3a6178617c7c
37	xba	3 786261
11	||	4 7c7c7c7c
6	::b||xxx:	4 7c3a7c3a
3	::bxbxbba:a|:||x:|aabaaxax	2 7c3a
24	aaa:aa|xb:bb:ax:||:x:xbb	23 6161617c3a61617c7c78627c3a62627c3a61787c3a7c7c
26	||a:xxaxab:aa|bxb	22 7c7c7c7c617c3a7878617861627c3a61617c7c627862
28	b:|aabaabbax:xbax	20 627c3a7c7c6161626161626261787c3a78626178
18	a:bxb:a:|xax:	16 617c3a6278627c3a617c3a7c7c786178
29	bb	2 6262
30	|bbxxx:ba::aa::x|||bb:a	28 7c7c62627878787c3a62617c3a7c3a61617c3a7c3a787c7c7c7c7c7c
8	|:|ba|bx|x|xxb||x|xx|a:bx:|x	6 7c7c7c3a7c7c
39	:bbxa|aa:	12 7c3a626278617c7c61617c3a
33	:|x:|a|:baab||:xaxbb|	31 7c3a7c7c787c3a7c7c617c7c7c3a626161627c7c7c7c7c3a78617862627c7c
18	b||axxx|bb||b:x:::a||::	17 627c7c7c7c617878787c7c62627c7c7c7c
11	xabbb|:|ab:|b|a||x	9 78616262627c7c7c3a
19	:aax|b|:|aa:ab|::x|bx:|xba	18 7c3a6161787c7c627c7c7c3a7c7c61617c3a
24	x|a|xax::axx||::a|aaa|a	22 787c7c617c7c7861787c3a7c3a6178787c7c7c7c7c3a
23	abaabbaa	8 6162616162626161
6	b|ax:bba:b|||xb|xaab:bbx:	5 627c7c6178
35	x:::ba||a	14 787c3a7c3a7c3a62617c7c7c7c61
6	a|:|bbbab:xab	5 617c7c7c3a
29	axaxx|b|::a:aa|aabaxx||:ax|xb	27 61786178787c7c627c7c7c3a7c3a617c3a61617c7c616162617878
37	ab|ba	6 61627c7c6261
20	b|:xb|xx	11 627c7c7c3a78627c7c7878
19	aa||	6 61617c7c7c7c
4	:|aab|aabb	2 7c3a
39	|bx:ababx|xbabb|x|a:|bbxa||xab	38 7c7c62787c3a61626162787c7c78626162627c7c787c7c617c3a7c7c626278617c7c7c7c7861
19	|::xx|a	11 7c7c7c3a7c3a78787c7c61
18	abaabxb:b	10 616261616278627c3a62
19	b|a|b:x::::bx|||b::|	18 627c7c617c7c627c3a787c3a7c3a7c3a7c3a
8	:x:||x::x|:x:xxa|x::|a:a:	7 7c3a787c3a7c7c
13	bb:b:aaax|aa|bxb:|xaxb|xb|	11 62627c3a627c3a61616178
15	:|:::x	11 7c3a7c7c7c3a7c3a7c3a78
11	ab	2 6162
15	a:|:||aabx:|||:aa:|abx:a	14 617c3a7c7c7c3a7c7c7c7c616162
8	:|bb|bbx|xb|ab	6 7c3a7c7c6262
8	|xbx|xxa|:xxaba||bbx	7 7c7c7862787c7c
18	xab|x|:a:|bxbbaabaxa	17 7861627c7c787c7c7c3a617c3a7c7c6278
31	x	1 78
33	:a|:|:abxbb|bbbxa	23 7c3a617c7c7c3a7c7c7c3a61627862627c7c6262627861
5		0 
4	axa:aaaxab:bb	3 617861
20	x:xb:::bbx::|x	18 787c3a78627c3a7c3a7c3a6262787c3a7c3a
7	aabbb|bba||x||ab|b	5 6161626262
29	x|x	4 787c7c78
9	:babbax:ba|::bxb|xbb:	8 7c3a626162626178
8	|:bb|xaxbxaa||xx	6 7c7c7c3a6262
6	|b	3 7c7c62
20	:xaxa||	10 7c3a786178617c7c7c7c
29	:aaaa::a:ba|ax|a|b|ax||b	27 7c3a616161617c3a7c3a617c3a62617c7c61787c7c617c7c627c7c
37	x|xb|axb	10 787c7c78627c7c617862
28	xxa:bx:||xx:|||x:x:aaax	26 7878617c3a62787c3a7c7c7c7c78787c3a7c7c7c7c7c7c787c3a
3	bb|bb:x:abab:x:xb:b::ba|xabaa	2 6262
36	baxx|	6 626178787c7c
12	b::a	6 627c3a7c3a61
40	xxbxb|::xa:xbaxa:|:	26 78786278627c7c7c3a7c3a78617c3a78626178617c3a7c7c7c3a
16	b:|bb|||||abaa|	15 627c3a7c7c62627c7c7c7c7c7c7c7c
16	bx:|bxbb::xaaxb:b|aaa|a|::xaxx	14 62787c3a7c7c627862627c3a7c3a
12	:|xxa:|xb|xaxax|baxbxx|	11 7c3a7c7c7878617c3a7c7c
14	|xxa::x	10 7c7c7878617c3a7c3a78
38	bb|aa|||a:a|x:bx::||bxa	34 62627c7c61617c7c7c7c7c7c617c3a617c7c787c3a62787c3a7c3a7c7c7c7c627861
20	xbx|xbb:ab|:a	17 7862787c7c7862627c3a61627c7c7c3a61
35	|x::	7 7c7c787c3a7c3a
23	:axxa:aab	11 7c3a617878617c3a616162
14	|	2 7c7c
20	ba	2 6261
28	||x|axa|ba	14 7c7c7c7c787c7c6178617c7c6261
17	ax|a	5 61787c7c61
4	bxa::abab|aba|:x|b:abaa||aba:	3 627861
25	a	1 61
33	:|aabbx|ax	13 7c3a7c7c61616262787c7c6178
30	x|ba|ba:|bax:bxx|ab:bb:b	29 787c7c62617c7c62617c3a7c7c6261787c3a6278787c7c61627c3a6262
13		0 
15	:bbaaa:|::b|||bbaab|:bb|abaa:	13 7c3a62626161617c3a7c7c7c3a
40	axax	4 61786178
22	b:|:xxb:b|xx|b:b|::bbaa:|	20 627c3a7c7c7c3a7878627c3a627c7c78787c7c62
36	::|bxabbx|axabab	20 7c3a7c3a7c7c6278616262787c7c617861626162
36	|:xa:b|bxa||	18 7c7c7c3a78617c3a627c7c6278617c7c7c7c
10	:|xb	6 7c3a7c7c7862
26	aaa|b:bxxbb:ba|aa||	25 6161617c7c627c3a62787862627c3a62617c7c61617c7c7c7c
40	||x:bx|a::::ax:bbabbx|ax|bb|b	38 7c7c7c7c787c3a62787c7c617c3a7c3a7c3a7c3a61787c3a6262616262787c7c61787c7c6262
17		0 
28	x:|:x:x:ax|aa:x|x|:a|ax::	27 787c3a7c7c7c3a787c3a787c3a61787c7c61617c3a787c7c787c7c
17	bab|	5 6261627c7c
24	||b:abbb|||:bbax	23 7c7c7c7c627c3a616262627c7c7c7c7c7c7c3a62626178
31	::a|:bb|x:b|b:baaba|::aab:ba:a	29 7c3a7c3a617c7c7c3a62627c7c787c3a627c7c627c3a62616162617c7c
16		0 
18	::ax|ab|:|a:axaaba	16 7c3a7c3a61787c7c61627c7c7c3a7c7c
4	a	1 61
25	|b|aab|xx	12 7c7c627c7c6161627c7c7878
15	xb:a|x:xa|	14 78627c3a617c7c787c3a78617c7c
14	x|b:::	10 787c7c627c3a7c3a7c3a
35	|aa:b||||:b|xx|	24 7c7c61617c3a627c7c7c7c7c7c7c7c7c3a627c7c78787c7c
26	xb:|xa||:||:b||ab::xbbxa|a|bx:	25 78627c3a7c7c78617c7c7c7c7c3a7c7c7c7c7c3a627c7c7c7c
5	bab:abbxbbxxxx::|b::bax:x|:xxx	3 626162
35	xb:axa||||b	16 78627c3a6178617c7c7c7c7c7c7c7c62
8	xa|a|b|xa:xx::|a|bxxx:aa	7 78617c7c617c7c
11	|x:|x:a|xbbxx|||xxx	10 7c7c787c3a7c7c787c3a
20	|xx||:b:a	14 7c7c78787c7c7c7c7c3a627c3a61
7	b||:xx|:::xb|:xa	5 627c7c7c7c
21	ab|:x|xa:||bab|::axbb||b||	20 61627c7c7c3a787c7c78617c3a7c7c7c7c626162
6	x::bb||b:xb|ab:	5 787c3a7c3a
5	x:	3 787c3a
32	xaxxbaxxa:|x:|:xbbbaaba	28 7861787862617878617c3a7c7c787c3a7c7c7c3a7862626261616261
18	a	1 61
11	xbxbabxb:|x::xb|a|	10 78627862616278627c3a
31	aaa:|bxbxb:|x::x|xa:::b:|a	30 6161617c3a7c7c62786278627c3a7c7c787c3a7c3a787c7c78617c3a7c3a
15	:x|:ab:|b	13 7c3a787c7c7c3a61627c3a7c7c
25	ab||a:bbabba||a:x|	23 61627c7c7c7c617c3a6262616262617c7c7c7c617c3a78
16	aa||:|b|:a|xbx:ab||ab	15 61617c7c7c7c7c3a7c7c627c7c7c3a
33	|babxa	7 7c7c6261627861
7	a	1 61
25	bb	2 6262
21	x	1 78
24	bx|:a|a::ab	16 62787c7c7c3a617c7c617c3a7c3a6162
22	|:|x|b|ab:xb:b:x|xxaxxb:x	20 7c7c7c3a7c7c787c7c627c7c61627c3a78627c3a
28	|a||	7 7c7c617c7c7c7c
24	:ax|x|||bb:xbbx||x:|b	23 7c3a61787c7c787c7c7c7c7c7c62627c3a786262787c7c
24		0 
21	|axaaba|b:x::b|aa	19 7c7c6178616162617c7c627c3a787c3a7c3a62
14	a|aba||aaaabb::bxbaab|axabba	13 617c7c6162617c7c7c7c616161
18	bb|bbx::xx:|	17 62627c7c6262787c3a7c3a78787c3a7c7c
24	bxb|a:ba::bbab|b:bx|	23 6278627c7c617c3a62617c3a7c3a626261627c7c627c3a
16	|abxb	6 7c7c61627862
7		0 
29	abb|x|xx	10 6162627c7c787c7c7878
14	|b:|abb:xx:x:xabbbxxxb|a	12 7c7c627c3a7c7c6162627c3a
3	|xbbx|:||x	2 7c7c
3	|:x|ab:|a|x|||abb|xa|	2 7c7c
37	xa|b|xbx	10 78617c7c627c7c786278
30	aabaabxa||bba|x|ab	22 61616261616278617c7c7c7c6262617c7c787c7c6162
35	b:b|:|babab	15 627c3a627c7c7c3a7c7c6261626162
20	|aa|x|	9 7c7c61617c7c787c7c
9	a:aaa:||b:x|abaab:|ba|	8 617c3a6161617c3a
6	ab::b:xbbba|:b||baabbx|b|:aa	4 61627c3a
25	a:a::::bx:|||aa	24 617c3a617c3a7c3a7c3a7c3a62787c3a7c7c7c7c7c7c6161
11	:|b::|b::::a::x::abx||:a	9 7c3a7c7c627c3a7c3a
18	:xaa:a|:bx	14 7c3a7861617c3a617c7c7c3a6278
20	a||:b:bbba|||bxbaxb:aaa:b:xaa	18 617c7c7c7c7c3a627c3a626262617c7c7c7c
38	bax:||a:aa:babaxb|bb|||xaa:|a:	37 6261787c3a7c7c7c7c617c3a61617c3a6261626178627c7c62627c7c7c7c7c7c7861617c3a
26	b:|:aa:a|x:bab:|b	24 627c3a7c7c7c3a61617c3a617c7c787c3a6261627c3a7c7c
39	xbb|xx|::	13 7862627c7c78787c7c7c3a7c3a
40		0 
40	::axa:bxabb	14 7c3a7c3a6178617c3a6278616262
16	|:x	5 7c7c7c3a78
3	ba|:x:|x:|:aa:|babx	2 6261
38	||:xaax:aax:||a:abax:ab::	36 7c7c7c7c7c3a786161787c3a6161787c3a7c7c7c7c617c3a616261787c3a61627c3a7c3a
29	x:::xaaxxxabbaa::a:xx:b	27 787c3a7c3a7c3a78616178787861626261617c3a7c3a617c3a7878
34	xb:axax::a:::x|||b::|	33 78627c3a617861787c3a7c3a617c3a7c3a7c3a787c7c7c7c7c7c627c3a7c3a7c7c
30	:b	3 7c3a62
10	|b|xabaa	9 7c7c627c7c78616261
36	a::|a|x:bab	16 617c3a7c3a7c7c617c7c787c3a626162
31	|:||||xax:x|x|b::||b:	30 7c7c7c3a7c7c7c7c7c7c7c7c7861787c3a787c7c787c7c627c3a7c3a7c7c
24	aax||x:baxb|x|::xb||||a|:b:	23 6161787c7c7c7c787c3a626178627c7c787c7c7c3a7c3a
21	:::b:	9 7c3a7c3a7c3a627c3a
33	|xb:ax|xba||babbax	23 7c7c78627c3a61787c7c7862617c7c7c7c626162626178
8	:baxax:	7 7c3a6261786178
4	|:|abxxxx|ax:x:|:a|x|xbb	2 7c7c
18	bx|x:x|x|:a|x:|a:xx:||b:	16 62787c7c787c3a787c7c787c7c7c3a61
25	b:|xab||xbaa:xb|ax	24 627c3a7c7c7861627c7c7c7c786261617c3a78627c7c6178
23	:xab	5 7c3a786162
19	:|x|axb||axx|aaxb||:b||abb||:|	17 7c3a7c7c787c7c6178627c7c7c7c617878
28	||:||:|:bbax|bxxa:||xaab	26 7c7c7c7c7c3a7c7c7c7c7c3a7c7c7c3a626261787c7c62787861
18	a:|	5 617c3a7c7c
10	|a|abaabxa|x:aa||a|ab:xaxaxxa|	9 7c7c617c7c61626161
33	ba:xaxbbbax|||	18 62617c3a78617862626261787c7c7c7c7c7c
27	x|aaaaxaabaxb|b|:aababax	26 787c7c61616161786161626178627c7c627c7c7c3a6161626162
24	||:aaa:bbx||x|xb:xxxaax	23 7c7c7c7c7c3a6161617c3a6262787c7c7c7c787c7c7862
22	:|x|bxx:x|ax:	19 7c3a7c7c787c7c6278787c3a787c7c61787c3a
13	:|bb:x||:aa:xba|b||b|bbxaaabxa	11 7c3a7c7c62627c3a787c7c
11	|aa|:xx:|a||:xabxb:b|xb|xx	10 7c7c61617c7c7c3a7878
7	a:ab|aa:b:bab::a:ax|xbabbxba	5 617c3a6162
5	x|a|:aa:xxaa:b	3 787c7c
22	:x:b::b|bab|a:	21 7c3a787c3a627c3a7c3a627c7c6261627c7c617c3a
12	xxaxb|a:|	10 78786178627c7c617c3a
6	b:x|b|bb:	4 627c3a78
14	b	1 62
17	x|x:a:x|||axbbxb	16 787c7c787c3a617c3a787c7c7c7c7c7c
13	ax:|a:bxx::xaxbxxax	12 61787c3a7c7c617c3a627878
10	b:|bb:bb	9 627c3a7c7c62627c3a
32	:aaaxxb:|:|xxbaa|bbx:a:b|a::	31 7c3a6161617878627c3a7c7c7c3a7c7c78786261617c7c6262787c3a617c3a
29	xbb||:	9 7862627c7c7c7c7c3a
10	b:	3 627c3a
9	::ba|bbax:|::x:x:bxbx|ax:a	8 7c3a7c3a62617c7c
36	a:|a:ba|	12 617c3a7c7c617c3a62617c7c
20	xbx:x	6 7862787c3a78
17	xxb:aabxaxxaa|::xxbbxb|b:ax	16 7878627c3a6161627861787861617c7c
33	a:baa|:||bx|xx:bb	24 617c3a6261617c7c7c3a7c7c7c7c62787c7c78787c3a6262
39	||a	5 7c7c7c7c61
13	bb:b|ax	9 62627c3a627c7c6178
36	:a:|abax|||ax:b||xx:aa	32 7c3a617c3a7c7c616261787c7c7c7c7c7c61787c3a627c7c7c7c78787c3a6161
27	xx|xxa::axaxax:xaa||axb	26 78787c7c7878617c3a7c3a6178617861787c3a7861617c7c7c7c
9	a:b|:|::b::bxa|abba	8 617c3a627c7c7c3a
32	bb|bbbbba|bxa|x|abab	24 62627c7c6262626262617c7c6278617c7c787c7c61626162
18	b:xb::x||ab|a:b:::xbx:||ab:|	16 627c3a78627c3a7c3a787c7c7c7c6162
4	xx	2 7878
37	:b|:aba|bx|:aaaa:abx:	29 7c3a627c7c7c3a6162617c7c62787c7c7c3a616161617c3a6162787c3a
21	a:	3 617c3a
31	::x:ab:aba	14 7c3a7c3a787c3a61627c3a616261
6	|b:a	5 7c7c627c3a
25	abx|axba||ab:xax:|:a	24 6162787c7c617862617c7c7c7c61627c3a7861787c3a7c7c
15	ab:abbaa|xa|aab	13 61627c3a61626261617c7c7861
24	:aa	4 7c3a6161
32	|:|||x||:xbx|xbaxa:a|b|x:	30 7c7c7c3a7c7c7c7c7c7c787c7c7c7c7c3a7862787c7c78626178617c3a61
24	:bx|ababaxxaa:a|bbxx	23 7c3a62787c7c6162616261787861617c3a617c7c626278
21	||xx:bbab||b:a||bx:	19 7c7c7c7c78787c3a626261627c7c7c7c627c3a
24	::::|xabxb|:|	21 7c3a7c3a7c3a7c3a7c7c78616278627c7c7c3a7c7c
16	axx:a:bbaxxb|xab	14 6178787c3a617c3a626261787862
30	xxa:|	7 7878617c3a7c7c
34	|a|::a|bx::ax|bb|xbb:::ax|	33 7c7c617c7c7c3a7c3a617c7c62787c3a7c3a61787c7c62627c7c7862627c3a7c3a
4	aa|aba:|b||bbbxab:xa:ax:|b	2 6161
11	b|:aab:axaax:::b|axaax:|b	10 627c7c7c3a6161627c3a
28	xx:a|:b|::x:::aaax|xaax	27 78787c3a617c7c7c3a627c7c7c3a7c3a787c3a7c3a7c3a61616178
14	bxab:xa	8 627861627c3a7861
40	x:||:ba|xb|a:x||:xa	29 787c3a7c7c7c7c7c3a62617c7c78627c7c617c3a787c7c7c7c7c3a7861
15	x|aab:|xbaa|xbbabb|xb|b:bxb	14 787c7c6161627c3a7c7c78626161
32	x:||:aab|bbbab	19 787c3a7c7c7c7c7c3a6161627c7c6262626162
32	b	1 62
17	a|:xa|xbbx|x|ax:xb|b|:	15 617c7c7c3a78617c7c786262787c7c
17	abxaaxaa:bbx:|xxxb	15 61627861617861617c3a6262787c3a
27	xa::|baa	11 78617c3a7c3a7c7c626161
18	xba||x|:b|bbaax:b||	17 7862617c7c7c7c787c7c7c3a627c7c6262
24	aaxb|||:b|	15 616178627c7c7c7c7c7c7c3a627c7c
11	|:x	5 7c7c7c3a78
5	x|b|x	3 787c7c
28	:x:b:||bxb:x:|bax:aaxba::ba:	27 7c3a787c3a627c3a7c7c7c7c6278627c3a787c3a7c7c6261787c3a
26	|ax:xa|x|aab	16 7c7c61787c3a78617c7c787c7c616162
22	|axaxx|axx:|:abbbb|a||	21 7c7c61786178787c7c6178787c3a7c7c7c3a616262
18	|bbaxa|:|a|bab:	16 7c7c62626178617c7c7c3a7c7c617c7c
36	xa:xxab:xx:|aaa:|	23 78617c3a787861627c3a78787c3a7c7c6161617c3a7c7c
5	:aa:abxb|x:b:ba::xx	4 7c3a6161
24	axbaa|:b::x:x:|abx:b::	22 61786261617c7c7c3a627c3a7c3a787c3a787c3a7c7c
34	:bx:b|aabxa::x:xbbaaxab|:|	33 7c3a62787c3a627c7c61616278617c3a7c3a787c3a78626261617861627c7c7c3a
36	|:|::ba|||ba|:|x|:bb::a|b	35 7c7c7c3a7c7c7c3a7c3a62617c7c7c7c7c7c62617c7c7c3a7c7c787c7c7c3a62627c3a
31	::axa|x|a:a|a:baax	25 7c3a7c3a6178617c7c787c7c617c3a617c7c617c3a62616178
3	:aab|:::ax::|bx	2 7c3a
20	::xa|:xb:xxax:ab:	18 7c3a7c3a78617c7c7c3a78627c3a78786178
7	b|aax|a|ab:a|x|x:a	6 627c7c616178
28	:xbb|x|||bx|bbx|abba:xa::baa	27 7c3a7862627c7c787c7c7c7c7c7c62787c7c6262787c7c61626261
26	baaax|||a|aa|xbx||xab:b	25 62616161787c7c7c7c7c7c617c7c61617c7c7862787c7c7c7c
5	b|baax:aab:|x|bb|b:::xxb|a	3 627c7c
26	aaxx|ax:x:xb:aaa|axaabbx:b	25 616178787c7c61787c3a787c3a78627c3a6161617c7c617861
10	x	1 78
22	aa|:xxx||axxba|axbb|axx|aaxba	20 61617c7c7c3a7878787c7c7c7c61787862617c7c
17	b|:x::b::baa|	15 627c7c7c3a787c3a7c3a627c3a7c3a
30	:::xax	9 7c3a7c3a7c3a786178
27	:|bx|:ba|:|:abb:|xx||b|	25 7c3a7c7c62787c7c7c3a62617c7c7c3a7c7c7c3a6162627c3a
21	x|bb|bba:x:::bb:bb	19 787c7c62627c7c6262617c3a787c3a7c3a7c3a
21	b:bbaaax|a:xx|b|bbabab:||a	19 627c3a6262616161787c7c617c3a78787c7c62
5	:xaa|:xbb:a|b|a:a:xa|bx	4 7c3a7861
21	x::a:::b|xa	17 787c3a7c3a617c3a7c3a7c3a627c7c7861
25	:|ba|axa|:a:b|x:b|bx|	24 7c3a7c7c62617c7c6178617c7c7c3a617c3a627c7c787c3a
6	x::	5 787c3a7c3a
25		0 
35	|b|	5 7c7c627c7c
17	bx|xaax|	10 62787c7c786161787c7c
17	x||xax:bxxb:|axx||b	16 787c7c7c7c7861787c3a627878627c3a
32	xb:xaa:xaxbaa|a:xa	22 78627c3a7861617c3a7861786261617c7c617c3a7861
14	:a||:|bx::	13 7c3a617c7c7c7c7c3a7c7c6278
25	|::	6 7c7c7c3a7c3a
29	xaa|	5 7861617c7c
15	|:::x|:x::bxxax:	13 7c7c7c3a7c3a7c3a787c7c7c3a
15	:|xa	6 7c3a7c7c7861
21	a|ba|a:x	11 617c7c62617c7c617c3a78
34	aaax::||||b::||:a:::	32 616161787c3a7c3a7c7c7c7c7c7c7c7c627c3a7c3a7c7c7c7c7c3a617c3a7c3a
9	xx|bba|xb|::a|ab|	7 78787c7c626261
22	b:a:baba:|bb|a||:||b:	21 627c3a617c3a626162617c3a7c7c62627c7c617c7c
23	b	1 62
12	|xxax||a:b::x|ab:	10 7c7c787861787c7c7c7c
34	|:bx|bbx|:axx:bb:x::::bbaax	33 7c7c7c3a62787c7c6262787c7c7c3a6178787c3a62627c3a787c3a7c3a7c3a7c3a
35	x::|:|abbbax	17 787c3a7c3a7c7c7c3a7c7c616262626178
10	|x|:a|aa:baxbxxba::|	8 7c7c787c7c7c3a61
25	a:xxbb::xbxxx:x::ab||ba:|	23 617c3a787862627c3a7c3a78627878787c3a787c3a7c3a
38	b:|:b::|bx|x|a|b:|::|bab	37 627c3a7c7c7c3a627c3a7c3a7c7c62787c7c787c7c617c7c627c3a7c7c7c3a7c3a7c7c6261
32	|:xax|:|x::ax|bbx:	27 7c7c7c3a7861787c7c7c3a7c7c787c3a7c3a61787c7c6262787c3a
18	|||:abbbbbb|a|aba|	17 7c7c7c7c7c7c7c3a616262626262627c7c
8	a|a||:bx:	6 617c7c617c7c
5	x|ba	3 787c7c
35	xa|xxaaab	10 78617c7c787861616162
37	bx|b|:a::|bxab|a::a:xba:xaab	35 62787c7c627c7c7c3a617c3a7c3a7c7c627861627c7c617c3a7c3a617c3a7862617c3a
21	b|a|	6 627c7c617c7c
23	b|::xab|a::a	18 627c7c7c3a7c3a7861627c7c617c3a7c3a61
30	x:x:|	8 787c3a787c3a7c7c
9	|bx|||bxxx:|:|:|aaxbx|xxb::xa	8 7c7c62787c7c7c7c
17	||:a:x	10 7c7c7c7c7c3a617c3a78
27	aax:bx	7 6161787c3a6278
4	x:xbaabxbx	3 787c3a
24	|:::x::baxbab	19 7c7c7c3a7c3a7c3a787c3a7c3a626178626162
35	x|:x:b|xax:||bx	22 787c7c7c3a787c3a627c7c7861787c3a7c7c7c7c6278
38	:xaax||xx:xbb	17 7c3a786161787c7c7c7c78787c3a786262
20	:aa:b:baxaxxax|x:b|:x||	19 7c3a61617c3a627c3a62617861787861787c7c
27	||a::aaa:|:a:a:x:|:xxbb:	25 7c7c7c7c617c3a7c3a6161617c3a7c7c7c3a617c3a617c3a78
23	:a|:b:a	11 7c3a617c7c7c3a627c3a61
15	x||xb::xaxabx:ax:::|ab|x:	14 787c7c7c7c78627c3a7c3a786178
11	||bab||:x	9 7c7c7c7c6261627c7c
37	ab::::aba|::|x||ba|b	31 61627c3a7c3a7c3a7c3a6162617c7c7c3a7c3a7c7c787c7c7c7c62617c7c62
34	:|:aaxba:xa|||xxa|b|	29 7c3a7c7c7c3a61617862617c3a78617c7c7c7c7c7c7878617c7c627c7c
35	a:bx:xaba:xa|b:bx:|axb:ab||axx	33 617c3a62787c3a786162617c3a78617c7c627c3a62787c3a7c7c6178627c3a6162
36	bbbx::abx|b:b	17 626262787c3a7c3a6162787c7c627c3a62
8	a:bx::|axa:ax:a:|ax:b:b:xx|ba	7 617c3a62787c3a
28	x:||:|xxx	14 787c3a7c7c7c7c7c3a7c7c787878
38	a:b||:bba:xb|bx|	23 617c3a627c7c7c7c7c3a6262617c3a78627c7c62787c7c
35	axab|	6 617861627c7c
15	x:axb	6 787c3a617862
20	a	1 61
5	|:x::b|a:::::	4 7c7c7c3a
34	|b:aaxxb:a|bbx::x|:xb::	33 7c7c627c3a61617878627c3a617c7c6262787c3a7c3a787c7c7c3a78627c3a7c3a
4	x:ab|a:xb:bxb:bb	3 787c3a
5	|::	4 7c7c7c3a
7	:baba:xx:::aaba	6 7c3a62616261
8	:bbb|	7 7c3a6262627c7c
33	a|ba:ba:xa|	15 617c7c62617c3a62617c3a78617c7c
18	b|	3 627c7c
10	bx||x:|b:ax|ax::	9 62787c7c7c7c787c3a
16	|x:	5 7c7c787c3a
17	a:|:x|a:xx|xxa:|xba	15 617c3a7c7c7c3a787c7c617c3a7878
39		0 
5	xa:x|a|a:xbb:x:bbxb|a:	4 78617c3a
28	b|	3 627c7c
9	|xaa:xbxb:a::bxaxbx|a	7 7c7c7861617c3a
27	xbaabb:|xxa:|:::|:x:	25 7862616162627c3a7c7c7878617c3a7c7c7c3a7c3a7c3a7c7c
38	xb	2 7862
38	x|xbb|abbaxababb:::ba:a|xba	34 787c7c7862627c7c616262617861626162627c3a7c3a7c3a62617c3a617c7c786261
31	a|ab:ab|x|ba|x|abx|bax|:b:::	29 617c7c61627c3a61627c7c787c7c62617c7c787c7c6162787c7c626178
37	|:	4 7c7c7c3a
13	xa:b|:a::a:bx|	12 78617c3a627c7c7c3a617c3a
26	xb:a|:a:aaxx:||bx|x	24 78627c3a617c7c7c3a617c3a616178787c3a7c7c7c7c6278
37	:x:xbx:ax:a:::x:bax:x|xb:	36 7c3a787c3a7862787c3a61787c3a617c3a7c3a7c3a787c3a6261787c3a787c7c78627c3a
40	|axbaxx|	10 7c7c6178626178787c7c
37	:x|x:xxa|::	17 7c3a787c7c787c3a7878617c7c7c3a7c3a
20	bax|b	6 6261787c7c62
27	babax:b|a||:a::|:ab:|::||	26 62616261787c3a627c7c617c7c7c7c7c3a617c3a7c3a7c7c7c3a
16	axb|ax::aa|	15 6178627c7c61787c3a7c3a61617c7c
18	||:||::xbbbxxaax	17 7c7c7c7c7c3a7c7c7c7c7c3a7c3a786262
35	aaa	3 616161
22	|:b:|:ba:ax	17 7c7c7c3a627c3a7c7c7c3a62617c3a6178
6	bxa:::|axxbb:|baa	5 6278617c3a
28	baa|bb:ax:x:xa:a|x:|:a	26 6261617c7c62627c3a61787c3a787c3a78617c3a617c7c787c3a
17	:xaaxa	7 7c3a7861617861
40	b||x||ab:|ab:	20 627c7c7c7c787c7c7c7c61627c3a7c7c61627c3a
26	:|:bbbab:::aab||x:a	24 7c3a7c7c7c3a62626261627c3a7c3a7c3a6161627c7c7c7c
40	x||xb:|xb|:xxxaxxxa|xbb|a|	35 787c7c7c7c78627c3a7c7c78627c7c7c3a78787861787878617c7c7862627c7c617c7c
34	bba||x|:b|::|:baa|xa::	32 6262617c7c7c7c787c7c7c3a627c7c7c3a7c3a7c7c7c3a6261617c7c78617c3a
19	:|:ab:|||	16 7c3a7c7c7c3a61627c3a7c7c7c7c7c7c
16	xab:xxbaxb:xa:xxa|xaaaa:|xbb	15 7861627c3a7878626178627c3a7861
28	:x|:|ax|b|xxab|	22 7c3a787c7c7c3a7c7c61787c7c627c7c787861627c7c
33		0 
22	x:b|a|:|abaa|	19 787c3a627c7c617c7c7c3a7c7c616261617c7c
15	|x:b	6 7c7c787c3a62
10	x||a|b	8 787c7c7c7c617c7c
23	:xaab|x:aab|a:	19 7c3a786161627c7c787c3a6161627c7c617c3a
30	:||:baxx:bbabxb::|baxb|xabab:x	29 7c3a7c7c7c7c7c3a626178787c3a6262616278627c3a7c3a7c7c626178
4	bb|xa::||xa	2 6262
11	b|xxx|ab|	10 627c7c7878787c7c6162
25	::a	5 7c3a7c3a61
15	:bxab:ab||:||a	14 7c3a627861627c3a61627c7c7c7c
31	|a|b:abxba|||:abb	24 7c7c617c7c627c3a61627862617c7c7c7c7c7c7c3a616262
28	abab:x:bb:axbbbxxxb:a	25 616261627c3a787c3a62627c3a6178626262787878627c3a61
32	:xa:xb|b|x:::	20 7c3a78617c3a78627c7c627c7c787c3a7c3a7c3a
40	b	1 62
37	a:x||b:||:|xb|:aa	27 617c3a787c7c7c7c627c3a7c7c7c7c7c3a7c7c78627c7c7c3a6161
33	a::x|:|bx:a:::x|:	28 617c3a7c3a787c7c7c3a7c7c62787c3a617c3a7c3a7c3a787c7c7c3a
12	|||ba:a:b:x	10 7c7c7c7c7c7c62617c3a
14	|bxabxx||:	12 7c7c6278616278787c7c7c7c
5	:::b|ba:b::xa:bxa|xba	4 7c3a7c3a
40	xxb:::xx|||abb:a:abx:|b||	37 7878627c3a7c3a7c3a78787c7c7c7c7c7c6162627c3a617c3a6162787c3a7c7c627c7c7c7c
9	:b::|	7 7c3a627c3a7c3a
22	|bb|a::bx:|ax||:||	21 7c7c62627c7c617c3a7c3a62787c3a7c7c61787c7c
26	|b||bxaaab:a:::bbxxaa:bb	25 7c7c627c7c7c7c6278616161627c3a617c3a7c3a7c3a626278
20	aab:aa:b|xa:|||aa|||xa:a|:axa	18 6161627c3a61617c3a627c7c78617c3a7c7c
14	xaax|abaabax:x	13 786161787c7c61626161626178
40	|:b|||:a||:b||	25 7c7c7c3a627c7c7c7c7c7c7c3a617c7c7c7c7c3a627c7c7c7c
32	b:b:x|x|aaaaxxa:||x:|	30 627c3a627c3a787c7c787c7c616161617878617c3a7c7c7c7c787c3a7c7c
28	x:x::bxbb|||b:	21 787c3a787c3a7c3a627862627c7c7c7c7c7c627c3a
12	|aa|bbaxbxx|xbbx|:b::|bax|	11 7c7c61617c7c6262617862
4	:bxbx||a:xbxxxb|:ab	2 7c3a
33	a:ba:a:	10 617c3a62617c3a617c3a
4		0 
8	axb|x|xa||:x|abx|	6 6178627c7c78
40	xb:b	5 78627c3a62
11	xb||a:x:a:|:babaa:x:b|xa:	9 78627c7c7c7c617c3a
19	xaxb:x:	9 786178627c3a787c3a
3	:b:x|xxxb|bx|x|a::|:|xx||xa	2 7c3a
36	|xabxxba:a|:	16 7c7c786162787862617c3a617c7c7c3a
12	a|b	4 617c7c62
18	||b:bx:ba	13 7c7c7c7c627c3a62787c3a6261
6	abb:|bb:ab|:bb|a:xxa:axx||bbaa	5 6162627c3a
38	|bb||xb:x:a:::x:|:x:b|:||b:	37 7c7c62627c7c7c7c78627c3a787c3a617c3a7c3a7c3a787c3a7c7c7c3a787c3a627c7c7c3a
28	ax|b:bx:xxxb|x|xxaxxa	26 61787c7c627c3a62787c3a787878627c7c787c7c787861787861
20	|x|x:b	9 7c7c787c7c787c3a62
9	:|::ab:b|x|xbx:xb	8 7c3a7c7c7c3a7c3a
6	abaabbb:a	5 6162616162
3	x:b||b|a||::aa:a:aax	1 78
3	b|:	1 62
19	bx|:a:xabxab:aabbba|a:::	17 62787c7c7c3a617c3a7861627861627c3a
26	x|x|xbb|a||xbx	19 787c7c787c7c7862627c7c617c7c7c7c786278
35	xa||xba::	13 78617c7c7c7c7862617c3a7c3a
5	ab:bab|xx||ba:::|:a|:xa:	4 61627c3a
28	aa:bbx:x|	12 61617c3a6262787c3a787c7c
36	|||||xaa||bx|a::a:a:ba:||ax:	34 7c7c7c7c7c7c7c7c7c7c7861617c7c7c7c62787c7c617c3a7c3a617c3a617c3a6261
28	x|xa:bxxb:::|:|x:|::|bxxxxa|x|	26 787c7c78617c3a627878627c3a7c3a7c3a7c7c7c3a7c7c787c3a
39	xx:bbb|:|:xxx|	20 78787c3a6262627c7c7c3a7c7c7c3a7878787c7c
19	xxx||bbaxaa|	15 7878787c7c7c7c6262617861617c7c
23	x:b:xxb:abaxb:ab:a|	22 787c3a627c3a7878627c3a61626178627c3a61627c3a
21	aba	3 616261
39	|bx:b:xa:ax|:	19 7c7c62787c3a627c3a78617c3a61787c7c7c3a
29	:||xbx:ba|bbx|:x::bb|:xxa|	27 7c3a7c7c7c7c7862787c3a62617c7c6262787c7c7c3a787c3a7c3a
8	:a	3 7c3a61
23	a:bbbb|axxx|	15 617c3a626262627c7c617878787c7c
14	:aaaa|a||a|||b:ba	13 7c3a616161617c7c617c7c7c7c
18	x:|:x|xxx::a:|ab||:a|xa:xxabb	17 787c3a7c7c7c3a787c7c7878787c3a7c3a
26	x|xxbaaxxb|xa|||xxx:|a||:|ba	24 787c7c78786261617878627c7c78617c7c7c7c7c7c787878
32	b|bb:::	11 627c7c62627c3a7c3a7c3a
6	x	1 78
15	xx:	4 78787c3a
12	|aaabx:|	11 7c7c61616162787c3a7c7c
7	|:|:bxba:|b|b|x|aaba	6 7c7c7c3a7c7c
31	|:b|abbx|:a:xxx::	25 7c7c7c3a627c7c616262787c7c7c3a617c3a7878787c3a7c3a
36	x|a	4 787c7c61
36	bx::axb:x|:xaaaxabx	24 62787c3a7c3a6178627c3a787c7c7c3a7861616178616278
11	aaaxa||x|::bx|::a||xax|b::b|	9 61616178617c7c7c7c
36	aa:|xaa:a:xba|a:xa::a	29 61617c3a7c7c7861617c3a617c3a7862617c7c617c3a78617c3a7c3a61
20	b	1 62
11	x:a|xb:::a:abb:aabb	10 787c3a617c7c78627c3a
40	:bxaxa||:xx||bx|xbbxx::b:	35 7c3a62786178617c7c7c7c7c3a78787c7c7c7c62787c7c78626278787c3a7c3a627c3a
16	:xaa|:a:b|b|bbxax|b	15 7c3a7861617c7c7c3a617c3a627c7c
11	a|x|:||b	10 617c7c787c7c7c3a7c7c
34	xb|:a::::||||aba:xxxax|:|aa:	33 78627c7c7c3a617c3a7c3a7c3a7c3a7c7c7c7c7c7c7c7c6162617c3a7878786178
23	a||||b::x|:|b|bbb::axb	21 617c7c7c7c7c7c7c7c627c3a7c3a787c7c7c3a7c7c
7	:bxb|	5 7c3a627862
17	::	4 7c3a7c3a
11	|a::xba:x:|bxaa:b|x:	10 7c7c617c3a7c3a786261
28	bbxaxab::|	13 626278617861627c3a7c3a7c7c
34	bxa|	5 6278617c7c
29	aba:a	6 6162617c3a61
12	|aababxb|a:	11 7c7c616162616278627c7c
26	||aaax::ax|:|x	21 7c7c7c7c616161787c3a7c3a61787c7c7c3a7c7c78
13	:xbx:xb::|a|	11 7c3a7862787c3a78627c3a
19	:::|:	10 7c3a7c3a7c3a7c7c7c3a
8	ba:bbbaaxax:a	7 62617c3a626262
9	xx|xa|a|ab:xaaa	8 78787c7c78617c7c
35	|:|b	7 7c7c7c3a7c7c62
25	b:|	5 627c3a7c7c
25	::|xxaa|x	13 7c3a7c3a7c7c787861617c7c78
8	b|x|a|::|:::x:|xbx|ba|a|b:|	6 627c7c787c7c
39	a:bxaaaabb:b:|baxxbxx:abb	30 617c3a62786161616162627c3a627c3a7c7c626178786278787c3a616262
39	x|:bx:|::xaaxb:a|:b:	30 787c7c7c3a62787c3a7c7c7c3a7c3a78616178627c3a617c7c7c3a627c3a
3	:xbxaaa:xx|b:bb|xab:x::|bba:	2 7c3a
36	ba|a:ba:a:	14 62617c7c617c3a62617c3a617c3a
25	||babx|x:|bb:|bx	23 7c7c7c7c626162787c7c787c3a7c7c62627c3a7c7c6278
33	bb	2 6262
29	b|:aab|abxxxb::::x:x|	27 627c7c7c3a6161627c7c6162787878627c3a7c3a7c3a7c3a787c3a
22		0 
9	ababb|:bb:xa|b|:b|axa|xa::x|	7 61626162627c7c
21	xabx|	6 786162787c7c
20	a|baa:bb|xa:aa:a:x:b:|::||ax	18 617c7c6261617c3a62627c7c78617c3a6161
28	:xbax|x:||x:bxxxbaxxx	27 7c3a786261787c7c787c3a7c7c7c7c787c3a627878786261787878
17	axbxx||xbabx|bxab|axb|a:x:x:bb	16 61786278787c7c7c7c78626162787c7c
13	|a|xxbb|a|:a|xaab	11 7c7c617c7c787862627c7c
40	:a:axaaxba|a|xaab	21 7c3a617c3a617861617862617c7c617c7c78616162
26	a:|bb|	9 617c3a7c7c62627c7c
36	aa|	4 61617c7c
3	|aa:ab:b	2 7c7c
5	:xaaa|x|:ba|::axxb:bax	4 7c3a7861
28	xx:ax|ab:|:b|b:b	23 78787c3a61787c7c61627c3a7c7c7c3a627c7c627c3a62
15	a|x:aa|x|||a|	13 617c7c787c3a61617c7c787c7c
28	xaxa|xa|xa||a	17 786178617c7c78617c7c78617c7c7c7c61
33	axx|:|	9 6178787c7c7c3a7c7c
14	bb||aa:|xxx::bb|:|x|xxb|:	12 62627c7c7c7c61617c3a7c7c
40	a|a|bx:|a|::|:x|b|b|a	33 617c7c617c7c62787c3a7c7c617c7c7c3a7c3a7c7c7c3a787c7c627c7c627c7c61
30	||aaba:b::x:::|baab|::|	28 7c7c7c7c616162617c3a627c3a7c3a787c3a7c3a7c3a7c7c62616162
8	aa:|aax	6 61617c3a7c7c
7	a||b::xx|x:b	5 617c7c7c7c
38	x|x:x:b:x:x	16 787c7c787c3a787c3a627c3a787c3a78
28	::aa	6 7c3a7c3a6161
17	aax	3 616178
9	a|x:|||::xbbaxx|aa:aa|aax|axxb	8 617c7c787c3a7c7c
15	b|a|a|x::|aab|::aaa|x|x|xa	14 627c7c617c7c617c7c787c3a7c3a
36	ba|:|:a|	13 62617c7c7c3a7c7c7c3a617c7c
4	:||||	2 7c3a
36	:b:|bxxxa:ab:|:|::|ba:bb|b	34 7c3a627c3a7c7c62787878617c3a61627c3a7c7c7c3a7c7c7c3a7c3a7c7c62617c3a
26	a	1 61
13	|:bb|:aa|xaax|aba|||x:abaaxb:	12 7c7c7c3a62627c7c7c3a6161
40	||xx:xbx|:bb	17 7c7c7c7c78787c3a7862787c7c7c3a6262
14	:xxbbb	7 7c3a7878626262
19	aaxb|:axx:	13 616178627c7c7c3a6178787c3a
27	|a|aaax:baaxxab	18 7c7c617c7c616161787c3a62616178786162
39	:::|::ax:x:a|bx|	26 7c3a7c3a7c3a7c7c7c3a7c3a61787c3a787c3a617c7c62787c7c
28	b|a|a:|axab:b:b:b|bxxxxb||	26 627c7c617c7c617c3a7c7c617861627c3a627c3a627c3a627c7c
31	ax:ba:bxxaba|x|a|b	23 61787c3a62617c3a6278786162617c7c787c7c617c7c62
24	|x||xxx|ab:bbb|xa|xbbb|:x:a	23 7c7c787c7c7c7c7878787c7c61627c3a6262627c7c7861
25	:|aa:|xa:xaba:	20 7c3a7c7c61617c3a7c7c78617c3a786162617c3a
21	:b:|x|:	12 7c3a627c3a7c7c787c7c7c3a
4	b:a	3 627c3a
26	x|ab:xx:b:::a||b|b	24 787c7c61627c3a78787c3a627c3a7c3a7c3a617c7c7c7c62
25	bbx|xa::x	12 6262787c7c78617c3a7c3a78
14	ba:|bx:a|a:baba:|::bab	13 62617c3a7c7c62787c3a617c7c
18	xa|a:|	9 78617c7c617c3a7c7c
5	|	2 7c7c
18	b:|bbx:xaba:xxab|:b::x|a|	16 627c3a7c7c6262787c3a786162617c3a
31	::::bb|a:xxb|	20 7c3a7c3a7c3a7c3a62627c7c617c3a7878627c7c
11	ax:a:bxxbaxaa|:a|xxxxxbxbx|||b	10 61787c3a617c3a627878
13	baaaxabx::x|aa	12 62616161786162787c3a7c3a
19	:::|b:x||a|||xb	17 7c3a7c3a7c3a7c7c627c3a787c7c7c7c61
24	:b:bb:xb	11 7c3a627c3a62627c3a7862
5	:xb|babb::|axa:babb	4 7c3a7862
22	|||b|b:|aabbbaa:|:b:aa:xbb:	21 7c7c7c7c7c7c627c7c627c3a7c7c61616262626161
15	:xx|a|||bb::||:	13 7c3a78787c7c617c7c7c7c7c7c
14	|b||||x|||:a:b|aab:b|axxa|:bab	12 7c7c627c7c7c7c7c7c7c7c78
38	:a|x|a:a|::|x|	23 7c3a617c7c787c7c617c3a617c7c7c3a7c3a7c7c787c7c
4	babx	3 626162
7	:aba:axxbaabx|a	5 7c3a616261
21	bxx::ba|::|	17 6278787c3a7c3a62617c7c7c3a7c3a7c7c
36	|xbaa|abax|	14 7c7c786261617c7c616261787c7c
32	aa|bb:|:	12 61617c7c62627c3a7c7c7c3a
16	:||aabxx|ax|x|a:x:b|||||	15 7c3a7c7c7c7c61616278787c7c6178
39	xb|bbx:|:x:xx:bx:|xxbx:xbaa:	38 78627c7c6262787c3a7c7c7c3a787c3a78787c3a62787c3a7c7c787862787c3a786261617c3a
25	bb|aba:bxb	12 62627c7c6162617c3a627862
19	bx:a:x::xa|::bxaxaa|bbaab::x|a	18 62787c3a617c3a787c3a7c3a78617c7c7c3a
13	a:	3 617c3a
15	bb|:x:ba|:|x:xxa|a	13 62627c7c7c3a787c3a62617c7c
35	:xxxxabaxa:ba||a|:aa||:aabx|b	34 7c3a7878787861626178617c3a62617c7c7c7c617c7c7c3a61617c7c7c7c7c3a6161
33	bbb||||	11 6262627c7c7c7c7c7c7c7c
15	ax:|b|a:|b:bx|:bxx:xxbb	14 61787c3a7c7c627c7c617c3a7c7c
17		0 
13	::baab:x|:	11 7c3a7c3a626161627c3a78
6	bb:xa:axbaab::baaxa||x	4 62627c3a
9	b:b|b|bba:x|:a::ba:|aa:b||b:	7 627c3a627c7c62
25	|:x|:::a|:xb|	22 7c7c7c3a787c7c7c3a7c3a7c3a617c7c7c3a78627c7c
6	|:|baxax|:ab|	4 7c7c7c3a
35		0 
34	ab|:|axb|	13 61627c7c7c3a7c7c6178627c7c
9	:|a|||xaa|aa	7 7c3a7c7c617c7c
39	ab|bba|bx|::b::	22 61627c7c6262617c7c62787c7c7c3a7c3a627c3a7c3a
29	||a|:a|xb|bx:|bba||	27 7c7c7c7c617c7c7c3a617c7c78627c7c62787c3a7c7c6262617c7c
12	x|xx|a::|:xababx	10 787c7c78787c7c617c3a
5	bxb:baa:xb|x:|x|a	3 627862
14	|	2 7c7c
23	|a:b:a:abxa||x:babbxa:	22 7c7c617c3a627c3a617c3a616278617c7c7c7c787c3a
9	|:a::b|abbb|:xb::bx:::ax:a:b|	7 7c7c7c3a617c3a
17	xa||	6 78617c7c7c7c
32	:|x:axaa:a:||aaxa:xxxbax	31 7c3a7c7c787c3a617861617c3a617c3a7c7c7c7c616178617c3a7878786261
3	|xb::	2 7c7c
25	aa:xa:a|ba|ba:bb:|:xaba|x|	23 61617c3a78617c3a617c7c62617c7c62617c3a62627c3a
10	xaxax|axxaxxbxaxa::ab|aa|	9 78617861787c7c6178
29	aabbab|bb|a:b||a|a:a|xx:	27 6161626261627c7c62627c7c617c3a627c7c7c7c617c7c617c3a61
16	bb|xxbbb|:a::::aaxxaba|xa:a	14 62627c7c78786262627c7c7c3a61
7	b|x:bbb:|a|||:a|b	6 627c7c787c3a
10	xb|x|:a:	9 78627c7c787c7c7c3a
23	bb:axx|	9 62627c3a6178787c7c
24	aa|aa|||xabba:xx|aa|x	23 61617c7c61617c7c7c7c7c7c78616262617c3a78787c7c
28	b||xbbax	10 627c7c7c7c7862626178
36	ab|ax:|bbbxb|:a|x:aa:|	31 61627c7c61787c3a7c7c62626278627c7c7c3a617c7c787c3a61617c3a7c7c
35	|b:	5 7c7c627c3a
38	:||a|aa|b|xaab|:ab|abbx:a|a	37 7c3a7c7c7c7c617c7c61617c7c627c7c786161627c7c7c3a61627c7c616262787c3a617c7c
6	:bx::x|a|abb::xbb|abba|:xx	4 7c3a6278
26	b|b:abaa::a|ax:xa:b:b	25 627c7c627c3a616261617c3a7c3a617c7c61787c3a78617c3a
10	|:a|abxax|bb	9 7c7c7c3a617c7c6162
3	b|axx|	1 62
14	|xbx:bax:ab:|	12 7c7c7862787c3a6261787c3a
34	b|:bxx|b||aaxa|a:xxx:|xb|xxb	33 627c7c7c3a6278787c7c627c7c7c7c616178617c7c617c3a7878787c3a7c7c7862
7		0 
33	|abaaxaxxxx|aa:x	19 7c7c616261617861787878787c7c61617c3a78
7	aab:|a:bx:|xxa|bx:xx:b|:a	5 6161627c3a
7	||bbxxab|xb|||x||||bb	6 7c7c7c7c6262
11	||xaxaabx|::x||:b|::aaaxx:xbxb	10 7c7c7c7c786178616162
29	xb	2 7862
20	b||baaab:::a|bx:::axaaa	19 627c7c7c7c62616161627c3a7c3a7c3a617c7c
30	abaaxxaa|:|b	15 61626161787861617c7c7c3a7c7c62
28	::axaxax:	12 7c3a7c3a6178617861787c3a
18	x|a::xa	10 787c7c617c3a7c3a7861
22	:x|a|	8 7c3a787c7c617c7c
26	bbaaxx||x:bxxxabbab:||:	24 6262616178787c7c7c7c787c3a6278787861626261627c3a
36	bxbb:b|x:	12 627862627c3a627c7c787c3a
15	axa	3 617861
4	:xbbaab:|xx|a|baab|b:axx	2 7c3a
5	xxa||||ab:|ax::|b|a	3 787861
22	aa|xbxax:::|bxbaab::aa|bb	21 61617c7c78627861787c3a7c3a7c3a7c7c62786261
6	|a	3 7c7c61
6	bx::|:b::b|a|bb:||xa|:ba||abb	4 62787c3a
15	b||:aa|ba:::aaaa:xb|:	13 627c7c7c7c7c3a61617c7c6261
33	bx::x:aaxa:axx|b::b	26 62787c3a7c3a787c3a616178617c3a6178787c7c627c3a7c3a62
8	|x:xaa:b||:axax:	7 7c7c787c3a7861
21	xxbba:x:::x:xabaxba|xab::ax|a	20 78786262617c3a787c3a7c3a7c3a787c3a786162
34	x:x:|||::xbba|ax|a:bb:ab:x	33 787c3a787c3a7c7c7c7c7c7c7c3a7c3a786262617c7c61787c7c617c3a62627c3a
22	b:axabaabxx:b|axx:b::aabxax	20 627c3a6178616261616278787c3a627c7c617878
18	|xaba:	8 7c7c786162617c3a
8	xb:aax:	7 78627c3a616178
31	:a|:|:bb:|a:	20 7c3a617c7c7c3a7c7c7c3a62627c3a7c7c617c3a
22	|xx||a||:bxb|||b:xaa|a	20 7c7c78787c7c7c7c617c7c7c7c7c3a6278627c7c
23	b	1 62
26		0 
36	|ab:||::a|bxbb:|xa	27 7c7c61627c3a7c7c7c7c7c3a7c3a617c7c627862627c3a7c7c7861
4	xaxb|::bbxbxbb|:|abxa|a|x|	3 786178
32	|xb:::b	11 7c7c78627c3a7c3a7c3a62
10	bb|::aaa	8 62627c7c7c3a7c3a
20	a|xaa:xbx|a|:x::xbb:bbxx|ab	18 617c7c7861617c3a7862787c7c617c7c7c3a
36	xx	2 7878
28	:a:bbxaaaabx	14 7c3a617c3a626278616161616278
22	:::|x||b::|b|	20 7c3a7c3a7c3a7c7c787c7c7c7c627c3a7c3a7c7c
28	bxbbx:|:|xb|:x:xxxx::|aaa	26 62786262787c3a7c7c7c3a7c7c78627c7c7c3a787c3a78787878
5	a|ab:axba|axaabaxaxx||a:x:	3 617c7c
6	:|b	4 7c3a7c7c
22	xbb::|ba:baa:x|b:	21 7862627c3a7c3a7c7c62617c3a6261617c3a787c7c
11	|:a	5 7c7c7c3a61
28	b::xba||xaxbxxaax|aba|a|aa:ax	26 627c3a7c3a7862617c7c7c7c7861786278786161787c7c616261
27	:x::::|bxxba|aa:|	26 7c3a787c3a7c3a7c3a7c3a7c7c62787862617c7c61617c3a7c7c
11	|ab|xb:|b|bxb:axb|	10 7c7c61627c7c78627c3a
7	x||xa::|aba|a|a:x	5 787c7c7c7c
20	xaa|:|::|aa|a|x:|x:aa|:ax	19 7861617c7c7c3a7c7c7c3a7c3a7c7c61617c7c
23	b:xbxbx	8 627c3a7862786278
31	:b:xa:a	10 7c3a627c3a78617c3a61
13	bx|bx|b:|ax|x:a:x:ab	11 62787c7c62787c7c627c3a
36	b|ab:|baa|xa::abxa:xabxbab|a:a	35 627c7c61627c3a7c7c6261617c7c78617c3a7c3a616278617c3a786162786261627c7c
7	bxabbaxb:xa	6 627861626261
27	|bbxx:b	9 7c7c626278787c3a62
31	|xa:b:|	11 7c7c78617c3a627c3a7c7c
31	xaxa:|	8 786178617c3a7c7c
7	:|ax:x|axx|:|bxba:ab:bb	6 7c3a7c7c6178
39	xa:a:x|bbbxx	15 78617c3a617c3a787c7c6262627878
30	:bbxa||a|bx|x|:|:bx|:xx	28 7c3a626278617c7c7c7c617c7c62787c7c787c7c7c3a7c7c7c3a6278
28	::|||xxb||aaaaxab|a|bx|xx::|b:	26 7c3a7c3a7c7c7c7c7c7c7878627c7c7c7c616161617861627c7c
13	xaxa||:	10 786178617c7c7c7c7c3a
33	aa	2 6161
26	:||b|:b||	16 7c3a7c7c7c7c627c7c7c3a627c7c7c7c
8	|xbx|x|:xb:|xb:	7 7c7c7862787c7c
7	|ab||bab|::b::b|x||xb::|b	6 7c7c61627c7c
14	b:xax|b:a:	12 627c3a7861787c7c627c3a61
3	axbx	2 6178
20	bxb|x	6 6278627c7c78
15	:xa||x|xa:bb|:a:ax:b	13 7c3a78617c7c7c7c787c7c7861
8	|||x:bxba||a||b|:xx	6 7c7c7c7c7c7c
37	abaxx|a:a:b|aa|a::a:b:xx	33 61626178787c7c617c3a617c3a627c7c61617c7c617c3a7c3a617c3a627c3a7878
9	ababx:|ab|:::bb|xaa:x	7 61626162787c3a
40	x:bx|:xx:b||a:b	22 787c3a62787c7c7c3a78787c3a627c7c7c7c617c3a62
7	bb|xa	6 62627c7c7861
25	b:||b|ab:b:ba:ab:xb:bx	23 627c3a7c7c7c7c627c7c61627c3a627c3a62617c3a6162
14	:abxa|bxxb:|	12 7c3a616278617c7c62787862
34	xxx|aaax:x:a:x:xb:bb::a|::	33 7878787c7c616161787c3a787c3a617c3a787c3a78627c3a62627c3a7c3a617c7c
23	bbxbxab:aaaxbaxabxbbx	22 626278627861627c3a61616178626178616278626278
11	x:axbbb::|ba||xb|b|x:x	10 787c3a61786262627c3a
28	|b|b|b:ax:xxb	18 7c7c627c7c627c7c627c3a61787c3a787862
7	x|:b|:xax|xxb	5 787c7c7c3a
34	:b|ax:|:xx:a|xxax|bbaxbaabx	33 7c3a627c7c61787c3a7c7c7c3a78787c3a617c7c787861787c7c62626178626161
15	||b|xb||:xbaa|xx|b:	13 7c7c7c7c627c7c78627c7c7c7c
30	ax::|abax:xxbx|aaxa|	26 61787c3a7c3a7c7c616261787c3a787862787c7c616178617c7c
34	:aa|:ax	10 7c3a61617c7c7c3a6178
27	:bbxxx|bxb|x	15 7c3a62627878787c7c6278627c7c78
28	|xb:||b:b:	16 7c7c78627c3a7c7c7c7c627c3a627c3a
17	b:abx:|x:xxbxbaxbax:ab:b	16 627c3a6162787c3a7c7c787c3a787862
16	b:bb|	7 627c3a62627c7c
29	||b|xaxbaa:bx:::|b:	28 7c7c7c7c627c7c7861786261617c3a62787c3a7c3a7c3a7c7c627c3a
28	:xx:abb::b:x:xx:|	25 7c3a78787c3a6162627c3a7c3a627c3a787c3a78787c3a7c7c
14	:x|xb|b	10 7c3a787c7c78627c7c62
25	|a::|b|xbb|xb|x:a:bx|a:xx:b	24 7c7c617c3a7c3a7c7c627c7c7862627c7c78627c7c787c3a
18	xbxba|:||xxb	16 78627862617c7c7c3a7c7c7c7c787862
4	:aa||babbxxaxaxba|x:a::a|	2 7c3a
29	b:a:bb:a:xbx:bbb||a|abxbxa:b:a	28 627c3a617c3a62627c3a617c3a7862787c3a6262627c7c7c7c617c7c
13	aabb|b|aa:a|||b|||b:b||::|	11 616162627c7c627c7c6161
7	b::bbx:|b	5 627c3a7c3a
21	||b|axb	10 7c7c7c7c627c7c617862
37	|bb|	6 7c7c62627c7c
17	bbx:|x||bxbaabab:	16 6262787c3a7c7c787c7c7c7c62786261
17	:|xb:::b|x:|a:::b:::x:x:|xa|x:	15 7c3a7c7c78627c3a7c3a7c3a627c7c
11	|:xaa:x|||	9 7c7c7c3a7861617c3a
33	xx:xxb	7 78787c3a787862
29		0 
22	|a:x||||b||ab	21 7c7c617c3a787c7c7c7c7c7c7c7c627c7c7c7c6162
24	|ax|bxx:ba|ba:xab|	22 7c7c61787c7c6278787c3a62617c7c62617c3a786162
29	baaxab	6 626161786162
14		0 
5	|aab::|:x	4 7c7c6161
40	|xxba|:|a:bax|:abx:baax	31 7c7c787862617c7c7c3a7c7c617c3a6261787c7c7c3a6162787c3a62616178
6	baabb::axaxa|	5 6261616262
32	|||x|bb|||b:::ax|||axax|:	30 7c7c7c7c7c7c787c7c62627c7c7c7c7c7c627c3a7c3a7c3a61787c7c7c7c
11	axxbbbxa:axbxx|abbx	10 61787862626278617c3a
34	b|a|xa:a:|||||	23 627c7c617c7c78617c3a617c3a7c7c7c7c7c7c7c7c7c7c
9		0 
31	|:aa:	8 7c7c7c3a61617c3a
27	ax:|b|ab::aa:b:b	23 61787c3a7c7c627c7c61627c3a7c3a61617c3a627c3a62
32	babb|:|xa|ax::|xaabx|||xx:	31 626162627c7c7c3a7c7c78617c7c61787c3a7c3a7c7c78616162787c7c7c7c
10	b::ax|aa||x:xa|b:||:x	9 627c3a7c3a61787c7c
13	a|:|x|||a|:ba:a|ba:|	12 617c7c7c3a7c7c787c7c7c7c
25	|xxxbaab||	13 7c7c787878626161627c7c7c7c
31	bb:::aa|axb|::a:a:	27 62627c3a7c3a7c3a61617c7c6178627c7c7c3a7c3a617c3a617c3a
28	|axxbaabxxbxba:|a|ab	24 7c7c617878626161627878627862617c3a7c7c617c7c6162
32	x:x:a	7 787c3a787c3a61
28	xb:x|baaaa||aa|x:bx:aa|:	27 78627c3a787c7c62616161617c7c7c7c61617c7c787c3a62787c3a
6	bbxx::||::b|:|b|xaabx::	4 62627878
32	aa:|x:b:a|:a:||b:xax:a:x	30 61617c3a7c7c787c3a627c3a617c7c7c3a617c3a7c7c7c7c627c3a786178
13	bx:a:a:b::axaa||:xbb|	11 62787c3a617c3a617c3a62
22	abbb|a|ba::||:baxx|ab|aba:b|	21 616262627c7c617c7c62617c3a7c3a7c7c7c7c7c3a
15	:||ababxxx:|b:b:|bxxbb|aba::x	13 7c3a7c7c7c7c61626162787878
17	bb|axa	7 62627c7c617861
13	xba	3 786261
4	b|aaa:	3 627c7c
35	bb:x	5 62627c3a78
8	:||a|bxbxabbx|axx:|	6 7c3a7c7c7c7c
39	b:aaxax|aba	13 627c3a61617861787c7c616261
13	xb:|:bx:xa|axaab:aa|babba:bx|	12 78627c3a7c7c7c3a62787c3a
19	|b:axb:|x|b	16 7c7c627c3a6178627c3a7c7c787c7c62
21	aa:aa||||:xx	18 61617c3a61617c7c7c7c7c7c7c7c7c3a7878
8	::::||bxbb:x	6 7c3a7c3a7c3a
6	xb|:abx|:xa:bba||ba|:	4 78627c7c
24	|bb:bbb	9 7c7c62627c3a626262
28	ax:xxax:xaaax	15 61787c3a787861787c3a7861616178
23	:	2 7c3a
38	aa:abxa|:x	13 61617c3a616278617c7c7c3a78
20	|::|x|:aa:|xa|a|aaxx|abx	19 7c7c7c3a7c3a7c7c787c7c7c3a61617c3a7c7c
13	::a|:|axxaxx:|bb|x|bbxaaa|	11 7c3a7c3a617c7c7c3a7c7c
33	x|axxx::xxxx:	17 787c7c617878787c3a7c3a787878787c3a
23	|a|a	6 7c7c617c7c61
29	b|:bbx|a||x|bb:a	23 627c7c7c3a6262787c7c617c7c7c7c787c7c62627c3a61
11	bxaa::a|::a:|ba|x|x	9 627861617c3a7c3a61
22	bxbxa|::a:::axaa:baab	21 62786278617c7c7c3a7c3a617c3a7c3a7c3a617861
12	x	1 78
31	xx::b:b:b:ba|a:bb|b	27 78787c3a7c3a627c3a627c3a627c3a62617c7c617c3a62627c7c62
22	xa|x:	7 78617c7c787c3a
8	b:|aa:baxa:abxx	7 627c3a7c7c6161
37	xb	2 7862
18	|ba||x:	11 7c7c62617c7c7c7c787c3a
40	xxaa::	8 787861617c3a7c3a
34	:x|:b::bxa|x||xa::b|x|	32 7c3a787c7c7c3a627c3a7c3a6278617c7c787c7c7c7c78617c3a7c3a627c7c78
32	a:xa:|:x:axa|:	21 617c3a78617c3a7c7c7c3a787c3a6178617c7c7c3a
14	x:b:ax|:b|||bxb::|::|bx:	12 787c3a627c3a61787c7c7c3a
11	:x	3 7c3a78
8	|bxa::xxx||b|:xbxxxbx|b:	7 7c7c6278617c3a
40	:|x::b:ab||:b:ab:abx	30 7c3a7c7c787c3a7c3a627c3a61627c7c7c7c7c3a627c3a61627c3a616278
33	:xbaab:x	10 7c3a78626161627c3a78
27	|:::axbb|aa:b::abab|a|||:|bbx	26 7c7c7c3a7c3a7c3a617862627c7c61617c3a627c3a7c3a616261
4	bb:axa||:|b|:abbbbxb	2 6262
26	::x::x:b:xaa:::	24 7c3a7c3a787c3a7c3a787c3a627c3a7861617c3a7c3a7c3a
21	b||:|:babbxxa:a|:bbxbb|baabxx	20 627c7c7c7c7c3a7c7c7c3a626162627878617c3a
33		0 
32	b::xbxba:b|ba:x|a:a::ababbbx:	30 627c3a7c3a78627862617c3a627c7c62617c3a787c7c617c3a617c3a7c3a
20		0 
7	bb||	6 62627c7c7c7c
17	xbb|x:bbx:axx:x::bbbbab:ba|ab	16 7862627c7c787c3a6262787c3a617878
36	bx|b:xxa|:|x:xx|xx||b:bxxxx	35 62787c7c627c3a7878617c7c7c3a7c7c787c3a78787c7c78787c7c7c7c627c3a627878
26	xb|aab|a||bx|b|ab|	25 78627c7c6161627c7c617c7c7c7c62787c7c627c7c61627c7c
16	xb|ba||:a:xx|	15 78627c7c62617c7c7c7c7c3a617c3a
14	|:x:bxx:a|b:xaxa:	12 7c7c7c3a787c3a6278787c3a
4	axb:b:a||bxxax|:a	3 617862
21	axbbbxba|a	11 61786262627862617c7c61
27	:b	3 7c3a62
14	b::a|:x|abax:ab|a|xb|bb:bxx:	13 627c3a7c3a617c7c7c3a787c7c
38	a||axx|xax|b:|b|::xxxa|:bx:	37 617c7c7c7c6178787c7c7861787c7c627c3a7c7c627c7c7c3a7c3a787878617c7c7c3a6278
14	a||x:axaa	12 617c7c7c7c787c3a61786161
20	|xbax|:|b||xa:ba|baaa:b:::a:a|	19 7c7c786261787c7c7c3a7c7c627c7c7c7c7861
24	:|bb||aa:ab|a:||aax|a:xabxbb|	23 7c3a7c7c62627c7c7c7c61617c3a61627c7c617c3a7c7c
15	a:xbab:|:|:	13 617c3a786261627c3a7c7c7c3a
38	|baax|a:a||axbx:::b:axb:	34 7c7c626161787c7c617c3a617c7c7c7c617862787c3a7c3a7c3a627c3a6178627c3a
35	x:babxx||:::x:|:b	26 787c3a62616278787c7c7c7c7c3a7c3a7c3a787c3a7c7c7c3a62
21	bbababxaxbb	11 6262616261627861786262
5	:b|:::|x:a:a|xa:b|b:b|bb:	3 7c3a62
7	:a:bbaa|||b	5 7c3a617c3a
10	b|:bxxxx|:b|ba	9 627c7c7c3a62787878
14	aa:aa:bx:|a	12 61617c3a61617c3a62787c3a
24		0 
29	aaaxa:aa|aa|::xbaaxbaa::xb|ba	27 61616178617c3a61617c7c61617c7c7c3a7c3a7862616178626161
28	a:baaa	7 617c3a62616161
17	|x||:|::bxbbaxxxx:|:b:	15 7c7c787c7c7c7c7c3a7c7c7c3a7c3a
5	xbbbabx|aa	4 78626262
28	:bbx|bbaa|x||a:|x||||xxbxb	26 7c3a6262787c7c626261617c7c787c7c7c7c617c3a7c7c787c7c
9	axb::|a|aa	7 6178627c3a7c3a
25	b:x::x::axbbb||||x:	24 627c3a787c3a7c3a787c3a7c3a61786262627c7c7c7c7c7c
27	baxb||bx:bb|x|::|xab	25 626178627c7c7c7c62787c3a62627c7c787c7c7c3a7c3a7c7c
22	xbaa:babab|a	14 786261617c3a62616261627c7c61
33	ab:bx|bxaaa||:axbaa|ba:b||bx||	31 61627c3a62787c7c62786161617c7c7c7c7c3a61786261617c7c62617c3a62
21	:||:x::	13 7c3a7c7c7c7c7c3a787c3a7c3a
33	x:|babb	9 787c3a7c7c62616262
39	x|bbbx|baxxx:a:baa||:b	29 787c7c626262787c7c62617878787c3a617c3a6261617c7c7c7c7c3a62
35	a|b:x:ax:|x:|:x|||a	30 617c7c627c3a787c3a61787c3a7c7c787c3a7c7c7c3a787c7c7c7c7c7c61
34	a||a|ba||baa::xx|x:xx:a	32 617c7c7c7c617c7c62617c7c7c7c6261617c3a7c3a78787c7c787c3a78787c3a
22	|aa|||:|xxb:xx:bax:xx|a:x	21 7c7c61617c7c7c7c7c7c7c3a7c7c7878627c3a7878
33	|abxx:x|	11 7c7c616278787c3a787c7c
15	ab|b|axb|ab||aaax:|a::	14 61627c7c627c7c6178627c7c6162
10	xxxb|x:x::xbaabb|a:	9 787878627c7c787c3a
17	x:a|aa||aa|||b||axa:	16 787c3a617c7c61617c7c7c7c61617c7c
4	x:a:xxbxax:xax:	3 787c3a
8	:xx|a:||x|axbxx|	6 7c3a78787c7c
23	|:	4 7c7c7c3a
23		0 
14	||xxaaxx:a|:bx:::|abbabx|	12 7c7c7c7c7878616178787c3a
34	xb|axxbxa|axxbxbxaxb	22 78627c7c6178786278617c7c61787862786278617862
22	bxaa|:bxbbxabbba	18 627861617c7c7c3a62786262786162626261
38	xa||:bb::xx:x	19 78617c7c7c7c7c3a62627c3a7c3a78787c3a78
11	a|xabxbabxbb|	10 617c7c78616278626162
28	bx|||:aabaaxa|	19 62787c7c7c7c7c7c7c3a616162616178617c7c
18	|:|b||:|x|b|b:::ba|ba::b:xa	16 7c7c7c3a7c7c627c7c7c7c7c3a7c7c78
40	xxxb:::	10 787878627c3a7c3a7c3a
15	abaa|x|b|:|xaaa|ba	14 616261617c7c787c7c627c7c7c3a
9	:ba|	6 7c3a62617c7c
18	||xxa:a|:aa|:ax:b|b:|x:b:	16 7c7c7c7c7878617c3a617c7c7c3a6161
10	b||::::x|||xb::|a:|xxb|:|:	9 627c7c7c7c7c3a7c3a
26	x|aa|:x:|::	18 787c7c61617c7c7c3a787c3a7c7c7c3a7c3a
30		0 
34	:xaxax:x|babxababxb:|b|xa:ax:a	33 7c3a78617861787c3a787c7c626162786162616278627c3a7c7c627c7c78617c3a
5	|b|a:	3 7c7c62
31	:b	3 7c3a62
18	aa:|ab||:a|aa	17 61617c3a7c7c61627c7c7c7c7c3a617c7c
36	aa::b:::|:aaa||a|x	28 61617c3a7c3a627c3a7c3a7c3a7c7c7c3a6161617c7c7c7c617c7c78
18	xxx|:|bbaaxaa|b|::bab|:||	16 7878787c7c7c3a7c7c62626161786161
18	x:b::xb:bbb||:::|xxbba	17 787c3a627c3a7c3a78627c3a6262627c7c
14	aabba|b:xbbax:|	13 61616262617c7c627c3a786262
19		0 
10	ab	2 6162
29	b	1 62
11	a|a:xb	8 617c7c617c3a7862
6	|xx:x::ab	4 7c7c7878
34	bx:x||xxxb:xaxb|a	22 62787c3a787c7c7c7c787878627c3a786178627c7c61
4	axb|baaaaxa|	3 617862
34	:aa|:|:b:xbx|	20 7c3a61617c7c7c3a7c7c7c3a627c3a7862787c7c
10	|bbb	5 7c7c626262
11	ba|b	5 62617c7c62
24	:b::	7 7c3a627c3a7c3a
22	b|ax:|babax::a|a:bx|x:::x	21 627c7c61787c3a7c7c62616261787c3a7c3a617c7c
19	xab:abbxxax|a:a:a::baba|a|a:bb	17 7861627c3a616262787861787c7c617c3a
30	xaaxb:aa|:x:|	18 78616178627c3a61617c7c7c3a787c3a7c7c
9	xbaaxaxbx::	8 7862616178617862
5	ax::ab:xxaxxb	4 61787c3a
10	|bbax||a	8 7c7c626261787c7c
6	a:aab::ax:b||ba||xb||x:x:b:a	5 617c3a6161
3	aabb:bxx:bbx:|b:xxaax:::|	2 6161
6	axbb::|x	4 61786262
30	b|:||xa|ab:aaba|b|bxabx:::a:a:	29 627c7c7c3a7c7c7c7c78617c7c61627c3a616162617c7c627c7c627861
22	xxba:aa	8 787862617c3a6161
7	aab:b:|::x|xx|bbx|x|b|	5 6161627c3a
28	:xa:x|:x:ab|xxaxa:|x::|bxb|:	27 7c3a78617c3a787c7c7c3a787c3a61627c7c78786178617c3a7c7c
7	a::::::x:ab:b:b:a:abaa:|a	5 617c3a7c3a
18	|x|a|xxab:xaax:a||x|aax	17 7c7c787c7c617c7c787861627c3a786161
25	||xbbbxba:abb:a:b:bbb	24 7c7c7c7c786262627862617c3a6162627c3a617c3a627c3a
29	:a:||x:aabx|bb:::b:aa:bb||x	27 7c3a617c3a7c7c7c7c787c3a616162787c7c62627c3a7c3a7c3a62
39	a|bbb::bxb	13 617c7c6262627c3a7c3a627862
3	|:b|a:bx:ax|babb:	2 7c7c
12	|:|xxbx:x:a:a:||ax|b:x:xa:	10 7c7c7c3a7c7c78786278
32	:|||b:xb	13 7c3a7c7c7c7c7c7c627c3a7862
10	a:ba	5 617c3a6261
37	bxb|:a:b|xxa|b|a|	24 6278627c7c7c3a617c3a627c7c7878617c7c627c7c617c7c
28	:b:a|:abx|xx|	19 7c3a627c3a617c7c7c3a6162787c7c78787c7c
35	b:a|b:a::b|bbxx|b|x	27 627c3a617c7c627c3a617c3a7c3a627c7c626278787c7c627c7c78
23	a|aax	6 617c7c616178
15	:|:b|:b:x:|bbx:|ab	14 7c3a7c7c7c3a627c7c7c3a627c3a
30	:b:|	7 7c3a627c3a7c7c
18	ba::bxa|b:||aa|axaab:bx	16 62617c3a7c3a6278617c7c627c3a7c7c
32	xaxbx:xx|xx|a|bx|a	23 78617862787c3a78787c7c78787c7c617c7c62787c7c61
5	:x||:aa:a|baxa|b	3 7c3a78
29	b:a::b||a|x|abx::||:x:xx:xx	28 627c3a617c3a7c3a627c7c7c7c617c7c787c7c6162787c3a7c3a7c7c
32	xx||xxbxbab:bab|xa|	24 78787c7c7c7c787862786261627c3a6261627c7c78617c7c
10	|||x:b||abxxbb	9 7c7c7c7c7c7c787c3a
15	ax:b:x:	10 61787c3a627c3a787c3a
9	|:|b||xab::||x::bax|axa|b:aa:b	7 7c7c7c3a7c7c62
37	x:bx:ba:||x:a|abxaxa:x|bxax|	36 787c3a62787c3a62617c3a7c7c7c7c787c3a617c7c6162786178617c3a787c7c62786178
16	|	2 7c7c
10	a:|b|bxb:bax|aa|:b|	8 617c3a7c7c627c7c
10	:	2 7c3a
26	x:xa:abxx:axxa:|ba|b:ax::|x	25 787c3a78617c3a616278787c3a617878617c3a7c7c62617c7c
17	:|b|||bbx|aba|	16 7c3a7c7c627c7c7c7c7c7c6262787c7c
27	|:bx||:a:abbaaa	21 7c7c7c3a62787c7c7c7c7c3a617c3a616262616161
25	b:|:x::x|b:bxb	21 627c3a7c7c7c3a787c3a7c3a787c7c627c3a627862
30	::xb|x|bxa:ax||x:ax|	29 7c3a7c3a78627c7c787c7c6278617c3a61787c7c7c7c787c3a61787c7c
10	:xbaaa:bxab:abaa||xxx|x|:xb||a	9 7c3a78626161617c3a
14	xbb|a||x|:xbx|aax:::axb::xaabb	13 7862627c7c617c7c7c7c787c7c
17	xaaaabax||x||ba|:xa|xbbxxa|:	15 78616161616261787c7c7c7c787c7c
22		0 
25	x:a|b|bbbx:|:|abx:axaa:|baa|::	24 787c3a617c7c627c7c626262787c3a7c7c7c3a7c7c616278
17	xb::abax:ba:axbb:axxxx||:x:b	16 78627c3a7c3a616261787c3a62617c3a
8	bbxb:|b|:|||::bb|x:|a	6 626278627c3a
18	xbxbxba|x:x|abaaa:::xxa:|:xx	17 786278627862617c7c787c3a787c7c6162
7	a:b::a:x:|a:b|a|a:	6 617c3a627c3a
4	a:x:x|||ba|ax	3 617c3a
5	|a:b:::|:babb|aa|:abxa	3 7c7c61
31	:xa||b||ab:	17 7c3a78617c7c7c7c627c7c7c7c61627c3a
16	:ax|ab|	10 7c3a61787c7c61627c7c
25	xxa:bxba::xxb|a||ab|b||x	23 7878617c3a627862617c3a7c3a7878627c7c617c7c7c7c
25	|:||x:xx|:x||b:baa:x:x::xb:	23 7c7c7c3a7c7c7c7c787c3a78787c7c7c3a787c7c7c7c62
35	x||:||aa	13 787c7c7c7c7c3a7c7c7c7c6161
21	b:|abab|x	12 627c3a7c7c616261627c7c78
31	ab:b	5 61627c3a62
4	x|:xb|x|b|:a:xa:bx|axaaax:bb	3 787c7c
14	|bxx:|b:bb|ax:x|:x::a	12 7c7c6278787c3a7c7c627c3a
38	:|b:ba|x::bb:	20 7c3a7c7c627c3a62617c7c787c3a7c3a62627c3a
18	b|xaa|x:x	12 627c7c7861617c7c787c3a78
33	a::xa:|::|b:xx||a|::xbb|x	31 617c3a7c3a78617c3a7c7c7c3a7c3a7c7c627c3a78787c7c7c7c617c7c7c3a
12	a:bb::xb:bbba|a|:xa|a	11 617c3a62627c3a7c3a7862
25	bxx|x	6 6278787c7c78
35	|babb:xxxxabab::a|xx|xa	29 7c7c626162627c3a78787878616261627c3a7c3a617c7c78787c7c7861
35	bbbb||:a:b|:|xxax::ba:a	33 626262627c7c7c7c7c3a617c3a627c7c7c3a7c7c787861787c3a7c3a62617c3a61
15	bxab|aaxbaa|bbxb:	14 627861627c7c6161786261617c7c
11	ab	2 6162
23	|:|abba:a|:bbaaxx|xab::a	22 7c7c7c3a7c7c616262617c3a617c7c7c3a6262616178
31	:|bx|::a:ax:b:|bx||b|xba|xa	30 7c3a7c7c62787c7c7c3a7c3a617c3a61787c3a627c3a7c7c62787c7c7c7c
19	::||||b|xb	17 7c3a7c3a7c7c7c7c7c7c7c7c627c7c7862
15	x|xaxaxxb|xx::|::x:||b::	14 787c7c786178617878627c7c7878
6	axa:xa:|xx:x:|a|b||bb|b|ab:	5 6178617c3a
11	ab:babb:a:b|||:|xxx|bbx|xb||x	10 61627c3a626162627c3a
20	ab:a|xx||:a:a|:xb:||baa	18 61627c3a617c7c78787c7c7c7c7c3a617c3a
12	xbaaabb|:aa|:|	11 786261616162627c7c7c3a
38	axa:||a::|x|axxbb	24 6178617c3a7c7c7c7c617c3a7c3a7c7c787c7c6178786262
35	b|a|bxbbbabx|b	17 627c7c617c7c62786262626162787c7c62
5	b|axa:x:b:|b:|b:ax|bxxxa|	3 627c7c
19	::|xx|x	11 7c3a7c3a7c7c78787c7c78
14	a:|b:|:x|bxxxa:b:	12 617c3a7c7c627c3a7c7c7c3a
8	xxbx|b:::ax	6 787862787c7c
33	b|:|:bb::xb|a::bax|ax:xbbbb	31 627c7c7c3a7c7c7c3a62627c3a7c3a78627c7c617c3a7c3a6261787c7c6178
33	x|aax|b||xb|x:x|x|	26 787c7c6161787c7c627c7c7c7c78627c7c787c3a787c7c787c7c
10	bxx:xx::x|b:x|	9 6278787c3a78787c3a
5	:bbx:x|:|:x||:a:xa|:axxabaa	4 7c3a6262
29	bx|bb:baxa	12 62787c7c62627c3a62617861
15	:::b|bb:xxa:xb:baab::bbbbbbb|	13 7c3a7c3a7c3a627c7c62627c3a
38	x|::bx:a|ax|xbbbba:b|x|xbb:	37 787c7c7c3a7c3a62787c3a617c7c61787c7c7862626262617c3a627c7c787c7c7862627c3a
7	ab	2 6162
3	:ba:ba	2 7c3a
10	:|:|:|b|	8 7c3a7c7c7c3a7c7c
15	x|ba:axa|:::|axaxbx	14 787c7c62617c3a6178617c7c7c3a
36	b:||:b::bb:x	19 627c3a7c7c7c7c7c3a627c3a7c3a62627c3a78
20	bb:ax:x|||:bbaa||xaax:abx|	19 62627c3a61787c3a787c7c7c7c7c7c7c3a6262
21	bxxxaaaax:bx:a	16 6278787861616161787c3a62787c3a61
30	axbx:|bab:aba|b|:	23 617862787c3a7c7c6261627c3a6162617c7c627c7c7c3a
30	bbbbab:abxa:b:a	18 6262626261627c3a616278617c3a627c3a61
33	:ab:a|::xx:abxx	21 7c3a61627c3a617c7c7c3a7c3a78787c3a61627878
15	a:b	4 617c3a62
17	a	1 61
15	:|:ba:|xbx|b::::	14 7c3a7c7c7c3a62617c3a7c7c7862
30	b:axax|:|xx	15 627c3a617861787c7c7c3a7c7c7878
7	:baax|bb:	6 7c3a62616178
39	axa:|xa:|xx	15 6178617c3a7c7c78617c3a7c7c7878
15	:bxxxbbbaa|x:a||::x|xa|ba:b|	13 7c3a6278787862626261617c7c
4	x|::x|xa:axxbaa::baa|	3 787c7c
18	:xab	5 7c3a786162
17	axbb::|xax	13 617862627c3a7c3a7c7c786178
24	x:::x::b	13 787c3a7c3a7c3a787c3a7c3a62
9	:bxxa|axxx	8 7c3a627878617c7c
30	::x:aax:xx|b::x:xax:|	29 7c3a7c3a787c3a6161787c3a78787c7c627c3a7c3a787c3a7861787c3a
33	xxxabbxa|:x:abab:xb:x|:abb|xx	32 78787861626278617c7c7c3a787c3a616261627c3a78627c3a787c7c7c3a6162
6	:axa||a:||aaa:x|ba:xba|x|	5 7c3a617861
12	b:b:|axbxaxx	11 627c3a627c3a7c7c617862
15	x||bbx:a	11 787c7c7c7c6262787c3a61
31	xab|bx:a|::baabb::abb:b	30 7861627c7c62787c3a617c7c7c3a7c3a62616162627c3a7c3a6162627c3a
13	xxbaab|aa|xbxx	12 7878626161627c7c61617c7c
9	|::bxaax|bxb|b::a|xb|a:|bx	8 7c7c7c3a7c3a6278
20	|b|a:ba|a|bxxx||x|x:x|:bx	19 7c7c627c7c617c3a62617c7c617c7c62787878
10	x|b	4 787c7c62
13	|:xab:xaa::b||xa:aa:::|xaa:|	12 7c7c7c3a7861627c3a786161
5	xab|a||	3 786162
23	bbaxb:x:ba|::xa:|:bb	22 62626178627c3a787c3a62617c7c7c3a7c3a78617c3a
35	abbbxx|aabba|aaaxabb|a:|b:xxa	34 6162626278787c7c61616262617c7c616161786162627c7c617c3a7c7c627c3a7878
26	a|b|:xb:a|	15 617c7c627c7c7c3a78627c3a617c7c
7	||b:b||b|bab::	5 7c7c7c7c62
24		0 
13	:abx|a:|aabx|bb:bb||:b:abb::xa	12 7c3a6162787c7c617c3a7c7c
10	||ax|aaxaaab|abbx||:xax|	8 7c7c7c7c61787c7c
32	|:ab	6 7c7c7c3a6162
25	xa:aabxx:bxb:xaaax|xxabx::b||a	23 78617c3a61616278787c3a6278627c3a78616161787c7c
32	:|ba:||x|::bbaaxaa|b|	31 7c3a7c7c62617c3a7c7c7c7c787c7c7c3a7c3a626261617861617c7c627c7c
14	xx:	4 78787c3a
32	:bb:xbx|a:x:a:|:b:::|ax:	31 7c3a62627c3a7862787c7c617c3a787c3a617c3a7c7c7c3a627c3a7c3a7c3a
16	|ba:||bbaabx::b:||x:|a:|	15 7c7c62617c3a7c7c7c7c6262616162
6	|a|axa:bx|aa|ax:	5 7c7c617c7c
4	bxaaax:ab|b|b:|	3 627861
33	b:xab|ba|abxax	17 627c3a7861627c7c62617c7c6162786178
20	::bbxab::x::xb	18 7c3a7c3a62627861627c3a7c3a787c3a7c3a
21	abx:::|b::x|x::|xxb|x	19 6162787c3a7c3a7c3a7c7c627c3a7c3a787c7c
30	b:|:xbb:	12 627c3a7c7c7c3a7862627c3a
3	b:axx	1 62
19	|xxb|x::baa:aaax:|:|x:xa:x:xa	17 7c7c7878627c7c787c3a7c3a6261617c3a
7	x|aaxx:aa||a|ax::|::::x|:bxx	6 787c7c616178
23	a|xbx|bbaxa	13 617c7c7862787c7c6262617861
19	xa:axaaaxbbx	13 78617c3a617861616178626278
29	a:	3 617c3a
8	||x|ab	7 7c7c7c7c787c7c
6	|x|||::|:a:b|a|x|:ax|:b|xa:xx|	5 7c7c787c7c
25		0 
33	ax||bxx:|:b|:|b||b	28 61787c7c7c7c6278787c3a7c7c7c3a627c7c7c3a7c7c627c7c7c7c62
9	axx||:xxb	7 6178787c7c7c7c
19	b	1 62
38	xb:b|aaabx||||ax|:|::|:	36 78627c3a627c7c61616162787c7c7c7c7c7c7c7c61787c7c7c3a7c7c7c3a7c3a7c7c7c3a
36	b:x|aba|b:ba|	18 627c3a787c7c6162617c7c627c3a62617c7c
31	aa:xb	6 61617c3a7862
8	bxxxaxa|aba:x|a|a:ab|b	7 62787878617861
9	b:|bb|a	7 627c3a7c7c6262
27	|x|a:baxa:ba::x::	25 7c7c787c7c617c3a626178617c3a62617c3a7c3a787c3a7c3a
17		0 
18	bbab:::|::|:|:::|:a|:xab:::a	16 626261627c3a7c3a7c3a7c7c7c3a7c3a
36	:a:|aa:|axxx|xa:bxabxa:|bx|:x	35 7c3a617c3a7c7c61617c3a7c7c617878787c7c78617c3a6278616278617c3a7c7c6278
38	|xbxb:b	9 7c7c786278627c3a62
25	bbb|x:	8 6262627c7c787c3a
37	:x:a:b:xab|::xab:	25 7c3a787c3a617c3a627c3a7861627c7c7c3a7c3a7861627c3a
30	|:b:x|aax|bbx::ax:|x:b|xbbbxx|	28 7c7c7c3a627c3a787c7c6161787c7c6262787c3a7c3a61787c3a7c7c
38	abx|:|xa:|:bx	19 6162787c7c7c3a7c7c78617c3a7c7c7c3a6278
4	x:ab:x|a|b|a::b:ab:x:b:||a	3 787c3a
39	b|b::x||:bb:|bb|b:	28 627c7c627c3a7c3a787c7c7c7c7c3a62627c3a7c7c62627c7c627c3a
10	|xbxxb|a:::x	9 7c7c78627878627c7c
3	xxax|	2 7878
12	:xbba:|x	10 7c3a786262617c3a7c7c
35	xa|xxx|xba:|aa:bx:	24 78617c7c7878787c7c7862617c3a7c7c61617c3a62787c3a
10	b||b:bx:ax|:baa|	8 627c7c7c7c627c3a
4	|aaxxx:ab|	2 7c7c
17	|:aaa::xb:xa:xx:x	15 7c7c7c3a6161617c3a7c3a78627c3a
39	||:a:aba	12 7c7c7c7c7c3a617c3a616261
11	xbaab:bb:a|::a:xx|bx::xxaba|	9 78626161627c3a6262
36	:b|:ba	9 7c3a627c7c7c3a6261
3	baxb|::a|	2 6261
31	aa|:ab:b:ax:xb:bxx|xb:	30 61617c7c7c3a61627c3a627c3a61787c3a78627c3a6278787c7c78627c3a
3	xb|xa:|x	2 7862
6	xx:|b	4 78787c3a
8	:aaax:xa|:b||xx|xx:bba|a	6 7c3a61616178
23	bx	2 6278
9	a:aa|aaabbbxx	7 617c3a61617c7c
17	aa|xb:|xabb|aa||a|b:b|bx||:|xx	16 61617c7c78627c3a7c7c786162627c7c
3	xxba:x|x|xxb:x	2 7878
18	abba|:x|b|:a||x|b|:|b:a|:a	16 616262617c7c7c3a787c7c627c7c7c3a
4	a::b:a:|bbbx:|xb:	3 617c3a
12	|x:b||a||bxba	10 7c7c787c3a627c7c7c7c
20	:x:x|a||:xb:bxb	19 7c3a787c3a787c7c617c7c7c7c7c3a78627c3a
19	b:||b:b:xb	15 627c3a7c7c7c7c627c3a627c3a7862
28	::bx|x|a||xax	19 7c3a7c3a62787c7c787c7c617c7c7c7c786178
24	babbxa:xxa|:|ba	19 6261626278617c3a7878617c7c7c3a7c7c6261
31	abb::xa|bxbaxbbax|bb	24 6162627c3a7c3a78617c7c6278626178626261787c7c6262
21	b:xxb|bxxa:aaax	18 627c3a7878627c7c627878617c3a61616178
17	b:axaaxab||::|b|	16 627c3a617861617861627c7c7c7c7c3a
23	a||bb:a|bxa|xb|bx|aa|	21 617c7c7c7c62627c3a617c7c6278617c7c78627c7c
17	xba|a|a|:	13 7862617c7c617c7c617c7c7c3a
20	::|xaba|	12 7c3a7c3a7c7c786162617c7c
36	|b|:|xaa|::aba:xa:b	28 7c7c627c7c7c3a7c7c7861617c7c7c3a7c3a6162617c3a78617c3a62
22	a|	3 617c7c
8	axbb|bx:|||aab:	6 617862627c7c
22	x:bbbbbaxba::xb|b|:|bab:a	20 787c3a6262626262617862617c3a7c3a78627c7c
18	:x|:xbaxa:x|a|xa||:x|:x::a|ax	17 7c3a787c7c7c3a78626178617c3a787c7c
37	bbbxxx|b||:bxxa:x:b|	27 6262627878787c7c627c7c7c7c7c3a627878617c3a787c3a627c7c
27	x|aa	5 787c7c6161
34	|xx:|b|::|	17 7c7c78787c3a7c7c627c7c7c3a7c3a7c7c
26	x||xxa::axa:	17 787c7c7c7c7878617c3a7c3a6178617c3a
31	a::||xb|	13 617c3a7c3a7c7c7c7c78627c7c
36	b::ax:	9 627c3a7c3a61787c3a
31	b:b:	6 627c3a627c3a
27	xab|aabxa|::||a:xabababx	26 7861627c7c61616278617c7c7c3a7c3a7c7c7c7c617c3a786162
25	|:a|xb:|b|b:	19 7c7c7c3a617c7c78627c3a7c7c627c7c627c3a
23	|x:b|xxbx:x|ab||b:a|xbbbb	21 7c7c787c3a627c7c787862787c3a787c7c61627c7c
6	aa	2 6161
34	|xa|	6 7c7c78617c7c
22	||a:bx:|x|aaaxab|a	21 7c7c7c7c617c3a62787c3a7c7c787c7c6161617861
24	bb|:baa|xbx:xa|||x:b:ba	22 62627c7c7c3a6261617c7c7862787c3a78617c7c7c7c
29	b:ab|aa||:axa	18 627c3a61627c7c61617c7c7c7c7c3a617861
35	|bbxb|	8 7c7c626278627c7c
36	a:aax|	8 617c3a6161787c7c
35	x|a::aa:	12 787c7c617c3a7c3a61617c3a
23	|xx:|axbx:x:|aa:||xx|a	21 7c7c78787c3a7c7c617862787c3a787c3a7c7c6161
4	||bbxb:x:|:baba|xabaaaxa	2 7c7c
13	|||x:xx|||	11 7c7c7c7c7c7c787c3a7878
30	|	2 7c7c
18	xxaaa||::|ab:ba	17 78786161617c7c7c7c7c3a7c3a7c7c6162
7	:xaa:x:|bba|:baxxabb:	5 7c3a786161
31	b	1 62
27	::a:|x	10 7c3a7c3a617c3a7c7c78
3	:x|||bx:|:x:abbabxaa:|bax||a|	2 7c3a
7	axabbbx||a::|b:|b|:|:|||	6 617861626262
29	b:x	4 627c3a78
5	a|:bb|:|a:bx	3 617c7c
26	||aa||x|baxx|::bx	25 7c7c7c7c61617c7c7c7c787c7c626178787c7c7c3a7c3a6278
22	bx|baa:aaxb||ax:|x	21 62787c7c6261617c3a616178627c7c7c7c61787c3a
7	xxxxb|||||x:xaxa::x:xxbb|x	5 7878787862
19	::aa|aa|:ab	16 7c3a7c3a61617c7c61617c7c7c3a6162
21	||:a:	9 7c7c7c7c7c3a617c3a
5	|:	4 7c7c7c3a
3	|axabx:xxa|||bb:||xab	2 7c7c
10	aa|ab	6 61617c7c6162
20	|a|b	6 7c7c617c7c62
40	|abb|b||ba:ab::bbaxxbbx|aa	34 7c7c6162627c7c627c7c7c7c62617c3a61627c3a7c3a62626178786262787c7c6161
35	|||	6 7c7c7c7c7c7c
25	bba|:b:xba:|a|:xba|	24 6262617c7c7c3a627c3a7862617c3a7c7c617c7c7c3a7862
13	:|xbaa|	10 7c3a7c7c786261617c7c
34	aax||b||xa|:b:x||xxbaa|x||a::b	33 6161787c7c7c7c627c7c7c7c78617c7c7c3a627c3a787c7c7c7c78786261617c7c
31	:xb|	6 7c3a78627c7c
23	b:xaxbxxaa:ax|:xa|a:axab:ab|	21 627c3a78617862787861617c3a61787c7c7c3a7861
37	a|ab:|x:x|bxx:|:axa:||	33 617c7c61627c3a7c7c787c3a787c7c6278787c3a7c7c7c3a6178617c3a7c7c7c7c
31	baa|xxbxaab	12 6261617c7c78786278616162
8	:|b|bb:|xb:axbbxbxxab:	7 7c3a7c7c627c7c
23	xx:xxb|	9 78787c3a7878627c7c
39		0 
20	|a:x:b:xb:b	16 7c7c617c3a787c3a627c3a78627c3a62
25	ab|xb:bb|babbb||x|x	24 61627c7c78627c3a62627c7c62616262627c7c7c7c787c7c
18	:x::|x|baxa|xaaxxxa|a::axb	16 7c3a787c3a7c3a7c7c787c7c62617861
16	b|||aa:x|x:|bbb:x	14 627c7c7c7c7c7c61617c3a787c7c
19	abab:ax	8 616261627c3a6178
7	x:aaba::|a||ax:ab::|baxbax|	6 787c3a616162
7	:axx|x::a:|:x|xx||bba:bb	5 7c3a617878
25	:x:::aab	12 7c3a787c3a7c3a7c3a616162
37	:xaxbxaxaxaab|a	17 7c3a7861786278617861786161627c7c61
15	x|a|||::abbabaa:ab|baa|	14 787c7c617c7c7c7c7c7c7c3a7c3a
14	|b|b:a|a:ba	12 7c7c627c7c627c3a617c7c61
25	|bbab:x:xba:x:xbx:|:a::x|x:x	24 7c7c626261627c3a787c3a7862617c3a787c3a7862787c3a
5	:b:xxba:x:a|baa|	3 7c3a62
33	::|ab:|:b|bab|x	23 7c3a7c3a7c7c61627c3a7c7c7c3a627c7c6261627c7c78
6	|::|xa:a:|bbx|bx:|bxa:aaa|bb	4 7c7c7c3a
28	a|xb|a|x:b||||a|b|a:x|xaxx	26 617c7c78627c7c617c7c787c3a627c7c7c7c7c7c7c7c617c7c62
22	xaab|axa:|aaba	17 786161627c7c6178617c3a7c7c61616261
32	aaax|aa|:baax	16 616161787c7c61617c7c7c3a62616178
32	|bx|aba||xb	15 7c7c62787c7c6162617c7c7c7c7862
32	b:a|||||:|bb:a:b	26 627c3a617c7c7c7c7c7c7c7c7c7c7c3a7c7c62627c3a617c3a62
28	a|axxb|x|axa:|xab	22 617c7c617878627c7c787c7c6178617c3a7c7c786162
28	:xb:aba:|:x|||a:	25 7c3a78627c3a6162617c3a7c7c7c3a787c7c7c7c7c7c617c3a
22	:|aaa:a:bbb|x|ax	20 7c3a7c7c6161617c3a617c3a6262627c7c787c7c
28	:|aa||abx|:b:bx|x:x	27 7c3a7c7c61617c7c7c7c6162787c7c7c3a627c3a62787c7c787c3a
24	:b:abab:x:aa|a|:ab:x	23 7c3a627c3a616261627c3a787c3a61617c7c617c7c7c3a
13	bx:ab|axabx:|:bba|abxbx	12 62787c3a61627c7c61786162
23	x	1 78
33	:x||bb|x:bxa:a|	22 7c3a787c7c7c7c62627c7c787c3a6278617c3a617c7c
7	ba|xx:xx||a:x||xxx|x|xx|	6 62617c7c7878
18	x:bbxa|:|:|a:a:||xxb|baa	17 787c3a626278617c7c7c3a7c7c7c3a7c7c
24	aa::x:x|	12 61617c3a7c3a787c3a787c7c
7	:baxxbb::xba:|xbxb	6 7c3a62617878
36	x:|:a|b|axa|bx	20 787c3a7c7c7c3a617c7c627c7c6178617c7c6278
3	:x|b|:bb|x:	2 7c3a
19	baa|baa|	10 6261617c7c6261617c7c
26	bbabbxabb|	11 6262616262786162627c7c
8	||:a:|aaxa:ax|b	6 7c7c7c7c7c3a
7	|::aa||b:	6 7c7c7c3a7c3a
14	xbbax:xxb:b|bx	12 78626261787c3a7878627c3a
17		0 
4	|bb|aaab|	2 7c7c
19	|ba|xbaxa	11 7c7c62617c7c7862617861
31	x|||xabb|||:x:|||:|b:	30 787c7c7c7c7c7c786162627c7c7c7c7c7c7c3a787c3a7c7c7c7c7c7c7c3a
17	|xx:|a||ba::bba|xbbb||::xbaxb	15 7c7c78787c3a7c7c617c7c7c7c6261
33	axbbbax::bxxb:xba|bb:|	28 617862626261787c3a7c3a627878627c3a7862617c7c62627c3a7c7c
29	aa|b|bxxbaaa|x::bbx:xa:a	28 61617c7c627c7c627878626161617c7c787c3a7c3a6262787c3a7861
9		0 
3	axbaaxb:b:::a:|	2 6178
15	b|b::|bxxbxabbxa:bx||ab|:x	14 627c7c627c3a7c3a7c7c62787862
22	:b|	5 7c3a627c7c
5	|b::xxaaxxaa|xxax::xb	3 7c7c62
9	|aba|bx:ab	7 7c7c6162617c7c
29	|xx|x:xaab:||ab	21 7c7c78787c7c787c3a786161627c3a7c7c7c7c6162
11	aaxb|abb:|xax|:ab	9 616178627c7c616262
11	bbb|xx|::b	9 6262627c7c78787c7c
38	a|xxxbbxa	10 617c7c78787862627861
30	a|||axb|b|a|xbxx||bbxx|a||	29 617c7c7c7c7c7c6178627c7c627c7c617c7c786278787c7c7c7c626278
33	||bxa||::|aaabx:xabb	28 7c7c7c7c6278617c7c7c7c7c3a7c3a7c7c61616162787c3a78616262
18	ab|:|ax:|xb|b:x	16 61627c7c7c3a7c7c61787c3a7c7c7862
20	ax	2 6178
8	||:b:b|xa:	6 7c7c7c7c7c3a
20	bxxbx|a|ab:b|:aaa:bb	19 62787862787c7c617c7c61627c3a627c7c7c3a
23	a:xa:|:::ab	17 617c3a78617c3a7c7c7c3a7c3a7c3a6162
18	|x:a||ba|b|bxa:|x:||:b:xx:x	17 7c7c787c3a617c7c7c7c62617c7c627c7c
36	xb:|bxxaax|x:x::|xxx:bax||:x:	34 78627c3a7c7c6278786161787c7c787c3a787c3a7c3a7c7c7878787c3a6261787c7c
26	x|b:a|bx:	13 787c7c627c3a617c7c62787c3a
16	xaaabx:abbx|::b	14 7861616162787c3a616262787c7c
19	ba::b|||||axaxbax|ba::bbb:|b	17 62617c3a7c3a627c7c7c7c7c7c7c7c7c7c
16	xbax||bbaaxxaxa:|b	15 786261787c7c7c7c62626161787861
27	a||bb|abb|x:x::x:x|xb:b:b:	25 617c7c7c7c62627c7c6162627c7c787c3a787c3a7c3a787c3a
5	bb|xaxa|:bb|:	4 62627c7c
33	:xxa:a|:||x|a|xx	24 7c3a7878617c3a617c7c7c3a7c7c7c7c787c7c617c7c7878
29	aba::xxa|	12 6162617c3a7c3a7878617c7c
31	aa:x||a::|a:xxabx||:a	30 61617c3a787c7c7c7c617c3a7c3a7c7c617c3a78786162787c7c7c7c7c3a
5	b|bax|aaa:a|b|:|a|bb:|x:	3 627c7c
22	|baaxx|bx|:a:a:xbbxax::x:ab::	21 7c7c62616178787c7c62787c7c7c3a617c3a617c3a
15	xba	3 786261
24	bbb|ab	7 6262627c7c6162
22	|b:|ab:a:aa:::x|bb:xabxxa	20 7c7c627c3a7c7c61627c3a617c3a61617c3a7c3a
13	:aa	4 7c3a6161
6	b:xb:|:x:ba|ba	5 627c3a7862
31	|aa|axababbxxb|xb|||b|:b||:|	29 7c7c61617c7c617861626162627878627c7c78627c7c7c7c7c7c627c7c
5	x|x:abbb|:b:bbb|xb|::bba||a:	3 787c7c
36	x:b|:xbbxxaxx|x::::	27 787c3a627c7c7c3a78626278786178787c7c787c3a7c3a7c3a7c3a
40	ax|xx|aa|:|bx||a::xxba:b:x	37 61787c7c78787c7c61617c7c7c3a7c7c62787c7c7c7c617c3a7c3a787862617c3a627c3a78
14	bxb:||b|b|x|:|ba:b	12 6278627c3a7c7c7c7c627c7c
37	|aa:bbb|aax||:xx|bb:ax	30 7c7c61617c3a6262627c7c6161787c7c7c7c7c3a78787c7c62627c3a6178
4	abxa:abax:abax	3 616278
23	||bb::	10 7c7c7c7c62627c3a7c3a
26	abbabx:|x|::bax|x|b||xx	25 6162626162787c3a7c7c787c7c7c3a7c3a6261787c7c787c7c
11	:a|bax||a:x::b|bxbba|x:x|a:aa	10 7c3a617c7c6261787c7c
33	x|	3 787c7c
34	:xb:b::::ab|b	20 7c3a78627c3a627c3a7c3a7c3a7c3a61627c7c62
24	bb||b:||xx::a:a:aaaa|b	22 62627c7c7c7c627c3a7c7c7c7c78787c3a7c3a617c3a
18	:ab|||a::a|a:|:bxb:x:bxb|b::a	16 7c3a61627c7c7c7c7c7c617c3a7c3a61
28	ax|:bb:bb:b:ab:b:|bxxa	26 61787c7c7c3a62627c3a62627c3a627c3a61627c3a627c3a7c7c
22	bxbxxxbx|xabb:bax	19 62786278787862787c7c786162627c3a626178
27	:bxx:aaxb:xa:	17 7c3a6278787c3a616178627c3a78617c3a
18	:|bxa|b|b::xxbaa	17 7c3a7c7c6278617c7c627c7c627c3a7c3a
20	x||baaa:b	12 787c7c7c7c626161617c3a62
25	:bb:a:x:ab	14 7c3a62627c3a617c3a787c3a6162
38	|ab|a:a:b|xa:bbx	22 7c7c61627c7c617c3a617c3a627c7c78617c3a626278
25	aa|:|aabx||a|:baxx|bxaxb|xxaxx	24 61617c7c7c3a7c7c616162787c7c7c7c617c7c7c3a626178
6	bx	2 6278
35	b	1 62
27	aaa|||::|b|:|::a|axax|abx||:bx	26 6161617c7c7c7c7c7c7c3a7c3a7c7c627c7c7c3a7c7c7c3a7c3a
19	:a:|x|x|:|:bbxaa:b|	17 7c3a617c3a7c7c787c7c787c7c7c3a7c7c
4	ax|bxabx|||xax	2 6178
22	||b:bb:x|::|bbaxx	20 7c7c7c7c627c3a62627c3a787c7c7c3a7c3a7c7c
18	bx:	4 62787c3a
36	bbx:a|a|:ax:b:|:|xaa	29 6262787c3a617c7c617c7c7c3a61787c3a627c3a7c7c7c3a7c7c786161
13	bxaxaaab|b||:::aab:xbax|::ab	11 62786178616161627c7c62
4	:|bb:a::a:x::ab|::aba|bbbb:ab	2 7c3a
6	a::a:x|b	5 617c3a7c3a
20	xxb:|abax	11 7878627c3a7c7c61626178
28	||a:axaa|:||aa:	23 7c7c7c7c617c3a617861617c7c7c3a7c7c7c7c61617c3a
10	abxb:aa	8 616278627c3a6161
35	||xx:	8 7c7c7c7c78787c3a
4	||a:b|b:ab||||:x	2 7c7c
10	a:bb::xb|:x:|xbxa|b:ba	9 617c3a62627c3a7c3a
36	:bx|:a|||a|:b|:ab:|abx|a:b	34 7c3a62787c7c7c3a617c7c7c7c7c7c617c7c7c3a627c7c7c3a61627c3a7c7c616278
23	|axaaa|::a|ab|:a:	22 7c7c61786161617c7c7c3a7c3a617c7c61627c7c7c3a
15	ab|	4 61627c7c
32	abaaab|a	9 6162616161627c7c61
13	:xax|ab:bxx:bbaaa:bax|:	11 7c3a7861787c7c61627c3a
29	abbx	4 61626278
39	aaa:baxx	9 6161617c3a62617878
4	::||:x|a|:b|	2 7c3a
35	xb:|:|axa:xx|||b	24 78627c3a7c7c7c3a7c7c6178617c3a78787c7c7c7c7c7c62
11	xa::|b:x|b	9 78617c3a7c3a7c7c62
27	a|:	5 617c7c7c3a
20	|	2 7c7c
11	axaa:b|a:bbbx	9 617861617c3a627c7c
14	xbaa:b|:|xbbxb:b:b:bxxbb|:b|x	13 786261617c3a627c7c7c3a7c7c
20	:b|:a|:x||xb|a|ba|:xabxa	19 7c3a627c7c7c3a617c7c7c3a787c7c7c7c7862
24	b|b|	6 627c7c627c7c
4	a|bbbbaa::||b|:x||b||x	3 617c7c
38	baaab:|b|:|xbxxax	22 62616161627c3a7c7c627c7c7c3a7c7c786278786178
29	aaxx:x||xx:b|:xaxa:x|:|b:axbx	27 616178787c3a787c7c7c7c78787c3a627c7c7c3a786178617c3a78
38	bxxba|ab:xx:x::bb|xbbax:x|	34 62787862617c7c61627c3a78787c3a787c3a7c3a62627c7c78626261787c3a787c7c
17	a:|:axaa:|aab|::x|:x	15 617c3a7c7c7c3a617861617c3a7c7c
8		0 
22	:xxx:bxabba	13 7c3a7878787c3a627861626261
15	x|a:a:ax	11 787c7c617c3a617c3a6178
3	:||::a|x:x:aba|	2 7c3a
11	bx||x:bb|aba|a	9 62787c7c7c7c787c3a
12	:b:b||:|x	10 7c3a627c3a627c7c7c7c
5	a||:xaxxa:a::bbb:::	3 617c7c
11	::::|b|bxaa|ab|b:|x	10 7c3a7c3a7c3a7c3a7c7c
33	ab||b	7 61627c7c7c7c62
15	bxa:	5 6278617c3a
40		0 
9	baa|aax:abaxaxx	8 6261617c7c616178
11	a|:babxa::|:a:	10 617c7c7c3a6261627861
12	x	1 78
3	aa|:aaab|x:xb|||xaa:xax|a	2 6161
8	xa|x:aa|:ab|||a:|::ab	7 78617c7c787c3a
37	a:xa:x||bxb|aa:xbx|:bbbxxa:|bx	36 617c3a78617c3a787c7c7c7c6278627c7c61617c3a7862787c7c7c3a6262627878617c3a
4	ba|:x:b|x:a|:	2 6261
37	|xa:|a|bbx|b::b:xa	26 7c7c78617c3a7c7c617c7c6262787c7c627c3a7c3a627c3a7861
28	a:|xaa||xb:x||xa:::x::ax|bb	27 617c3a7c7c7861617c7c7c7c78627c3a787c7c7c7c78617c3a7c3a
11	a|xx	5 617c7c7878
22	bbbbaa|a::x||xbab	21 6262626261617c7c617c3a7c3a787c7c7c7c786261
5	xx|	4 78787c7c
5	|ax|b:xaa:::b|xx:	4 7c7c6178
31	:bbx|x:x	11 7c3a6262787c7c787c3a78
16	xb:a	5 78627c3a61
38	|ab:::a	11 7c7c61627c3a7c3a7c3a61
40	:b:|a|b|axba|:xxxa:bbb|::::|	38 7c3a627c3a7c7c617c7c627c7c617862617c7c7c3a787878617c3a6262627c7c7c3a7c3a7c3a
36	:|:b	7 7c3a7c7c7c3a62
12		0 
16	x:|x:x:|:bx||:|xa:ab:xa|:	15 787c3a7c7c787c3a787c3a7c7c7c3a
26	:x::x:::x|:|xxa::bb:bb||:|xa	24 7c3a787c3a7c3a787c3a7c3a7c3a787c7c7c3a7c7c787861
5	x:b:xaxx:x||x::a|:xa	3 787c3a
26	ab::bx|:aaab:x::|b|xb:	25 61627c3a7c3a62787c7c7c3a616161627c3a787c3a7c3a7c7c
20	x|b:xa:	10 787c7c627c3a78617c3a
20	x:x|a|bba:|x:b||a|:|a	19 787c3a787c7c617c7c6262617c3a7c7c787c3a
5	:|a::	4 7c3a7c7c
32	|x|bxba:x|bxaa:x:bx:b|:b|::|xx	30 7c7c787c7c627862617c3a787c7c627861617c3a787c3a62787c3a627c7c
8	:b|a|ax	6 7c3a627c7c61
31	xa::|a||ax|ax:xaaab|xxba|xx:ax	30 78617c3a7c3a7c7c617c7c7c7c61787c7c61787c3a78616161627c7c7878
35	a:a||xx:||:|aa::|b|aba||b|x:x	34 617c3a617c7c7c7c78787c3a7c7c7c7c7c3a7c7c61617c3a7c3a7c7c627c7c616261
35	b:::|b:bx:ax|:|	24 627c3a7c3a7c3a7c7c627c3a62787c3a61787c7c7c3a7c7c
8	:a::bbaxb|:|:abba||xb|	7 7c3a617c3a7c3a
26	abx:|axx:abx|abaa:a|x|xax|:|	24 6162787c3a7c7c6178787c3a6162787c7c616261617c3a61
19	||xxxx|ab:	14 7c7c7c7c787878787c7c61627c3a
37	b|xxx:aaa:x|a:a:abxxxx|b:ab	35 627c7c7878787c3a6161617c3a787c7c617c3a617c3a6162787878787c7c627c3a6162
18	ba|x	5 62617c7c78
27	abx|:ab:a:ax|bax|aa||bab	25 6162787c7c7c3a61627c3a617c3a61787c7c6261787c7c6161
8	a||aa|b|	7 617c7c7c7c6161
40	bxbb|bb|b:ab:ab:||:x:bx	32 627862627c7c62627c7c627c3a61627c3a61627c3a7c7c7c7c7c3a787c3a6278
40	bx::xbxbaxxbax:bxbxa:bbabx:	32 62787c3a7c3a786278626178786261787c3a62786278617c3a62626162787c3a
31	bbaxa|aa:|a|axxx	20 62626178617c7c61617c3a7c7c617c7c61787878
28	::a::	9 7c3a7c3a617c3a7c3a
34	::x|a:axa:|baxxxb::::b|aab	32 7c3a7c3a787c7c617c3a6178617c3a7c7c6261787878627c3a7c3a7c3a7c3a62
3	|axxb:x	2 7c7c
28	ba|xa|b|:x||:x	21 62617c7c78617c7c627c7c7c3a787c7c7c7c7c3a78
8	|ab|:|:xbaxx||::||:|a|	6 7c7c61627c7c
13	b|x|bbbbxxaa||:	12 627c7c787c7c626262627878
5	bb:a|b:x|:||:x::xxx||:b	4 62627c3a
15	|xx:bbx::b|b:::	13 7c7c78787c3a6262787c3a7c3a
13		0 
26	bab:x	6 6261627c3a78
5		0 
23	ab||ba|:a:x::ab	22 61627c7c7c7c62617c7c7c3a617c3a787c3a7c3a6162
40	||bx	6 7c7c7c7c6278
21		0 
23	xbaa|ab::a|ax:ab|	21 786261617c7c61627c3a7c3a617c7c61787c3a6162
34	:bx::xax|x|xb|:x||abb:b:|a|a	32 7c3a62787c3a7c3a7861787c7c787c7c78627c7c7c3a787c7c7c7c6162627c3a
34	xa|a|:axxa|abx::abbb	26 78617c7c617c7c7c3a617878617c7c6162787c3a7c3a61626262
15	x|xa::xx:|xx:xa|bab|a	13 787c7c78617c3a7c3a78787c3a
32	:::x|a:|a|a:b::bb	27 7c3a7c3a7c3a787c7c617c3a7c7c617c7c617c3a627c3a7c3a6262
9	aaxba:b:||:|ax:	7 61617862617c3a
24	|x	3 7c7c78
23	|:|aab:::::||xx::x:	21 7c7c7c3a7c7c6161627c3a7c3a7c3a7c3a7c3a7c7c
4	bx:abab|:b::b|bxbb	2 6278
6	|||ba|a|a	4 7c7c7c7c
25	x:|::|bbx:xab:|ab|xa:a:	23 787c3a7c7c7c3a7c3a7c7c6262787c3a7861627c3a7c7c
8	b	1 62
4	bbx|	3 626278
36	a|||b|xxbbaxx:xxax	23 617c7c7c7c7c7c627c7c787862626178787c3a78786178
39	b|:abxb|x:babxbb	20 627c7c7c3a616278627c7c787c3a626162786262
9	x|b::b|x||:||:xa:xxa	8 787c7c627c3a7c3a
4	xb:xbxbaa:|axaa|b|bbbax:	2 7862
37	::a:x|bab:|x:x:axab::|	33 7c3a7c3a617c3a787c7c6261627c3a7c7c787c3a787c3a617861627c3a7c3a7c7c
37	:x||abab	11 7c3a787c7c7c7c61626162
5	xaxaxa:	4 78617861
23	bxaxx:	7 62786178787c3a
7	xbbxxx	6 786262787878
25	|b||:|baxbbx:|:baxbaabbaba|	23 7c7c627c7c7c7c7c3a7c7c6261786262787c3a7c7c7c3a
16	|ax:x|bxba||:aa::x	15 7c7c61787c3a787c7c627862617c7c
4		0 
3	baabx:x:x:x:|ab	2 6261
33	|	2 7c7c
16	:x||:a:|b|a|a|bx|:axx|	14 7c3a787c7c7c7c7c3a617c3a7c7c
30	:bxxa::b|b|ba:abxbb:x:|x:xbx	28 7c3a627878617c3a7c3a627c7c627c7c62617c3a61627862627c3a78
7	a:|:bb|axaxb	5 617c3a7c7c
3	x:a	1 78
8	b:xbb:a:bb|	6 627c3a786262
15	|b	3 7c7c62
17	a|:bx::	11 617c7c7c3a62787c3a7c3a
23	aaaaaxbb::bab|bbb|	22 61616161617862627c3a7c3a6261627c7c6262627c7c
15	ab|:b|axb:|xb:bxxb|bbaaa|	14 61627c7c7c3a627c7c6178627c3a
37	axa|:|a|aaxa:x|ax:x	26 6178617c7c7c3a7c7c617c7c616178617c3a787c7c61787c3a78
17	ba	2 6261
28	x:ax|ab|ax	13 787c3a61787c7c61627c7c6178
40	a:x|:|x	11 617c3a787c7c7c3a7c7c78
30	x	1 78
34	a:ax:x|xxbxa|axaxxxa	24 617c3a61787c3a787c7c78786278617c7c61786178787861
31	|:a:|x|	12 7c7c7c3a617c3a7c7c787c7c
38	|:xba|aba|a:ax	19 7c7c7c3a7862617c7c6162617c7c617c3a6178
29	||xbabx|b|:|a:x:abbx|x|b:bx|:	28 7c7c7c7c78626162787c7c627c7c7c3a7c7c617c3a787c3a61626278
28	a:b|:	8 617c3a627c7c7c3a
35	aaabax|||bb::b	19 6161616261787c7c7c7c7c7c62627c3a7c3a62
17	aabbx:bxa	10 61616262787c3a627861
39	x:|x:||aa:aa:a|aabxa|	30 787c3a7c7c787c3a7c7c7c7c61617c3a61617c3a617c7c61616278617c7c
20	::xbabaxbxx|:x	18 7c3a7c3a7862616261786278787c7c7c3a78
8	a:bx|ax::::|b:|xbx|b|xabb	7 617c3a62787c7c
32	xxb:|xb|b||:abaxaaaaba|	30 7878627c3a7c7c78627c7c627c7c7c7c7c3a616261786161616162617c7c
11	b	1 62
10	:|::|ba|	8 7c3a7c7c7c3a7c3a
18	:axbxxaaxb:bx|ba:a||b:bx	17 7c3a6178627878616178627c3a62787c7c
19	|a:bxbbbx::ax	17 7c7c617c3a6278626262787c3a7c3a6178
38	:ababababbbx:xxx	18 7c3a61626162616261626262787c3a787878
28	:bxxabaa:xx::aax|bx|aaa|ab	26 7c3a627878616261617c3a78787c3a7c3a6161787c7c62787c7c
29	::|x|xabax||axa|:::b:xa::a|b	27 7c3a7c3a7c7c787c7c78616261787c7c7c7c6178617c7c7c3a7c3a
20	a|||baa|bba||a:|bx|x|x	19 617c7c7c7c7c7c6261617c7c6262617c7c7c7c
22	bbaax:||:aaxxbxabab	21 62626161787c3a7c7c7c7c7c3a6161787862786162
34	|:xxx	7 7c7c7c3a787878
39	|x|aa:a||b|:x|b:b:|	30 7c7c787c7c61617c3a617c7c7c7c627c7c7c3a787c7c627c3a627c3a7c7c
25	b|bb:|:|a:b:a:xa||:x::	24 627c7c62627c3a7c7c7c3a7c7c617c3a627c3a617c3a7861
21	:|aaaxa:|axxaa|::bb|abx	20 7c3a7c7c61616178617c3a7c7c61787861617c7c
34	:|ba||ax|:b|:ab::bx	29 7c3a7c7c62617c7c7c7c61787c7c7c3a627c7c7c3a61627c3a7c3a6278
28	|:xxa	7 7c7c7c3a787861
4	|x:a:aa||:xabx|:bxabaxxab|xba:	2 7c7c
26	xx|xxxbbb|b|xax|x	21 78787c7c7878786262627c7c627c7c7861787c7c78
22	|:||b	9 7c7c7c3a7c7c7c7c62
9	x:x||xbaaa||xabbx:xba:	8 787c3a787c7c7c7c
12	b||:bb	9 627c7c7c7c7c3a6262
13	:||b|baaxxab|b|:b|x	12 7c3a7c7c7c7c627c7c626161
28	bb::	6 62627c3a7c3a
29	bxxx|bbxx:xxbaaab	19 627878787c7c626278787c3a78786261616162
30	:||a:|a|:bb|xaa|bbb|:xx::	28 7c3a7c7c7c7c617c3a7c7c617c7c7c3a62627c7c7861617c7c626262
22	ax|x:|b|axx:	17 61787c7c787c3a7c7c627c7c6178787c3a
39	ax:x|:|xx|:b:|xb:xabxa|bba|bx	38 61787c3a787c7c7c3a7c7c78787c7c7c3a627c3a7c7c78627c3a78616278617c7c6262617c7c
39	xba||bbab::ax:x	20 7862617c7c7c7c626261627c3a7c3a61787c3a78
11	|||baaa:a:xb|	10 7c7c7c7c7c7c62616161
24	:xa:a::aabx:|:|xxaxa|:b	23 7c3a78617c3a617c3a7c3a616162787c3a7c7c7c3a7c7c
38		0 
25	x:|xx:aa|b|aa|x|a|a::baaaa	23 787c3a7c7c78787c3a61617c7c627c7c61617c7c787c7c
19	xx:ba|aa	10 78787c3a62617c7c6161
3	|b|:b:aaxxaab:ba:xb|aab:axx	2 7c7c
5	|a||:aaaa|::bbabxxx	3 7c7c61
24	x|aabbb|aaxb	14 787c7c61616262627c7c61617862
20	x::ba::||ax:	19 787c3a7c3a62617c3a7c3a7c7c7c7c61787c3a
26	xaxbabbb:|:xbx	17 78617862616262627c3a7c7c7c3a786278
23	|baba||::a|:aa|xxa:xa|a|a	21 7c7c626162617c7c7c7c7c3a7c3a617c7c7c3a6161
39	:xa:bba|xbax|axx:	22 7c3a78617c3a6262617c7c786261787c7c6178787c3a
6	|bxxba:xbxa|a	5 7c7c627878
18	x:	3 787c3a
14	bax:|::ab:aa|:bx||b	13 6261787c3a7c7c7c3a7c3a6162
28	bxb:bbxb|a|bbbbabb	21 6278627c3a626278627c7c617c7c62626262616262
22		0 
12	a|	3 617c7c
8	xab|b:|bx|x	6 7861627c7c62
8	|	2 7c7c
7	baxxx|	5 6261787878
4	:a|:x::a	2 7c3a
11		0 
9	x:a:x:x:|xxb|x|||:xax	7 787c3a617c3a78
15	|||a||:b:::a:a|aaxb::bbba|xa	13 7c7c7c7c7c7c617c7c7c7c7c3a
8	abxa:bx|aaaabab:|axx	6 616278617c3a
31	:a||bba:xbxxb||ab:||	29 7c3a617c7c7c7c6262617c3a78627878627c7c7c7c61627c3a7c7c7c7c
32	aa||xx|x	11 61617c7c7c7c78787c7c78
9	:|x|x::	7 7c3a7c7c787c7c
14	abb:|::aa:|aaxx|:b:||::b|xa:a:	13 6162627c3a7c7c7c3a7c3a6161
7	axxbxxa:x|xxa:b|bx|a|:a:||b	6 617878627878
12	|b|	5 7c7c627c7c
32	:|xxa	7 7c3a7c7c787861
12	b||:bx|aba	11 627c7c7c7c7c3a62787c7c
5	x:|xxaa||::b|a|||bb|:	3 787c3a
23	:a|ba:b|xx||xaxb	22 7c3a617c7c62617c3a627c7c78787c7c7c7c78617862
15	bb	2 6262
6	bxxxxxx:|b:bxx:|bb:a	5 6278787878
5	xba|xa|bab:a|xaax	3 786261
22	xaxx::a|::xbx|b:baa:ab|xxbx||	20 786178787c3a7c3a617c7c7c3a7c3a7862787c7c
26	a||a|a:|a::|:xb:||	24 617c7c7c7c617c7c617c3a7c7c617c3a7c3a7c7c7c3a7862
34	b:a	4 627c3a61
29	:axb|xab:|aabb:abbabb:xba|	28 7c3a6178627c7c7861627c3a7c7c616162627c3a6162626162627c3a
16	xba:	5 7862617c3a
4	:x	2 7c3a
38	|a:xx	7 7c7c617c3a7878
12	a|||bxx::aa:axx|b	10 617c7c7c7c7c7c627878
38	|:axa	7 7c7c7c3a617861
23	:ba|xba:bax:ba	18 7c3a62617c7c7862617c3a6261787c3a6261
36	x||:|xbxx:bab	18 787c7c7c7c7c3a7c7c786278787c3a626162
24	bxxaa|:ab|xaab:axbax:|bx	23 62787861617c7c7c3a61627c7c786161627c3a61786261
17	:	2 7c3a
40	a|::ba|xa|a:ax|:axaab:|x	34 617c7c7c3a7c3a62617c7c78617c7c617c3a61787c7c7c3a61786161627c3a7c7c78
29	aba:abxbaabb:|baxaab|x|:xbb	28 6162617c3a61627862616162627c3a7c7c6261786161627c7c787c7c
8	:aax:aba||a:x|:bx|b|:bb||	7 7c3a6161787c3a
14	x|a:|ababxx:||:xbx|	13 787c7c617c3a7c7c6162616278
35	||:abaxxxbbxb|:b|	23 7c7c7c7c7c3a616261787878626278627c7c7c3a627c7c
23	xaxaa	5 7861786161
24	b:xb|ax:bb|bxx:|aax	22 627c3a78627c7c61787c3a62627c7c6278787c3a7c7c
13	ba:|x|aa:|ba	11 62617c3a7c7c787c7c6161
16	:|baxa:||xb::xxbx|a|xabx|a:	14 7c3a7c7c626178617c3a7c7c7c7c
10	:|ax|xb|b|::|xabb|baa	8 7c3a7c7c61787c7c
10		0 
38	::|a|b|x|:|:|a||a	29 7c3a7c3a7c7c617c7c627c7c787c7c7c3a7c7c7c3a7c7c617c7c7c7c61
16	|bxaa|aa|x|aaxbba|:	15 7c7c627861617c7c61617c7c787c7c
8	:	2 7c3a
11	xab:x:abbb	10 7861627c3a787c3a6162
10	|bbxb||aaaxbaab|bab	8 7c7c626278627c7c
27	baxbbbb:baxb:|ax::	23 626178626262627c3a626178627c3a7c7c61787c3a7c3a
28	x||xbxb:b:::b	19 787c7c7c7c786278627c3a627c3a7c3a7c3a62
10	xxx|bab	8 7878787c7c626162
12	bxxb:xb	8 627878627c3a7862
17	||b|a:baaa||:|xxaxxa:b|xx	16 7c7c7c7c627c7c617c3a626161617c7c
4	a|b|baab:x:a|||::|a|:xa	3 617c7c
9	aaab:bxa|ab::xabbx:||a|:|	8 616161627c3a6278
29	:bxbxbaab:ax||xa|axa||xx|baa:|	27 7c3a62786278626161627c3a61787c7c7c7c78617c7c6178617c7c
26	bxb:b:a|	11 6278627c3a627c3a617c7c
26	xabbx:bb|xb|bxb|xa:x|:	24 78616262787c3a62627c7c78627c7c6278627c7c78617c3a
8	x:a:b|::|a|:||axaa|	6 787c3a617c3a
29	b:xba	6 627c3a786261
37	:aa:x:a|b|:|:b:x:|a	30 7c3a61617c3a787c3a617c7c627c7c7c3a7c7c7c3a627c3a787c3a7c7c61
30	:a|axaa||:x:ba:	22 7c3a617c7c617861617c7c7c7c7c3a787c3a62617c3a
18	||bxbxbxx|	13 7c7c7c7c627862786278787c7c
36	xxba|x|:|:	15 787862617c7c787c7c7c3a7c7c7c3a
19	ab:a:ax::x|::a::a||xx:::xxba	18 61627c3a617c3a61787c3a7c3a787c7c7c3a
39	:aba:a|x:b|:b:aabx|b|::aa|b	38 7c3a6162617c3a617c7c787c3a627c7c7c3a627c3a616162787c7c627c7c7c3a7c3a61617c7c
31	a||a|xaxa|b:axaxxbxxa:	28 617c7c7c7c617c7c786178617c7c627c3a6178617878627878617c3a
21	a|||:a:bxab:|x:bxb|abx:ba|:ax	20 617c7c7c7c7c7c7c3a617c3a627861627c3a7c7c
38	:xbx::xx:|x:a|x:|:a||b	34 7c3a7862787c3a7c3a78787c3a7c7c787c3a617c7c787c3a7c7c7c3a617c7c7c7c62
17	|bbbax|bx:|xb:a||	15 7c7c62626261787c7c62787c3a7c7c
20	xba:bba|xa:x|xaax||	19 7862617c3a6262617c7c78617c3a787c7c7861
12	aa|abb:bxaabb|||bb::ab|a	11 61617c7c6162627c3a6278
24	|axbb:bbaxbxba:a|:abbb	23 7c7c617862627c3a62626178627862617c3a617c7c7c3a
25	|aax:aa:xb:xabxaxa|x:b:aa	24 7c7c6161787c3a61617c3a78627c3a786162786178617c7c
28		0 
16	a:a|::|:::x:b:x|bxxaxaxaxb	14 617c3a617c7c7c3a7c3a7c7c7c3a
40	x|:x|:	10 787c7c7c3a787c7c7c3a
8	xxxx::axaa|bx::|aa:b|||xa|:|ba	6 787878787c3a
24	:a|:x|xxb|:||x|x::|x|:xa|::|::	22 7c3a617c7c7c3a787c7c7878627c7c7c3a7c7c7c7c78
13	a:||:aaax	12 617c3a7c7c7c7c7c3a616161
26	:	2 7c3a
10	|x:x|:::axxb|x:xbx|xaax	8 7c7c787c3a787c7c
21	:|baxxbb:aa	14 7c3a7c7c6261787862627c3a6161
29	b|:|xb:|axa|xbb	21 627c7c7c3a7c7c78627c3a7c7c6178617c7c786262
25	:|:|b:b|	14 7c3a7c7c7c3a7c7c627c3a627c7c
26	||a|a||:xb::a|	23 7c7c7c7c617c7c617c7c7c7c7c3a78627c3a7c3a617c7c
33	x|axx||bba|:axb	20 787c7c6178787c7c7c7c6262617c7c7c3a617862
31	|	2 7c7c
16	ba:xa|bba:|xaxxbxbbxxa|b:xax|	15 62617c3a78617c7c6262617c3a7c7c
23	:x:|||bx|b	16 7c3a787c3a7c7c7c7c7c7c62787c7c62
14	ax|ab|baa||	13 61787c7c61627c7c6261617c7c
24	bbba|aaa|b:a||xxab:bb	23 626262617c7c6161617c7c627c3a617c7c7c7c78786162
38	x:a||	8 787c3a617c7c7c7c
33	xa|:a|||	13 78617c7c7c3a617c7c7c7c7c7c
23	bxax|ab:a::x::|ab|bx|:abb|:a|a	22 627861787c7c61627c3a617c3a7c3a787c3a7c3a7c7c
19	x|bxab|:aa|:x|xb:xab	17 787c7c627861627c7c7c3a61617c7c7c3a
18	|	2 7c7c
11	:aa:	6 7c3a61617c3a
12	a:a:|:a||b:::ax:a|b:xb	10 617c3a617c3a7c7c7c3a
5	abbxxaabxa:b|x:|ax|::xb::b:|x	4 61626278
6	:	2 7c3a
37		0 
30	x	1 78
25	:b|:xax|:b:xx|:|	23 7c3a627c7c7c3a7861787c7c7c3a627c3a78787c7c7c3a
11	b|bx|x|xaba|b|x|:::b|a|	10 627c7c62787c7c787c7c
21	|||xbbxbxab:	16 7c7c7c7c7c7c78626278627861627c3a
38	:bab|xbxxb	12 7c3a6261627c7c7862787862
32	x:babbxb:a|b:	17 787c3a6261626278627c3a617c7c627c3a
40	ab||:|ba|xb:x|axa|x|xax	32 61627c7c7c7c7c3a7c7c62617c7c78627c3a787c7c6178617c7c787c7c786178
5	b|x:|b|a|bx|xaa|aaxbx||aaax	3 627c7c
26	b	1 62
28		0 
34	|	2 7c7c
14	|:a|aax:aa	12 7c7c7c3a617c7c6161787c3a
14	b:::a:|x	12 627c3a7c3a7c3a617c3a7c7c
11	|a:xax:bb|:|xbxbx|a|b:	10 7c7c617c3a7861787c3a
23	baa	3 626161
31	a|b|:a||aaaa::|:bx:aa:b	29 617c7c627c7c7c3a617c7c7c7c616161617c3a7c3a7c7c7c3a62787c3a
16	ab||ba:xa|a:xab:||	14 61627c7c7c7c62617c3a78617c7c
17	::b|:b|baa::|	15 7c3a7c3a627c7c7c3a627c7c626161
17	:::||x|ba|bb||||a::||x:baab:	15 7c3a7c3a7c3a7c7c7c7c787c7c6261
10	aa::|xa|baab:|b|x:ab|x:aa|b	8 61617c3a7c3a7c7c
4	b:b|xba	3 627c3a
10	b|:xx	7 627c7c7c3a7878
32	x|bbbaa	8 787c7c6262626161
25	|bxx:::xbxx:a	18 7c7c6278787c3a7c3a7c3a786278787c3a61
13	x::|a:b|xa	11 787c3a7c3a7c7c617c3a62
32	x|x|baaabb:|:a|xbbxxb|x::a	30 787c7c787c7c6261616162627c3a7c7c7c3a617c7c7862627878627c7c78
33	:axb:|x:	12 7c3a6178627c3a7c7c787c3a
14	xxbxxxxb|bb|:xaaa:a|x:xa||ba:	12 78786278787878627c7c6262
35	b:::|a|ab:b|	19 627c3a7c3a7c3a7c7c617c7c61627c3a627c7c
32	|axb:	7 7c7c6178627c3a
29	:|x:abbx:xa|	17 7c3a7c7c787c3a616262787c3a78617c7c
8	:bbb|x:|||x|ax::x|b:bxxab:||:	7 7c3a6262627c7c
7	bb:b|x|a	5 62627c3a62
31	|a:a:|xaxxx:x:bx|b	25 7c7c617c3a617c3a7c7c78617878787c3a787c3a62787c7c62
33	:b|baba|a:aa||xxx|x:xa|xx	32 7c3a627c7c626162617c7c617c3a61617c7c7c7c7878787c7c787c3a78617c7c
10	bbbx|a|b|	9 626262787c7c617c7c
39	bxxxbx|bx|a|a|xb|||bb	28 6278787862787c7c62787c7c617c7c617c7c78627c7c7c7c7c7c6262
16	:abx:aa|xb|:x	15 7c3a6162787c3a61617c7c78627c7c
26	xxb|baxxb:a:aa::	21 7878627c7c62617878627c3a617c3a61617c3a7c3a
5	:bb:	4 7c3a6262
22	xa:axx:x	10 78617c3a6178787c3a78
25	||a|ax:a::bb||::x|:x	24 7c7c7c7c617c7c61787c3a617c3a7c3a62627c7c7c7c7c3a
31	xxb|xxb:bb:a:a|b|aax::xb:|bxa	30 7878627c7c7878627c3a62627c3a617c3a617c7c627c7c6161787c3a7c3a
6	:|bax::b::|x:ax:b||axbx|xa:bx	4 7c3a7c7c
15	xb|x:b:b|:::xab:a|:bb|b	13 78627c7c787c3a627c3a627c7c
26	xxa|a|	8 7878617c7c617c7c
26	bb|abbb:a|x:x|	19 62627c7c616262627c3a617c7c787c3a787c7c
14	:ax	4 7c3a6178
31		0 
21	:bxbxba	8 7c3a627862786261
8	x:abxxx|:|a:||x|a:	7 787c3a61627878
24	|:aaa|x:b	13 7c7c7c3a6161617c7c787c3a62
32	a:||:baabab	15 617c3a7c7c7c7c7c3a626161626162
27	xx|xbb:xx|aa:bx:b:	24 78787c7c7862627c3a78787c7c61617c3a62787c3a627c3a
5	a|xx|b:||bbb:b:xbax|:b:	3 617c7c
17	xa:bx	6 78617c3a6278
15	:a|ba:|:xx|b|a|:a||a::	13 7c3a617c7c62617c3a7c7c7c3a
17	|a|xbxbax|a:xabx|:x:a|x|:b	16 7c7c617c7c7862786261787c7c617c3a
32	b	1 62
8	x|:xabbb|ba:axx:	7 787c7c7c3a7861
11	aabba::|x:bxaxx::||:x||x:x	9 61616262617c3a7c3a
31	:|:bax	9 7c3a7c7c7c3a626178
10	:xaa	5 7c3a786161
25	b:x||bx:b|	15 627c3a787c7c7c7c62787c3a627c7c
7	b:bx|x:abx|x:|xxxb::bbax|	5 627c3a6278
22	bbbb:xxxa||x||||abx	21 626262627c3a787878617c7c7c7c787c7c7c7c7c7c
12	xbxbab|b|a||||b|	11 7862786261627c7c627c7c
33	x|x|x:aaa	12 787c7c787c7c787c3a616161
14	||x|x:|ab:xbbaa:b:xaax	12 7c7c7c7c787c7c787c3a7c7c
24	ax:bx|:xx|ab:bab	21 61787c3a62787c7c7c3a78787c7c61627c3a626162
24	||x::|:x:bbx|a::	22 7c7c7c7c787c3a7c3a7c7c7c3a787c3a6262787c7c61
9	|a:	5 7c7c617c3a
32	xabax:a::xb:|||:|:a	29 78616261787c3a617c3a7c3a78627c3a7c7c7c7c7c7c7c3a7c7c7c3a61
5	bb|:xab:b|a:ba|	4 62627c7c
9	:|ba|a:::a||b:x|a	8 7c3a7c7c62617c7c
36	x::|x	8 787c3a7c3a7c7c78
37	|bb|:bx|x|bbbxxb	21 7c7c62627c7c7c3a62787c7c787c7c626262787862
26	:||xx	8 7c3a7c7c7c7c7878
8	x:|ab	7 787c3a7c7c6162
30	|bb|b|ax:|b:axxx|a:xaabb|	29 7c7c62627c7c627c7c61787c3a7c7c627c3a617878787c7c617c3a7861
14		0 
16	a	1 61
13	|x:xb::xb|a	11 7c7c787c3a78627c3a7c3a
23	x:x|||x:|bbab:a||:a:|x:|b	21 787c3a787c7c7c7c7c7c787c3a7c7c626261627c3a
32		0 
18		0 
11	|ax:x|:|:xx|xx|xxx:::xx|b:a	9 7c7c61787c3a787c7c
16	:b::ba|:a	14 7c3a627c3a7c3a62617c7c7c3a61
4	bb:a|xb:|xxbbab:::bx:xx|b||:	2 6262
36	:|b|abb|:abbb	18 7c3a7c7c627c7c6162627c7c7c3a61626262
11	:xbab|b	9 7c3a786261627c7c62
7	xaxab|	5 7861786162
12	:|bbxab:bb|	11 7c3a7c7c62627861627c3a
25	|xa|:|a|x|xa	18 7c7c78617c7c7c3a7c7c617c7c787c7c7861
34	||aaax	8 7c7c7c7c61616178
12	a	1 61
5	xx|x|aaaax||b:bbaxbx	4 78787c7c
36	:|aa|:a:axxb|	19 7c3a7c7c61617c7c7c3a617c3a617878627c7c
33	xb:xxx|a:axb:|b:a:ba|x|:b	32 78627c3a7878787c7c617c3a6178627c3a7c7c627c3a617c3a62617c7c787c7c
32	ba	2 6261
25	xabx:||b:|	15 786162787c3a7c7c7c7c627c3a7c7c
21	|axxxxxxaabxa:aa||x:xa|||b	20 7c7c6178787878787861616278617c3a61617c7c
38	bxb::||x:b|abx:xaxx|xxb	31 6278627c3a7c3a7c7c7c7c787c3a627c7c6162787c3a786178787c7c787862
20	||xa:|x:|bbabx:bxxbb:|b:||xxbx	19 7c7c7c7c78617c3a7c7c787c3a7c7c62626162
30	:b:b	6 7c3a627c3a62
16	x::a|aaxx|	14 787c3a7c3a617c7c616178787c7c
11	xxbx|baaabxa|xb|abaxax|b:|a	10 787862787c7c62616161
28	ab|:|bbaa:|b:b:xaxbxxaaxa	27 61627c7c7c3a7c7c626261617c3a7c7c627c3a627c3a7861786278
21	bb::xbba|x|::::a|bb:|:|a||abx	19 62627c3a7c3a786262617c7c787c7c7c3a7c3a
13	::xb|:::a|x:||xa:baxbx:a:abb	12 7c3a7c3a78627c7c7c3a7c3a
4	xbb:a::aab|bx:|x:b|a|:||:ax:ba	3 786262
8	b|bb|a||:|axbxaxb||aa||b:	7 627c7c62627c7c
25	b::a	6 627c3a7c3a61
21	a:	3 617c3a
10	bbbb:xabaab::b:b|b	9 626262627c3a786162
34		0 
12	::::|:|b||:x::b:|x|x|xx|ba	10 7c3a7c3a7c3a7c3a7c7c
37	a:a|b:bb||:a:xaaxaaaaxaa	31 617c3a617c7c627c3a62627c7c7c7c7c3a617c3a7861617861616161786161
40	|:x:b:xbx||:|xabaa:xxab|xxaa:	38 7c7c7c3a787c3a627c3a7862787c7c7c7c7c3a7c7c78616261617c3a787861627c7c78786161
28	|:|b::|ab:|bx	21 7c7c7c3a7c7c627c3a7c3a7c7c61627c3a7c7c6278
26	x|aa	5 787c7c6161
13	xx|b:a:bx|x:bbx||:|ab::xb:b|	12 78787c7c627c3a617c3a6278
30	b|ab	5 627c7c6162
4	::ab|:bb:|baaxb:ab::::a:|	2 7c3a
37	ax	2 6178
4	bb|baaaxa|a||:bb|a||||:x|b	2 6262
40	:bxbb::xab::a::axa	25 7c3a627862627c3a7c3a7861627c3a7c3a617c3a7c3a617861
21	bx:ax:|a:x:bb:	20 62787c3a61787c3a7c7c617c3a787c3a62627c3a
10	bx:aa|b:|:xa::x:aax:::||:b::x	8 62787c3a61617c7c
17	xa::|b|a:aa|a|a	16 78617c3a7c3a7c7c627c7c617c3a6161
19	||a|a|xx:xxba::xbbaa	18 7c7c7c7c617c7c617c7c78787c3a78786261
40	xaxa:::xaaxx	15 786178617c3a7c3a7c3a7861617878
18	baa|:bx:axx|x	16 6261617c7c7c3a62787c3a6178787c7c
34	::b:	7 7c3a7c3a627c3a
40	::|x	7 7c3a7c3a7c7c78
23	:b:babaa::x||bx:|a:	21 7c3a627c3a62616261617c3a7c3a787c7c7c7c6278
28	aax::a:b:|||:b|	24 6161787c3a7c3a617c3a627c3a7c7c7c7c7c7c7c3a627c7c
18	|xba:xxx:bb|::x:|baxab	16 7c7c7862617c3a7878787c3a62627c7c
15	a|axa|axxx:a:x|x	14 617c7c6178617c7c617878787c3a
32	bx||a|:baa|abbb:|bxxx:|||:||b	30 62787c7c7c7c617c7c7c3a6261617c7c616262627c3a7c7c627878787c3a
40	::a|x||:axxbb:|||abxbaa|a	36 7c3a7c3a617c7c787c7c7c7c7c3a61787862627c3a7c7c7c7c7c7c6162786261617c7c61
22	bx:aaaba|x|xa|||:|bxx:|x:xaxb	20 62787c3a61616162617c7c787c7c78617c7c7c7c
19	:xa:x|xxbb:baa|:a:ab	18 7c3a78617c3a787c7c787862627c3a626161
16	|xb||::b:a|:a||b|axaaxb|ab:	15 7c7c78627c7c7c7c7c3a7c3a627c3a
32	xxaxb|bxaabbax|	17 78786178627c7c62786161626261787c7c
38	a||xa	7 617c7c7c7c7861
20	bab:xb|::x|bb|:xbax:::|b:b:b:	18 6261627c3a78627c7c7c3a7c3a787c7c6262
23	::|x:axb	12 7c3a7c3a7c7c787c3a617862
36	:|::|x|x:aa	18 7c3a7c7c7c3a7c3a7c7c787c7c787c3a6161
12	ba:b|x||aaa:xa	10 62617c3a627c7c787c7c
29	bx|a::b:x|xxa:b||x	26 62787c7c617c3a7c3a627c3a787c7c7878617c3a627c7c7c7c78
33	ba|x:x||ba|::|baa:|||b|	31 62617c7c787c3a787c7c7c7c62617c7c7c3a7c3a7c7c6261617c3a7c7c7c7c
8	:bb|xabxbaa|||	6 7c3a62627c7c
15	:||xx|aab|bx|:x:|	13 7c3a7c7c7c7c78787c7c616162
25	bax:a|a:b|:x|||	23 6261787c3a617c7c617c3a627c7c7c3a787c7c7c7c7c7c
29	|axbaaabb:ba::|b|:xxaxa|b	28 7c7c61786261616162627c3a62617c3a7c3a7c7c627c7c7c3a787861
17	ax|abbbbb:|a|x|bba	15 61787c7c6162626262627c3a7c7c61
13	|a:::|xa|x|a|x:x|ba|x|xxa|:b	11 7c7c617c3a7c3a7c3a7c7c
32	xx||a	7 78787c7c7c7c61
34	|:bx:|:xxa:b|||:aax:|	33 7c7c7c3a62787c3a7c7c7c3a7878617c3a627c7c7c7c7c7c7c3a6161787c3a7c7c
30	|b||x:|:x:||	21 7c7c627c7c7c7c787c3a7c7c7c3a787c3a7c7c7c7c
15	b:|x:bb||aaxxa:a::babbx	14 627c3a7c7c787c3a62627c7c7c7c
13	bx:||b:bbb|::x:ba|a||xbbba	11 62787c3a7c7c7c7c627c3a
28	b::aab::x:|:xxab:bxx::b:	27 627c3a7c3a6161627c3a7c3a787c3a7c7c7c3a787861627c3a6278
14	bbaxx|:a|bx:b:b::	12 62626178787c7c7c3a617c7c
29	x|a||xb|aaabab|xxxbb|:x	27 787c7c617c7c7c7c78627c7c6161616261627c7c78787862627c7c
25	aaaxx|bb|xa:a:x:xx|ba:a	23 61616178787c7c62627c7c78617c3a617c3a787c3a7878
9	b|axx||::axaab:xaxa:xb:|b	8 627c7c6178787c7c
25	||x:x:b::|a:a:a|a|xxxx|bb	23 7c7c7c7c787c3a787c3a627c3a7c3a7c7c617c3a617c3a
18	a|:ba:bbb|b:a|xb	17 617c7c7c3a62617c3a6262627c7c627c3a
26	:x	3 7c3a78
27	|a|ab	7 7c7c617c7c6162
40	|bx|||xx:a||b:bx|:xaxx:|aax|:x	39 7c7c62787c7c7c7c7c7c78787c3a617c7c7c7c627c3a62787c7c7c3a786178787c3a7c7c616178
18	xb|:axbxaxaxx	15 78627c7c7c3a617862786178617878
21	|b|a|bbxab:xx|:b:|b:axbb	19 7c7c627c7c617c7c62627861627c3a78787c7c
36	ba:x||	9 62617c3a787c7c7c7c
14	bxaxaxba:x|xb::xax	13 62786178617862617c3a787c7c
35	:bx	4 7c3a6278
22	abbbbb||axa:ab|aa:a::xbxbbb:|	21 6162626262627c7c7c7c6178617c3a61627c7c6161
16	|:b||b:bb|a|||:::a|a:	14 7c7c7c3a627c7c7c7c627c3a6262
8	b|||axax|:xbabx	7 627c7c7c7c7c7c
16	|x:xa:b||bb	14 7c7c787c3a78617c3a627c7c7c7c
7		0 
18	aa:ba:|a:xaa:	16 61617c3a62617c3a7c7c617c3a786161
4	:|x||:a:a	2 7c3a
9	:	2 7c3a
37	:a:	5 7c3a617c3a
15		0 
19	:::x:bbaabxbx	17 7c3a7c3a7c3a787c3a6262616162786278
31	ba::ba::x:b:b:xab	24 62617c3a7c3a62617c3a7c3a787c3a627c3a627c3a786162
6	xxbb:a|bb|axbbx::x|axx	4 78786262
23	a:x||b:aba|a|a:	22 617c3a787c7c7c7c627c3a6162617c7c617c7c617c3a
29	ax:x|axxa:a:a:|:abbx:||bbxb	27 61787c3a787c7c617878617c3a617c3a617c3a7c7c7c3a61626278
33	b:|ba:x|b::|	19 627c3a7c7c62617c3a787c7c627c3a7c3a7c7c
31	|a::b|x||b:bababbaabab|||aa	29 7c7c617c3a7c3a627c7c787c7c7c7c627c3a6261626162626161626162
22	|:x:x:bbbbbxbab:|:xa|:xba||:	21 7c7c7c3a787c3a787c3a6262626262786261627c3a
19	|::aabx||	14 7c7c7c3a7c3a616162787c7c7c7c
25	bb::||:bxx:x:aa:bbax|axab:x:	24 62627c3a7c3a7c7c7c7c7c3a6278787c3a787c3a61617c3a
28	xb|a|x:abbxbax:|aax:|	26 78627c7c617c7c787c3a616262786261787c3a7c7c6161787c3a
36	|:b:bb:	11 7c7c7c3a627c3a62627c3a
18	ba:bbx||a|::baa:aaxx|aa	16 62617c3a6262787c7c7c7c617c7c7c3a
12	ba:bba|bx:|xb::b	11 62617c3a6262617c7c6278
19	a|xbx:x|b:::|x|baxb:bx||:	18 617c7c7862787c3a787c7c627c3a7c3a7c3a
32	b::x:bbax|a	15 627c3a7c3a787c3a626261787c7c61
4	|b||bbxb|x|:	2 7c7c
34	aabxxx:ab	10 6161627878787c3a6162
36	x	1 78
11	b|:ab|::x|x	9 627c7c7c3a61627c7c
35	xaax:	6 786161787c3a
33	|bx|:|ba|baxabbxaa|bbb|::xbb:	32 7c7c62787c7c7c3a7c7c62617c7c6261786162627861617c7c6262627c7c7c3a
26	abx:|aabba|b:aab|	22 6162787c3a7c7c61616262617c7c627c3a6161627c7c
35	|:aa	6 7c7c7c3a6161
35	:||::a:bxa|bb:bax:a:	30 7c3a7c7c7c7c7c3a7c3a617c3a6278617c7c62627c3a6261787c3a617c3a
38	bb:aa|xbxaaxxb:bbx:|||x	30 62627c3a61617c7c78627861617878627c3a6262787c3a7c7c7c7c7c7c78
20	ba|aa::::::b::x|a|:a:bab:b	18 62617c7c61617c3a7c3a7c3a7c3a7c3a7c3a
13	:|xba|aab|a::|bxbb|ba|x|b:a||	12 7c3a7c7c7862617c7c616162
25	bx:||:xaa:|bx:aaaxxabxb	24 62787c3a7c7c7c7c7c3a7861617c3a7c7c62787c3a616161
30	bx:a|:bb|baa|xab::xbba|xaxb:bx	29 62787c3a617c7c7c3a62627c7c6261617c7c7861627c3a7c3a78626261
14	ab|xxxbx|:::b:xa	13 61627c7c78787862787c7c7c3a
23	x|x|b:x|x:xbxb|x	21 787c7c787c7c627c3a787c7c787c3a786278627c7c
15	bxxaba:x|x:x:::||a	14 6278786162617c3a787c7c787c3a
21	abbb|:bx|ab||a|ax:|	19 616262627c7c7c3a62787c7c61627c7c7c7c61
24	:x	3 7c3a78
35	bb	2 6262
4	ab|xbxxx:xb:|baaxx|b||xba|	2 6162
9	||a:|bb|b|	7 7c7c7c7c617c3a
9	abbab|:|x:axbxx:|	7 61626261627c7c
14	abbab:xxa|x|b|:|xbaa|ababbbxb|	12 61626261627c3a7878617c7c
24	bx:bb	6 62787c3a6262
24	:a	3 7c3a61
37	|bbxx	6 7c7c62627878
32	x:bxx:|aabb|x	17 787c3a6278787c3a7c7c616162627c7c78
27	|x|a|xabxaab:xaaxaax|a	26 7c7c787c7c617c7c786162786161627c3a786161786161787c7c
33	abb|x:::bab|	17 6162627c7c787c3a7c3a7c3a6261627c7c
7	x|b|a||aba	6 787c7c627c7c
21	|a|b|a::b|ab:bbx	20 7c7c617c7c627c7c617c3a7c3a627c7c61627c3a
13	|xbxaxx|aa|	12 7c7c7862786178787c7c6161
34	|a|:a	8 7c7c617c7c7c3a61
16	|:xaabba:|xa|:xaab:a:x	14 7c7c7c3a7861616262617c3a7c7c
14	|x::abxxaxaxa:|bb|:a|babx:a	13 7c7c787c3a7c3a616278786178
20		0 
11	|b:xa|	9 7c7c627c3a78617c7c
16	ab|b:b|aaxxb||	15 61627c7c627c3a627c7c6161787862
4	|xxax:axxa:|a||:bx:||x	2 7c7c
17	xaa|||aaa|:xabaxxb:a:a|baaxx:b	16 7861617c7c7c7c7c7c6161617c7c7c3a
37	xax||	7 7861787c7c7c7c
16	|bx:bxx:|axx:xb||b|axxb|abbaba	15 7c7c62787c3a6278787c3a7c7c6178
19	b	1 62
6	|a:abxa:a	5 7c7c617c3a
20	:::b::xaxba|b::xa:bxa|:ax	18 7c3a7c3a7c3a627c3a7c3a78617862617c7c
33	xabbbaxab|a|:x:::a:|x||baxa	31 7861626262617861627c7c617c7c7c3a787c3a7c3a7c3a617c3a7c7c787c7c
33	x|:xabb::xxx|bbabx:b:ba	30 787c7c7c3a786162627c3a7c3a7878787c7c62626162787c3a627c3a6261
4	xa:aba:	2 7861
18	a|:xb|:x:x|x::||bx	17 617c7c7c3a78627c7c7c3a787c3a787c7c
14	xb|||aaxa:	12 78627c7c7c7c7c7c61617861
17	:|bb:	8 7c3a7c7c62627c3a
8	baxaa|a|	7 62617861617c7c
21	:xax||::	13 7c3a7861787c7c7c7c7c3a7c3a
30	ba|a|::ab:b|a|x:b:ba:x::x:a:b:	29 62617c7c617c7c7c3a7c3a61627c3a627c7c617c7c787c3a627c3a6261
8	a:||bxb|x|a|abxxb	7 617c3a7c7c7c7c
6	bx||||:	4 62787c7c
6	xa:b|xxbx|bab:	4 78617c3a
16	x|::bx::a||b:b	14 787c7c7c3a7c3a62787c3a7c3a61
32	a|xa::abxab||bx|xaaxx|	29 617c7c78617c3a7c3a61627861627c7c7c7c62787c7c78616178787c7c
40	|:|bx||aab|:bax:xxbbaxb|b:	36 7c7c7c3a7c7c62787c7c7c7c6161627c7c7c3a6261787c3a787862626178627c7c627c3a
18	bba|axb|axx|bbba:|abxb	17 6262617c7c6178627c7c6178787c7c6262
37	:bb	4 7c3a6262
28	:a|	5 7c3a617c7c
26	b:::::xaa|bb:a	21 627c3a7c3a7c3a7c3a7c3a7861617c7c62627c3a61
38	|a|xx:x:xxbb|:ba	22 7c7c617c7c78787c3a787c3a787862627c7c7c3a6261
16	:|x|aabbax:bb:xa:a	15 7c3a7c7c787c7c6161626261787c3a
4	xaab:x:bxbbba:|x|b	3 786161
33	bxax::xabbbax::|:b:	26 627861787c3a7c3a786162626261787c3a7c3a7c7c7c3a627c3a
33	bxx:|xa|axa::aba|||b:baa::	32 6278787c3a7c7c78617c7c6178617c3a7c3a6162617c7c7c7c7c7c627c3a6261
17	xxaaxb|bb:	12 7878616178627c7c62627c3a
15	bbab:xa||ba:|x:bb|xbaxb|abx	14 626261627c3a78617c7c7c7c6261
6	xbaaxxaa||axaxa:bbbxxx:axx|	5 7862616178
3	:axbaaa:axxb|aabbxbbx:axx::::	2 7c3a
27	xxab::a:xba	14 787861627c3a7c3a617c3a786261
17	a|aaaa|:baxbbaa|||	16 617c7c616161617c7c7c3a6261786262
14	b::a::bx::xbx:||b:xba:xaabx	12 627c3a7c3a617c3a7c3a6278
23		0 
22	:|xab:|x:aa:a:|||	21 7c3a7c7c7861627c3a7c7c787c3a61617c3a617c3a
16	:|x::bxx|xx::bbx|xa	14 7c3a7c7c787c3a7c3a6278787c7c
17	xaxb|ba|	10 786178627c7c62617c7c
34	a:|xb:ba|abbbxa	19 617c3a7c7c78627c3a62617c7c616262627861
18	|xabx|:|bab:xaxabbaxbx:bax:	17 7c7c786162787c7c7c3a7c7c6261627c3a
23	:|ba:a|||:||aaax:bx|::|bb	21 7c3a7c7c62617c3a617c7c7c7c7c7c7c3a7c7c7c7c
39	xb|ba|b|b|xa|	18 78627c7c62617c7c627c7c627c7c78617c7c
24	|:baabxb|:::|::bx|abb|a:b|:|x	22 7c7c7c3a6261616278627c7c7c3a7c3a7c3a7c7c7c3a
10	|a|:|ab|::a|a|x|ba||bab	9 7c7c617c7c7c3a7c7c
4	||xax|aa:|	2 7c7c
32	:|axxaa:a	12 7c3a7c7c61787861617c3a61
32	xaxxab|aa|b|a::ba:xbxbx	29 7861787861627c7c61617c7c627c7c617c3a7c3a62617c3a7862786278
32	:||	6 7c3a7c7c7c7c
18	x:bbaa:|a:ab|b:	16 787c3a626261617c3a7c7c617c3a6162
36	axb:ax:a::||bbxxx:a|	28 6178627c3a61787c3a617c3a7c3a7c7c7c7c62627878787c3a617c7c
35	:	2 7c3a
24	bxbx	4 62786278
24	b|bbab:|x	12 627c7c626261627c3a7c7c78
31	abaa|xba|:::xax:aba	25 616261617c7c7862617c7c7c3a7c3a7c3a7861787c3a616261
7	||::|x|b:bxax|:ba:ax|:a||:bxb	6 7c7c7c7c7c3a
37	:x|:||a|a|:ba:aax|b	29 7c3a787c7c7c3a7c7c7c7c617c7c617c7c7c3a62617c3a6161787c7c62
9	|::	6 7c7c7c3a7c3a
3	::ax:ba|abxxx|x|a:|b|xa	2 7c3a
15	:|:a	7 7c3a7c7c7c3a61
17	:	2 7c3a
8	a|xbxba|x||aab|b|ba:xaax:::	7 617c7c78627862
13	:||:|a||||x|::b:bax|	11 7c3a7c7c7c7c7c3a7c7c61
23	xabb:|b||bx||xb|:|b|x:a	21 786162627c3a7c7c627c7c7c7c62787c7c7c7c7862
26	bx|:a|||xa|bx|:xa:||x||	25 62787c7c7c3a617c7c7c7c7c7c78617c7c62787c7c7c3a7861
36	x:	3 787c3a
12	axa|x|:	10 6178617c7c787c7c7c3a
22	|:x:|:x|:b:ax:	21 7c7c7c3a787c3a7c7c7c3a787c7c7c3a627c3a6178
31	b::x:xxax||ax:x:x	24 627c3a7c3a787c3a787861787c7c7c7c61787c3a787c3a78
38	a|:|b:bxbb:xba|b|b:b	28 617c7c7c3a7c7c627c3a627862627c3a7862617c7c627c7c627c3a62
28	::x|aa|:x|b|x:xaab|b|b|xxx|b	26 7c3a7c3a787c7c61617c7c7c3a787c7c627c7c787c3a78616162
39	a:|ab|aaa:x|a:a|aa:xb	29 617c3a7c7c61627c7c6161617c3a787c7c617c3a617c7c61617c3a7862
4	x:x:x|ax	3 787c3a
28	a||||xa:aa::||axxa:bbb|xb:b|	27 617c7c7c7c7c7c7c7c78617c3a61617c3a7c3a7c7c7c7c61787861
22	xabba:::|::x:xxb||x|bb:ab:xb	20 78616262617c3a7c3a7c3a7c7c7c3a7c3a787c3a
38	a|baaxa:x|||||	21 617c7c62616178617c3a787c7c7c7c7c7c7c7c7c7c
3	:|ba:b::a:abaaxx::|ax	2 7c3a
25	xa:|:bb|	12 78617c3a7c7c7c3a62627c7c
19	baxx|xb|a|ax|aax|:b:|aa|	17 626178787c7c78627c7c617c7c61787c7c
24	aaaxb|xxab|xx:a|a|::b|:xb	23 61616178627c7c787861627c7c78787c3a617c7c617c7c
19	x|	3 787c7c
25	::x||b:b:x:aa|b|abxabb|a:xa:	23 7c3a7c3a787c7c7c7c627c3a627c3a787c3a61617c7c62
18	x	1 78
20	bxb:aa|axbxa|xb	18 6278627c3a61617c7c61786278617c7c7862
26	|:|:axbab||bxbb	21 7c7c7c3a7c7c7c3a61786261627c7c7c7c62786262
21	|b|b::xab|	15 7c7c627c7c627c3a7c3a7861627c7c
32	a:xxx:bb|	12 617c3a7878787c3a62627c7c
8	baa	3 626161
9	xa:x|x||ax|aax||b	7 78617c3a787c7c
13	abbaxbxxxx|xaax:xb	12 616262617862787878787c7c
9	a:::x:b|babb|xx:x|axb|axba|x	7 617c3a7c3a7c3a
27	:baxb:::||ba|abxa:	26 7c3a626178627c3a7c3a7c3a7c7c7c7c62617c7c616278617c3a
29	ax|baxb:a::b:::a	23 61787c7c626178627c3a617c3a7c3a627c3a7c3a7c3a61
9	xxxax|axb|b:xx|	7 78787861787c7c
19	|:b|bxb:axx:xaa:ab|::|abax	17 7c7c7c3a627c7c6278627c3a6178787c3a
21	axxaxx|:xb|x:bba||xxbx|	20 6178786178787c7c7c3a78627c7c787c3a626261
33	ab|b||bba:bbax|bbb::bbb|	32 61627c7c627c7c7c7c6262617c3a626261787c7c6262627c3a7c3a6262627c7c
11	a::a::|xx:::b||ba	10 617c3a7c3a617c3a7c3a
17	axxaba::ax:aaax:b::ab|	16 6178786162617c3a7c3a61787c3a6161
25	b:xa	5 627c3a7861
29	xxxbabx|||xxx:|x|	23 787878626162787c7c7c7c7c7c7878787c3a7c7c787c7c
21	abbxax|:x:|xa:ax||b|aba|	19 6162627861787c7c7c3a787c3a7c7c78617c3a
36	aa	2 6161
15	xxx|b|x:|:b|axxb:x:x|abxxab:|a	13 7878787c7c627c7c787c3a7c7c
21	x|a|b:x:||xxx|x:x::x|axbxx	19 787c7c617c7c627c3a787c3a7c7c7c7c787878
34	bba||axb|bxaaa|:|a	24 6262617c7c7c7c6178627c7c62786161617c7c7c3a7c7c61
29	|ba|:xaa:xxabbba	20 7c7c62617c7c7c3a7861617c3a78786162626261
19	bx	2 6278
36	xx|xx:|bxx|:xa:bxbx:xabx:	33 78787c7c78787c3a7c7c6278787c7c7c3a78617c3a627862787c3a786162787c3a
17	xb|ax|xb:|:b|:||xa	16 78627c7c61787c7c78627c3a7c7c7c3a
23	x|:b|:xx||baaxa|ax|abx|a	21 787c7c7c3a627c7c7c3a78787c7c7c7c6261617861
24	axb|:a|bxxxb:axx:xax|:|:xb	22 6178627c7c7c3a617c7c62787878627c3a6178787c3a
40	|a|a:bb:xbab|aa|a:b	26 7c7c617c7c617c3a62627c3a786261627c7c61617c7c617c3a62
6	abx::|xb:xa|	5 6162787c3a
28	::b:::a|b|abxb:x	24 7c3a7c3a627c3a7c3a7c3a617c7c627c7c616278627c3a78
17	|:a|:xbxa:|b||xxbabbxa|:xbb:	15 7c7c7c3a617c7c7c3a786278617c3a
16	xa::::a|:xba	15 78617c3a7c3a7c3a7c3a617c7c7c3a
25	xb|aabab|:x|:xba:a:|b	23 78627c7c61616261627c7c7c3a787c7c7c3a7862617c3a
40	aa|aa:|abax:x:xabxb|:abb|b|ba	38 61617c7c61617c3a7c7c616261787c3a787c3a78616278627c7c7c3a6162627c7c627c7c6261
9	:bb:xbx|a	8 7c3a62627c3a7862
25	:x:x:axax|ab|:|:||::x:x|bb	24 7c3a787c3a787c3a617861787c7c61627c7c7c3a7c7c7c3a
11	ab|xx|||axb|x:axb:bb:	10 61627c7c78787c7c7c7c
20	a|xb|ax:xb	13 617c7c78627c7c61787c3a7862
20	xba:|ax::|ab:a:a:aax::x:b:::xx	19 7862617c3a7c7c61787c3a7c3a7c7c61627c3a
28	|::x|a|	12 7c7c7c3a7c3a787c7c617c7c
14	:b|x::|||bxxaxxbxa:|xx:::||	12 7c3a627c7c787c3a7c3a7c7c
9	aaxbbx:xaxa|a	8 6161786262787c3a
22	|||:b|:ab|a:ax:b:	20 7c7c7c7c7c7c7c3a627c7c7c3a61627c7c617c3a
40	|b:axxa::xb|:::bbx|b:b:xb	36 7c7c627c3a617878617c3a7c3a78627c7c7c3a7c3a7c3a6262787c7c627c3a627c3a7862
7	|:|:b||a|::|||xa:abbxb	6 7c7c7c3a7c7c
23	x:||x:|b::x:	20 787c3a7c7c7c7c787c3a7c7c627c3a7c3a787c3a
14	|bx:bxxxxbb|xx:b:x:b:aa	13 7c7c62787c3a62787878786262
17	|	2 7c7c
10	|xxabxa:|x|xx|:xa	8 7c7c787861627861
5	:|ax|:	4 7c3a7c7c
25	bbx:aaa|	10 6262787c3a6161617c7c
10	|:a|baax:x::|b:bb|	9 7c7c7c3a617c7c6261
27	:ba|bax	9 7c3a62617c7c626178
26	axax:xaabxxxa|axaxa:aa:	25 617861787c3a78616162787878617c7c61786178617c3a6161
20	bx:x:::a||a:	19 62787c3a787c3a7c3a7c3a617c7c7c7c617c3a
30	babxb|:|||xab|b|b|xxaxaa|axa:	29 62616278627c7c7c3a7c7c7c7c7c7c7861627c7c627c7c627c7c787861
13	::x::|:aabxx|xaxaab:	11 7c3a7c3a787c3a7c3a7c7c
30	babx:aa:xx|xa|xxaxb	23 626162787c3a61617c3a78787c7c78617c7c7878617862
31	xa	2 7861
33	ab|bxbx|:|x:|ab|x:ba	28 61627c7c627862787c7c7c3a7c7c787c3a7c7c61627c7c787c3a6261
9	xb:b|:b	7 78627c3a627c7c
33	|aaaaba|bb	12 7c7c6161616162617c7c6262
8	b|:x|x:|:aa|:bbab||:	6 627c7c7c3a78
30	b:|:|abx::a||:ba|::::b	29 627c3a7c7c7c3a7c7c6162787c3a7c3a617c7c7c7c7c3a62617c7c7c3a
25	aab||aa|xx:|axax|a|	23 6161627c7c7c7c61617c7c78787c3a7c7c617861787c7c
8	:xbbbxa|||b|bb||a:|:|a:b	7 7c3a7862626278
36	:::a:|::xx:b:bx|bxxb:xa:bbx|	34 7c3a7c3a7c3a617c3a7c7c7c3a7c3a78787c3a627c3a62787c7c627878627c3a7861
39	||:x|x|xx:aa|	20 7c7c7c7c7c3a787c7c787c7c78787c3a61617c7c
9	abx::bx|a:b||b|a:xaxa|b|	7 6162787c3a7c3a
10	bax|x:x|:xa:b|baa:xbb	8 6261787c7c787c3a
27	babx	4 62616278
25	:b|bb|aaba|:abaa|:b:a:bb|axxbx	23 7c3a627c7c62627c7c616162617c7c7c3a616261617c7c
22	aa|xxxaabb|ax||||||baa|ab|	21 61617c7c787878616162627c7c61787c7c7c7c7c7c
29	aaaa||aa:b:	15 616161617c7c7c7c61617c3a627c3a
35	x:xbbxab:b|b|b||baa||x||	34 787c3a7862627861627c3a627c7c627c7c627c7c7c7c6261617c7c7c7c787c7c7c7c
35	xxxx|bb:bxaax	15 787878787c7c62627c3a6278616178
39	:x:b|ab:x::	17 7c3a787c3a627c7c61627c3a787c3a7c3a
14	b:b|||aaabb	13 627c3a627c7c7c7c7c7c616161
30	x|xbbx:aa:|bax:a|a|	26 787c7c786262787c3a61617c3a7c7c6261787c3a617c7c617c7c
28	xb:|x|b|a:x:b::|:|b||axx:x|x	27 78627c3a7c7c787c7c627c7c617c3a787c3a627c3a7c3a7c7c7c3a
37	a::bx	7 617c3a7c3a6278
36	b|b	4 627c7c62
12	x||:aba|baxb||a	10 787c7c7c7c7c3a616261
26	aaaaaa	6 616161616161
11	a|:babaa|	10 617c7c7c3a6261626161
17	abx:a:a|bb:|::bxb::b|::aa	15 6162787c3a617c3a617c7c62627c3a
35	x|xaa	6 787c7c786161
4	bx:bbaba|baxb::xa:bxb|bb:x	2 6278
37	x|xa:|xx:x|bb|a|b:bxaxa::	35 787c7c78617c3a7c7c78787c3a787c7c62627c7c617c7c627c3a62786178617c3a7c3a
16	a|xba|:	10 617c7c7862617c7c7c3a
33	||xb:x|:a:x	17 7c7c7c7c78627c3a787c7c7c3a617c3a78
7	xax|ax|:bab:b	5 7861787c7c
5	bx|ax:a|x::x::ab:b|aa	4 62787c7c
31	::|x|a:b|::x:|:|x::x:|x	29 7c3a7c3a7c7c787c7c617c3a627c7c7c3a7c3a787c3a7c7c7c3a7c7c78
13	b||xba:xb||:ax:bx	12 627c7c7c7c7862617c3a7862
8	aaaab:	7 61616161627c3a
20	x|	3 787c7c
4	::b:|	2 7c3a
11	b|xbaxa:bxaxx:||x|	10 627c7c78626178617c3a
10	:|xbbb|baa|bab:xa||xa:bbx|	8 7c3a7c7c78626262
32	bbabaaax|::|||xxx|	25 62626162616161787c7c7c3a7c3a7c7c7c7c7c7c7878787c7c
25	:	2 7c3a
33	xa:|:x	9 78617c3a7c7c7c3a78
16	::|||	10 7c3a7c3a7c7c7c7c7c7c
28	axx:abxbx|bxx|:x||x|a	27 6178787c3a61627862787c7c6278787c7c7c3a787c7c7c7c787c7c
11	bax||a:|aa::xbxxbbb	10 6261787c7c7c7c617c3a
39	bxb|bx	7 6278627c7c6278
16	|aaxbx|abb|:bbx:b||ba|b	14 7c7c61617862787c7c6162627c7c
17	|:ab::b:x:|bb:ab:ba	16 7c7c7c3a61627c3a7c3a627c3a787c3a
20	a:::a:ab:||ax|x|x|ba	18 617c3a7c3a7c3a617c3a61627c3a7c7c7c7c
12	bba|a	6 6262617c7c61
19	x:|b||	10 787c3a7c7c627c7c7c7c
7	b|:a:b:b|bxbbbbaxbx::|b|aa	5 627c7c7c3a
40	abb:baabb:|b|xbxxx:|ax|	30 6162627c3a62616162627c3a7c7c627c7c78627878787c3a7c7c61787c7c
16	:x:x||xbx|x|xbxab:|bx:|xb:xax	15 7c3a787c3a787c7c7c7c7862787c7c
10	|xxb:ab:aaa|ax|	9 7c7c7878627c3a6162
39	||aabbx|abax::xxx|:a||a|::b:x	38 7c7c7c7c61616262787c7c616261787c3a7c3a7878787c7c7c3a617c7c7c7c617c7c7c3a7c3a
26	::baxx|ba:ba|||a:ba::xx:bxb:a	25 7c3a7c3a626178787c7c62617c3a62617c7c7c7c7c7c617c3a
36	||bbxbbaa:b:bb:||aaa|xa:bbaax	35 7c7c7c7c626278626261617c3a627c3a62627c3a7c7c7c7c6161617c7c78617c3a6262
24	:	2 7c3a
26	xaab||xx:axxbbbbbaxba	24 786161627c7c7c7c78787c3a617878626262626261786261
10	bax:b|:x|:xb:bbbx	8 6261787c3a627c7c
29	ax|x:b:xbbax|xaab|b:x:bxb	27 61787c7c787c3a627c3a78626261787c7c786161627c7c627c3a78
20	xabbaxab|xax:xxb:|:xxxx|bx:xxa	18 78616262617861627c7c7861787c3a787862
3	b|b	1 62
40	ba:	4 62617c3a
16	:a	3 7c3a61
35	ax::xax|b|xa:a||x	24 61787c3a7c3a7861787c7c627c7c78617c3a617c7c7c7c78
16	|:bbxa:xxb:b:x||	15 7c7c7c3a626278617c3a7878627c3a
28	:|bb|bb:axabxxb:x::b	26 7c3a7c7c62627c7c62627c3a617861627878627c3a787c3a7c3a
9	ab|bb|bb|xx|:xxx|ab|x:	8 61627c7c62627c7c
8	b|:ax|ab	7 627c7c7c3a6178
22	:	2 7c3a
9	a:|b|x|x|aaa|aaab|:|bxaa||a	8 617c3a7c7c627c7c
27	|xaxx:x|xxx:	16 7c7c786178787c3a787c7c7878787c3a
6	a:ba|ax|xbbxa||:x|a:ax	5 617c3a6261
25	x|ba|ab:|:|bb|:ba|ab:	23 787c7c62617c7c61627c3a7c7c7c3a7c7c62627c7c7c3a
33	aa:b:bxax|ab|	17 61617c3a627c3a627861787c7c61627c7c
33	b:abxbab|x:x	15 627c3a6162786261627c7c787c3a78
25	b|xx:bx:|:b||bx:axx	24 627c7c78787c3a62787c3a7c7c7c3a627c7c7c7c62787c3a
8	bxax|xbxxa::bxb|||baaaxbb	6 627861787c7c
30	|aa|bbba|xbxxxbxababaxx:	28 7c7c61617c7c626262617c7c78627878786278616261626178787c3a
25	:|:xxxbxxaa:b|:||b|x	23 7c3a7c7c7c3a78787862787861617c3a627c7c7c3a7c7c
20	xbb|b:a:bb:xxa:	18 7862627c7c627c3a617c3a62627c3a787861
16	x|xa||bb:bx	15 787c7c78617c7c7c7c62627c3a6278
20	:||x|:aa:a|b::xaxb||	18 7c3a7c7c7c7c787c7c7c3a61617c3a617c7c
16	bx|abbx|axb:	15 62787c7c616262787c7c6178627c3a
3		0 
7	:x|a|:b|||::bx:xxa||:axbaxxaa|	5 7c3a787c7c
33	aax|b|||axa:a:abbbbbx:b:	32 6161787c7c627c7c7c7c7c7c6178617c3a617c3a616262626262787c3a627c3a
34	xx|xa:a:|a:x:|abxxb:	28 78787c7c78617c3a617c3a7c7c617c3a787c3a7c7c61627878627c3a
23	a|b|:a|xbb:||:|x||b:|	22 617c7c627c7c7c3a617c7c7862627c3a7c7c7c7c7c3a
3	|xaa	2 7c7c
21	|::bax|b|x|::x||b|::b:b|	19 7c7c7c3a7c3a6261787c7c627c7c787c7c7c3a
32	||baab|a|aa|bx|abba|b:	30 7c7c7c7c626161627c7c617c7c61617c7c62787c7c616262617c7c627c3a
30		0 
40	|	2 7c7c
29	xa:ax:axxaa:aaxxb|b:x::baa	28 78617c3a61787c3a61787861617c3a61617878627c7c627c3a787c3a
37	|axaa:xa|:x||xx|b|:|	30 7c7c617861617c3a78617c7c7c3a787c7c7c7c78787c7c627c7c7c3a7c7c
37	ba|a:|x::b:::axa|:b::ab|	35 62617c7c617c3a7c7c787c3a7c3a627c3a7c3a7c3a6178617c7c7c3a627c3a7c3a6162
34	b:babxbb|aba|a:|x|ax:xaa	31 627c3a6261627862627c7c6162617c7c617c3a7c7c787c7c61787c3a786161
25	aaabb|a:	10 61616162627c7c617c3a
25	bb|:|||b|b::xaba|	24 62627c7c7c3a7c7c7c7c7c7c627c7c627c3a7c3a78616261
15	xbax|xaxa|:	14 786261787c7c786178617c7c7c3a
29	xb|a:|bb:||||x:xba|:||:xa	27 78627c7c617c3a7c7c62627c3a7c7c7c7c7c7c7c7c787c3a786261
27	aaxa	4 61617861
30	|	2 7c7c
9	xx|:bx|x|x|	8 78787c7c7c3a6278
11	a|xa:x|bbab|ba	10 617c7c78617c3a787c7c
22	x|ba|a:||xx:::bxaaxax|bbbb	20 787c7c62617c7c617c3a7c7c7c7c78787c3a7c3a
24	|:axbb|b|a:xaa|:x|aaxb:bx	23 7c7c7c3a617862627c7c627c7c617c3a7861617c7c7c3a
10	||xba|a:xa	9 7c7c7c7c7862617c7c
33	xa:|xxbabab|:a|:aa|bxbbb:	31 78617c3a7c7c787862616261627c7c7c3a617c7c7c3a61617c7c6278626262
7	aa:aaab|||xxbb|x|xxx:a|a:|	6 61617c3a6161
32	xaxb:a:b|a:bxa|ax:a|	27 786178627c3a617c3a627c7c617c3a6278617c7c61787c3a617c7c
30	aab:	5 6161627c3a
6	ab|bx|:a:x:a|xab|a|a:bb:	4 61627c7c
30	ba:|:||a:b:	18 62617c3a7c7c7c3a7c7c7c7c617c3a627c3a
22	|b||xaa:::xxaba:::a	21 7c7c627c7c7c7c7861617c3a7c3a7c3a7878616261
3	xbx:a:|:aabbab|:|	2 7862
13	aba	3 616261
35	||x	5 7c7c7c7c78
37	a:|bbxa:a:xb|xxa	21 617c3a7c7c626278617c3a617c3a78627c7c787861
11	:axabb||:|:bb::abx:	9 7c3a61786162627c7c
14	b|:a:xxb:x	13 627c7c7c3a617c3a7878627c3a
22	||xx|:abxxxa|xbxxxaa::aab|:|b|	21 7c7c7c7c78787c7c7c3a6162787878617c7c786278
31	|	2 7c7c
11	x||:ax:|	9 787c7c7c7c7c3a6178
38	x:x::xbx::|::xbb:x||xaaxaaxaa	37 787c3a787c3a7c3a7862787c3a7c3a7c7c7c3a7c3a7862627c3a787c7c7c7c786161786161
21	b:|ba:a|:a|:b|:xx|b|ab:a|x|b	19 627c3a7c7c62617c3a617c7c7c3a617c7c7c3a
14	a|a|b|aab:bxba|b|aa	12 617c7c617c7c627c7c616162
6	b:||xabx:x:	5 627c3a7c7c
33	a|aa:|bbxxa|	16 617c7c61617c3a7c7c62627878617c7c
32	||b:xax:x::aa|ba|babxb|bx|ax:	30 7c7c7c7c627c3a7861787c3a787c3a7c3a61617c7c62617c7c6261627862
7	|a|ba:|bab	5 7c7c617c7c
40	::bbax:|	12 7c3a7c3a626261787c3a7c7c
3	:|aax:a:	2 7c3a
23	:|b|bb:|axxa|:xbx:bax::|	21 7c3a7c7c627c7c62627c3a7c7c617878617c7c7c3a
8	x:axxxa:a|a::aa||bx	7 787c3a61787878
7	ba	2 6261
29	:b:abx:xxbx|x::bb	23 7c3a627c3a6162787c3a787862787c7c787c3a7c3a6262
20	bx::|:bxxxa:b|:xaa	18 62787c3a7c3a7c7c7c3a62787878617c3a62
16	ab:ax|a:x:|xa:	14 61627c3a61787c7c617c3a787c3a
12	b:b|xa:::b:|	10 627c3a627c7c78617c3a
24	::xb|x:aab|a	17 7c3a7c3a78627c7c787c3a6161627c7c61
27	b||b|bx|abxbaaa:b	22 627c7c7c7c627c7c62787c7c616278626161617c3a62
26	xbbx|a:x:a	13 786262787c7c617c3a787c3a61
8	b::|b:xx	7 627c3a7c3a7c7c
30	bxbx:||axba||bx|xa|xa::|a:	28 627862787c3a7c7c7c7c617862617c7c7c7c62787c7c78617c7c7861
9	xa|b:b:b|:|axa:xa|x:a:bx|:	7 78617c7c627c3a
17	x|bxxx:ba	11 787c7c627878787c3a6261
17	bxab:xaaa	10 627861627c3a78616161
13		0 
15	|	2 7c7c
20	abaa::aa|xxx	15 616261617c3a7c3a61617c7c787878
30	a	1 61
26	|x|xbx|a|x|x|xba|b|a||ax:b:	24 7c7c787c7c7862787c7c617c7c787c7c787c7c7862617c7c
22	xx:|b:bx:|aa|xxx|axxb|a:abaa	21 78787c3a7c7c627c3a62787c3a7c7c61617c7c7878
24	abaxabx|xb|ba||xaxb	23 616261786162787c7c78627c7c62617c7c7c7c78617862
3	a	1 61
11	|b|abx|xa|xbbx|axxbx|b|axxbba	10 7c7c627c7c6162787c7c
27	:|xx||abaxbb|b|x::|:bx:b:|||x:	26 7c3a7c7c78787c7c7c7c6162617862627c7c627c7c787c3a7c3a
8	::b:axa:xx|xaa:|xb	7 7c3a7c3a627c3a
34	x	1 78
34	:	2 7c3a
35	:	2 7c3a
33	axax:a:b	10 617861787c3a617c3a62
17	a:|xxax|ab::|:aba:bxa::	15 617c3a7c7c787861787c7c61627c3a
10	:|a|::aaaaab:x|:xaxxaa	9 7c3a7c7c617c7c7c3a
7	|:a:|b:xxxx::bbxb|:a	5 7c7c7c3a61
23	x|x::a|aabb	15 787c7c787c3a7c3a617c7c61616262
36	|a|xab|b|a||x:xb	23 7c7c617c7c7861627c7c627c7c617c7c7c7c787c3a7862
37	a:aa:b|:a:xb	17 617c3a61617c3a627c7c7c3a617c3a7862
37	||:x:xa:x:baab::|aa:a|x	34 7c7c7c7c7c3a787c3a78617c3a787c3a626161627c3a7c3a7c7c61617c3a617c7c78
16	bb:|x:xxbxba	15 62627c3a7c7c787c3a787862786261
35	b|aa:a:axx::xb||:x:aa	30 627c7c61617c3a617c3a6178787c3a7c3a78627c7c7c7c7c3a787c3a6161
31	::xxxbx|:x:||bxbb::|||:x:ba|:|	30 7c3a7c3a78787862787c7c7c3a787c3a7c7c7c7c627862627c3a7c3a7c7c
25	::|	6 7c3a7c3a7c7c
23	:bbaa|x|x::axab:	22 7c3a626261617c7c787c7c787c3a7c3a617861627c3a
13	ax|xa|||	12 61787c7c78617c7c7c7c7c7c
15	b:||abxxb	12 627c3a7c7c7c7c6162787862
31	x	1 78
20	:abbabax:x|aba:|::|:|ab	19 7c3a616262616261787c3a787c7c6162617c3a
8	|b|bbx|	7 7c7c627c7c6262
27	:b|x:|a||xabbxaxbbab|b::a|ax:	26 7c3a627c7c787c3a7c7c617c7c7c7c7861626278617862626162
32	|xbxbbxx|:a|a:|b|	24 7c7c786278626278787c7c7c3a617c7c617c3a7c7c627c7c
28	xxbb:bbaaa:	13 787862627c3a62626161617c3a
12	xxabaa::xbb:b:ab|xbx|	10 7878616261617c3a7c3a
23	:|x:b||xbaab:xx|xbab:::	21 7c3a7c7c787c3a627c7c7c7c78626161627c3a7878
6	|aa|xax|xb	4 7c7c6161
36	::|a	7 7c3a7c3a7c7c61
4	bxxx|xbbbabbbbax|	3 627878
10	|b|b|	8 7c7c627c7c627c7c
7	|::	6 7c7c7c3a7c3a
6	bxaabxb||a:xaxa|xab:aaab||x:	5 6278616162
38	a|bxb:a::b:bxb:x|x:ax	29 617c7c6278627c3a617c3a7c3a627c3a6278627c3a787c7c787c3a6178
21	b:|xbb	8 627c3a7c7c786262
20	xxb:bxxx:bbx|aa	18 7878627c3a627878787c3a6262787c7c6161
37	aax|xb|bbbax|aa|a:xaa	26 6161787c7c78627c7c62626261787c7c61617c7c617c3a786161
16	|::|x|x	12 7c7c7c3a7c3a7c7c787c7c78
18	xxx	3 787878
26	a	1 61
29	|xaaaaa::xx||ab|:::	28 7c7c7861616161617c3a7c3a78787c7c7c7c61627c7c7c3a7c3a7c3a
6	a|aaxbxxa::xb:bxa::ba|b	5 617c7c6161
24	|a:axaxbb|:|:|ba:xba:||	23 7c7c617c3a6178617862627c7c7c3a7c7c7c3a7c7c6261
6	:bb|xb||xbaa|b|axxx:||a:|::	4 7c3a6262
10	ax:a|a|bb:baxb:x:::	8 61787c3a617c7c61
24	a:|b:abx|bbba|x|ax:|a|x	22 617c3a7c7c627c3a6162787c7c626262617c7c787c7c
3	:bb|:|ab|b:|abxb|bxbxx|xx|	2 7c3a
12	aa|b|abax	11 61617c7c627c7c61626178
38	bx	2 6278
21	:|ba|baa:bb:::bxx	19 7c3a7c7c62617c7c6261617c3a62627c3a7c3a
18		0 
33	x:a|:|bx|	14 787c3a617c7c7c3a7c7c62787c7c
31	:ab:bbb:xb|bax|xaxb:bbxab	30 7c3a61627c3a6262627c3a78627c7c6261787c7c786178627c3a62627861
14	xbbb:bbaaxbx:aax::x::axxa	13 786262627c3a62626161786278
10		0 
36	b:b::b:a::xxb:|axb	26 627c3a627c3a7c3a627c3a617c3a7c3a7878627c3a7c7c617862
20	xa|xa|::xbxbbxab|xxb	19 78617c7c78617c7c7c3a7c3a78627862627861
32	::|xa:::|xx:xbxx:x::	31 7c3a7c3a7c7c78617c3a7c3a7c3a7c7c78787c3a786278787c3a787c3a7c3a
30	|ba:aa:ba|::x:xa:a:b	28 7c7c62617c3a61617c3a62617c7c7c3a7c3a787c3a78617c3a617c3a
40	:|:||:xa|a	17 7c3a7c7c7c3a7c7c7c7c7c3a78617c7c61
13	b|:|:x|:x|xab|baxx:::	12 627c7c7c3a7c7c7c3a787c7c
27	|ba|a|:baa:aa|ab|b||x::	25 7c7c62617c7c617c7c7c3a6261617c3a61617c7c61627c7c62
9	xb|a|||:xaaxaba|||x:axb	7 78627c7c617c7c
40	|:|	6 7c7c7c3a7c7c
27	a||b|aa:aba|ba	19 617c7c7c7c627c7c61617c3a6162617c7c6261
15	b:|b|:axa:abbbbb|bb|xxab:x	13 627c3a7c7c627c7c7c3a617861
5	baxx|||aba::||aa	4 62617878
3	:axbx	2 7c3a
17	|xxaaaxb|ax|:axa:bx	15 7c7c787861616178627c7c61787c7c
12	|a|||a:a	10 7c7c617c7c7c7c7c7c61
20	:xab||a:|xxaxbxxa	19 7c3a7861627c7c7c7c617c3a7c7c7878617862
29	a|b|:	8 617c7c627c7c7c3a
16	x|babbbx|aabbxxab:a:b:b|:	15 787c7c6261626262787c7c61616262
34	:x:ab::x::abx:b|x|::	31 7c3a787c3a61627c3a7c3a787c3a7c3a6162787c3a627c7c787c7c7c3a7c3a
26	|:|	6 7c7c7c3a7c7c
17	|||:xbx:|:bx:b:a::|:	15 7c7c7c7c7c7c7c3a7862787c3a7c7c
19	:|b:bx|:x::b|a|a||:	18 7c3a7c7c627c3a62787c7c7c3a787c3a7c3a
40	a|a|a:x|::x	17 617c7c617c7c617c3a787c7c7c3a7c3a78
25	:|::a|bb|:|:|axbabx:||aabxxb	23 7c3a7c7c7c3a7c3a617c7c62627c7c7c3a7c7c7c3a7c7c
20	b:b::xbbaxx|||:xb||:|aa|xb|	18 627c3a627c3a7c3a7862626178787c7c7c7c
13	b|:ax|	9 627c7c7c3a61787c7c
31	:xaxx:|::b|	17 7c3a786178787c3a7c7c7c3a7c3a627c7c
34	|	2 7c7c
3	||::bax||::|	2 7c7c
21	:xx:b|a|:xbxb|xb:::	20 7c3a78787c3a627c7c617c7c7c3a786278627c7c
22	xabb:|x|xxxbbx|:	21 786162627c3a7c7c787c7c7878786262787c7c7c3a
25	::|::|:|:a:|	23 7c3a7c3a7c7c7c3a7c3a7c7c7c3a7c7c7c3a617c3a7c7c
3	|abaa|a|:a:x	2 7c7c
34	b|xa|abxxx|bxbax|:|xxx|bxxx	33 627c7c78617c7c61627878787c7c62786261787c7c7c3a7c7c7878787c7c627878
32	xb|ax|xxx	11 78627c7c61787c7c787878
33	x:bababaab||:ax|:	23 787c3a62616261626161627c7c7c7c7c3a61787c7c7c3a
20	b:|x||:|a|xa|:b:||xax	19 627c3a7c7c787c7c7c7c7c3a7c7c617c7c7861
37	aba|xaa||:	14 6162617c7c7861617c7c7c7c7c3a
23	abxa|a:a|a:x|:x|xabb|:::|	21 616278617c7c617c3a617c7c617c3a787c7c7c3a78
29	xa:bx|:::xx::x	21 78617c3a62787c7c7c3a7c3a7c3a78787c3a7c3a78
23	x|xx:b:x:bxxaaa|x::b	21 787c7c78787c3a627c3a787c3a6278786161617c7c
19	::|:|xa:||||xb|ab	18 7c3a7c3a7c7c7c3a7c7c78617c3a7c7c7c7c
34	|:::xaa	11 7c7c7c3a7c3a7c3a786161
29	|:|b:b:b:	15 7c7c7c3a7c7c627c3a627c3a627c3a
23	aabx:|ax||b:::ab:aaaxxx:a:	21 616162787c3a7c7c61787c7c7c7c627c3a7c3a7c3a
11	:	2 7c3a
28	ax:b||xbx:b:|b:ab:a|	26 61787c3a627c7c7c7c7862787c3a627c3a7c7c627c3a61627c3a
8	:bx||:|bxxa|xbaab|xxaa|x|:|	6 7c3a62787c7c
3	babaaax:b||xbxaa:b	2 6261
39	|bxb:b:ax|ax|:||||abb	31 7c7c6278627c3a627c3a61787c7c61787c7c7c3a7c7c7c7c7c7c7c7c616262
23	aaa	3 616161
6	aaxa|:abx:b:b|x|xa:b	4 61617861
9	bb|bab::||xx|axa	7 62627c7c626162
29	ab|bbx|a:bb|xb|:|x	25 61627c7c6262787c7c617c3a62627c7c78627c7c7c3a7c7c78
40	||bax:ba||b:|	20 7c7c7c7c6261787c3a62617c7c7c7c627c3a7c7c
9	b:a	4 627c3a61
15	b|babxbbb|	12 627c7c626162786262627c7c
34	||xx:axx	11 7c7c7c7c78787c3a617878
28	b|bx:bx:|axbbaaxb	21 627c7c62787c3a62787c3a7c7c6178626261617862
4	bba	3 626261
35	|:ab:aaaa	12 7c7c7c3a61627c3a61616161
16	ab||ab|:x:x|ab	15 61627c7c7c7c61627c7c7c3a787c3a
7	x|:aax|bxxx|a	5 787c7c7c3a
30	aaxx:x|x:a:b|||ab:|	28 616178787c3a787c7c787c3a617c3a627c7c7c7c7c7c61627c3a7c7c
40	a	1 61
21	:baaxbba:::aa|ab::a|bax|b|b:|	19 7c3a626161786262617c3a7c3a7c3a61617c7c
8	xbba|xbxxa:a|b:||	6 786262617c7c
29	bxb	3 627862
17	::xa|a	9 7c3a7c3a78617c7c61
13	b|xx:xb::aaaab|a::bba:a|bxx||b	11 627c7c78787c3a78627c3a
15	|bbxabxbbaxbabxa	14 7c7c626278616278626261786261
8	xx	2 7878
28	b	1 62
31	||xbb:||:|:	19 7c7c7c7c7862627c3a7c7c7c7c7c3a7c7c7c3a
25		0 
7	bb	2 6262
40	|b|bxxax|:babx|ax|a|xb:bb:ba	37 7c7c627c7c62787861787c7c7c3a626162787c7c61787c7c617c7c78627c3a62627c3a6261
27		0 
10		0 
22	|a::bxabxb:ax	17 7c7c617c3a7c3a6278616278627c3a6178
6	:|:bbax:a::	4 7c3a7c7c
36	xxx:||x|:|x	17 7878787c3a7c7c7c7c787c7c7c3a7c7c78
30		0 
36	:|xx:xaax|a	15 7c3a7c7c78787c3a786161787c7c61
20	xb|a	5 78627c7c61
19	|xx||xabxbxx:a::bba::bb:	17 7c7c78787c7c7c7c786162786278787c3a
11	b:bxa:x:|:|aax:b|:ba:b	9 627c3a6278617c3a78
19	aa|:x	7 61617c7c7c3a78
12	axxaa|	7 61787861617c7c
32	b|::|xb|	13 627c7c7c3a7c3a7c7c78627c7c
23	|aaa:	7 7c7c6161617c3a
11	|axaax:bba	9 7c7c61786161787c3a
37	bx:x||xaaba|x|b::|aba:bxx	34 62787c3a787c7c7c7c78616162617c7c787c7c627c3a7c3a7c7c6162617c3a627878
30	a|bxx|||:bxxx|ax	22 617c7c6278787c7c7c7c7c7c7c3a627878787c7c6178
24		0 
3	:xaa|||bbx|a|b|	2 7c3a
30	xabb:a::bb::aa|ba|:axb:a|	29 786162627c3a617c3a7c3a62627c3a7c3a61617c7c62617c7c7c3a6178
5	|xx:x:||bx	4 7c7c7878
6	a|::::x	5 617c7c7c3a
6	a	1 61
3	xbbxax||xx||ax::bbxb:|xxaaa	2 7862
35	aa|::bb|:axab|xaaa	24 61617c7c7c3a7c3a62627c7c7c3a617861627c7c78616161
15	:x:b	6 7c3a787c3a62
11	a|a::baxxxaxxbx|:b:x|a:bxxbaa	10 617c7c617c3a7c3a6261
29	xb|ba:||	12 78627c7c62617c3a7c7c7c7c
37	xxa:|:|:a|:b|x	22 7878617c3a7c7c7c3a7c7c7c3a617c7c7c3a627c7c78
32	x|:	5 787c7c7c3a
39	|xb|a|:b:bbbb|:|||x|bxxba|xx	38 7c7c78627c7c617c7c7c3a627c3a626262627c7c7c3a7c7c7c7c7c7c787c7c62787862617c7c
20	x:bbxx:x||a::xxbab|xb:||	19 787c3a626278787c3a787c7c7c7c617c3a7c3a
28	|:|:|:xax|ab:|ax|:b:xabb	27 7c7c7c3a7c7c7c3a7c7c7c3a7861787c7c61627c3a7c7c61787c7c
6	||::	4 7c7c7c7c
7	:x|a|ababa	5 7c3a787c7c
9	:abbbxxax:bxbxaa|||a|xx|:b|x	8 7c3a616262627878
5	xx::	4 78787c3a
30	xa|a::|:abb|:|bx	24 78617c7c617c3a7c3a7c7c7c3a6162627c7c7c3a7c7c6278
27	bb:xxxxbxax|ba|x:x	22 62627c3a78787878627861787c7c62617c7c787c3a78
14	a:xaabxa:b|:bxbxbx|a||b	12 617c3a7861616278617c3a62
40	xx:|xa|x||:aax:|axax|b	31 78787c3a7c7c78617c7c787c7c7c7c7c3a6161787c3a7c7c617861787c7c62
16	xab	3 786162
16	|b:aaaxb|b|	15 7c7c627c3a61616178627c7c627c7c
10	b:aa|a:xa||:|a:bxx:bb|	8 627c3a61617c7c61
32	bxx:xbxxxb:|b	16 6278787c3a7862787878627c3a7c7c62
8	ax:x||x:ab|:	7 61787c3a787c7c
34	:xaxxx:a:babxaa|||:ax|a	31 7c3a78617878787c3a617c3a6261627861617c7c7c7c7c7c7c3a61787c7c61
24	|a||b:::ba	16 7c7c617c7c7c7c627c3a7c3a7c3a6261
21	bbaxaab:a|:b:bx|a|xaxx|x	19 626261786161627c3a617c7c7c3a627c3a6278
9	x:bbbxbabxa:::ba|a:||:x	8 787c3a6262627862
38	a|b	4 617c7c62
26	:x:a|bx|a|xbx|x|b:ba:b	24 7c3a787c3a617c7c62787c7c617c7c7862787c7c787c7c62
17	:|x|:abbb|a:baxbxaxxax|	15 7c3a7c7c787c7c7c3a616262627c7c
12	bb:|aa::|xbaba:||a|xax||ab	10 62627c3a7c7c61617c3a
12	b|xbaab::abab|aax:|bbx:	10 627c7c78626161627c3a
32	|	2 7c7c
27	b	1 62
19	ab|a:::x::x:ab||x|bxxxxxb	17 61627c7c617c3a7c3a7c3a787c3a7c3a78
28	a|b:aa	8 617c7c627c3a6161
9	x|b|:|abxxb|b||:bb|:b|ab|aa|xx	8 787c7c627c7c7c3a
5	b|ba:x:a:a|:|b|axx|xxxx::bbx	3 627c7c
20	a|xx|:|::a|:bbb|:aa:x|b|x	18 617c7c78787c7c7c3a7c7c7c3a7c3a617c7c
32	:xaxba|:|bba:xb:	22 7c3a78617862617c7c7c3a7c7c6262617c3a78627c3a
20	:xax|||a|xaaxab	19 7c3a7861787c7c7c7c7c7c617c7c7861617861
39	bxabba|bb:aa:a	17 6278616262617c7c62627c3a61617c3a61
20	|x:a:|b||::ab:a|::xx	19 7c7c787c3a617c3a7c7c627c7c7c7c7c3a7c3a
29	x|::a:|x::|||:::b::xxxbbx:axx	27 787c7c7c3a7c3a617c3a7c7c787c3a7c3a7c7c7c7c7c7c7c3a7c3a
30	ba	2 6261
20	xb:bbx:bb|bb:a:a|b	18 78627c3a6262787c3a62627c7c62627c3a61
31	|a|b::a	11 7c7c617c7c627c3a7c3a61
26	aabxxx|xxa	11 6161627878787c7c787861
8	xabb|xxxa|:bxaabxbabax|ab:||	6 786162627c7c
20	|ab|ab|::::bb||x|baab:	18 7c7c61627c7c61627c7c7c3a7c3a7c3a7c3a
6	||aa|a:ax|xa	4 7c7c7c7c
8	|xa:b:aa:aa:bxbbx:a|:x:|	6 7c7c78617c3a
24	ab::x|b|b:ab:a	20 61627c3a7c3a787c7c627c7c627c3a61627c3a61
20	::ab|x:||baa	18 7c3a7c3a61627c7c787c3a7c7c7c7c626161
35	:xaa	5 7c3a786161
17	a:|:xx:ba:x|:::|:|::aaaab:|	15 617c3a7c7c7c3a78787c3a62617c3a
34	abbb:|aa|b:|abx:b||	27 616262627c3a7c7c61617c7c627c3a7c7c6162787c3a627c7c7c7c
40	x|:xbxx|x:	14 787c7c7c3a786278787c7c787c3a
25	ba:a:x|x|aabxba|xa||x	23 62617c3a617c3a787c7c787c7c6161627862617c7c7861
16	:|ab|ax|ba||x::|a|bx|xaaax|	14 7c3a7c7c61627c7c61787c7c6261
5	::x|a||x|:xbb::xbb|x:b	4 7c3a7c3a
19	b|bax:bb:aa	14 627c7c6261787c3a62627c3a6161
34	|abaaa::aabbb|aa|xabbx	27 7c7c61626161617c3a7c3a61616262627c7c61617c7c7861626278
20	:ba|xbbx:bxaaa	17 7c3a62617c7c786262787c3a6278616161
39	:a:xb||b	12 7c3a617c3a78627c7c7c7c62
17	:|abb:bx|ba||aax:a|a	15 7c3a7c7c6162627c3a62787c7c6261
20	x|::a::a	13 787c7c7c3a7c3a617c3a7c3a61
32	x	1 78
5	b::x|:ba:a:xa|a:x|xx	3 627c3a
36	:b||x:|bxxx:x||ax	25 7c3a627c7c7c7c787c3a7c7c627878787c3a787c7c7c7c6178
27	|b:aa|:aax|aa|a:bb:	25 7c7c627c3a61617c7c7c3a6161787c7c61617c7c617c3a6262
9	axa||::xa|:::xxb||ba::x:a	7 6178617c7c7c7c
21	xxx|ax|b|a|xa	17 7878787c7c61787c7c627c7c617c7c7861
25	:a:b|xbxb|a:ax:bxaxx|b	24 7c3a617c3a627c7c786278627c7c617c3a61787c3a627861
7	:a	3 7c3a61
32	:b:x|x||:xa|ba	21 7c3a627c3a787c7c787c7c7c7c7c3a78617c7c6261
6	a:axxabbabx|x:	5 617c3a6178
18	::bxab|:x:x:xax	16 7c3a7c3a627861627c7c7c3a787c3a78
28	:xba|aabb	11 7c3a7862617c7c61616262
16	b|ab:a|x:|baa|b:x:b:|b||a|:	15 627c7c61627c3a617c7c787c3a7c7c
18	b|x:b	7 627c7c787c3a62
33	a|a:baa|:axx:x:x:xxb|	29 617c7c617c3a6261617c7c7c3a6178787c3a787c3a787c3a7878627c7c
22		0 
12	x:abx:aax|a:x|b|abb::|b	11 787c3a6162787c3a616178
10	|ba|||xxxbb|b||x||x	8 7c7c62617c7c7c7c
29	x::ba|:x:bab	17 787c3a7c3a62617c7c7c3a787c3a626162
25	aab:a|:|bbb|:x:bxx:	24 6161627c3a617c7c7c3a7c7c6262627c7c7c3a787c3a6278
28	:aa::ba|b|x|bxbaa	23 7c3a61617c3a7c3a62617c7c627c7c787c7c6278626161
5	bx:b:|xx|x:|b||x|b|x||a	4 62787c3a
20	x|x:xbbxax|x	15 787c7c787c3a7862627861787c7c78
36	b|x:|axab::b	17 627c7c787c3a7c7c617861627c3a7c3a62
10	|bx:abxbabxa:|bbbb|:::|a:|	9 7c7c62787c3a616278
9	ba:bxa|:bx|a|	7 62617c3a627861
17	xb|:|aa:abab:bb||:abaxa|xx	16 78627c7c7c3a7c7c61617c3a61626162
33	a|abb|:bx|:a|bax::xxxb	30 617c7c6162627c7c7c3a62787c7c7c3a617c7c6261787c3a7c3a78787862
4	b:||bxx	3 627c3a
37	bbabab|	8 6262616261627c7c
25	:b:|xb:::|ba|::a|bx:b	23 7c3a627c3a7c7c78627c3a7c3a7c3a7c7c62617c7c7c3a
36		0 
30	x	1 78
39	:|xaba:	10 7c3a7c7c786162617c3a
38	|a||::xxbbb	16 7c7c617c7c7c7c7c3a7c3a7878626262
17	||xbb|xa:|a|x	15 7c7c7c7c7862627c7c78617c3a7c7c
12	b::a::b|ax|a|abbxa:x|ba|:bbb	10 627c3a7c3a617c3a7c3a
34	a|:x::bxaax:|xb:ax:a:ab:	32 617c7c7c3a787c3a7c3a62786161787c3a7c7c78627c3a61787c3a617c3a6162
22		0 
15	|baxaa||bb|:|xx|bxbxbax	13 7c7c62617861617c7c7c7c6262
39	xa:abb:x||bbax::||b|:xbb:b	37 78617c3a6162627c3a787c7c7c7c626261787c3a7c3a7c7c7c7c627c7c7c3a7862627c3a62
20	:aab:ax	9 7c3a6161627c3a6178
31	::ax|||bxxx	16 7c3a7c3a61787c7c7c7c7c7c62787878
24	|::	6 7c7c7c3a7c3a
26	a|:bx|xbaa|:xbaab:bb||ax:x:|	24 617c7c7c3a62787c7c786261617c7c7c3a78626161627c3a
34	baxx:|:b	11 626178787c3a7c7c7c3a62
3	|bb||b||xa:b	2 7c7c
24	|b:b|xxba:a||axaxxx|a:|::aa	23 7c7c627c3a627c7c787862617c3a617c7c7c7c61786178
29	baa:ab:aababba|ab	20 6261617c3a61627c3a616162616262617c7c6162
39	ax:a|b:a||ab|	19 61787c3a617c7c627c3a617c7c7c7c61627c7c
7	xbx|a|aaab::aaab	5 7862787c7c
17	::bxbxb:ba:|::|bb|baaa	15 7c3a7c3a62786278627c3a62617c3a
6	|x:b:bxa:abb|ax:aaxx:a|ba|a:::	5 7c7c787c3a
9	a:xbabaabxbab	8 617c3a7862616261
23	:abx|x:|	12 7c3a6162787c7c787c3a7c7c
13	:xbaab|xx|x:|b|x:::xbba|b:xx:	11 7c3a78626161627c7c7878
18	bax|abaxaxb:x:a||a|:||b::ba	17 6261787c7c616261786178627c3a787c3a
30	::abbb|baabbx|xbb|b|:a|||a	28 7c3a7c3a616262627c7c6261616262787c7c7862627c7c627c7c7c3a
5	x::b|a	3 787c3a
16	xaaa:::x|b:ax|xbx|ax|	14 786161617c3a7c3a7c3a787c7c62
22	||x:x:ax	12 7c7c7c7c787c3a787c3a6178
13	a|a:|:||x|xab|aba	12 617c7c617c3a7c7c7c3a7c7c
14	:b:xxx:x|	13 7c3a627c3a7878787c3a787c7c
19	:|xx|a:xa|x|ab|::ab|bb:a:|a	18 7c3a7c7c78787c7c617c3a78617c7c787c7c
29	xaax:a:xbxb|::|:b|bbbbxa|	28 786161787c3a617c3a786278627c7c7c3a7c3a7c7c7c3a627c7c6262
19	b|:a:|:	12 627c7c7c3a617c3a7c7c7c3a
32		0 
9	:a:xbaxabaxabaxb:ax|	8 7c3a617c3a786261
4	||a|xa|b:	2 7c7c
12	xbx:||b:baxb:b:|x|:	10 7862787c3a7c7c7c7c62
10		0 
14	|ax	4 7c7c6178
8	bx|:b	6 62787c7c7c3a
30	b	1 62
14	bax|x|xx:a:|xbb:a:|aaaaaa	12 6261787c7c787c7c78787c3a
30	||::xx:|b|::x||bbb::||b:bb	29 7c7c7c7c7c3a7c3a78787c3a7c7c627c7c7c3a7c3a787c7c7c7c626262
19	x:b|xaa|:|x|xabb||aaa:abxx:ba	18 787c3a627c7c7861617c7c7c3a7c7c787c7c
29	x::|b:x|||a:|a|bbbb:|a	28 787c3a7c3a7c7c627c3a787c7c7c7c7c7c617c3a7c7c617c7c626262
19	aa:xa|bb:||:ax:a|b:xa::xa	18 61617c3a78617c7c62627c3a7c7c7c7c7c3a
9	|abab:x|x	8 7c7c616261627c3a
40	x|bx:|b:abb:x|	20 787c7c62787c3a7c7c627c3a6162627c3a787c7c
13	|x|x:aaxxb|a:ba||a:|:b:xa:x|	12 7c7c787c7c787c3a61617878
8	:b	3 7c3a62
21	::ba|a:bb:|||xbxabb|axaab|	19 7c3a7c3a62617c7c617c3a62627c3a7c7c7c7c
27	bba	3 626261
30	b|bxxxx:::||xbbbxaxx:	28 627c7c62787878787c3a7c3a7c3a7c7c7c7c78626262786178787c3a
18	ax:|xax:baxb|	17 61787c3a7c7c7861787c3a626178627c7c
11	:b:b:bbbx:x:|x|b|a:x:||:x::x	10 7c3a627c3a627c3a6262
10	xaxbxa:|bx|:bb|:abab:xaxabax|a	8 7861786278617c3a
18	b::ab|ab|bxb:|b::xa|xb:xx:	16 627c3a7c3a61627c7c61627c7c627862
22	xax:x|x:axbxx|b:|axbx|a	21 7861787c3a787c7c787c3a61786278787c7c627c3a
25	|xbb:xaabax::|:a|	24 7c7c7862627c3a7861616261787c3a7c3a7c7c7c3a617c7c
19	::	4 7c3a7c3a
6	x|::::|	5 787c7c7c3a
15	b:|a|x|:|x|axxaa||ba|:b:bxxxxx	13 627c3a7c7c617c7c787c7c7c3a
33	:bab|ax:b|::xaxbb:	25 7c3a6261627c7c61787c3a627c7c7c3a7c3a78617862627c3a
14	::b|aaaa:b|aaxa	13 7c3a7c3a627c7c616161617c3a
14	b|||a	8 627c7c7c7c7c7c61
25	bbxx|:|x:	13 626278787c7c7c3a7c7c787c3a
37	b:baxabbxxa|xba:|:ba::|xabbaxb	36 627c3a6261786162627878617c7c7862617c3a7c7c7c3a62617c3a7c3a7c7c7861626261
14	a	1 61
18	xaxbxa|:b|b|a::xab	16 7861786278617c7c7c3a627c7c627c7c
18	|a:aaaa:xbx|::bbaax|:b:::	16 7c7c617c3a616161617c3a7862787c7c
20	:xbb:::::|bbabbabb|:|::xx	19 7c3a7862627c3a7c3a7c3a7c3a7c3a7c7c6262
21	:a:x:::a:xbbb:|ab|:|aa|:|	19 7c3a617c3a787c3a7c3a7c3a617c3a78626262
26	a||bxbb::bab|x||a:bxbaba|ab:x	24 617c7c7c7c627862627c3a7c3a6261627c7c787c7c7c7c61
37	x|x::|::|xabba|baxbaxxx:	33 787c7c787c3a7c3a7c7c7c3a7c3a7c7c78616262617c7c62617862617878787c3a
14	b	1 62
15	abxx:x|aaxax	14 616278787c3a787c7c6161786178
7	:|aa|aaxaa||a:ab|abb||:b|	6 7c3a7c7c6161
14	a::xxxaaa|b||b:xaaxab::x:bb|	13 617c3a7c3a7878786161617c7c
38	x::|::x:bb:||x:|ba::xx::xx|xb|	37 787c3a7c3a7c7c7c3a7c3a787c3a62627c3a7c7c7c7c787c3a7c7c62617c3a7c3a78787c3a
37	x||a|	8 787c7c7c7c617c7c
9	x::|a	7 787c3a7c3a7c7c
30	|::axab|xxxx||bb:ax	26 7c7c7c3a7c3a617861627c7c787878787c7c7c7c62627c3a6178
20	::xxb:bxa::xx|bx	18 7c3a7c3a7878627c3a6278617c3a7c3a7878
14	::aa|xb||x:|xbxbabbba	12 7c3a7c3a61617c7c78627c7c
5		0 
33	abx|a:|abb	13 6162787c7c617c3a7c7c616262
8	bxxaaxba|:ax:|:|aaaa:a:b||x	7 62787861617862
28	aaaba:	7 61616162617c3a
24	abbaab|:|::a|a||||aa	22 6162626161627c7c7c3a7c7c7c3a7c3a617c7c617c7c
39	aaaax||baa||a|b::x	25 61616161787c7c7c7c6261617c7c7c7c617c7c627c3a7c3a78
30	:|xb||:::xb|xaxb::|	28 7c3a7c7c78627c7c7c7c7c3a7c3a7c3a78627c7c786178627c3a7c3a
33	ax|xx:xxbxa|a	16 61787c7c78787c3a78786278617c7c61
22	ba:|xx|::ax|ba|xabax|:	20 62617c3a7c7c78787c7c7c3a7c3a61787c7c6261
33	xa:x:x	8 78617c3a787c3a78
4	baaxx:x:bxbx|	3 626161
34	xxb|xa||	11 7878627c7c78617c7c7c7c
4	:|ab:||a:a|baxab|ba:|	2 7c3a
23	|xb:xxax|ba:|a:b|bbba:|x:	21 7c7c78627c3a787861787c7c62617c3a7c7c617c3a
29	xa	2 7861
25	|:x:bx:bbbbbabaa|ax|	24 7c7c7c3a787c3a62787c3a6262626262616261617c7c6178
39	xxb|bbxb:b|a|:::	23 7878627c7c626278627c3a627c7c617c7c7c3a7c3a7c3a
40	x:bxb|:axxx	14 787c3a6278627c7c7c3a61787878
20	a:axx|:||x:ab|:	19 617c3a6178787c7c7c3a7c7c7c7c787c3a6162
38	xaa:a:|:xb|b||ab:::||xb:x::bab	37 7861617c3a617c3a7c7c7c3a78627c7c627c7c7c7c61627c3a7c3a7c3a7c7c7c7c78627c3a
11	x||:a::a:|:b:|:ba	10 787c7c7c7c7c3a617c3a
13	|a|||aa:::|a:axab|ab:xa|b:x:a	11 7c7c617c7c7c7c7c7c6161
28	:a:xb|bb|aba||x:x|bxbxx|x:|	26 7c3a617c3a78627c7c62627c7c6162617c7c7c7c787c3a787c7c
11	xba:b|b	9 7862617c3a627c7c62
21	xx|::|a	11 78787c7c7c3a7c3a7c7c61
26	|x|xb|xaax:|:x::|	24 7c7c787c7c78627c7c786161787c3a7c7c7c3a787c3a7c3a
34	:xx:ab	8 7c3a78787c3a6162
27	b:bxb	6 627c3a627862
33		0 
6	xxx|bxx:|xx:xa	5 7878787c7c
4	:b|:xbbabab::bxxb:|	2 7c3a
16	xxxbxbbaxxb|x::	14 78787862786262617878627c7c78
13	a:bb|ba|bbb|:a|xb:	11 617c3a62627c7c62617c7c
4	axa|xa|a:x:|b	3 617861
34	ax	2 6178
6	:a:x	5 7c3a617c3a
5	a:::xx|:aa|:|x|::ax::x:bb	3 617c3a
24	bbbbbaax|x||xxa::ax	22 62626262626161787c7c787c7c7c7c7878617c3a7c3a
35	aa:|:b:xba|axbx|	22 61617c3a7c7c7c3a627c3a7862617c7c617862787c7c
31	a|xxaba:a::|a	18 617c7c78786162617c3a617c3a7c3a7c7c61
26	::|::xaaba|aax|x	23 7c3a7c3a7c7c7c3a7c3a78616162617c7c6161787c7c78
15	|xbabba:xb:ba|abbxa::|bbb|b	14 7c7c7862616262617c3a78627c3a
37	bb::bxaa|xaxxxxabx|xbaa:x::ba	36 62627c3a7c3a627861617c7c7861787878786162787c7c786261617c3a787c3a7c3a6261
36	bbaaaa||||bx	16 6262616161617c7c7c7c7c7c7c7c6278
10	||a|:|:|b|bxb:abb|:|bx|:a	9 7c7c7c7c617c7c7c3a
11	x:aa:xx|ba|b:a:abxbbx|bbaba|||	9 787c3a61617c3a7878
26		0 
27	|ax:axb:x|a::b|x|:|:xax	25 7c7c61787c3a6178627c3a787c7c617c3a7c3a627c7c787c7c
33	:x:|bx:aaa|x:aab|a:b|	30 7c3a787c3a7c7c62787c3a6161617c7c787c3a6161627c7c617c3a627c7c
29	aa:ax:xa||:ab:ab|||||x:b:|xb	28 61617c3a61787c3a78617c7c7c7c7c3a61627c3a61627c7c7c7c7c7c
34	bab||xa:aax|axbb:a|:axab:|:bxb	33 6261627c7c7c7c78617c3a6161787c7c617862627c3a617c7c7c3a617861627c3a
13	xabxb:xb:|bx|ab|:xaxa:||x:	11 78616278627c3a78627c3a
26	|ax|abxxxbbaa:bxx:a:	25 7c7c61787c7c6162787878626261617c3a6278787c3a617c3a
11	|:ba:ab::xa||a:xb:a:|:bbba|xx	10 7c7c7c3a62617c3a6162
4	bb:|:bxb:||||bbb:abx||bb:|	2 6262
6	:::xbxx|bx|::|a||a||a:bxaa:a	4 7c3a7c3a
28	xb|:b:xaxxxbx|xa||xb|a|b:xb:|	26 78627c7c7c3a627c3a786178787862787c7c78617c7c7c7c7862
16	bb|||:|xa:a|xx|bb||xxxaaab	14 62627c7c7c7c7c7c7c3a7c7c7861
17	b||aaxbbba|||bb|:a:axbb	16 627c7c7c7c616178626262617c7c7c7c
38	:|:	6 7c3a7c7c7c3a
35	|x:::|:|:b:x|:xxx:xbxb	34 7c7c787c3a7c3a7c3a7c7c7c3a7c7c7c3a627c3a787c7c7c3a7878787c3a78627862
40	axa|xabba	10 6178617c7c7861626261
25	a|abax||:x|bx::a	23 617c7c616261787c7c7c7c7c3a787c7c62787c3a7c3a61
11	::xb|:x:baaba|b|bb|ax	10 7c3a7c3a78627c7c7c3a
22	:ba:|:bbb|:baxa:|:ab|:	21 7c3a62617c3a7c7c7c3a6262627c7c7c3a62617861
19	:b	3 7c3a62
5	aaa:bb:bx	3 616161
17	aa::b|	9 61617c3a7c3a627c7c
38	bxxbxa:bxxaax|:bx	20 6278786278617c3a6278786161787c7c7c3a6278
38	x|x:xax||:x|xbaabaab:x:a:x:b	37 787c7c787c3a7861787c7c7c7c7c3a787c7c78626161626161627c3a787c3a617c3a787c3a
5	a:	3 617c3a
23	:b:bb:x|:xxb	17 7c3a627c3a62627c3a787c7c7c3a787862
11	::	4 7c3a7c3a
31	|	2 7c7c
35	b:b:|x|::|aaa:a||	27 627c3a627c3a7c7c787c7c7c3a7c3a7c7c6161617c3a617c7c7c7c
3	x|:a|x|:xx	1 78
31	|axx||bb:bxbxbaxx:x:|ax|	30 7c7c6178787c7c7c7c62627c3a62786278626178787c3a787c3a7c7c6178
22	:|ax|x::|baxx:b|a::ba||||x:x	21 7c3a7c7c61787c7c787c3a7c3a7c7c626178787c3a
36	x|ax||axb::a	17 787c7c61787c7c7c7c6178627c3a7c3a61
35	axxb:b:xa:xbx	16 617878627c3a627c3a78617c3a786278
18	ab:abaa:x:aaa:a|abb||bb	16 61627c3a616261617c3a787c3a616161
33	:x|aax:|baa:aaab|b	24 7c3a787c7c6161787c3a7c7c6261617c3a616161627c7c62
33	a::xx:|:xb||xb|	23 617c3a7c3a78787c3a7c7c7c3a78627c7c7c7c78627c7c
29	:|aaab:|x:bx|xx|b	24 7c3a7c7c616161627c3a7c7c787c3a62787c7c78787c7c62
29	:a|x::a|||xbbx|xab:baa:|bx|	28 7c3a617c7c787c3a7c3a617c7c7c7c7c7c786262787c7c7861627c3a
12	a|x:b|a	10 617c7c787c3a627c7c61
26	|x|	5 7c7c787c7c
4	abb|xa:aab|ax|b:xbb|:bx|baa:	3 616262
18	:a|:bxbb|aa|b::|b||x:xxb	17 7c3a617c7c7c3a627862627c7c61617c7c
15	:|	4 7c3a7c7c
17	b:|xx:aa|a|::xba||a|xbxxa|:|x|	16 627c3a7c7c78787c3a61617c7c617c7c
28	||:ba:|	12 7c7c7c7c7c3a62617c3a7c7c
26	b|:axba:x|	14 627c7c7c3a617862617c3a787c7c
27	b||baxaxxb||xxb|::|aba|aax|ab	25 627c7c7c7c626178617878627c7c7c7c7878627c7c7c3a7c3a
25	|xxax|:bx|x|:aaxaxa|axaa|ax	24 7c7c787861787c7c7c3a62787c7c787c7c7c3a6161786178
35	a:|b|:abx	13 617c3a7c7c627c7c7c3a616278
14	b:xa:|a:ab|:|	12 627c3a78617c3a7c7c617c3a
6	b	1 62
23	|babab|:ba||::b|bba:aaxxbb	21 7c7c62616261627c7c7c3a62617c7c7c7c7c3a7c3a
18	xbxax|:|||a|bxbxaba:xax:	16 78627861787c7c7c3a7c7c7c7c7c7c61
34	b|a	4 627c7c61
17	a:x|b|x|:aabxb|axa:bb:xxx|xbb	16 617c3a787c7c627c7c787c7c7c3a6161
11	||bxxxb|b:bbbx::b|bxxx::	9 7c7c7c7c6278787862
39	|::a:	9 7c7c7c3a7c3a617c3a
32	|xxabbbx:b:|axxxx|bba:::a|	30 7c7c787861626262787c3a627c3a7c7c61787878787c7c6262617c3a7c3a
31	|b:xxa|aa:|abxaa|xxa	26 7c7c627c3a7878617c7c61617c3a7c7c61627861617c7c787861
40	abxxbxa:b:x:|:|babb:b	28 616278786278617c3a627c3a787c3a7c7c7c3a7c7c626162627c3a62
21	x:axa:b|:x:bbbxaxax:xx||aab||x	20 787c3a6178617c3a627c7c7c3a787c3a62626278
5	xb::x:x|x|xx:x	4 78627c3a
9	bbabba	6 626261626261
7	a||x|babb:bxa|	5 617c7c7c7c
6	a:bxx||||:b	5 617c3a6278
11	baab|ba|bx:x::aaxb:ababx|:	10 626161627c7c62617c7c
16	a:b||:axab:	14 617c3a627c7c7c7c7c3a61786162
19	:|||ba	10 7c3a7c7c7c7c7c7c6261
20	bab	3 626162
9	::aa|||aa	8 7c3a7c3a61617c7c
4	bxax	3 627861
36	x|:xaax:axaxax	17 787c7c7c3a786161787c3a617861786178
18		0 
22	aaxa|baa:axxx:b|ba:b:ba:bba	20 616178617c7c6261617c3a617878787c3a627c7c
7	x:x:a||xxbxb:b:x|	6 787c3a787c3a
7	::|xxbx:b|bxaa:|b	6 7c3a7c3a7c7c
27	aaxxabx:b::::||||xaaa|:b	26 616178786162787c3a627c3a7c3a7c3a7c3a7c7c7c7c7c7c7c7c
23	x|||||:b:|aa:aa:bx:a:	22 787c7c7c7c7c7c7c7c7c7c7c3a627c3a7c7c61617c3a
14	xaa||xaa|||::ax||:::xxb|	12 7861617c7c7c7c7861617c7c
4	|ab|x|bx:b:|xx|a|bb|x|	2 7c7c
5	ba:	4 62617c3a
40	bab|:|:b|xx	16 6261627c7c7c3a7c7c7c3a627c7c7878
22	xb|aa|a:x	12 78627c7c61617c7c617c3a78
11	x|::a|x:aab:xxb:x::x|x:xb	10 787c7c7c3a7c3a617c7c
13	bx::x|x|xx|aba|:axxbxx:	12 62787c3a7c3a787c7c787c7c
34	bx:|:xxxb	12 62787c3a7c7c7c3a78787862
11	:b::ba:	9 7c3a627c3a7c3a6261
25	x	1 78
6	|b:a|::|:|::|:|b:xabbbxbbaa	5 7c7c627c3a
11	xxbb|xx|bb|x|xbx:||:x	10 787862627c7c78787c7c
7	:a|bx:b:bb|:xbxx:ax:x:|b	5 7c3a617c7c
20	ab||:ax:b|:|b::|x	19 61627c7c7c7c7c3a61787c3a627c7c7c3a7c7c
34	ba|bab|b:|:::bb|xb|	28 62617c7c6261627c7c627c3a7c7c7c3a7c3a7c3a62627c7c78627c7c
33	|:::|xx::bx|:|bx	26 7c7c7c3a7c3a7c3a7c7c78787c3a7c3a62787c7c7c3a7c7c6278
39	::bxb|a|:|x	17 7c3a7c3a6278627c7c617c7c7c3a7c7c78
10	xxb	3 787862
18	a:bx:|abba:axbx:a|bx|bbbx|b	17 617c3a62787c3a7c7c616262617c3a6178
31	xb|xa||ab:	14 78627c7c78617c7c7c7c61627c3a
3	|xx:b|b|bx|abb:|ab:xbba:a|b::	2 7c7c
5	xx|abbaxabx	4 78787c7c
5	a:bxaaxaa:|a|abxx||b|a|x|:b|b	3 617c3a
10	abaaa|aaa:|:|ab	9 61626161617c7c6161
9	:b:	5 7c3a627c3a
7	a:|:	5 617c3a7c7c
9	:aax|xxbbx|xxx:x:	7 7c3a6161787c7c
39	x:xabbxa|b:xxax|bx|bx|a|	31 787c3a7861626278617c7c627c3a787861787c7c62787c7c62787c7c617c7c
21	bbx:::aa:a::	18 6262787c3a7c3a7c3a61617c3a617c3a7c3a
13		0 
26	|:ab:|b:	13 7c7c7c3a61627c3a7c7c627c3a
30	|xb::xxx:b:axaxa:a|a|baaa::x	29 7c7c78627c3a7c3a7878787c3a627c3a61786178617c3a617c7c617c7c
11	:xaxxaaab:|bab:|||x|:x	10 7c3a7861787861616162
34	x::x||abb	13 787c3a7c3a787c7c7c7c616262
37	|bbb:bb|aa:bx:x:b|xa||aa|	35 7c7c6262627c3a62627c7c61617c3a62787c3a787c3a627c7c78617c7c7c7c61617c7c
21	xb:xx:b|xb|a:bxxxbxx	20 78627c3a78787c3a627c7c78627c7c617c3a6278
7	:xb|axx|aaa	6 7c3a78627c7c
31	a:abxbab	9 617c3a616278626162
26	aa|bbbx:::::|:xaaxaxxx|:bbax	25 61617c7c626262787c3a7c3a7c3a7c3a7c3a7c7c7c3a786161
21	x	1 78
11	::b|bx	9 7c3a7c3a627c7c6278
36	b:ba:ba|x	12 627c3a62617c3a62617c7c78
29	bxx|bb|xxxx:ab	17 6278787c7c62627c7c787878787c3a6162
12	x:::xa:x||:|xxaaa:x|b|a||aaxx	11 787c3a7c3a7c3a78617c3a
24	xx	2 7878
33	xb|b:a|:	12 78627c7c627c3a617c7c7c3a
5	x:b|||aa:a:|ba:	3 787c3a
37	:	2 7c3a
3	abx|a:ba|x|x|x:a:|b|b|axax	2 6162
22	|ax	4 7c7c6178
12	b	1 62
31	|axb|x:b:::axx:::a:a:	29 7c7c6178627c7c787c3a627c3a7c3a7c3a6178787c3a7c3a7c3a617c3a
13	xxba|xb:a||xa	11 787862617c7c78627c3a61
27	bb:a	5 62627c3a61
39	b||bbxabxaaxa:bb:b||aa:||a|	37 627c7c7c7c626278616278616178617c3a62627c3a627c7c7c7c61617c3a7c7c7c7c617c7c
17	b|:b||ba:bxxaxbba	16 627c7c7c3a627c7c7c7c62617c3a6278
24	xbaba:bb|bx|axxxa:b:ab|:ab:b	22 78626162617c3a62627c7c62787c7c61787878617c3a
9		0 
21	x:xaxaa|:xbxa	16 787c3a78617861617c7c7c3a78627861
25	x:|:::bbb||b|b:bxxx	24 787c3a7c7c7c3a7c3a7c3a6262627c7c7c7c627c7c627c3a
18	xbx:xxx|xab|bb|xaa:xbaxba	17 7862787c3a7878787c7c7861627c7c6262
21	:|b|x||	12 7c3a7c7c627c7c787c7c7c7c
6	x:||abxb:bx:	5 787c3a7c7c
12	|xbbx:||x|a|x	10 7c7c786262787c3a7c7c
40	bb:|xxbxbxaaxba	17 62627c3a7c7c7878627862786161786261
28	x:bab:|x:bxa:bbab|	24 787c3a6261627c3a7c7c787c3a6278617c3a626261627c7c
9	b|bbbx:x:bax|	7 627c7c62626278
5	abxb::xbxbbx|ab|:b|:|:bbba|aa	4 61627862
7	xx::aa|bbbb:x|a::|:b::x|a:ba	6 78787c3a7c3a
24	:a|aabxb:xa|a:|xb	23 7c3a617c7c61616278627c3a78617c7c617c3a7c7c7862
3	ab:ax|xb|ax:bxa:xx|x|	2 6162
37	|	2 7c7c
9	xb:|:a:	8 78627c3a7c7c7c3a
19	bx:|	6 62787c3a7c7c
14	abb:xa:bbax|x|axxxa:|axb|	13 6162627c3a78617c3a62626178
7	a:aba|xaxbbbbbbab	6 617c3a616261
27	xb|bxb|abxbx|a|aaaa:b	25 78627c7c6278627c7c61627862787c7c617c7c616161617c3a
39	b::||:xx	13 627c3a7c3a7c7c7c7c7c3a7878
15	b:|x:|b:|aaababaxxx||:|xxa	13 627c3a7c7c787c3a7c7c627c3a
23	xx|:a:xx	11 78787c7c7c3a617c3a7878
37	x|axb:::xabx:xx::||	28 787c7c6178627c3a7c3a7c3a786162787c3a78787c3a7c3a7c7c7c7c
13	:xx|a|::	11 7c3a78787c7c617c7c7c3a
6	bb:xxaax:a|::a||x	4 62627c3a
11	|||:::::bxbaxbxaxxxa|:axab:|::	10 7c7c7c7c7c7c7c3a7c3a
18	b|bx|xxx|bbx|b|:a||:x|a	17 627c7c62787c7c7878787c7c6262787c7c
9	bbb|b	6 6262627c7c62
5	:||axb|:	4 7c3a7c7c
19	b:x|a::a	12 627c3a787c7c617c3a7c3a61
38	a|x|b|:x|a::aaaxax|axaa:	33 617c7c787c7c627c7c7c3a787c7c617c3a7c3a6161617861787c7c617861617c3a
15	|||:bb:abb|b::::|ab|:x|	14 7c7c7c7c7c7c7c3a62627c3a6162
25	|ab|xx::	12 7c7c61627c7c78787c3a7c3a
13	|xa||abx	11 7c7c78617c7c7c7c616278
16	a:|aba::babb:x	15 617c3a7c7c6162617c3a7c3a626162
17	:|xaaxb:|||b:||::xx:|aa	15 7c3a7c7c78616178627c3a7c7c7c7c
16	b::x|x:b:b|a:xb|x:|b:x:aa	14 627c3a7c3a787c7c787c3a627c3a
7	:x|xaba	5 7c3a787c7c
11	baxbaxx:aaab:xxbaab|xa|:xxbx	9 626178626178787c3a
16	||x:|b|abaa|||:||baxxb:|:xx	15 7c7c7c7c787c3a7c7c627c7c616261
20	aa:axaaaxabbaxabxba|aabb|b|a::	19 61617c3a617861616178616262617861627862
39	aab|x	6 6161627c7c78
11	x:bab|b	9 787c3a6261627c7c62
16	|a||a|x|	13 7c7c617c7c7c7c617c7c787c7c
8	x:||::x|	7 787c3a7c7c7c7c
37	aba|bxb::abb|bbb|	22 6162617c7c6278627c3a7c3a6162627c7c6262627c7c
30	b:	3 627c3a
13	axax:a::bx|x|:aba:|bxb|xax	11 617861787c3a617c3a7c3a
6	b:|:abbbb:babxbbab::|xb::x::a	5 627c3a7c7c
10	b:bxxb:ab	9 627c3a627878627c3a
30	:bb::|::bx||x::	25 7c3a62627c3a7c3a7c7c7c3a7c3a62787c7c7c7c787c3a7c3a
11	abb||x|:||xa::aax:|xbx::bba	10 6162627c7c7c7c787c7c
3	b|||b|::|	1 62
27	a:|b|axxaaa	14 617c3a7c7c627c7c617878616161
20	ba:	4 62617c3a
27	||b:b:a::||:a||bb:|:|bxbx|	26 7c7c7c7c627c3a627c3a617c3a7c3a7c7c7c7c7c3a617c7c7c7c
24	aaaaaxa|:x:ba|:|a	22 616161616178617c7c7c3a787c3a62617c7c7c3a7c7c
20	||xxxa:||a|::aaax	19 7c7c7c7c787878617c3a7c7c7c7c617c7c7c3a
26	|bba||x:|aaaa::	22 7c7c6262617c7c7c7c787c3a7c7c616161617c3a7c3a
3	:x|ax:x|axaabxbx|	2 7c3a
16	:b	3 7c3a62
21	:b:a|x:b:x|aa	19 7c3a627c3a617c7c787c3a627c3a787c7c6161
13	abb|x|bxx:xx|:a|||a:a	11 6162627c7c787c7c627878
10	:|b|x:|a|:bxa||b:ax|bbaxb:aa:	8 7c3a7c7c627c7c78
20	xbab	4 78626162
12	::|bbaa:ax|baa:b|xabb	10 7c3a7c3a7c7c62626161
22	b	1 62
33	b:x|::	10 627c3a787c7c7c3a7c3a
18	xa:a:a||ba:x:xb::bab|a|baa||	16 78617c3a617c3a617c7c7c7c62617c3a
36	ax|b:	7 61787c7c627c3a
10	x|||b|b:x|:|bx:a:a:a:b||x:	8 787c7c7c7c7c7c62
38		0 
27	xb	2 7862
40	b|bxxa:|x:xa	16 627c7c627878617c3a7c7c787c3a7861
3		0 
10	x||:	7 787c7c7c7c7c3a
9	xa:|bx:::abx:xa	8 78617c3a7c7c6278
29	b:|:xb||a||a|aax|x||a|:	27 627c3a7c7c7c3a78627c7c7c7c617c7c7c7c617c7c6161787c7c78
40	xbabxx:abx|	13 7862616278787c3a6162787c7c
35	xb:|b:	9 78627c3a7c7c627c3a
11	a	1 61
4	x:bb	3 787c3a
39	axab|a|:ab::::	21 617861627c7c617c7c7c3a61627c3a7c3a7c3a7c3a
11	b|:ax	7 627c7c7c3a6178
35	:x:xa||:a:bbaba:b||abb:|	33 7c3a787c3a78617c7c7c7c7c3a617c3a62626162617c3a627c7c7c7c6162627c3a
3	ax|::a	2 6178
13	:b||xa:|x|x::xx|bxxb::xb:|x	11 7c3a627c7c7c7c78617c3a
26	b::	5 627c3a7c3a
29	ax|x:ba:b||xx|b	21 61787c7c787c3a62617c3a627c7c7c7c78787c7c62
27	b:|x|x::bbax::b:ax|bxaxx||xb	26 627c3a7c7c787c7c787c3a7c3a626261787c3a7c3a627c3a6178
9		0 
19	bbxxxxx||b:ax|:bxa:a	18 626278787878787c7c7c7c627c3a61787c7c
10	a|:xx	7 617c7c7c3a7878
3	:xb:x|bxa:a::ax:aaaaax|x:xa	2 7c3a
22	|:b|	7 7c7c7c3a627c7c
12	|aa:b:abaab:|xxbx|x|x||ab|:a	11 7c7c61617c3a627c3a6162
13	a|axxabbb:aa:	12 617c7c617878616262627c3a
9	|a|a||bb|aa:x:x	8 7c7c617c7c617c7c
35	:b|:::b|aaa:|a|b|:a|xax:ba|x:x	34 7c3a627c7c7c3a7c3a7c3a627c7c6161617c3a7c7c617c7c627c7c7c3a617c7c7861
40	::b|aa	9 7c3a7c3a627c7c6161
9	aa|a	5 61617c7c61
28	bb:	4 62627c3a
40	abxbbbxb:x:|	15 61627862626278627c3a787c3a7c7c
26	a|xbb|b:xxxx|a:	20 617c7c7862627c7c627c3a787878787c7c617c3a
8	|xbbx||b|xxbxxaaa:a:	6 7c7c78626278
17	a|aa|aabxxx::	15 617c7c61617c7c6161627878787c3a
11	xa	2 7861
14	::babaxaxx|a|xbxaxxxax	12 7c3a7c3a6261626178617878
5	x:xxxabb:xx||aabb:	3 787c3a
21	::b||ax|	13 7c3a7c3a627c7c7c7c61787c7c
37	bxb::aab:x:bxx:xabx:|||a|x|	35 6278627c3a7c3a6161627c3a787c3a6278787c3a786162787c3a7c7c7c7c7c7c617c7c
34	|:a:|aax|bbx|:a	22 7c7c7c3a617c3a7c7c6161787c7c6262787c7c7c3a61
23	x:::|baax|:::x::bxaba|b||	21 787c3a7c3a7c3a7c7c626161787c7c7c3a7c3a7c3a
7	aaa:xxa|::axbb||::aa	5 6161617c3a
6		0 
33	xa|b:|x||xx|bbbx	22 78617c7c627c3a7c7c787c7c7c7c78787c7c62626278
35	b|xx|bba|ax:	16 627c7c78787c7c6262617c7c61787c3a
21	aa:xx|ab:|bxa|xa|bx	19 61617c3a78787c7c61627c3a7c7c6278617c7c
9	aaxaa:|:|ab|:a	7 61617861617c3a
33	axax||bbxaaa:||bxb|::x:b:	32 617861787c7c7c7c6262786161617c3a7c7c7c7c6278627c7c7c3a7c3a787c3a
32	:bb|	6 7c3a62627c7c
35	a|:::xbx::b|:b	22 617c7c7c3a7c3a7c3a7862787c3a7c3a627c7c7c3a62
28	:bxbaxb	8 7c3a627862617862
34	bb:xbxax	9 62627c3a7862786178
17	|:xa:b:baaxxba:|:xxa	16 7c7c7c3a78617c3a627c3a6261617878
33	|xaa:::baab:	17 7c7c7861617c3a7c3a7c3a626161627c3a
16	xxb:|baaab|b:	14 7878627c3a7c7c62616161627c7c
28	x|:bb	7 787c7c7c3a6262
28	b|a::b	9 627c7c617c3a7c3a62
4	xaax|a|ba:x|:xxaxbbx||:a|ab:	3 786161
40	x|||ba|::bb::|abb|b	29 787c7c7c7c7c7c62617c7c7c3a7c3a62627c3a7c3a7c7c6162627c7c62
39	:xbba	6 7c3a78626261
40	xx:||a|axa:xb::a|xa|b:x|aab:	38 78787c3a7c7c7c7c617c7c6178617c3a78627c3a7c3a617c7c78617c7c627c3a787c7c616162
25	|a:aabbxxxb:|:||:b::bab|	23 7c7c617c3a61616262787878627c3a7c7c7c3a7c7c7c7c
15	bxxa:a	7 627878617c3a61
23	axb	3 617862
25	bxaaaabxba|:xx|a:bba	24 627861616161627862617c7c7c3a78787c7c617c3a626261
4	ax|bxbxa:|b:|xxxb|bbab||xax:	2 6178
17	axxx:b|xaa|xb|b	16 617878787c3a627c7c7861617c7c7862
25	bxa|a|	8 6278617c7c617c7c
16	bbbxaaxbb|axa::::||:xxbx:	14 6262627861617862627c7c617861
9	ba|ax:a:a:|x	8 62617c7c61787c3a
20	|xx|||xab:b	16 7c7c78787c7c7c7c7c7c7861627c3a62
3	|:baax|bbxa:axaa|bxbaaaxba::bb	2 7c7c
23	bx||bbab	10 62787c7c7c7c62626162
38	x::|bxbaax|||	19 787c3a7c3a7c7c6278626161787c7c7c7c7c7c
34	bbxxabaxxb|xx|x|||b|:xaabxb	33 626278786162617878627c7c78787c7c787c7c7c7c7c7c627c7c7c3a7861616278
26	aax::bxxx::a|b:xxaaaxx|:x:	25 6161787c3a7c3a627878787c3a7c3a617c7c627c3a78786161
27	x:aa:aa:|:x||	20 787c3a61617c3a61617c3a7c7c7c3a787c7c7c7c
24	ba|axba:xb|||::xx|aa	22 62617c7c617862617c3a78627c7c7c7c7c7c7c3a7c3a
40	bxxbx	5 6278786278
40	axaxxab:bx	11 617861787861627c3a6278
32	|a:::x	10 7c7c617c3a7c3a7c3a78
5	:::|:xb:|:x|aba|||xxabxa	4 7c3a7c3a
34	|x:|||:bbb:baxb|ab	26 7c7c787c3a7c7c7c7c7c7c7c3a6262627c3a626178627c7c6162
9	a::::||abxxxxb	7 617c3a7c3a7c3a
7	ab:xxb:|xaxb|bb:xax:b::	6 61627c3a7878
11	||xa:x:a||xab:b|:x::xaa	9 7c7c7c7c78617c3a78
15	bbxb	4 62627862
31	||xb|x:xa|:|ba:|::	29 7c7c7c7c78627c7c787c3a78617c7c7c3a7c7c62617c3a7c7c7c3a7c3a
37	|ab:|bbba|:a|:x||ax|xx	32 7c7c61627c3a7c7c626262617c7c7c3a617c7c7c3a787c7c7c7c61787c7c7878
27	b|baxx|bb:|x::aa:abaabaaa::	26 627c7c626178787c7c62627c3a7c7c787c3a7c3a61617c3a6162
22		0 
3		0 
13	a:babb||x:bbbbaxbba:xbaxaxb|||	11 617c3a626162627c7c7c7c
22	aba||ax|:xa::b|aab|x|x:	20 6162617c7c7c7c61787c7c7c3a78617c3a7c3a62
13		0 
29	:|x|b:a|b|bbxaa:	23 7c3a7c7c787c7c627c3a617c7c627c7c62627861617c3a
29	:|aaa:|:::a:a::x|ax:ax|bb|:	28 7c3a7c7c6161617c3a7c7c7c3a7c3a7c3a617c3a617c3a7c3a787c7c
15	a:a:|::a:b|a:b|bbx:ba|:bb	13 617c3a617c3a7c7c7c3a7c3a61
25	xab::xax|xxxbb:	19 7861627c3a7c3a7861787c7c78787862627c3a
27	a:a|a||:b:xxx|a||	26 617c3a617c7c617c7c7c7c7c3a627c3a7878787c7c617c7c7c7c
33	x:bxax||xbx	14 787c3a627861787c7c7c7c786278
10	|b|a:aaba	8 7c7c627c7c617c3a
13	babaa|||	11 62616261617c7c7c7c7c7c
10	::|x|a:x|::|:|a||x|:b	9 7c3a7c3a7c7c787c7c
40	:a|xxa:xaxx:x|a:|x:::x|:aa:x	38 7c3a617c7c7878617c3a786178787c3a787c7c617c3a7c7c787c3a7c3a7c3a787c7c7c3a6161
39	:|:b:a:b:ab|:abx	24 7c3a7c7c7c3a627c3a617c3a627c3a61627c7c7c3a616278
19	xa|ba::a|:aaax:xa|a	18 78617c7c62617c3a7c3a617c7c7c3a616161
32	:xaaa|xxx:bxa|:x|:b	26 7c3a786161617c7c7878787c3a6278617c7c7c3a787c7c7c3a62
6	axba||::ax	4 61786261
40	b:xx::b|b|xbxxa||axb:xabx:|a	38 627c3a78787c3a7c3a627c7c627c7c78627878617c7c7c7c6178627c3a786162787c3a7c7c61
14	|ab	4 7c7c6162
8		0 
19	:|a|bxxax|bxabx:baaabbaaa:bb|	18 7c3a7c7c617c7c62787861787c7c62786162
33	|:ab:a:x:|:bxx||	25 7c7c7c3a61627c3a617c3a787c3a7c7c7c3a6278787c7c7c7c
10	:xbba:xx:|axa|:a	8 7c3a786262617c3a
38	|xx|::a|ax|axxbbaa	24 7c7c78787c7c7c3a7c3a617c7c61787c7c61787862626161
5	x|xxaab:	3 787c7c
32	x|ax|aa|bb::x:	20 787c7c61787c7c61617c7c62627c3a7c3a787c3a
19	aaa|aax:||b:|aaa::b	17 6161617c7c6161787c3a7c7c7c7c627c3a
22	:::xxa:a	12 7c3a7c3a7c3a7878617c3a61
35	b:xa||:xxb:bxa:	21 627c3a78617c7c7c7c7c3a7878627c3a6278617c3a
15	a:|x|:||:xbxx|xxbbbbxxb	14 617c3a7c7c787c7c7c3a7c7c7c7c
27	:x	3 7c3a78
38	x:xxx||	10 787c3a7878787c7c7c7c
15	|xb|b:b|::bbxxbabx:	14 7c7c78627c7c627c3a627c7c7c3a
15	|||xb:|bx:xxx::|axaa|abx	14 7c7c7c7c7c7c78627c3a7c7c6278
4	xx:a|b|xx|x|b:b:::xx|	2 7878
7	|a|ba::|::||x|:::a:|ax	5 7c7c617c7c
6	x:bbxa:xa:x|:x	5 787c3a6262
12	ba||xbxbx|::b:b:	11 62617c7c7c7c7862786278
29	xx:x||bb	11 78787c3a787c7c7c7c6262
22	:bb	4 7c3a6262
17	|:a:x|ab::aaa|b	16 7c7c7c3a617c3a787c7c61627c3a7c3a
27	:||xxb:|xxxb|:ba|b:abxbxbb	25 7c3a7c7c7c7c7878627c3a7c7c787878627c7c7c3a62617c7c
12	bax::bx:x::|xa:xa:a:x:bxaxaaab	11 6261787c3a7c3a62787c3a
4	x:xaaaba::::x|xx|	3 787c3a
8	aa:xaxx:ab:a:b::axx:|:b	7 61617c3a786178
10	x|:a|xbbb|aaab|b:xxbabab	8 787c7c7c3a617c7c
40	||xaa:xbbbxaxa:b	20 7c7c7c7c7861617c3a78626262786178617c3a62
16		0 
32	:x:|xab|ab:|b|:x|bbba	30 7c3a787c3a7c7c7861627c7c61627c3a7c7c627c7c7c3a787c7c62626261
12	aa|xxax	8 61617c7c78786178
10	aa|:|:||a	8 61617c7c7c3a7c7c
20	a::xb:xa:::bba:ab	19 617c3a7c3a78627c3a78617c3a7c3a7c3a6262
40	xb:	4 78627c3a
36	a:ab|a|:a:x:bbbx:|:|ax|x|xb	34 617c3a61627c7c617c7c7c3a617c3a787c3a626262787c3a7c7c7c3a7c7c61787c7c
39	xabab||bxxa|x:|	20 78616261627c7c7c7c627878617c7c787c3a7c7c
18	:b	3 7c3a62
37	a:x::|a|a|b:bxbaxb|:xabbx::bb	36 617c3a787c3a7c3a7c7c617c7c617c7c627c3a6278626178627c7c7c3a78616262787c3a
31	xa|:b|b:|a||ba:xabx|bx:abbx	29 78617c7c7c3a627c7c627c3a7c7c617c7c7c7c62617c3a786162787c7c
37	:||ab|a	11 7c3a7c7c7c7c61627c7c61
10	x|a:b|bbaxxa|xbba:|baaab||x	9 787c7c617c3a627c7c
13		0 
30	|bbbxbxbbx::ab	17 7c7c6262627862786262787c3a7c3a6162
7	aa|:abbx:b|bx	6 61617c7c7c3a
23	xx	2 7878
5	:xa|a:||babb	4 7c3a7861
25	bbbbaaa||aaxa||	19 626262626161617c7c7c7c616178617c7c7c7c
15	x	1 78
7	baabax|b:x:|baa:a:|ab	6 626161626178
10	|:|a|:|baxxb|ax|ax|a:x:xba:|	9 7c7c7c3a7c7c617c7c
31	xax:a|:|:|xx:a:aab|	28 7861787c3a617c7c7c3a7c7c7c3a7c7c78787c3a617c3a6161627c7c
32	a:|xbxx	9 617c3a7c7c78627878
38	:|xx|bxxba::a|ab:|a	27 7c3a7c7c78787c7c62787862617c3a7c3a617c7c61627c3a7c7c61
12		0 
20	a|x:	6 617c7c787c3a
20	b|b:	6 627c7c627c3a
7	|b:|b	5 7c7c627c3a
28	::bxa:::|xa|bb	21 7c3a7c3a6278617c3a7c3a7c3a7c7c78617c7c6262
27	||xbb	7 7c7c7c7c786262
10	bxa||:aba|:xa::abb|abxbb:bb:	9 6278617c7c7c7c7c3a
3	|:|b|:	2 7c7c
15	xx:a|ba|:ab	13 78787c3a617c7c62617c7c7c3a
12	xabx|xba:b::xb|:|xbaxxax	11 786162787c7c7862617c3a
25	xx::	6 78787c3a7c3a
34		0 
22	|bab|aaa:bbxx||x||ax|b	20 7c7c6261627c7c6161617c3a626278787c7c7c7c
7	xba|baxb:xb||a	5 7862617c7c
40	abxb::xx|:x:	17 616278627c3a7c3a78787c7c7c3a787c3a
30	a:xaaxxa:|a::x	19 617c3a7861617878617c3a7c7c617c3a7c3a78
8	x|:x	6 787c7c7c3a78
29	baa:aaa:x|xa:aa||	23 6261617c3a6161617c3a787c7c78617c3a61617c7c7c7c
14	aabbaxxab|axxax:xax	13 6161626261787861627c7c6178
38	:xbx||abb||	16 7c3a7862787c7c7c7c6162627c7c7c7c
6	a|:aa	5 617c7c7c3a
14	|xaxbb|:x|x::bbaxx:abb:::|	12 7c7c78617862627c7c7c3a78
15	ax|:	6 61787c7c7c3a
10	:bxb|b:axaxx:xxbxxba|	8 7c3a6278627c7c62
12	:xbxxb::a|xa|:a:x	11 7c3a78627878627c3a7c3a
12	:::b	7 7c3a7c3a7c3a62
9	|b|x:bbab|aab|b	8 7c7c627c7c787c3a
14	x|:b:|	10 787c7c7c3a627c3a7c7c
19	:|ba|:xx:x	15 7c3a7c7c62617c7c7c3a78787c3a78
29	a:bx|a|xa|ba:x|xa|bxax::a:a|	28 617c3a62787c7c617c7c78617c7c62617c3a787c7c78617c7c627861
36	b::x|:aa|x:axaxa:bx	26 627c3a7c3a787c7c7c3a61617c7c787c3a61786178617c3a6278
34	b:xb|aa|:a|bb|xa::|abxb|ax|ab	32 627c3a78627c7c61617c7c7c3a617c7c62627c7c78617c3a7c3a7c7c61627862
9	bba	3 626261
35	|xxa:ab:xa|bb::b||a	27 7c7c7878617c3a61627c3a78617c7c62627c3a7c3a627c7c7c7c61
10	x|ax:||x||xaba||x	9 787c7c61787c3a7c7c
39	|bxx	5 7c7c627878
17	::abxxaa|a	13 7c3a7c3a6162787861617c7c61
22		0 
23	b||baax||bxbx:bx:a:ab|xb:ab|	21 627c7c7c7c626161787c7c7c7c627862787c3a6278
29		0 
28	|bxa::xb|xb|	17 7c7c6278617c3a7c3a78627c7c78627c7c
35	xx|:ax:||x	15 78787c7c7c3a61787c3a7c7c7c7c78
40	:|a|b:ba|	14 7c3a7c7c617c7c627c3a62617c7c
37	|xaax|b:a:x||a:bx:	26 7c7c786161787c7c627c3a617c3a787c7c7c7c617c3a62787c3a
17	bb||b:|	11 62627c7c7c7c627c3a7c7c
28	|b:a:bx|::xax:xb	23 7c7c627c3a617c3a62787c7c7c3a7c3a7861787c3a7862
19	b|aax:a:x|x|x|b:baba||ax	17 627c7c6161787c3a617c3a787c7c787c7c
32	ba:x|::b:xxa|x:a|a:b:b:::ax|a:	31 62617c3a787c7c7c3a7c3a627c3a7878617c7c787c3a617c7c617c3a627c3a
26	b:a:||a	11 627c3a617c3a7c7c7c7c61
36	:x::|||:x:x	19 7c3a787c3a7c3a7c7c7c7c7c7c7c3a787c3a78
25	|a:bb|baaaa	14 7c7c617c3a62627c7c6261616161
5	bxba|bax:xbx|	4 62786261
24	baabxax:	9 626161627861787c3a
21	axxxxaaaab::x:||x|:|b|x	19 617878787861616161627c3a7c3a787c3a7c7c
34	b:|:|ba:xxb|b|baaa:::bbbxb	33 627c3a7c7c7c3a7c7c62617c3a7878627c7c627c7c626161617c3a7c3a7c3a6262
4	bb:x:bxab:||	2 6262
40	x|bb|xbbx	11 787c7c62627c7c78626278
20	x:|||x::bxxaa|xbbb|aax|ax|	19 787c3a7c7c7c7c7c7c787c3a7c3a6278786161
26	|bb:abaabb||xax:bba	24 7c7c62627c3a6162616162627c7c7c7c7861787c3a626261
32	aaa|	5 6161617c7c
16	aa|:bab	9 61617c7c7c3a626162
9	a|	3 617c7c
34	|a:xba||xbx:	17 7c7c617c3a7862617c7c7c7c7862787c3a
16	aaxa:x::xa|b|:	15 616178617c3a787c3a7c3a78617c7c
26	axbbbbb:xb::||:|:a	25 617862626262627c3a78627c3a7c3a7c7c7c7c7c3a7c7c7c3a
19	xbbb|a:|xxx	14 786262627c7c617c3a7c7c787878
38	x|:bbx||a|aaaaxa|bx:x|	30 787c7c7c3a6262787c7c7c7c617c7c6161616178617c7c62787c3a787c7c
7	||b	5 7c7c7c7c62
38	bbabb	5 6262616262
27	a:x|a|:|x|	16 617c3a787c7c617c7c7c3a7c7c787c7c
6	|xb:bbxxx	4 7c7c7862
35	|::xbx::bb:	17 7c7c7c3a7c3a7862787c3a7c3a62627c3a
3	|ba|b::a:::|ab|	2 7c7c
4	x|:xbbb:ba	3 787c7c
12	xa:a|:::b:abbbba	11 78617c3a617c7c7c3a7c3a
16		0 
29	|:axa:b|b|x::xax||b|x:|	27 7c7c7c3a6178617c3a627c7c627c7c787c3a7c3a7861787c7c7c7c
40	abxb	4 61627862
33	b|:bbbxb|ba:	16 627c7c7c3a62626278627c7c62617c3a
14	aa|x:ba:xb:|:b	13 61617c7c787c3a62617c3a7862
9	:xxbaaxbax:bb|xb:b||b|x|a|::	8 7c3a787862616178
40	||:|x:xbba|:xxx|a	25 7c7c7c7c7c3a7c7c787c3a786262617c7c7c3a7878787c7c61
3	|b	2 7c7c
3	|a:a|::b:abx|ax:baaa	2 7c7c
20	baaxa|a	8 62616178617c7c61
18	bxabx|bb:bxx:|a::|aa:::	16 62786162787c7c62627c3a6278787c3a
23	ax||bxbbba	12 61787c7c7c7c627862626261
29	:x|baxa:b:::xa|xbbaa::xbxb:ba|	27 7c3a787c7c626178617c3a627c3a7c3a7c3a78617c7c7862626161
17	:axa|a|baabax||bb||	16 7c3a6178617c7c617c7c626161626178
3	:bxbx::ab||:a:	2 7c3a
10	bbaa:b|::|x|b|::x:|baxa|aa	9 626261617c3a627c7c
30	|x|a:x|bxax|aaxbab:|x:ax:ab	28 7c7c787c7c617c3a787c7c627861787c7c6161786261627c3a7c7c78
25	|abx||ba	11 7c7c6162787c7c7c7c6261
27	bab:bb|b:aa|:x:|:xa:x:xaa:x:|	25 6261627c3a62627c7c627c3a61617c7c7c3a787c3a7c7c7c3a
26	x|xa	5 787c7c7861
5	a|:b|:b|:b:x|:xb	3 617c7c
12	x|	3 787c7c
5	:::a	4 7c3a7c3a
26	:	2 7c3a
12	b|||:a||a	10 627c7c7c7c7c7c7c3a61
21	abaxxx::b:||xxx::bxbbx|:bx	20 6162617878787c3a7c3a627c3a7c7c7c7c787878
25	bbb:::ba|||bx|::ax|b:bbx:b:ax:	23 6262627c3a7c3a7c3a62617c7c7c7c7c7c62787c7c7c3a
34	b|baaab:x:aax:x|b:b:	27 627c7c62616161627c3a787c3a6161787c3a787c7c627c3a627c3a
12	|a:xb|bb|b:x:	11 7c7c617c3a78627c7c6262
32	b::x:axx:|||::ax|aba|	30 627c3a7c3a787c3a6178787c3a7c7c7c7c7c7c7c3a7c3a61787c7c616261
13	b::|:bx	11 627c3a7c3a7c7c7c3a6278
5	a|||::	3 617c7c
11	:::|aa:b|x|xa::xaxbaxa|x|:|ax	10 7c3a7c3a7c3a7c7c6161
23	b:ab|:x:aaa|bxab:a|bb:baaab:x	21 627c3a61627c7c7c3a787c3a6161617c7c62786162
32	:bb:a|:|xb|:xx	21 7c3a62627c3a617c7c7c3a7c7c78627c7c7c3a7878
18	b:|:||ab	13 627c3a7c7c7c3a7c7c7c7c6162
19	x:xa	5 787c3a7861
38	b|aaab|xxxxa	14 627c7c616161627c7c7878787861
5	:x:xaaa:|b	3 7c3a78
25	axbab|:b:b|:|abb:ab|x:b	24 61786261627c7c7c3a627c3a627c7c7c3a7c7c6162627c3a
4	ab|a:a	2 6162
26	|xaba|:b|abax|:|xxab|a	25 7c7c786162617c7c7c3a627c7c616261787c7c7c3a7c7c7878
37	||:a:xab:x:ba:x:b	25 7c7c7c7c7c3a617c3a7861627c3a787c3a62617c3a787c3a62
22	|:baaab:aaxx:x:ab|ab	20 7c7c7c3a62616161627c3a616178787c3a787c3a
27	x:b|baxbb::|:b|xxbaab::ab|a	26 787c3a627c7c62617862627c3a7c3a7c7c7c3a627c7c78786261
18	a|a::||xx:baa|:|::a|xabxb:|	16 617c7c617c3a7c3a7c7c7c7c78787c3a
9	a|a|x::b|xab	7 617c7c617c7c78
8	|xb:aaax|b:xx	6 7c7c78627c3a
10	|::|:|b:b	8 7c7c7c3a7c3a7c7c
6	|x|xbxa|bxx|aaa:xxba	5 7c7c787c7c
38	xx|||bx||xaxb:aaab:bax|xa	33 78787c7c7c7c7c7c62787c7c7c7c786178627c3a616161627c3a6261787c7c7861
12	x::bab:a|b	10 787c3a7c3a6261627c3a
31	|:xxbb:||b:xaabb:|x:x	29 7c7c7c3a787862627c3a7c7c7c7c627c3a78616162627c3a7c7c787c3a
19	|||bxx:a|xb:a::|a:x:	18 7c7c7c7c7c7c6278787c3a617c7c78627c3a
10	xx|xbbbba||:baxx	9 78787c7c7862626262
7	:|a|:|ax::a||:xxa:a:b	5 7c3a7c7c61
8	::bbxbb|xbxx:bx|	7 7c3a7c3a626278
21	ax||::xa::xb::xbxb	20 61787c7c7c7c7c3a7c3a78617c3a7c3a78627c3a
31	b:aa	5 627c3a6161
28	a:b||a|axa:xba:xx|x||a:|b:a	26 617c3a627c7c7c7c617c7c6178617c3a7862617c3a78787c7c78
21	abxx::abxxa|x:|:xabxbbx|::	20 616278787c3a7c3a61627878617c7c787c3a7c7c
18	aabbax|:|	12 6161626261787c7c7c3a7c7c
21	|axx|abxbbxb:||x:	20 7c7c6178787c7c616278626278627c3a7c7c7c7c
31	::|baxb|x|||:a:aba:|	29 7c3a7c3a7c7c626178627c7c787c7c7c7c7c7c7c3a617c3a6162617c3a
7	:xb:xxaxa|x|x:||ax:xbab	6 7c3a78627c3a
5		0 
32	a:axb:baba|	14 617c3a6178627c3a626162617c7c
16	xxxbx|b|bbaba::x:b||||bx:a|	15 78787862787c7c627c7c6262616261
13	bx|x|bax:xx	12 62787c7c787c7c6261787c3a
34	aabbb||a:baa|	17 61616262627c7c7c7c617c3a6261617c7c
40		0 
9	b|a:a||:bxb:x:abab|	7 627c7c617c3a61
40	aax:|bxa	10 6161787c3a7c7c627861
5	ab:aaab|b:::bab|	4 61627c3a
9	:|:|bbaa:	8 7c3a7c7c7c3a7c7c
22	bb||aax|:bxxx|||axbaba|x:	21 62627c7c7c7c6161787c7c7c3a627878787c7c7c7c
8	|ax:b|b::::bb	6 7c7c61787c3a
32	:b:a:|xxb|axaba|b|:|a::a	30 7c3a627c3a617c3a7c7c7878627c7c61786162617c7c627c7c7c3a7c7c61
23	||:|abx|bxa:axbxxaxx|x|xaaa	22 7c7c7c7c7c3a7c7c6162787c7c6278617c3a61786278
14	baaab|a||b:	12 62616161627c7c617c7c7c7c
34	:bax:|	9 7c3a6261787c3a7c7c
18	a||:xaxaaxa:	16 617c7c7c7c7c3a786178616178617c3a
22	abxaa:xaxa	11 61627861617c3a78617861
10	b|aaba||	9 627c7c616162617c7c
3	bb:a||:bx	2 6262
24	a:a::b||:bx|xxaa|bb:b:xx	23 617c3a617c3a7c3a627c7c7c7c7c3a62787c7c78786161
28	bxxx||	8 627878787c7c7c7c
20	aaxxa	5 6161787861
22	xbbab:|axx|xa:abxxaaba	21 78626261627c3a7c7c6178787c7c78617c3a616278
6	a|a|:ax::b|	4 617c7c61
8	ba|a|axbaabaa:bbx:|xx	7 62617c7c617c7c
38	b|bxx:xb|bb::b	19 627c7c6278787c3a78627c7c62627c3a7c3a62
25	|x	3 7c7c78
16	bxxxb	5 6278787862
26	|::bxx	9 7c7c7c3a7c3a627878
5	bxa|b|:a:a|bb|:::a	3 627861
29	:xaxb:	8 7c3a786178627c3a
25	bx:xaab:|aa||||b:b:b||:|x:b	23 62787c3a786161627c3a7c7c61617c7c7c7c7c7c7c7c62
40	::a|:x::a|:a::	24 7c3a7c3a617c7c7c3a787c3a7c3a617c7c7c3a617c3a7c3a
38		0 
18	aa:||a|a|x::aaa:	17 61617c3a7c7c7c7c617c7c617c7c787c3a
5	a:|:bx|axb|:b::a:bbxb	3 617c3a
8	|xx:|x	6 7c7c78787c3a
7	xx	2 7878
40	axb	3 617862
26	|xb:a:	9 7c7c78627c3a617c3a
5	::abaxxa:|b|x	4 7c3a7c3a
30	||ba|:aaxbxx||xb:::	28 7c7c7c7c62617c7c7c3a6161786278787c7c7c7c78627c3a7c3a7c3a
15	aba|:a::	12 6162617c7c7c3a617c3a7c3a
7	:xabxxb|bax	6 7c3a78616278
29	:aa||xb:|::|b:	23 7c3a61617c7c7c7c78627c3a7c7c7c3a7c3a7c7c627c3a
20	ba|x::aa|||x||baxb:b:bb|::b	18 62617c7c787c3a7c3a61617c7c7c7c7c7c78
25	a|b:b|ax|ba::x|:xa::b:|bba||a	24 617c7c627c3a627c7c61787c7c62617c3a7c3a787c7c7c3a
20	ba:x|a:xbxabx|xb|bbb|xx:|bx|	18 62617c3a787c7c617c3a7862786162787c7c
33	bbb:aa||x|:xa:::aa|xa|abxaxx	32 6262627c3a61617c7c7c7c787c7c7c3a78617c3a7c3a7c3a61617c7c78617c7c
31	||b|abxbxabb:bba:b:x|b:x|	29 7c7c7c7c627c7c61627862786162627c3a6262617c3a627c3a787c7c62
27	::abax||:bxx|xa	21 7c3a7c3a616261787c7c7c7c7c3a6278787c7c7861
11	:b:||a|:bbbbaa::x:xbbxb||xx	9 7c3a627c3a7c7c7c7c
26	a:xxx|b	9 617c3a7878787c7c62
40	:|	4 7c3a7c7c
33	xabb|aa:bb|a|xba||aa|::|a||	32 786162627c7c61617c3a62627c7c617c7c7862617c7c7c7c61617c7c7c3a7c3a
18	bb:	4 62627c3a
28	axxxa:|a:b|:bb|:::aab	27 61787878617c3a7c7c617c3a627c7c7c3a62627c7c7c3a7c3a7c3a
26	bb|bbbbx:axba||aa:xa|bba	25 62627c7c62626262787c3a617862617c7c7c7c61617c3a7861
40	||bbbb:xaxbxx|:a|xb||:xbx	34 7c7c7c7c626262627c3a7861786278787c7c7c3a617c7c78627c7c7c7c7c3a786278
36	|bb:a:a|:|b	17 7c7c62627c3a617c3a617c7c7c3a7c7c62
29	b:|:xab|a|:|xxbxx|	26 627c3a7c7c7c3a7861627c7c617c7c7c3a7c7c78786278787c7c
14	baxx||:aabba:	13 626178787c7c7c7c7c3a616162
14	abxa|a:x|xxxbb|a|x|axa|x:b	12 616278617c7c617c3a787c7c
12	x|xaxx::bx:xbab:ax:|::a|xbx	11 787c7c786178787c3a7c3a
15	|:	4 7c7c7c3a
11	a:|a:bbbbx:aax|:|bxa	10 617c3a7c7c617c3a6262
31	baababa|:b|axab|x:	23 626161626162617c7c7c3a627c7c617861627c7c787c3a
32	:xa:ba|:x:bb|aaxbaxaa	27 7c3a78617c3a62617c7c7c3a787c3a62627c7c6161786261786161
18	:	2 7c3a
17	x|:b::ab:a|bbbaabb	15 787c7c7c3a627c3a7c3a61627c3a61
24	:|:a|b::bbaaaa:||ab:bb	22 7c3a7c7c7c3a617c7c627c3a7c3a6262616161617c3a
12	x|::|bbab:ab||aabbbb|bax	11 787c7c7c3a7c3a7c7c6262
38	axa||xbb:	12 6178617c7c7c7c7862627c3a
22	a:ab|::aaxb	15 617c3a61627c7c7c3a7c3a61617862
7	a::||bxx	5 617c3a7c3a
28		0 
31	:x:xb	7 7c3a787c3a7862
20	b::|x||aaa:x|:|a|bb:	18 627c3a7c3a7c7c787c7c7c7c6161617c3a78
11	|x|babxb:xaax|b||axa	10 7c7c787c7c6261627862
29	:::	6 7c3a7c3a7c3a
19	|	2 7c7c
38	xxa|:xa:::xxbxx:a	23 7878617c7c7c3a78617c3a7c3a7c3a78786278787c3a61
13	|bb:xx|:x:abx:|:|ax|:xaabaa	12 7c7c62627c3a78787c7c7c3a
19	ab	2 6162
35	xbx|x:|a|a|bb|abax|a|b|xxx	34 7862787c7c787c3a7c7c617c7c617c7c62627c7c616261787c7c617c7c627c7c7878
8	xxa:xxaab:b	7 7878617c3a7878
16	x:||a|:	12 787c3a7c7c7c7c617c7c7c3a
17	b:b|:a|a|aa|:|ba	16 627c3a627c7c7c3a617c7c617c7c6161
32	:|xabxbxbbababxbabbbax|a:x	30 7c3a7c7c78616278627862626162616278626162626261787c7c617c3a78
8	:x|a|:bxbx|xbbxxbx	6 7c3a787c7c61
18	::|:|a:ax:aa::xxb::|ax:|:b	17 7c3a7c3a7c7c7c3a7c7c617c3a61787c3a
9	:||axabxaxa::|:xb|ba	8 7c3a7c7c7c7c6178
27	aabx|ab:::xxxba|:aa|ba:aa	25 616162787c7c61627c3a7c3a7c3a78787862617c7c7c3a6161
31	xa|||aax::b|bx	20 78617c7c7c7c7c7c6161787c3a7c3a627c7c6278
34	::|	6 7c3a7c3a7c7c
5	:bbabaaa	4 7c3a6262
37	b:xb	5 627c3a7862
29	a:baa|xax	11 617c3a6261617c7c786178
21	b:bb|a|xx::xbbxaax	20 627c3a62627c7c617c7c78787c3a7c3a78626278
10	xxa:	5 7878617c3a
4	abb:aa:bxb||x:xbxb|x|a:bbb|b	3 616262
24	x	1 78
3	:x:|a|xxb	2 7c3a
8	ax|:x|:||xabxbb:|xb|:::	6 61787c7c7c3a
12	:ab|:x|:aabba	11 7c3a61627c7c7c3a787c7c
17	:bb|x	7 7c3a62627c7c78
19	|:|b:	9 7c7c7c3a7c7c627c3a
38	a:|aaxxb:|a	15 617c3a7c7c61617878627c3a7c7c61
15	axabx|bxa|:|b:b	14 61786162787c7c6278617c7c7c3a
9	ba:baxab	8 62617c3a62617861
18	b:bx:|a|b	13 627c3a62787c3a7c7c617c7c62
28	a|a||xx::a:a:xb|x||baa:a|:|	27 617c7c617c7c7c7c78787c3a7c3a617c3a617c3a78627c7c787c7c
22	|xa:xbax	10 7c7c78617c3a78626178
17	a:a:	6 617c3a617c3a
4	aaxba:b:bb|bb|b:|:a:x	3 616178
37	:xx:baxa	10 7c3a78787c3a62617861
19	x|x:xxbab|bx|axb:|:a|xabb	17 787c7c787c3a78786261627c7c62787c7c
33	b::axbbx|:bb:x|	21 627c3a7c3a61786262787c7c7c3a62627c3a787c7c
12	ba|abx:|	11 62617c7c6162787c3a7c7c
18	:xxbxa:bxa	12 7c3a78786278617c3a627861
11	x:ba::|a::axabb|abb|xx|::	9 787c3a62617c3a7c3a
20	a||	5 617c7c7c7c
36	|:a:|axax:bxbb	19 7c7c7c3a617c3a7c7c617861787c3a62786262
10	bba:a:|	8 6262617c3a617c3a
35	ax|||bbaa:aabb:baax::a|xxxb	34 61787c7c7c7c7c7c626261617c3a616162627c3a626161787c3a7c3a617c7c787878
31	::||b|x:xbxaaxb	21 7c3a7c3a7c7c7c7c627c7c787c3a78627861617862
11	x:|x:	8 787c3a7c7c787c3a
8	bb|b|a:b:bxa||a|xxaa||axx|:b:	7 62627c7c627c7c
21	xb::xaxa::xb:xx	20 78627c3a7c3a786178617c3a7c3a78627c3a7878
16	x|xxxa:|x:bx:bxb:xaaax:xxxx	14 787c7c787878617c3a7c7c787c3a
22	xxb	3 787862
14	bax|:baxx	11 6261787c7c7c3a62617878
4	xaxabx::x|x:b	3 786178
9	xbbx|a|aa	7 786262787c7c61
30	a||::|:baax:||:ba:ab|ba:	29 617c7c7c7c7c3a7c3a7c7c7c3a626161787c3a7c7c7c7c7c3a62617c3a
12	|baaxaa	8 7c7c626161786161
6	|xa||:|:|baa	4 7c7c7861
12	axb|xax|bb|ab|a:x|	10 6178627c7c7861787c7c
26	:aaxx:|bbxb|b|b|xax	25 7c3a616178787c3a7c7c626278627c7c627c7c627c7c786178
22	|::|bx|xaba:a|b|:b:aaab:ax	21 7c7c7c3a7c3a7c7c62787c7c786162617c3a617c7c
27	:x|a|x:bxab|a:xaab:x|:abxxxxb	26 7c3a787c7c617c7c787c3a627861627c7c617c3a786161627c3a
39	x|babb|b|x:b|baax|	24 787c7c626162627c7c627c7c787c3a627c7c626161787c7c
37	:b	3 7c3a62
25	b|bb:axx::b:xabx:|:	23 627c7c62627c3a6178787c3a7c3a627c3a786162787c3a
4		0 
28	xbb	3 786262
25	xxb:b	6 7878627c3a62
19	b:|:aab||x|xb||	17 627c3a7c7c7c3a6161627c7c7c7c787c7c
34	x	1 78
15	bbxabbxa	8 6262786162627861
8	|:x	5 7c7c7c3a78
11	ab:::a|b:x:|::::a:abaaaax|x	9 61627c3a7c3a7c3a61
37	b|:xxaxa:	12 627c7c7c3a78786178617c3a
28	:|aa|:|:a	15 7c3a7c7c61617c7c7c3a7c7c7c3a61
23	a:|a:axb::b::bb||:::b|:	22 617c3a7c7c617c3a6178627c3a7c3a627c3a7c3a6262
9	xb:xx|ba:|axxx||::aax||::ab|	8 78627c3a78787c7c
26	|:|xx:ab:b:	17 7c7c7c3a7c7c78787c3a61627c3a627c3a
13	ba:a:xabxb:bb	12 62617c3a617c3a7861627862
40	ax	2 6178
3	ba::|bab|:aa|ax|a::baaxbax:	2 6261
10	xbx:||ab:x|ab|x|	9 7862787c3a7c7c7c7c
29	|:|ax:|a|axxaa:b|a:|a|axax:x	28 7c7c7c3a7c7c61787c3a7c7c617c7c61787861617c3a627c7c617c3a
39	||:a|||::a:ba:b|baax:a	34 7c7c7c7c7c3a617c7c7c7c7c7c7c3a7c3a617c3a62617c3a627c7c626161787c3a61
7	|::abxbx:|:	6 7c7c7c3a7c3a
16		0 
30	a:|xa|a::abx	17 617c3a7c7c78617c7c617c3a7c3a616278
18	:::bbxa:a||x:||:ab:x|a:|x	17 7c3a7c3a7c3a626278617c3a617c7c7c7c
17	|a:a|b|babx	15 7c7c617c3a617c7c627c7c62616278
15	a|ba|:ab:a:xxbbax:babxx	13 617c7c62617c7c7c3a61627c3a
32	b:|ba	7 627c3a7c7c6261
24	:	2 7c3a
25	:|:a|ab:|bba||	22 7c3a7c7c7c3a617c7c61627c3a7c7c6262617c7c7c7c
13	|||bxb|a||	11 7c7c7c7c7c7c6278627c7c
3	:xbbb:|bx:xxxab|:a:a:x:ba	2 7c3a
7	a:bxxx:ba:b	6 617c3a627878
9	a|	3 617c7c
16	:x|xbaabaa:|xxxbaabb	14 7c3a787c7c786261616261617c3a
16	:xba||xabx|b|:||:|:||xb	15 7c3a7862617c7c7c7c786162787c7c
32	xxbxa:bx::::xxx|xb|ab|xa::bb	30 78786278617c3a62787c3a7c3a7c3a7c3a7878787c7c78627c7c61627c7c
32		0 
40	babbbb||	10 6261626262627c7c7c7c
14	ax|ba|:xaax|a||aaab:xaaaa:	13 61787c7c62617c7c7c3a786161
3	:|bb	2 7c3a
12	:|:b|axba:x|xa|:xa	11 7c3a7c7c7c3a627c7c6178
27	xbxx:|bx|xaa:|xbxa:b|:|b:xb:bx	25 786278787c3a7c7c62787c7c7861617c3a7c7c786278617c3a
32	:b	3 7c3a62
20	|bxbbaab::ab|b|aax::|a	18 7c7c627862626161627c3a7c3a61627c7c62
31	ax:b||aabb||:axaa|a|:||ba:b	30 61787c3a627c7c7c7c616162627c7c7c7c7c3a617861617c7c617c7c7c3a
19	x::|aa::abaabb:|x	18 787c3a7c3a7c7c61617c3a7c3a6162616162
32	a:||	7 617c3a7c7c7c7c
26	xx|:bb||b:::|bbaa:aa|a	25 78787c7c7c3a62627c7c7c7c627c3a7c3a7c3a7c7c62626161
17	axaxa:x	8 61786178617c3a78
7	|b|:|a:aa|||aax	5 7c7c627c7c
25	aabx||x|aa:x|baaa||	24 616162787c7c7c7c787c7c61617c3a787c7c626161617c7c
34	|:ax|bb|baxaxab	19 7c7c7c3a61787c7c62627c7c62617861786162
15	a||xbxb:bb:x:aaxbxxxb|bxbx|xx	13 617c7c7c7c786278627c3a6262
35	:|x|x	8 7c3a7c7c787c7c78
40	:|aax|	9 7c3a7c7c6161787c7c
25	:::||aaabxb|:|x:	23 7c3a7c3a7c3a7c7c7c7c6161616278627c7c7c3a7c7c78
38	b:|bx:b|xxa:|	19 627c3a7c7c62787c3a627c7c7878617c3a7c7c
25	abx::x:b|:b:::a||	23 6162787c3a7c3a787c3a627c7c7c3a627c3a7c3a7c3a61
12	xbbx:xa:b:xb:babxxx:	10 786262787c3a78617c3a
30	:::	6 7c3a7c3a7c3a
8	xb:x:ax|xxxbxaba:aab|	7 78627c3a787c3a
36		0 
26	|a:x:x|	11 7c7c617c3a787c3a787c7c
40	x:aab:x|aa:x|xx||x:x	28 787c3a6161627c3a787c7c61617c3a787c7c78787c7c7c7c787c3a78
12	:b::|	9 7c3a627c3a7c3a7c7c
36	:xxb	5 7c3a787862
13	:bx	4 7c3a6278
33	x|bbbbaabax	12 787c7c626262626161626178
35	b:||||::b:|b|bxaxx|xabaab:	34 627c3a7c7c7c7c7c7c7c7c7c3a7c3a627c3a7c7c627c7c62786178787c7c78616261
25		0 
40	axx|b:aa::|	16 6178787c7c627c3a61617c3a7c3a7c7c
39	::|a	7 7c3a7c3a7c7c61
14	aa:a|a|aaa|abbx|xax|::||a:bx	13 61617c3a617c7c617c7c616161
6	abaxa:x:a	5 6162617861
37	|a:xbx:|x:a|xa|:xaaa	28 7c7c617c3a7862787c3a7c7c787c3a617c7c78617c7c7c3a78616161
40	ax:b:|axb::	16 61787c3a627c3a7c7c6178627c3a7c3a
34	ba|x||:::ba|babax:xaax|:	32 62617c7c787c7c7c7c7c3a7c3a7c3a62617c7c62616261787c3a786161787c7c
31	aaabaax|b|aba:|::bx|xa	29 616161626161787c7c627c7c6162617c3a7c7c7c3a7c3a62787c7c7861
14	b|	3 627c7c
30	:xba:b|ba|bab:xbbb||:xb:bx	29 7c3a7862617c3a627c7c62617c7c6261627c3a786262627c7c7c7c7c3a
11	abax|a|xax|:xx:	9 616261787c7c617c7c
15	xa|xxx|a|ba:xbb|aaxaxb	14 78617c7c7878787c7c617c7c6261
21	ax:ab|:aaba|b|:x	19 61787c3a61627c7c7c3a616162617c7c627c7c
15	||ba|xb|bbx:b:a|	14 7c7c7c7c62617c7c78627c7c6262
28	xb||aa:a::aa:b|a|bx|:b::ab|:|	27 78627c7c7c7c61617c3a617c3a7c3a61617c3a627c7c617c7c6278
29	:x|xbaxa:|abx:bx::::xaax	27 7c3a787c7c78626178617c3a7c7c6162787c3a62787c3a7c3a7c3a
34	|:x:x|x	11 7c7c7c3a787c3a787c7c78
22	aax::bb|b:a::|	21 6161787c3a7c3a62627c7c627c3a617c3a7c3a7c7c
37	|:xax|b:|xx|xxx	21 7c7c7c3a7861787c7c627c3a7c7c78787c7c787878
30	abxxba|xa:abxa	16 6162787862617c7c78617c3a61627861
31	xb|ba	6 78627c7c6261
37	|b|:xbbx:a|a||	21 7c7c627c7c7c3a786262787c3a617c7c617c7c7c7c
38	|:abb	7 7c7c7c3a616262
24	xxxx:|aax:ababbx|aaa|bx||x	23 787878787c3a7c7c6161787c3a6162616262787c7c6161
15	||x:xax|::|ab:|b:xaxab:baa	14 7c7c7c7c787c3a7861787c7c7c3a
39		0 
37	xab|x:xaaxa|:|a|:a|xaab|xx	35 7861627c7c787c3a78616178617c7c7c3a7c7c617c7c7c3a617c7c786161627c7c7878
7	xa|:x	6 78617c7c7c3a
22	a|ba||:xb|ab:ba:b|:xx|:||aaaxb	21 617c7c62617c7c7c7c7c3a78627c7c61627c3a6261
35	baabxx:::|xa:ba:	22 6261616278787c3a7c3a7c3a7c7c78617c3a62617c3a
31	|:a	5 7c7c7c3a61
26	||b:b|:|axaxabbx:|xbab:	24 7c7c7c7c627c3a627c7c7c3a7c7c61786178616262787c3a
39		0 
29	bx|ba|	8 62787c7c62617c7c
23	aa:ax||xx:xbxa|abxbxxax	22 61617c3a61787c7c7c7c78787c3a786278617c7c6162
6	xbbxxx|:aaxx|x	5 7862627878
23	b:ab:xxb	10 627c3a61627c3a787862
34	:|:	6 7c3a7c7c7c3a
11	a|::ba||:|:xx:x|:xx|b:b:|a	9 617c7c7c3a7c3a6261
24	axba|xxababaa:bxxax:bbbaax	23 617862617c7c78786162616261617c3a62787861787c3a
33	xbxxbx|:|a|	15 7862787862787c7c7c3a7c7c617c7c
8	|xxxa:	6 7c7c78787861
5	bxba::	4 62786261
4	b|:	3 627c7c
34	x:|xxb	8 787c3a7c7c787862
38	abxba:b:x|	13 61627862617c3a627c3a787c7c
4	aa::axa:|a:|::a|:ax:b	2 6161
3	|	2 7c7c
16	:x:xa|abxb|	15 7c3a787c3a78617c7c616278627c7c
4	:xxbbabxaax:||	2 7c3a
8	:abbx::abab|b::|:|:	6 7c3a61626278
26	bab|aba:x:abx|	18 6261627c7c6162617c3a787c3a6162787c7c
10	::bb:bxbba|x:|x	8 7c3a7c3a62627c3a
35	xb|::x:bbxabxx::xbaxbbxax|:	33 78627c7c7c3a7c3a787c3a626278616278787c3a7c3a7862617862627861787c7c
26		0 
35	:a|x|xaa|aabx:x:|	24 7c3a617c7c787c7c7861617c7c616162787c3a787c3a7c7c
16	:x::x:axbxb|x:b:|b|abb|x::	15 7c3a787c3a7c3a787c3a6178627862
32	aax:abx|::b|x|a	21 6161787c3a6162787c7c7c3a7c3a627c7c787c7c61
38	abbx|ab|baxb:|:aabb::x:b|	34 616262787c7c61627c7c626178627c3a7c7c7c3a616162627c3a7c3a787c3a627c7c
27	a|xbx|x	9 617c7c7862787c7c78
25	|a|:|a	10 7c7c617c7c7c3a7c7c61
8	a:x|:xba:|:ab:a|b	6 617c3a787c7c
31	x:bxbaa:b:ba::ax|a|axxa|x::	30 787c3a62786261617c3a627c3a62617c3a7c3a61787c7c617c7c61787861
37	b:	3 627c3a
17	a:b:|||axba::ax|:	16 617c3a627c3a7c7c7c7c7c7c61786261
28	a|bxa|::	12 617c7c6278617c7c7c3a7c3a
40	|bx|xa:bxbxbabxbab	21 7c7c62787c7c78617c3a6278627862616278626162
6	:x|:||xxx|bb|xabaaa|a|	5 7c3a787c7c
12	|ax||:xaxbbb|:aa:b	10 7c7c61787c7c7c7c7c3a
28	a|:b::b|bbx:	18 617c7c7c3a627c3a7c3a627c7c6262787c3a
35		0 
14	aaxx:a||:b|:x:xbx|	13 616178787c3a617c7c7c7c7c3a
33	|b:|bb|b:b:x:a	21 7c7c627c3a7c7c62627c7c627c3a627c3a787c3a61
26	x|b|a|:|:aabb|b	22 787c7c627c7c617c7c7c3a7c7c7c3a616162627c7c62
3	bxxxbx|xxx:x:a|bxa|:a:	2 6278
14	axaaa:xaaaaa:axa|:aaaa:xxbb|:	13 61786161617c3a786161616161
28	b|:bxbx||:ba|bb:x|::ax	26 627c7c7c3a627862787c7c7c7c7c3a62617c7c62627c3a787c7c
39	||xa|:|babaa:xbxa|x:xax:|aaab:	38 7c7c7c7c78617c7c7c3a7c7c62616261617c3a786278617c7c787c3a7861787c3a7c7c616161
38	x|:ax|aa|xxbba	18 787c7c7c3a61787c7c61617c7c7878626261
10	xabaa:babx|abxbx:axa	9 78616261617c3a6261
5	bb:ax|::x	4 62627c3a
19	axxb	4 61787862
39		0 
30	a|bbx|aaxb|bb|aa:xb:ba:	28 617c7c6262787c7c616178627c7c62627c7c61617c3a78627c3a6261
20	x:a::xx|b|a|||:axab|::	18 787c3a617c3a7c3a78787c7c627c7c617c7c
29	:|	4 7c3a7c7c
28	||:axab	10 7c7c7c7c7c3a61786162
13	bbb|	5 6262627c7c
8	ab:b:x||bb|bbxbbaxbab:::a	7 61627c3a627c3a
29	abax||ab|aax|a:ab:xbabbax|:x:b	28 616261787c7c7c7c61627c7c6161787c7c617c3a61627c3a78626162
31	::xxxab|:bb||xaabxaa	26 7c3a7c3a78787861627c7c7c3a62627c7c7c7c78616162786161
36	aax|ba:b|:abb|b|b||x::bx:	34 6161787c7c62617c3a627c7c7c3a6162627c7c627c7c627c7c7c7c787c3a7c3a6278
30	::|xa|b|x:|a|a:bbxbxxa	29 7c3a7c3a7c7c78617c7c627c7c787c3a7c7c617c7c617c3a6262786278
9	:bx:b|a|xax	7 7c3a62787c3a62
26	|bxa::xbba::aa||||a:|||baa|	25 7c7c6278617c3a7c3a786262617c3a7c3a61617c7c7c7c7c7c
35	xxxbabx:|::|x:a||:a|a	31 787878626162787c3a7c7c7c3a7c3a7c7c787c3a617c7c7c7c7c3a617c7c61
39	bxxxbbb|b|	12 627878786262627c7c627c7c
34	::|:|	10 7c3a7c3a7c7c7c3a7c7c
38	aaa|	5 6161617c7c
29	|b||x::|b|b:bxb||a:aaxb:	27 7c7c627c7c7c7c787c3a7c3a7c7c627c7c627c3a6278627c7c7c7c
5	|aax|xx||a|b|b:a|x|:bx:xaa|	4 7c7c6161
34	a:x:ab:bxxx:baa|a|ax|x:aaabx	33 617c3a787c3a61627c3a627878787c3a6261617c7c617c7c61787c7c787c3a6161
34	|baaxba|b:	13 7c7c6261617862617c7c627c3a
32	xx|aaa:|b|x|:ax:	23 78787c7c6161617c3a7c7c627c7c787c7c7c3a61787c3a
16	bb|bx|baxabax::xb:ba|x|:aa:|	15 62627c7c62787c7c62617861626178
38	a:|xabxb|xbbbabxaax:babb|a	31 617c3a7c7c78616278627c7c786262626162786161787c3a626162627c7c61
7	ba|a|xxxx|bba|||x|:aabbx|x|aaa	5 62617c7c61
19	|baxbxa:|x|||abaxb:a	17 7c7c6261786278617c3a7c7c787c7c7c7c
40	a||:aaxa|a|b|:bbb:||x:||	37 617c7c7c7c7c3a616178617c7c617c7c627c7c7c3a6262627c3a7c7c7c7c787c3a7c7c7c7c
40	aaxbx:xbxx|aa:aab|x	23 61617862787c3a786278787c7c61617c3a6161627c7c78
16	:x|:|:a	12 7c3a787c7c7c3a7c7c7c3a61
26	x::xaabbbaa	13 787c3a7c3a7861616262626161
17	|b||bb|ax|xaxxx	15 7c7c627c7c7c7c62627c7c61787c7c
18	xa|:bx|x:x	14 78617c7c7c3a62787c7c787c3a78
35	:|:x::x|bx	16 7c3a7c7c7c3a787c3a7c3a787c7c6278
21	xxxa	4 78787861
28	axb::xxa:|xaa:a|axb:|:|	27 6178627c3a7c3a7878617c3a7c7c7861617c3a617c7c6178627c3a
22	:b||:xxa|b::	19 7c3a627c7c7c7c7c3a7878617c7c627c3a7c3a
12	x|a|aaa	9 787c7c617c7c616161
36	b:|a|:bab::|:b:|abx|	31 627c3a7c7c617c7c7c3a6261627c3a7c3a7c7c7c3a627c3a7c7c6162787c7c
38	:x|b|:x	11 7c3a787c7c627c7c7c3a78
28	:||xa|:aba::x:||:::xx	26 7c3a7c7c7c7c78617c7c7c3a6162617c3a7c3a787c3a7c7c7c7c
30	|	2 7c7c
36	::	4 7c3a7c3a
6	:|:a|xxaa:|	4 7c3a7c7c
33	aax:b:bb:b:xb:|:ba|:a	30 6161787c3a627c3a62627c3a627c3a78627c3a7c7c7c3a62617c7c7c3a61
5	xxaxa|a	4 78786178
26	xaaxxx	6 786161787878
27	|baaxaab|b	12 7c7c626161786161627c7c62
25	:a	3 7c3a61
26	aaaa:||x:	13 616161617c3a7c7c7c7c787c3a
7	:::b:|:b|xa:|::|ax|xax	6 7c3a7c3a7c3a
4	||b||aab||xbxab||x	2 7c7c
33	abxb|:b:a	12 616278627c7c7c3a627c3a61
21	bb:bb::xb|:b:	19 62627c3a62627c3a7c3a78627c7c7c3a627c3a
22	a:xxa|xa|ab||:axa:xxabaa|::b:	20 617c3a7878617c7c78617c7c61627c7c7c7c7c3a
14		0 
31	aab:||a|axba:	18 6161627c3a7c7c7c7c617c7c617862617c3a
31	:|bxa:b:xba	15 7c3a7c7c6278617c3a627c3a786261
13	ab:|:axaa|b:bxa|a|a:||::x::aaa	12 61627c3a7c7c7c3a61786161
19	ab|xb||a:xx:xbx::ab:a||xb|x	17 61627c7c78627c7c7c7c617c3a78787c3a
10	:::|b	8 7c3a7c3a7c3a7c7c
23	a|x|:xb|||b	17 617c7c787c7c7c3a78627c7c7c7c7c7c62
37		0 
31	aaa|aa:xxb||ab::|||:|:||a:	30 6161617c7c61617c3a7878627c7c7c7c61627c3a7c3a7c7c7c7c7c7c7c3a
35	abaa|:	8 616261617c7c7c3a
14	:x|b:bxx|:x	13 7c3a787c7c627c3a6278787c7c
30	xxa	3 787861
30	||xab:||:bb::a|x	25 7c7c7c7c7861627c3a7c7c7c7c7c3a62627c3a7c3a617c7c78
20	a	1 61
10	x:||b|b|a:b|bbx|::a|ba|a	8 787c3a7c7c7c7c62
11	b|xa:|aabb|aa:b|b|b:|:|aabb:a:	9 627c7c78617c3a7c7c
23	:|:|a|xxaabxxbbbb	22 7c3a7c7c7c3a7c7c617c7c7878616162787862626262
35	x:b||xb|b|b	16 787c3a627c7c7c7c78627c7c627c7c62
17	::x|ababa	12 7c3a7c3a787c7c6162616261
18	::x:||x|a:b|	17 7c3a7c3a787c3a7c7c7c7c787c7c617c3a
9	x||xbx:xax|x	8 787c7c7c7c786278
7	x:aab:::bb:xb:bx:|a::bb|a	6 787c3a616162
11	:a||:aa	9 7c3a617c7c7c7c7c3a
25	|:||bbaa|:bbx|:xaxxa|xxx	23 7c7c7c3a7c7c7c7c626261617c7c7c3a6262787c7c7c3a
13	:bxaa:a||b:xa::a|xx:aa|axxx	11 7c3a627861617c3a617c7c
12	|xxaxa|a|x|x|ba:xaba|bb|baa	10 7c7c78786178617c7c61
35	::xxxa||axaab|bax|||:xb|axa	34 7c3a7c3a787878617c7c7c7c61786161627c7c6261787c7c7c7c7c7c7c3a78627c7c
18	aba|:|::::xabxa||xbb	17 6162617c7c7c3a7c7c7c3a7c3a7c3a7c3a
16	bxb|:b::x|bx|axb|:|x|aa|x::::b	15 6278627c7c7c3a627c3a7c3a787c7c
38	b||x|:b::ab	17 627c7c7c7c787c7c7c3a627c3a7c3a6162
22	b::x|b:aa|b	16 627c3a7c3a787c7c627c3a61617c7c62
7	||:||a|::bbaa	6 7c7c7c7c7c3a
15	x:||	7 787c3a7c7c7c7c
24	xb::::a:|a:bxbxa:abx:||:|b	23 78627c3a7c3a7c3a7c3a617c3a7c7c617c3a6278627861
21		0 
33	abbbb:b|bxbxbbx||:xx:a:ab	32 61626262627c3a627c7c627862786262787c7c7c7c7c3a78787c3a617c3a6162
31	|baax|::axaxx|b||x|:a	29 7c7c626161787c7c7c3a7c3a61786178787c7c627c7c7c7c787c7c7c3a
30	xxx	3 787878
30	bx:x:b|bb|bxbx:x:	23 62787c3a787c3a627c7c62627c7c627862787c3a787c3a
8	|aab|:bbaa|:|	7 7c7c6161627c7c
6	:|:x:	4 7c3a7c7c
38	|xbb|:::a:|:x|axbxbb:b:xaxaax:	37 7c7c7862627c7c7c3a7c3a7c3a617c3a7c7c7c3a787c7c6178627862627c3a627c3a786178
27	a||a|xax::|a|abxx|x:	26 617c7c7c7c617c7c7861787c3a7c3a7c7c617c7c616278787c7c
7	xa::baaab:bx|b	6 78617c3a7c3a
32	b|ax|bxaxx:a:x|:|:::bab:aaa	30 627c7c61787c7c62786178787c3a617c3a787c7c7c3a7c7c7c3a7c3a7c3a
14	b:aa:bb:|bxbbx:bb|:|||:ax:xb	13 627c3a61617c3a62627c3a7c7c
13	:xba:x|:b|x:xbx:aa:xbb	12 7c3a7862617c3a787c7c7c3a
10	|bxa|bbx:|:aa	9 7c7c6278617c7c6262
20	xbxxa:|x|	12 78627878617c3a7c7c787c7c
10	::xaxa|bxxaxb|b	8 7c3a7c3a78617861
37	||aaxb:a|:	15 7c7c7c7c616178627c3a617c7c7c3a
37	:|ab|a:||bbxb	19 7c3a7c7c61627c7c617c3a7c7c7c7c62627862
5	x|x|	3 787c7c
4	a	1 61
16	:|bxaaaa::aa|:a:xaa|bbxx|:a	14 7c3a7c7c6278616161617c3a7c3a
17	ax:x||xab|bb:x	16 61787c3a787c7c7c7c7861627c7c6262
25	|baxxa:x	10 7c7c62617878617c3a78
37	:x|x|x:|a:x:|::x|:b:aaa|bx|x|b	36 7c3a787c7c787c7c787c3a7c7c617c3a787c3a7c7c7c3a7c3a787c7c7c3a627c3a616161
37	xaxxa|aaba:||axbxbxxxaaxbaxb	32 78617878617c7c616162617c3a7c7c7c7c617862786278787861617862617862
7	b:ab|b:	5 627c3a6162
6	xa::bxx|:babxba|xaab:x::a	4 78617c3a
40	b:a::|aab|bx:aa|xxax:|aaxbbx|	39 627c3a617c3a7c3a7c7c6161627c7c62787c3a61617c7c787861787c3a7c7c6161786262787c7c
17	b	1 62
31	b:x|ax::xbbxb|ab::bx:ax:bba:	29 627c3a787c7c61787c3a7c3a78626278627c7c61627c3a7c3a62787c3a
30	axbaxx:x|bb	13 6178626178787c3a787c7c6262
13	xb|xx|xxa:||bbx:	11 78627c7c78787c7c787861
17	|||:|xax::b:|aa::|b::	15 7c7c7c7c7c7c7c3a7c7c7861787c3a
15	:bxxbxxb:aa::abaxbb:a:	13 7c3a627878627878627c3a6161
22	|bab	5 7c7c626162
8	a:|b	6 617c3a7c7c62
27	|x:a:::xbbxxaa:|abaaa:b:a|xa	26 7c7c787c3a617c3a7c3a7c3a786262787861617c3a7c7c616261
17	|::x:bxx|xa|:xaba|ab	16 7c7c7c3a7c3a787c3a6278787c7c7861
28	|b:xx:bbb|ba	16 7c7c627c3a78787c3a6262627c7c6261
23	bxxbxaxaaxxax|aaxx:bbxb::|	21 627878627861786161787861787c7c616178787c3a
36	|:b:b:bx:||	18 7c7c7c3a627c3a627c3a62787c3a7c7c7c7c
18	b:b||:xbbbb|ab::bx|xxbba|a	17 627c3a627c7c7c7c7c3a78626262627c7c
7	:|x||::a|:|xbbx:x|bab	5 7c3a7c7c78
7	x|b:aax||a:|b|:||||a:a	6 787c7c627c3a
32	x|:x|x:bxbxa||	20 787c7c7c3a787c7c787c3a62786278617c7c7c7c
27	xbbx:|ab:xx:	16 786262787c3a7c7c61627c3a78787c3a
37	b:::ab:||xb:	19 627c3a7c3a7c3a61627c3a7c7c7c7c78627c3a
29	:baab|:bx|xax||aaa	24 7c3a626161627c7c7c3a62787c7c7861787c7c7c7c616161
40	|xbbbax	8 7c7c786262626178
11	|x|xxabbaab||a:b::b|xb:a:|ab	10 7c7c787c7c7878616262
12	aax:|b:|aa	10 6161787c3a7c7c627c3a
32	|:ax|::ab|a|b|bbxbb:xxa|b:bx	31 7c7c7c3a61787c7c7c3a7c3a61627c7c617c7c627c7c62627862627c3a7878
7	x:a|xxa|:|aa	6 787c3a617c7c
37	xa:|x|xbbb:ab|ab:a:aa|b:aab:	36 78617c3a7c7c787c7c786262627c3a61627c7c61627c3a617c3a61617c7c627c3a616162
21	axaa:|a||bxx:x|x	19 617861617c3a7c7c617c7c7c7c6278787c3a78
36	b|abaxb:bxx|:|xbxxbx|:|bx::	35 627c7c61626178627c3a6278787c7c7c3a7c7c7862787862787c7c7c3a7c7c62787c3a
31	::b::bx:a|x:b:a::xxbab|xb|a:a|	30 7c3a7c3a627c3a7c3a62787c3a617c7c787c3a627c3a617c3a7c3a787862
9	bb::a|xaxab|x|b|bbbxx|ba	7 62627c3a7c3a61
9	b:|b:b:x|:	8 627c3a7c7c627c3a
10	:b:bx|:x|ba:bxbx:x:bbbb:xbaxxa	9 7c3a627c3a62787c7c
32	xaa:x:xbxx|b:xbb|	22 7861617c3a787c3a786278787c7c627c3a7862627c7c
24	:axb|b:axa|||a:x|ab|::|xxbx:|x	22 7c3a6178627c7c627c3a6178617c7c7c7c7c7c617c3a
39	|	2 7c7c
31	aax:a|bbxb:a:ab|::||:x|:ax:b	29 6161787c3a617c7c626278627c3a617c3a61627c7c7c3a7c3a7c7c7c7c
22	xb|a|a:::xa|:	20 78627c7c617c7c617c3a7c3a7c3a78617c7c7c3a
9	b|b::xa::a:|aa::|aaa|a:|::	8 627c7c627c3a7c3a
9	a:a|:ab:a|bb:a	8 617c3a617c7c7c3a
30	ax|:|a|x:baxx:bbb|axbaxbx||	29 61787c7c7c3a7c7c617c7c787c3a626178787c3a6262627c7c61786261
35	b:b|a::xa:a:|bbxxa|a|xxab	34 627c3a627c7c617c3a7c3a78617c3a617c3a7c7c62627878617c7c617c7c78786162
20	:aa|a|b|:bx:b	18 7c3a61617c7c617c7c627c7c7c3a62787c3a
4	||:b:xabx|b|:xa||xxxx|xxb	2 7c7c
20	x::a:|	10 787c3a7c3a617c3a7c7c
27	ax|:aba	9 61787c7c7c3a616261
36	bxab::x:xabxab|||:||ax:b:|ba	34 627861627c3a7c3a787c3a7861627861627c7c7c7c7c7c7c3a7c7c7c7c61787c3a62
38	:x|b|bx|a::a|||abx|x::xx	36 7c3a787c7c627c7c62787c7c617c3a7c3a617c7c7c7c7c7c6162787c7c787c3a7c3a7878
20	abxb|bx|aaba:|	18 616278627c7c62787c7c616162617c3a7c7c
11	:x:x:b|aaaxb:ax|x::abb||b	9 7c3a787c3a787c3a62
9	bxxb:a::ax:bab:||bbb||ax:axb:|	7 627878627c3a61
9	:ba	4 7c3a6261
22	b	1 62
13	axa::|bxbbb:|||xabxb:b	12 6178617c3a7c3a7c7c627862
16	xba|b|b:|ab|x:|a|a:b|bbxa:|	15 7862617c7c627c7c627c3a7c7c6162
11	:xx:x|bb:xb::|||:abax	9 7c3a78787c3a787c7c
31	::|:xba:abb|bbbax|xx|a|	29 7c3a7c3a7c7c7c3a7862617c3a6162627c7c62626261787c7c78787c7c
37	|a:xxb:::ba|:|:bxab|bx	32 7c7c617c3a7878627c3a7c3a7c3a62617c7c7c3a7c7c7c3a627861627c7c6278
29	b:xaax|:x|:|	18 627c3a786161787c7c7c3a787c7c7c3a7c7c
27	ax:xbxa|xxx:xa:aa|:axabaax|	25 61787c3a786278617c7c7878787c3a78617c3a61617c7c7c3a
16	x|x:xx:b|b|a::x:bxxb	14 787c7c787c3a78787c3a627c7c62
22	|||||xx|b:ax|:x:xxx:|b:	21 7c7c7c7c7c7c7c7c7c7c78787c7c627c3a61787c7c
4	|axxx:xaaa|b	2 7c7c
39	aaa:x|aabax:x|x:||ba|b||x	35 6161617c3a787c7c61616261787c3a787c7c787c3a7c7c7c7c62617c7c627c7c7c7c78
18	|	2 7c7c
38	xba:xba|bxbabx:a|x:bx	26 7862617c3a7862617c7c6278626162787c3a617c7c787c3a6278
3	|:a|x|xxxx:	2 7c7c
8	bxbaabax|xa|:b:|:bxxxxaa|a	7 62786261616261
12	|xaax|xa|a|	10 7c7c786161787c7c7861
20	|:abbaxxx|xa:a:a|b|	18 7c7c7c3a616262617878787c7c78617c3a61
36	:xb|||:ax:b	17 7c3a78627c7c7c7c7c7c7c3a61787c3a62
36	a:aa:a:::aba	17 617c3a61617c3a617c3a7c3a7c3a616261
37	xbx|xba:b:|bbbb|	21 7862787c7c7862617c3a627c3a7c7c626262627c7c
29	bx|a|||aa|axx:|aabaab:a:|	28 62787c7c617c7c7c7c7c7c61617c7c6178787c3a7c7c616162616162
21	|bxb|:abaaba:	17 7c7c6278627c7c7c3a6162616162617c3a
35	|xx:xaax	10 7c7c78787c3a78616178
32	ax:b|bab|xxaa|aaaxa	23 61787c3a627c7c6261627c7c787861617c7c6161617861
31	ax|||aba	11 61787c7c7c7c7c7c616261
9	xxb	3 787862
26	aa||b:x	10 61617c7c7c7c627c3a78
9	xxab|xxxb:a|a:a:xaa:::|aba	8 787861627c7c7878
7	:x|b:bxxaab|b:a|||:ba:abxbbax	5 7c3a787c7c
22	b|x:b||:xxbxba:b|	21 627c7c787c3a627c7c7c7c7c3a7878627862617c3a
9	bbx:xb:a:|bab|bb:|||x:xa||xaxb	7 6262787c3a7862
18	ax|xb|abxaaa	14 61787c7c78627c7c616278616161
39	xb|	4 78627c7c
23		0 
23	bbbb:aab||xb||	19 626262627c3a6161627c7c7c7c78627c7c7c7c
19	xaababxx|b:::	17 78616162616278787c7c627c3a7c3a7c3a
34	bx|:|x|a:bax|b||a	25 62787c7c7c3a7c7c787c7c617c3a6261787c7c627c7c7c7c61
14	:x|xb|xx:	13 7c3a787c7c78627c7c78787c3a
11	bxa:|ab:b|bx|a:|b|	9 6278617c3a7c7c6162
35	::ab:|:b:a:x:|:|aaxxxxa	34 7c3a7c3a61627c3a7c7c7c3a627c3a617c3a787c3a7c7c7c3a7c7c61617878787861
19	ab:|x::aabbxbaxbxb:x	18 61627c3a7c7c787c3a7c3a61616262786261
16	:a:x:x:ax||axxa	15 7c3a617c3a787c3a787c3a61787c7c
25	:b||xbx||b|x:|b|||	23 7c3a627c7c7c7c7862787c7c7c7c627c7c787c3a7c7c62
36	:abx||baa||a:ba:|:ax	29 7c3a6162787c7c7c7c6261617c7c7c7c617c3a62617c3a7c7c7c3a6178
37	:	2 7c3a
29	a:a|	6 617c3a617c7c
3	|a||xba|xb|a|:|baax::ax:	2 7c7c
6	xx::x|:a|b	4 78787c3a
34	bb|bxbxxxaa:x|	17 62627c7c62786278787861617c3a787c7c
20	bxa|ab:x|	12 6278617c7c61627c3a787c7c
8	:a:abb:a:a|::xaaa	7 7c3a617c3a6162
25	b:xa||xx:xxbba|b|xaxa|:bxaxa|:	23 627c3a78617c7c7c7c78787c3a78786262617c7c627c7c
15	:|ba::x::|b:ab:|axab:x||b:|a	13 7c3a7c7c62617c3a7c3a787c3a
19	:::bax:xa|baa|aa:	18 7c3a7c3a7c3a6261787c3a78617c7c626161
40	|:|x:|baab::|a:aaxa|	30 7c7c7c3a7c7c787c3a7c7c626161627c3a7c3a7c7c617c3a616178617c7c
7	x|a||xa:|x	6 787c7c617c7c
34	xbxx|xx:b::b|b|::a|	28 786278787c7c78787c3a627c3a7c3a627c7c627c7c7c3a7c3a617c7c
18	baa	3 626161
29	aa	2 6161
38	|axxx	6 7c7c61787878
6	:||:x:ab|x:|x:xa|:xbxax	4 7c3a7c7c
40	xxxa:	6 787878617c3a
13	xb|b:	7 78627c7c627c3a
32	ax||x:a:bxa|ab	19 61787c7c7c7c787c3a617c3a6278617c7c6162
20	:xaxa|ab|:a|baa|bb:xxab::	19 7c3a786178617c7c61627c7c7c3a617c7c6261
29	bxxb:xa|:b	13 627878627c3a78617c7c7c3a62
31	aa:b|xb:bba|baaxa|||a:aa|xa	30 61617c3a627c7c78627c3a6262617c7c62616178617c7c7c7c7c7c617c3a
32	:|:aba|xax|:axaa|:b:a	30 7c3a7c7c7c3a6162617c7c7861787c7c7c3a617861617c7c7c3a627c3a61
26	aaaxxabb	8 6161617878616262
25	|xb:abbaa:	13 7c7c78627c3a61626261617c3a
7	b|b	4 627c7c62
17	b:b	4 627c3a62
30	b:||:a:|::|||::|x	28 627c3a7c7c7c7c7c3a617c3a7c7c7c3a7c3a7c7c7c7c7c7c7c3a7c3a
31	|bxax::b|bb|aaa::b|x:|b	30 7c7c627861787c3a7c3a627c7c62627c7c6161617c3a7c3a627c7c787c3a
26	a|a|axx|bx	13 617c7c617c7c6178787c7c6278
16	b:bxaxx::|:bxba:b|:b:	14 627c3a62786178787c3a7c3a7c7c
14	xb:ab:b|	11 78627c3a61627c3a627c7c
37		0 
11	|||bb|xx|b:	10 7c7c7c7c7c7c62627c7c
18	xaax:||b|xbb	16 786161787c3a7c7c7c7c627c7c786262
29	|	2 7c7c
3	xbx	2 7862
22	axb:aa:|aa::ax|||a:abaabbxxa|	21 6178627c3a61617c3a7c7c61617c3a7c3a61787c7c
30	:x:||	9 7c3a787c3a7c7c7c7c
19	:bxxxba||a:xa:bbb:a||::|axb||:	17 7c3a6278787862617c7c7c7c617c3a7861
23	xbb|xa:x:b|x	16 7862627c7c78617c3a787c3a627c7c78
8		0 
31	|aab:ba:|a	14 7c7c6161627c3a62617c3a7c7c61
17	b||xa:ba||x:b:|xa	15 627c7c7c7c78617c3a62617c7c7c7c
13	bbba:abaa::	12 626262617c3a616261617c3a
31	:|axa|xaaxaxa:::bb|x:|	29 7c3a7c7c6178617c7c786161786178617c3a7c3a7c3a62627c7c787c3a
16	a|abb|b|:::b|b|:|x|x:xb:	15 617c7c6162627c7c627c7c7c3a7c3a
4	x:a|axbbxa||abaxx:b|xaax:	3 787c3a
5	bbxbb:axbx::x||:::|a::	4 62627862
3	bxaba:x:	2 6278
39	x:|ba|	9 787c3a7c7c62617c7c
11	|:||::|xb|xb|xbb|bb|bxxx||ax	10 7c7c7c3a7c7c7c7c7c3a
22	a	1 61
9	bbaa:	6 626261617c3a
22		0 
10	|a:a|x||||b:|:bab||	8 7c7c617c3a617c7c
33	bbxx|||::	14 626278787c7c7c7c7c7c7c3a7c3a
21	xaxxb:|axxabaxxxx:bb|	19 78617878627c3a7c7c61787861626178787878
29	bxa:|a|baxx	14 6278617c3a7c7c617c7c62617878
29	:	2 7c3a
26	:aaa:bba::	14 7c3a6161617c3a6262617c3a7c3a
6	b	1 62
17	xaxb	4 78617862
5	aa|a:|xxa:|:x:||:x:b:b:|::|	4 61617c7c
24	xa|:x|b:b:b	16 78617c7c7c3a787c7c627c3a627c3a62
14	xaxab|x|:a||ax:xba	12 78617861627c7c787c7c7c3a
32	|xxaa	6 7c7c78786161
23	bbx::b|x::|x|xax|ax:b	22 6262787c3a7c3a627c7c787c3a7c3a7c7c787c7c7861
21	abxa|xbb:xbxa||abb:	19 616278617c7c7862627c3a786278617c7c7c7c
35	xb||xabxbb:b|axbbb:xab:x	30 78627c7c7c7c7861627862627c3a627c7c61786262627c3a7861627c3a78
21	ab||a:|xx|x:b|||x:|::|:b:x:b	19 61627c7c7c7c617c3a7c7c78787c7c787c3a62
38	x|x|axbbb:x::ax:|ax||	30 787c7c787c7c61786262627c3a787c3a7c3a61787c3a7c7c61787c7c7c7c
7	aa::xb:axxx:||||:|:|x|:a::ax	6 61617c3a7c3a
3	bbabbxax::b|xxbxx:a|xb:x:xb	2 6262
26	:::x:bxxbbxax:a:xxaaa:	25 7c3a7c3a7c3a787c3a62787862627861787c3a617c3a787861
19	xa:bb|::||xaxxb|xb|bxa|x	18 78617c3a62627c7c7c3a7c3a7c7c7c7c7861
33	xbbx|x|x:xaaab:|abaabxx|	30 786262787c7c787c7c787c3a78616161627c3a7c7c616261616278787c7c
3	|:|||bb::ba|:|ab:	2 7c7c
40	|b||bxb:ba:axxx|||x:xa:ax	35 7c7c627c7c7c7c6278627c3a62617c3a617878787c7c7c7c7c7c787c3a78617c3a6178
6	:x:xb:xx:a:x::|b||x:	5 7c3a787c3a
30	aa|xaaa:xbb:	15 61617c7c786161617c3a7862627c3a
27	xx|a:|::ax:b:x||xb	25 78787c7c617c3a7c7c7c3a7c3a61787c3a627c3a787c7c7c7c
28	:bb:|:bxaab|x:b|::	27 7c3a62627c3a7c7c7c3a62786161627c7c787c3a627c7c7c3a7c3a
39	|xbab|:xa:xbaab|:a|bb|a|	33 7c7c786261627c7c7c3a78617c3a78626161627c7c7c3a617c7c62627c7c617c7c
11	xx:baxbba|xa|ababb:b|||xba	10 78787c3a626178626261
6	:babaxbba:xa:ax:xba:ab:baba|ab	5 7c3a626162
39	x:xaxx	7 787c3a78617878
22	|:a:::aabbbaxa:x:|b|::b	21 7c7c7c3a617c3a7c3a7c3a61616262626178617c3a
21	:xx:xb|xxx|xxaax	20 7c3a78787c3a78627c7c7878787c7c7878616178
20	b:|b||a|:abxa	19 627c3a7c7c627c7c7c7c617c7c7c3a61627861
28	baxa:bax:baab:xx	19 626178617c3a6261787c3a626161627c3a7878
38	bb|xax|:bax:|b	19 62627c7c7861787c7c7c3a6261787c3a7c7c62
16	|b::xabb|abxb|a:||xaa	15 7c7c627c3a7c3a786162627c7c6162
17	baa::b:abxbx	15 6261617c3a7c3a627c3a6162786278
4	|b|a|bxa	2 7c7c
14	aaaax	5 6161616178
32	:a|axxxa:b:b:bax:	23 7c3a617c7c61787878617c3a627c3a627c3a6261787c3a
23	b	1 62
5	:||bxba||a|ab:|baabxaabbax:::b	4 7c3a7c7c
37	bab:::b:bxxxa	17 6261627c3a7c3a7c3a627c3a6278787861
40	x:b|xbxxx:xb|:xaxa	23 787c3a627c7c78627878787c3a78627c7c7c3a78617861
25	:a:a||x:b|axbxabx||baxxa	23 7c3a617c3a617c7c7c7c787c3a627c7c61786278616278
26	aaax:|xb:a:||a:bxa:|aaa	25 616161787c3a7c7c78627c3a617c3a7c7c7c7c617c3a627861
39	baa|xax|	10 6261617c7c7861787c7c
11	xb|xxxa	8 78627c7c78787861
35	|:baxb:x:b:xb|aab|	25 7c7c7c3a626178627c3a787c3a627c3a78627c7c6161627c7c
3	|b|:xa|bxbb:ax|x|	2 7c7c
4	b:|x:ax:|::|xa|:	3 627c3a
30	xbb	3 786262
39	:b:bxx|xb|	14 7c3a627c3a6278787c7c78627c7c
11	a|a|:xx:xaxaaabba::|x	10 617c7c617c7c7c3a7878
33	a:x:aabb|aa::|axx|x	26 617c3a787c3a616162627c7c61617c3a7c3a7c7c6178787c7c78
30	||bb|:aa	12 7c7c7c7c62627c7c7c3a6161
16	::aab|xbaa:x||a|	15 7c3a7c3a6161627c7c786261617c3a
14	x	1 78
10	a:b::|b|ba::a|bx|bbxx	8 617c3a627c3a7c3a
35	:a|ab:|a::|:xa|:	26 7c3a617c7c61627c3a7c7c617c3a7c3a7c7c7c3a78617c7c7c3a
10	:xaa:b|ba|ab|:|:|bxa	8 7c3a7861617c3a62
14	ab::xx:||b|:|axa	12 61627c3a7c3a78787c3a7c7c
10	::xaxa:aa::a:a:|b:|:bb||ax:ab	8 7c3a7c3a78617861
14	xax||b	8 7861787c7c7c7c62
34	|:|bbxb	10 7c7c7c3a7c7c62627862
5	x:a:|||xba::xa|:xb:x|b:abxx:	3 787c3a
8	a||x::::|:x:|	6 617c7c7c7c78
17	|:bbaa|bbbb||bb|bx|:	16 7c7c7c3a626261617c7c626262627c7c
13	x:xbbbx|	10 787c3a78626262787c7c
32	x|a:|:a:aaa|ab|:bxbx::a|	30 787c7c617c3a7c7c7c3a617c3a6161617c7c61627c7c7c3a627862787c3a
13	:abxbx|abbbbb:aa:ab:|bxxx:xxb|	12 7c3a61627862787c7c616262
24	bbxa::::|x|||:b|xaax:b	23 626278617c3a7c3a7c3a7c3a7c7c787c7c7c7c7c7c7c3a
21	::|x:||:::|b:a:||||:ab	19 7c3a7c3a7c7c787c3a7c7c7c7c7c3a7c3a7c3a
37	a|b:xaxxa:ba||abaaaaxbbbx	30 617c7c627c3a78617878617c3a62617c7c7c7c6162616161617862626278
26	::ax|xx:|a|b|||	24 7c3a7c3a61787c7c78787c3a7c7c617c7c627c7c7c7c7c7c
34	::x::ba|xa|	17 7c3a7c3a787c3a7c3a62617c7c78617c7c
23	a:a|a|a|bxaaxx	18 617c3a617c7c617c7c617c7c627861617878
5	bbx:	3 626278
33	bbb|::xa	11 6262627c7c7c3a7c3a7861
15	aab::||abbabx||b|a:axx:||	14 6161627c3a7c3a7c7c7c7c616262
28	xx||x||::|a:b:	23 78787c7c7c7c787c7c7c7c7c3a7c3a7c7c617c3a627c3a
24	bxa:b:ab::::::bx::x	22 6278617c3a627c3a61627c3a7c3a7c3a7c3a7c3a7c3a
16	:|bb	6 7c3a7c7c6262
11	x:ax:bb||x::x::x|:aa:	9 787c3a61787c3a6262
35	xx||x:xb|ax|:a:aaaa	26 78787c7c7c7c787c3a78627c7c61787c7c7c3a617c3a61616161
17	a|::a:xx:b	15 617c7c7c3a7c3a617c3a78787c3a62
40	||abab|:::ba|b:b:abaa|b|::::x	39 7c7c7c7c616261627c7c7c3a7c3a7c3a62617c7c627c3a627c3a616261617c7c627c7c7c3a7c3a
23	ab||||b::bb|bb|xaa|xx:xx	21 61627c7c7c7c7c7c7c7c627c3a7c3a62627c7c6262
5	xxabba|	4 78786162
22	:bax:|bxaa:b|axbx	21 7c3a6261787c3a7c7c627861617c3a627c7c617862
16	b:x:ax	8 627c3a787c3a6178
21	bbb::|a:x:ba|aabba::x::ax:b|a	19 6262627c3a7c3a7c7c617c3a787c3a62617c7c
37	:|:xbbaxx|:|:|bb	24 7c3a7c7c7c3a7862626178787c7c7c3a7c7c7c3a7c7c6262
23	|xa::a||x|abxa	20 7c7c78617c3a7c3a617c7c7c7c787c7c61627861
37	|axabbxaabbxxb||	19 7c7c617861626278616162627878627c7c7c7c
14	:ab|:	8 7c3a61627c7c7c3a
30	|xbaa|:bbax|axx|:bab:xa	28 7c7c786261617c7c7c3a626261787c7c6178787c7c7c3a6261627c3a
30	|x	3 7c7c78
16	x:bxbaaa:ba::xab:b|xx:|xaxx:	15 787c3a6278626161617c3a62617c3a
10	aaa||:x:ab:axb|:b:ax	9 6161617c7c7c7c7c3a
28	ba:babxbx:xab:xb::b:a|b:x	26 62617c3a6261627862787c3a7861627c3a78627c3a7c3a627c3a
23	axaaxxxx|xb:xxbb::ax	22 61786161787878787c7c78627c3a787862627c3a7c3a
37	:bbxabbaabbx::bxaa:	23 7c3a62627861626261616262787c3a7c3a627861617c3a
17	|a|aaax	9 7c7c617c7c61616178
9	babbx|ba||ax|a	7 62616262787c7c
16	|xba:xxba|||x|:|b|a|:a	15 7c7c7862617c3a787862617c7c7c7c
25	a|baaba::|:|||::a|:|a::b:	24 617c7c62616162617c3a7c3a7c7c7c3a7c7c7c7c7c7c7c3a
11	xba:xb|:b	9 7862617c3a78627c7c
11	bxa:abx:bb|ab|:x:xb|xax|:b	10 6278617c3a6162787c3a
40	x|:abax:bb:abx|xb||xaba:	32 787c7c7c3a616261787c3a62627c3a6162787c7c78627c7c7c7c786162617c3a
38	abxax:	7 61627861787c3a
26	|x:a|	8 7c7c787c3a617c7c
22	xb:||x:bxaxbb:|bb	21 78627c3a7c7c7c7c787c3a6278617862627c3a7c7c
10	b:a:||a:|ax|bbbaxaab|	8 627c3a617c3a7c7c
25	bb::x|a::ab	16 62627c3a7c3a787c7c617c3a7c3a6162
36	axaa:::a:a:|	18 617861617c3a7c3a7c3a617c3a617c3a7c7c
40	ba|ab|||abax|xbbxab|b|x||b|a	38 62617c7c61627c7c7c7c7c7c616261787c7c7862627861627c7c627c7c787c7c7c7c627c7c61
25	:||:|:ba|a:ab	21 7c3a7c7c7c7c7c3a7c7c7c3a62617c7c617c3a6162
4	:bbbb	2 7c3a
37	:ba:|x|xbb:x|ab:x:x:::|	35 7c3a62617c3a7c7c787c7c7862627c3a787c7c61627c3a787c3a787c3a7c3a7c3a7c7c
8		0 
28	::|a:a:||aaab:	22 7c3a7c3a7c7c617c3a617c3a7c7c7c7c616161627c3a
39	bxxb:xx|||:bab:|xaxxxaabx:	34 627878627c3a78787c7c7c7c7c7c7c3a6261627c3a7c7c7861787878616162787c3a
8	ab|::|xbxx|bxaaba|xx|	6 61627c7c7c3a
40	|	2 7c7c
3	xb|xbxb|x|xba:|	2 7862
37	:xb||ax:|xbaa||a||xa::|bab|	35 7c3a78627c7c7c7c61787c3a7c7c786261617c7c7c7c617c7c7c7c78617c3a7c3a7c7c
10	b:ba|:|a|||a::xb|:|:|aa|x:	9 627c3a62617c7c7c3a
38	:ab||ab:aab||x:	22 7c3a61627c7c7c7c61627c3a6161627c7c7c7c787c3a
16	:||x	7 7c3a7c7c7c7c78
25	::a:aababab||	18 7c3a7c3a617c3a616162616261627c7c7c7c
40	a|xba:|x|a::xaa	21 617c7c7862617c3a7c7c787c7c617c3a7c3a786161
31	:xx|a:axa|axa|b:x	23 7c3a78787c7c617c3a6178617c7c6178617c7c627c3a78
34	:bb:a	7 7c3a62627c3a61
10	:::aa:x::ax||aa	8 7c3a7c3a7c3a6161
22	||xa|:|bxb|b:||x::	20 7c7c7c7c78617c7c7c3a7c7c6278627c7c627c3a
25	|bb||bxb|a|:	18 7c7c62627c7c7c7c6278627c7c617c7c7c3a
3	x:ababb::b	1 78
33	:axb||:|:b||a||:xxxa:aabb	31 7c3a6178627c7c7c7c7c3a7c7c7c3a627c7c7c7c617c7c7c7c7c3a78787861
35	xaaxx|x:b:x:x|xb:|bbb	28 78616178787c7c787c3a627c3a787c3a787c7c78627c3a7c7c626262
34	b||bxxa:::|ab:bb::a|xba	33 627c7c7c7c627878617c3a7c3a7c3a7c7c61627c3a62627c3a7c3a617c7c786261
29	|b|b|||::x:|:ba|a	27 7c7c627c7c627c7c7c7c7c7c7c3a7c3a787c3a7c7c7c3a62617c7c
24	:b|bba||bxbb:b:||xbx:ba:::a	23 7c3a627c7c6262617c7c7c7c627862627c3a627c3a7c7c
8	|x:x::|::||bxb	6 7c7c787c3a78
16	bb	2 6262
14	:|x:b|bx|:xxb:xxax:||:|	12 7c3a7c7c787c3a627c7c6278
4	||	2 7c7c
22	|a||:|::abx	18 7c7c617c7c7c7c7c3a7c7c7c3a7c3a616278
24	x:bxx:::axbaa|:xbb:|::b	23 787c3a6278787c3a7c3a7c3a61786261617c7c7c3a7862
11	ax:bb:xb:|ab||a|xbabx:|a|:bbx	10 61787c3a62627c3a7862
4	ab::|	2 6162
20	a|:a|x|aaa:::x::|aab	18 617c7c7c3a617c7c787c7c6161617c3a7c3a
8	bb|xba:	7 62627c7c786261
28	||b:ba|ax::abaxa|:|xa|abxxb:x:	26 7c7c7c7c627c3a62617c7c61787c3a7c3a61626178617c7c7c3a
28	:||axaaax:|:bx	20 7c3a7c7c7c7c6178616161787c3a7c7c7c3a6278
26	bbxx:	6 626278787c3a
22	xxa|a:||xxbaaa:a	20 7878617c7c617c3a7c7c7c7c7878626161617c3a
37	bab|	5 6261627c7c
15	abx	3 616278
5	b:abxaxa:xb:|:xxx|:x:|ba|	3 627c3a
10	bab|x|x:xx|abb:x:	8 6261627c7c787c7c
12	::||ba:axbx|a|:bx|b:|:ba:	10 7c3a7c3a7c7c7c7c6261
29	:|:x::||	15 7c3a7c7c7c3a787c3a7c3a7c7c7c7c
40	:ba	4 7c3a6261
27	xa:|axbaxx	12 78617c3a7c7c617862617878
20	:baxaa|b:x:bbx:b:b|:|xaa:bx:xb	18 7c3a62617861617c7c627c3a787c3a626278
14	:|aaab|xbbx||a|:abb::::a	13 7c3a7c7c616161627c7c786262
29		0 
11	|bbbb|aa|aaxa:|x::xa:aa	10 7c7c626262627c7c6161
19	xba|:x	8 7862617c7c7c3a78
25	babb:::x:bxb|bab:bxaxbxx:	23 626162627c3a7c3a7c3a787c3a6278627c7c6261627c3a
4	aa||a:	2 6161
35	x:|b:b:::x:::	22 787c3a7c7c627c3a627c3a7c3a7c3a787c3a7c3a7c3a
33	|a|bba|:ba:xx:x:|xbx:|:	32 7c7c617c7c6262617c7c7c3a62617c3a78787c3a787c3a7c7c7862787c3a7c7c
22	ab:xbb:|:bx||ab|bba:	21 61627c3a7862627c3a7c7c7c3a62787c7c7c7c6162
6	baxa::a|a|x:x|||xx|||	4 62617861
40	bxxbb|a|	10 62787862627c7c617c7c
27	axa|ax|	9 6178617c7c61787c7c
25	x|x|:|xa|x::xx||axxa|ax	23 787c7c787c7c7c3a7c7c78617c7c787c3a7c3a78787c7c
37	xbaa:a	7 786261617c3a61
9	xbab|:x|ba:xxbb:bx:x|xb||	8 786261627c7c7c3a
25	a|a:|x|:|bb	17 617c7c617c3a7c7c787c7c7c3a7c7c6262
29	b:ba|:::xbxxa:a||xxbb|xxxbxa:|	28 627c3a62617c7c7c3a7c3a7c3a78627878617c3a617c7c7c7c787862
31	aaxxxxbb||a|a:|bb:a:a	28 61617878787862627c7c7c7c617c7c617c3a7c7c62627c3a617c3a61
6	|ba	4 7c7c6261
26	x:xbb:bxba|:|::|xa:xax:bb:b:|	24 787c3a7862627c3a627862617c7c7c3a7c7c7c3a7c3a7c7c
17		0 
5	xab|:aaxab::x||xbax:	3 786162
3	a:|:|b:a|||x	1 61
31	b:|ba:|:a|||::bb:b|b	29 627c3a7c7c62617c3a7c7c7c3a617c7c7c7c7c7c7c3a7c3a62627c3a62
11	::axxaxb|a::|b||abbax	10 7c3a7c3a617878617862
19	x|aba|bbaa||ba:|a|xx	18 787c7c6162617c7c626261617c7c7c7c6261
19	ax|::a:|:xaxb|::xabbb|	18 61787c7c7c3a7c3a617c3a7c7c7c3a786178
22	x:x:xab:xxx|||aa	20 787c3a787c3a7861627c3a7878787c7c7c7c7c7c
5	aab:|:||bx|a:xaxabaxax|b|	3 616162
16	x|:bb:|baa:|bx|||:b|||:	14 787c7c7c3a62627c3a7c7c626161
22	x|:bx|xaxb|ab:bbx	21 787c7c7c3a62787c7c786178627c7c61627c3a6262
24	ba|xa:xb|:abaaa	19 62617c7c78617c3a78627c7c7c3a6162616161
16	xa:xxbxxxbba:axx|::b|::b	15 78617c3a7878627878786262617c3a
15	|b:||bbxxab|a	14 7c7c627c3a7c7c7c7c6262787861
38	b	1 62
20	abba:	6 616262617c3a
24	||xxaabx:bxb	15 7c7c7c7c7878616162787c3a627862
6	a|x::aabbxba:|:ab:||bx||aaxb	4 617c7c78
26	bxb::||aaba:xx|a|:x	24 6278627c3a7c3a7c7c7c7c616162617c3a78787c7c617c7c
39	x|:	5 787c7c7c3a
32	xx:	4 78787c3a
6	xb|b:b::|:bxxx||bbax:ab|b	4 78627c7c
22	x	1 78
22	x|ab:|b:a	13 787c7c61627c3a7c7c627c3a61
31	axaaa||axb:xa:xab:|bxxx|:a:a|	29 61786161617c7c7c7c6178627c3a78617c3a7861627c3a7c7c62787878
33	|xa::ab:|ab	16 7c7c78617c3a7c3a61627c3a7c7c6162
34	b|::x:axx|:|abx|b||:bba	33 627c7c7c3a7c3a787c3a6178787c7c7c3a7c7c6162787c7c627c7c7c7c7c3a6262
22	x||:a||x|:x|||	20 787c7c7c7c7c3a617c7c7c7c787c7c7c3a787c7c
30	x|aax:|b|:|b||b|x:	28 787c7c6161787c3a7c7c627c7c7c3a7c7c627c7c7c7c627c7c787c3a
39	ab|axaxx|||ba	17 61627c7c61786178787c7c7c7c7c7c6261
13	x||b:a	9 787c7c7c7c627c3a61
15	|:b:|ab|bb:a|:ba:xaxaaxa:	13 7c7c7c3a627c3a7c7c61627c7c
20	b:ba|||abb::|	18 627c3a62617c7c7c7c7c7c6162627c3a7c3a
16	bbaa|:|b|xx|:xaxbabax:	15 626261617c7c7c3a7c7c627c7c7878
26	aa	2 6161
8	a	1 61
17	bxb:|aab|xbabx::	16 6278627c3a7c7c6161627c7c78626162
35	|:ab|::b|a|	18 7c7c7c3a61627c7c7c3a7c3a627c7c617c7c
16	:baa	5 7c3a626161
24	bx:a||a:bx	14 62787c3a617c7c7c7c617c3a6278
16	:::a:xb||bax:xbbb|bax:aa:|a||a	15 7c3a7c3a7c3a617c3a78627c7c7c7c
25	:aa:x|ab:a:x|:a	22 7c3a61617c3a787c7c61627c3a617c3a787c7c7c3a61
40	abxxbaxxaxab|ab::x|	23 6162787862617878617861627c7c61627c3a7c3a787c7c
21	:|xbabax::b:aax	20 7c3a7c7c7862616261787c3a7c3a627c3a616178
31	abba:|baaa::::xax:||::bxx:b	29 616262617c3a7c7c626161617c3a7c3a7c3a7c3a7861787c3a7c7c7c7c
12	x|xa|x|a|bxb	10 787c7c78617c7c787c7c
35	bbaxba|xa||:|xa:xb|	26 6262617862617c7c78617c7c7c7c7c3a7c7c78617c3a78627c7c
23	x:||::|bab:aa|bb|b:xbxa|	22 787c3a7c7c7c7c7c3a7c3a7c7c6261627c3a61617c7c
23	:xx::b|bxb::babbxx	22 7c3a78787c3a7c3a627c7c6278627c3a7c3a62616262
26	xxb:abb|a|a:||x:|a||	25 7878627c3a6162627c7c617c7c617c3a7c7c7c7c787c3a7c7c
12	::|xbabab|b|||:abaaa	11 7c3a7c3a7c7c7862616261
23	a||xxb::b|a||b||b:bxa|	21 617c7c7c7c7878627c3a7c3a627c7c617c7c7c7c62
19	|aabxba|a:x	14 7c7c6161627862617c7c617c3a78
20	aaa	3 616161
27	x||a:|:|:|xx|	22 787c7c7c7c617c3a7c7c7c3a7c7c7c3a7c7c78787c7c
30	xb||:|xb:xxa:ba:a|x|xx|:	29 78627c7c7c7c7c3a7c7c78627c3a7878617c3a62617c3a617c7c787c7c
37	bb|:|bbb|a::|:bxaaa|	29 62627c7c7c3a7c7c6262627c7c617c3a7c3a7c7c7c3a62786161617c7c
3	:::abbx|::bxxxbba:ax:a|:x:b	2 7c3a
33	xx:xa	6 78787c3a7861
3	x|b:||:abbxbxx	1 78
38	:axbx||:bb:x:::	23 7c3a617862787c7c7c7c7c3a62627c3a787c3a7c3a7c3a
11	ax:axaa|a|:b::|aabaxaaa	10 61787c3a617861617c7c
8	a|a::x	6 617c7c617c3a
30	xxbbaaababx:	13 78786262616161626162787c3a
17	a|a:a|b:xx|axx:axba|xa	16 617c7c617c3a617c7c627c3a78787c7c
32	:a|a:|aaax:||a|bx:	27 7c3a617c7c617c3a7c7c616161787c3a7c7c7c7c617c7c62787c3a
20	a||b	6 617c7c7c7c62
16	aaxa:a|ba|x:axa|aaxaaabaab:	14 616178617c3a617c7c62617c7c78
24	a|bxa|b|a|:ba	18 617c7c6278617c7c627c7c617c7c7c3a6261
38	aa:b	5 61617c3a62
4	|a||||b|bx:|xb::bxxba|	2 7c7c
19	bx:ax|x:bxbaab:|x|ax:a|:	17 62787c3a61787c7c787c3a627862616162
14	||:a|x|bxxa|a:bxxx:|bxbaa:b|x	12 7c7c7c7c7c3a617c7c787c7c
37	||aa|baxxb:x|xaxbbb|:::aa	34 7c7c7c7c61617c7c62617878627c3a787c7c7861786262627c7c7c3a7c3a7c3a6161
37	b|aaaa|:xx:xaa|b|a:|:a:ax	35 627c7c616161617c7c7c3a78787c3a7861617c7c627c7c617c3a7c7c7c3a617c3a6178
4	:|xab	2 7c3a
28	bxx|:a|xxxx|a:ab|bxb|	26 6278787c7c7c3a617c7c787878787c7c617c3a61627c7c627862
6	|x::bx|	5 7c7c787c3a
22	xx:|xa:axab|ab|	20 78787c3a7c7c78617c3a617861627c7c61627c7c
32	xb:bbba:ax||aa:b||b|a|xb	31 78627c3a626262617c3a61787c7c7c7c61617c3a627c7c7c7c627c7c617c7c
33	xx|abx||:||||abb|bba|	31 78787c7c6162787c7c7c7c7c3a7c7c7c7c7c7c7c7c6162627c7c6262617c7c
26	xbx::bb	9 7862787c3a7c3a6262
22	xxxxaaabbx:|:|:xa:bxb|	20 787878786161616262787c3a7c7c7c3a7c7c7c3a
38	:bxbbab|a::|x:	20 7c3a6278626261627c7c617c3a7c3a7c7c787c3a
20	b:xaax:xxa:::a:|b:	18 627c3a786161787c3a7878617c3a7c3a7c3a
3	|	2 7c7c
13		0 
4	|:xxaa:b|b|a||abb||a|||	2 7c7c
19	xb::|	8 78627c3a7c3a7c7c
37	xab:xb|a:	12 7861627c3a78627c7c617c3a
26	a	1 61
37	a||b|:axb::	17 617c7c7c7c627c7c7c3a6178627c3a7c3a
24	xa:|::b:b|b|xx|	23 78617c3a7c7c7c3a7c3a627c3a627c7c627c7c78787c7c
35	ab:	4 61627c3a
25	baxa:axbxxxab:b:xb|	23 626178617c3a61786278787861627c3a627c3a78627c7c
17	x|aaxx:b|a:xa	15 787c7c616178787c3a627c7c617c3a
13	::	4 7c3a7c3a
39	|:|:baax:aab:ab::xx|:	31 7c7c7c3a7c7c7c3a626161787c3a6161627c3a61627c3a7c3a78787c7c7c3a
28	:|xbb:||:x:xxba:xx	26 7c3a7c7c7862627c3a7c7c7c7c7c3a787c3a787862617c3a7878
17	a:b|:	8 617c3a627c7c7c3a
34	a|	3 617c7c
8	:b|ax::::aaba:b|a||ab|xxb:b|b	7 7c3a627c7c6178
31	xxabx	5 7878616278
9	b|::|bbx||bxb|x:|x:	7 627c7c7c3a7c3a
13	ab:aaaxabb	11 61627c3a61616178616262
4	x|:|aax||a:|a|a:|babxx|xabb||	3 787c7c
7	xabxaxxxb|bxxa|	6 786162786178
11	bbxaba:	8 6262786162617c3a
31	axbbaxbbaa:|:|x|bxbxbx|	29 617862626178626261617c3a7c7c7c3a7c7c787c7c6278627862787c7c
34	::bbax|:b|b:|xb|::	28 7c3a7c3a626261787c7c7c3a627c7c627c3a7c7c78627c7c7c3a7c3a
40	a|:xaa:|:bbx:bb	21 617c7c7c3a7861617c3a7c7c7c3a6262787c3a6262
8	bxx:|aa|:::|b:bb|	7 6278787c3a7c7c
23	:b:xbbx:xx:|xa|:xxxa:aaa|a:bx|	21 7c3a627c3a786262787c3a78787c3a7c7c78617c7c
22	:a|xa:xbab:xbaa|a|	21 7c3a617c7c78617c3a786261627c3a786261617c7c
8	b:abaab||bb	7 627c3a61626161
31	xa|xbbxa::bx	15 78617c7c78626278617c3a7c3a6278
6	:bx:b:x|xaa:axbbx::||aaa|abbb	4 7c3a6278
11	xxa	3 787861
21		0 
25		0 
30	a:bb:bb:axbb	15 617c3a62627c3a62627c3a61786262
8	ab:|aab:ab	6 61627c3a7c7c
37	bb:a|x:b|ba|ba	19 62627c3a617c7c787c3a627c7c62617c7c6261
15	:b	3 7c3a62
28	b|xbba|x:bx:	16 627c7c786262617c7c787c3a62787c3a
31	:|abbx|a::x|a||a|bxbbaba:	30 7c3a7c7c616262787c7c617c3a7c3a787c7c617c7c7c7c617c7c62786262
20	bx|x||	9 62787c7c787c7c7c7c
5	|	2 7c7c
25	a|:x||:	12 617c7c7c3a787c7c7c7c7c3a
11	b|bx|a:xx:|xb|||xx:bb||a|||:x	10 627c7c62787c7c617c3a
31	bxxxb||:a|	14 62787878627c7c7c7c7c3a617c7c
11	a:|x:a::::ba:::abba||x	9 617c3a7c7c787c3a61
33	bax|:x|ba:a:axa:abxx::xb:	32 6261787c7c7c3a787c7c62617c3a617c3a6178617c3a616278787c3a7c3a7862
36	b:|b	6 627c3a7c7c62
8	axxx:aaxa||a	6 617878787c3a
19	bxx:a:x	9 6278787c3a617c3a78
21	xxxb:||:b|x|	18 787878627c3a7c7c7c7c7c3a627c7c787c7c
24	bba|xxb|ax:b||abbb:xbbx:	23 6262617c7c7878627c7c61787c3a627c7c7c7c61626262
11	|xbxxaxxbxx:x|x:|:bb||xx|ba|	10 7c7c7862787861787862
28	b::x|ab|xb:||aaa|	25 627c3a7c3a787c7c61627c7c78627c3a7c7c7c7c6161617c7c
9	aaaxxaa|ab:bxab||a|:b|	7 61616178786161
20	b:a::bbb	11 627c3a617c3a7c3a626262
26	b|:|a|:x|x:xaba	22 627c7c7c3a7c7c617c7c7c3a787c7c787c3a78616261
3	::a:|x|x||xba	2 7c3a
32	bba|x||b||b	16 6262617c7c787c7c7c7c627c7c7c7c62
19	x|b:|:|axxbax::|x:	18 787c7c627c3a7c7c7c3a7c7c617878626178
25	a|a|a|a:ab::xx	20 617c7c617c7c617c7c617c3a61627c3a7c3a7878
26	baxbx|:|x::	16 62617862787c7c7c3a7c7c787c3a7c3a
40	x||:b:a|bbxaa:xxaa|xxb:	31 787c7c7c7c7c3a627c3a617c7c62627861617c3a787861617c7c7878627c3a
21	:aa:abx|b:xxb:bx:xbbx:baax:	19 7c3a61617c3a6162787c7c627c3a7878627c3a
3	::axa|:ax||:|:xb	2 7c3a
14	|aa|abbxa:b||xb::::a:abxaxa	13 7c7c61617c7c61626278617c3a
8		0 
40	bxbbx||||b	14 62786262787c7c7c7c7c7c7c7c62
31	xbxb:x:axb:aa|a|aabbax|x|:bx:	29 786278627c3a787c3a6178627c3a61617c7c617c7c6161626261787c7c
26	ax|ab|xxxaxaaxa||b	22 61787c7c61627c7c7878786178616178617c7c7c7c62
40	:aa:xxx||:|:xa|:b:bxaabb	34 7c3a61617c3a7878787c7c7c7c7c3a7c7c7c3a78617c7c7c3a627c3a627861616262
5	x|bx::axba:bb|bbxxxa|||a:||axb	3 787c7c
32	bbb:a:aaxx:|a:axx|:|x:a:bb	31 6262627c3a617c3a616178787c3a7c7c617c3a6178787c7c7c3a7c7c787c3a
30	xaa:aa	7 7861617c3a6161
36	bb|xbababxabxba:|xb|	24 62627c7c7862616261627861627862617c3a7c7c78627c7c
35	|||xaxbxba:a:b|x|bbax|	30 7c7c7c7c7c7c786178627862617c3a617c3a627c7c787c7c626261787c7c
3	x::||bx:b|xxbxx:x:b:|::xabbabb	1 78
25	:x|abx||x:xbx::xaaxa:||b	24 7c3a787c7c6162787c7c7c7c787c3a7862787c3a7c3a7861
19	|bbaab|x:ax|xbxa	18 7c7c62626161627c7c787c3a61787c7c7862
7	bxax||:|x|axx:a:	6 627861787c7c
24	||bba:x|baaba|	19 7c7c7c7c6262617c3a787c7c62616162617c7c
28	::||b|b::::aa|:|ab|a|:a	26 7c3a7c3a7c7c7c7c627c7c627c3a7c3a7c3a7c3a61617c7c7c3a
8		0 
17		0 
10	|x|a|a::|:b|bx:baxa|::|a:||b	8 7c7c787c7c617c7c
9	xb|x:|x||	7 78627c7c787c3a
3	b	1 62
3	xa:xxxxxxxa:|x|	2 7861
24	bab:x:b:::|aa	19 6261627c3a787c3a627c3a7c3a7c3a7c7c6161
28	b|	3 627c7c
26	:::|	8 7c3a7c3a7c3a7c7c
30	a:axxbbxb:ba|a::xba|x:	29 617c3a617878626278627c3a62617c7c617c3a7c3a7862617c7c787c3a
3	bbb|a	2 6262
5	b|x:ab:ba:a|bba:|::b:axa	3 627c7c
17	x:b|bax:xb:	15 787c3a627c7c6261787c3a78627c3a
36	abaababxa::||b:::x:a	28 6162616162616278617c3a7c3a7c7c7c7c627c3a7c3a7c3a787c3a61
40	x|b|:	8 787c7c627c7c7c3a
25	:|a|abbxxb|:	17 7c3a7c7c617c7c6162627878627c7c7c3a
5	abxx:a:xbx::||b::	4 61627878
23	bxbb:a:a::|xb|x	21 627862627c3a617c3a617c3a7c3a7c7c78627c7c78
21	axbx||x|:b|baba	20 617862787c7c7c7c787c7c7c3a627c7c62616261
17	|aa	4 7c7c6161
31	|a|xb:|aa|x||ab|ba||xbba::x|:	30 7c7c617c7c78627c3a7c7c61617c7c787c7c7c7c61627c7c62617c7c7c7c
17	b::axxa|baxx||aab:x	15 627c3a7c3a617878617c7c62617878
37	|::x|b:bxaa:baa||	25 7c7c7c3a7c3a787c7c627c3a627861617c3a6261617c7c7c7c
40	|a:b:|:::|||x:	25 7c7c617c3a627c3a7c7c7c3a7c3a7c3a7c7c7c7c7c7c787c3a
24	ab:a:b|a|:xb|xabb|::ax|x|a|xx:	23 61627c3a617c3a627c7c617c7c7c3a78627c7c78616262
35	a|x:	6 617c7c787c3a
37	bbb:bb|bx||x	16 6262627c3a62627c7c62787c7c7c7c78
15	xb|b|xxx:|:a|:bb|a:aa|bbx	14 78627c7c627c7c7878787c3a7c7c
12	x:b|bab|:a|:b:	11 787c3a627c7c6261627c7c
23	|:|||	10 7c7c7c3a7c7c7c7c7c7c
31	|xxbb|:::bxxb|a|b::|b|bba|	30 7c7c787862627c7c7c3a7c3a7c3a627878627c7c617c7c627c3a7c3a7c7c
19	bb:baaxbbba|:xbax|x|xx	18 62627c3a62616178626262617c7c7c3a7862
21	bxb:abxa||xxb:|:	20 6278627c3a616278617c7c7c7c7878627c3a7c7c
6	|aabx|xa|:baxab:	5 7c7c616162
11	ab:|a|abbxa|::||axxx|xxb	9 61627c3a7c7c617c7c
38	|:|x|a::x:x:a:a|x::	31 7c7c7c3a7c7c787c7c617c3a7c3a787c3a787c3a617c3a617c7c787c3a7c3a
10	:xax||aax:xbaaaxxx	9 7c3a7861787c7c7c7c
12	b|:|bxabxbab:b:bbbbbbbxxxbxba|	11 627c7c7c3a7c7c62786162
6	||ax|xxx|x:ba:a:bx:ab:||x:	4 7c7c7c7c
30	aababa	6 616162616261
17	:aa:aax|||	15 7c3a61617c3a6161787c7c7c7c7c7c
32	x:b::::xx|x:	19 787c3a627c3a7c3a7c3a7c3a78787c7c787c3a
29	a::||:ax|b:|abb::::|xb|	27 617c3a7c3a7c7c7c7c7c3a61787c7c627c3a7c7c6162627c3a7c3a
10	:b:xaxx:|:|b:b|axx:x|b|::a|a:	9 7c3a627c3a78617878
37		0 
18	:x	3 7c3a78
17	:xa|a	7 7c3a78617c7c61
18	bbx::||x:ab|x:baa	16 6262787c3a7c3a7c7c7c7c787c3a6162
24	bb	2 6262
12	ab:|:bx:x:|ax||bx:|xba:x:a|x	10 61627c3a7c7c7c3a6278
24	:|bbbb:|bxbx|::::xaxx|	22 7c3a7c7c626262627c3a7c7c627862787c7c7c3a7c3a
24		0 
22	a|aaa|axbxbaa:||a|:bbxx|b:abbx	21 617c7c6161617c7c617862786261617c3a7c7c7c7c
6	:bax:|bxbx:::|ax|b:a	5 7c3a626178
36	:x:|b|axx:bbxbb:|xb|	28 7c3a787c3a7c7c627c7c6178787c3a62627862627c3a7c7c78627c7c
25	|x:bb||x:aa:||||a:x:b	24 7c7c787c3a62627c7c7c7c787c3a61617c3a7c7c7c7c7c7c
23	xx|:xx	8 78787c7c7c3a7878
26	|ax|x	7 7c7c61787c7c78
18	a|::abxxx:xa|aa|bbb|:axab:x	16 617c7c7c3a7c3a61627878787c3a7861
23	:axaab|x:a	13 7c3a61786161627c7c787c3a61
20	a:bb	5 617c3a6262
15		0 
22	:bxbbb:xax|:a:a||xa:|:b||b	20 7c3a62786262627c3a7861787c7c7c3a617c3a61
30	:b:aa:|xx:a:	18 7c3a627c3a61617c3a7c7c78787c3a617c3a
13	bxbxb:|:b:xaabx|:a:bb:|	11 62786278627c3a7c7c7c3a
25	bxabx|aab:|:	16 62786162787c7c6161627c3a7c7c7c3a
6	::a	4 7c3a7c3a
29	:|:a|ba|xba||ax:xa	26 7c3a7c7c7c3a617c7c62617c7c7862617c7c7c7c61787c3a7861
26	ba:x|xxbxa:b|||x|xbxba	24 62617c3a787c7c78786278617c3a627c7c7c7c7c7c787c7c
12	:bb::|bbax:|b|xbaa|axbxab|xb	10 7c3a62627c3a7c3a7c7c
25	a|b:b:|x|	14 617c7c627c3a627c3a7c7c787c7c
38	|xxab|:aa::bbbaa:::||a	32 7c7c787861627c7c7c3a61617c3a7c3a62626261617c3a7c3a7c3a7c7c7c7c61
10		0 
37	:ab|xaa	9 7c3a61627c7c786161
29	:bbxba:x	10 7c3a62627862617c3a78
11		0 
40	a|a|:abxxb|:xbx:|b||:|bbxab	38 617c7c617c7c7c3a61627878627c7c7c3a7862787c3a7c7c627c7c7c7c7c3a7c7c6262786162
4	|b|a|ab|aba||:bbbb|a|x:baxa	2 7c7c
10	||||b|b|xa||b|b|bbx:x|ba	8 7c7c7c7c7c7c7c7c
3	:xb|:b:x|bxxaa|b:bb|x||	2 7c3a
10	::bxxaba::||ab|aab:|:|x	9 7c3a7c3a6278786162
28	b::|a:	10 627c3a7c3a7c7c617c3a
38	||b:baxa|::|:::xxxx|a:|bxbaa	36 7c7c7c7c627c3a626178617c7c7c3a7c3a7c7c7c3a7c3a7c3a787878787c7c617c3a7c7c
34	|abx:b:b:||aa||aa:a|:a:x:b	32 7c7c6162787c3a627c3a627c3a7c7c7c7c61617c7c7c7c61617c3a617c7c7c3a
28	a:b:aaax||:x	17 617c3a627c3a616161787c7c7c7c7c3a78
33		0 
13	bba|a:bx|axb|b|bxbax|bxax::bbb	12 6262617c7c617c3a62787c7c
7		0 
34	b:b:||a|x|ba|::|axxba	31 627c3a627c3a7c7c7c7c617c7c787c7c62617c7c7c3a7c3a7c7c6178786261
17	b|bb:|xa|bx|:b|::::b::x:aa|	15 627c7c62627c3a7c7c78617c7c6278
15	a|xbxb	7 617c7c78627862
15	|axa||xx:axabb|ab|:|xxabax|a	13 7c7c6178617c7c7c7c78787c3a
29	:b:x|:xa:a|:|b|a::|:x|x|abb	27 7c3a627c3a787c7c7c3a78617c3a617c7c7c3a7c7c627c7c617c3a
30	:bx	4 7c3a6278
3	::ba:abx|xa||bb|x|xb:axabb|x	2 7c3a
22	b	1 62
4	:a||ab|	2 7c3a
24	a|:bb|:b|a|baxx|aa	23 617c7c7c3a62627c7c7c3a627c7c617c7c626178787c7c
4	b:bx|ba|bba:|xx::|	3 627c3a
34	ax|b:|bxbaa|a:a|aaxba|a|xa:ax	32 61787c7c627c3a7c7c62786261617c7c617c3a617c7c61617862617c7c617c7c
15	a:bx::xxxbb:xbx:|a:|bxaabxa|:	14 617c3a62787c3a7c3a7878786262
28	xa	2 7861
5	:|aabb|x::b|x|a:bxx:ab	4 7c3a7c7c
11	xab|xb|:|x|:::b	9 7861627c7c78627c7c
25	ab:|:xb::|	16 61627c3a7c7c7c3a78627c3a7c3a7c7c
25	b:|aax|x	11 627c3a7c7c6161787c7c78
6	bbaa:|babb|xx:|b:x:|xx	4 62626161
34	axax:	6 617861787c3a
8	::|bbaxx:::||xxba:|ab|	6 7c3a7c3a7c7c
11	:a::|:a::b	9 7c3a617c3a7c3a7c7c
27	aa|	4 61617c7c
30	|:bb:bx:	12 7c7c7c3a62627c3a62787c3a
10	|xb:aba|xxbbx	9 7c7c78627c3a616261
20		0 
35	xb:ba:axaxxa|a:bb:bx||:bx|	33 78627c3a62617c3a6178617878617c7c617c3a62627c3a62787c7c7c7c7c3a6278
30	bxxb:aaxx|:|:aa::aa:	28 627878627c3a616178787c7c7c3a7c7c7c3a61617c3a7c3a61617c3a
29	:ax	4 7c3a6178
38	x|a|x|xbbab:b||:b:aa	28 787c7c617c7c787c7c78626261627c3a627c7c7c7c7c3a627c3a6161
36	a:|a:|aax||::b|ab::|	32 617c3a7c7c617c3a7c7c6161787c7c7c7c7c3a7c3a627c7c61627c3a7c3a7c7c
19	a:aa|:ax||||bx:aaxaa	17 617c3a61617c7c7c3a61787c7c7c7c7c7c
31	::bx:bx::	14 7c3a7c3a62787c3a62787c3a7c3a
38	abbb:bax|bxxx|:bxb|a	25 616262627c3a6261787c7c627878787c7c7c3a6278627c7c61
40	|a|aax	8 7c7c617c7c616178
17	:|x|:|xx:||	15 7c3a7c7c787c7c7c3a7c7c78787c3a
28	x|bx	5 787c7c6278
20	bb:	4 62627c3a
26	xaxxa:a:x|x|	16 78617878617c3a617c3a787c7c787c7c
21	|	2 7c7c
21	:::a:	9 7c3a7c3a7c3a617c3a
33	aabbxbx	7 61616262786278
22	x	1 78
19	aa:||:|xaaa||a|x|bxa:ab||bx:x	18 61617c3a7c7c7c7c7c3a7c7c786161617c7c
7	b	1 62
5	a:x:xaxxxa|xx|x:b||x::|	3 617c3a
7	a|	3 617c7c
22	x:xabaaabb|a	14 787c3a78616261616162627c7c61
37	abaax:a::x:||bxa|axbx:|x	33 61626161787c3a617c3a7c3a787c3a7c7c7c7c6278617c7c617862787c3a7c7c78
9	|b:|:a:b::||a:b|bab|xb:	7 7c7c627c3a7c7c
39	b|xb:	7 627c7c78627c3a
24	|b:|aa	9 7c7c627c3a7c7c6161
40	xx	2 7878
8	x:|||:xbxx|b|x	7 787c3a7c7c7c7c
13		0 
30	:abx|xx|b:	14 7c3a6162787c7c78787c7c627c3a
31	|bbaaa::|a|a|a:xx	24 7c7c62626161617c3a7c3a7c7c617c7c617c7c617c3a7878
20	b	1 62
7	:x:|::aa:x|abbbx:xa|ba	5 7c3a787c3a
15	||xxabbbax:b:||b	14 7c7c7c7c78786162626261787c3a
29	a:xbb:::|aaxabx|x:||ax:	27 617c3a7862627c3a7c3a7c3a7c7c6161786162787c7c787c3a7c7c
14	xa|bbxbbbxx:a::abxa:a:b	12 78617c7c6262786262627878
37	b|ax::xax	12 627c7c61787c3a7c3a786178
33	a:bxb||a::a:a:bb|:x::x:|bx|:	32 617c3a6278627c7c7c7c617c3a7c3a617c3a617c3a62627c7c7c3a787c3a7c3a
20	x|ab||||baxb	17 787c7c61627c7c7c7c7c7c7c7c62617862
6	x:|aaa:|:a|:aa:|xx|x:aax:xabab	5 787c3a7c7c
30	||xa::b|b	14 7c7c7c7c78617c3a7c3a627c7c62
7	|||b|axa|x|baaxxx|ba	6 7c7c7c7c7c7c
15		0 
27	xa:|	6 78617c3a7c7c
38	:|bx:xaaa::a	17 7c3a7c7c62787c3a786161617c3a7c3a61
3	:b||xxxa|||b:	2 7c3a
38	x|:x|:abbb|||ab	22 787c7c7c3a787c7c7c3a616262627c7c7c7c7c7c6162
39	aa::::xaa|xaxx:||x||xbb	33 61617c3a7c3a7c3a7c3a7861617c7c786178787c3a7c7c7c7c787c7c7c7c786262
12	a::x:axab|	11 617c3a7c3a787c3a617861
34	x:|x:xaaxbb:aaxxb||x	26 787c3a7c7c787c3a7861617862627c3a61617878627c7c7c7c78
4	aaaa|bb||xx	3 616161
29	|::bbbx|:|	16 7c7c7c3a7c3a626262787c7c7c3a7c7c
34	|babb||:ax||a|b:axx||::a|	33 7c7c626162627c7c7c7c7c3a61787c7c7c7c617c7c627c3a6178787c7c7c7c7c3a
39	|a|::abaab|	16 7c7c617c7c7c3a7c3a61626161627c7c
22	xxb:aabxb|:|x||xb:xaxxxx|:b|a	21 7878627c3a61616278627c7c7c3a7c7c787c7c7c7c
3	a	1 61
22	aaxx|:aa	10 616178787c7c7c3a6161
8	||	4 7c7c7c7c
31	::baxb|b:a:xbax||abb	27 7c3a7c3a626178627c7c627c3a617c3a786261787c7c7c7c616262
4	ba:|:axaax|b|:bb:a:bx	2 6261
35	||::xx|:b:xb|bbxx:ba||bbb	33 7c7c7c7c7c3a7c3a78787c7c7c3a627c3a78627c7c626278787c3a62617c7c7c7c
33	axa:||ax|:|:::a||x|x	31 6178617c3a7c7c7c7c61787c7c7c3a7c7c7c3a7c3a7c3a617c7c7c7c787c7c
5	b:xxba:|::abx|a|x|bba:a	3 627c3a
15	aab|aa|bb	11 6161627c7c61617c7c6262
18	x:a|aabxax|||bbab|bab:bxaaaxx|	16 787c3a617c7c6161627861787c7c7c7c
26		0 
32	||||:b|bxbb:::x:|xxaxxbx|||x|	31 7c7c7c7c7c7c7c7c7c3a627c7c627862627c3a7c3a7c3a787c3a7c7c787861
27	a	1 61
12	:|::x:aaxb:|ab|aa	11 7c3a7c7c7c3a7c3a787c3a
37	|:x|axax|ax|	17 7c7c7c3a787c7c617861787c7c61787c7c
19	xba::|:|a	14 7862617c3a7c3a7c7c7c3a7c7c61
28	:ba:ax:ab|:	16 7c3a62617c3a61787c3a61627c7c7c3a
34		0 
22	|x|a|a:|::|b|	20 7c7c787c7c617c7c617c3a7c7c7c3a7c3a7c7c62
22	x	1 78
39	:xaxabx::|xx|a::b|bax	29 7c3a7861786162787c3a7c3a7c7c78787c7c617c3a7c3a627c7c626178
20	a|ba:ba|x:xx:b|bx:	18 617c7c62617c3a62617c7c787c3a78787c3a
32	bb|aab|baaxa|:xax|bb|xxx:aa|bx	30 62627c7c6161627c7c62616178617c7c7c3a7861787c7c62627c7c787878
33	xa|xaa:x|:xxa:xbbx|xba	28 78617c7c7861617c3a787c7c7c3a7878617c3a786262787c7c786261
21	ab:x:xb	9 61627c3a787c3a7862
18	aabxax|xb:|xbb|axb|x:abaax|	17 6161627861787c7c78627c3a7c7c786262
20	|xx||a|:::a	18 7c7c78787c7c7c7c617c7c7c3a7c3a7c3a61
36	b|	3 627c7c
23	ba::x||:b|b:|xb:b:x|	21 62617c3a7c3a787c7c7c7c7c3a627c7c627c3a7c7c
21	:||aba:aaxx:a|bb:bx|:xb|x|	20 7c3a7c7c7c7c6162617c3a616178787c3a617c7c
25	|x:ab|xxax	13 7c7c787c3a61627c7c78786178
29	x	1 78
31	a|xxxxxxxaabb|:aabaa:|	27 617c7c78787878787878616162627c7c7c3a61616261617c3a7c7c
18	x|xbx|x|xa	13 787c7c7862787c7c787c7c7861
20	xbxb|bba:bx|axax|ax|b::b|:a	19 786278627c7c6262617c3a62787c7c61786178
40	aab||abaaabba	15 6161627c7c7c7c6162616161626261
20	x::axxa	9 787c3a7c3a61787861
35	bbx|x|x|::bxx|b|axx:b:	31 6262787c7c787c7c787c7c7c3a7c3a6278787c7c627c7c6178787c3a627c3a
16	bab||ab::|b|ba|a	15 6261627c7c7c7c61627c3a7c3a7c7c
36	::aa	6 7c3a7c3a6161
13		0 
16	||	4 7c7c7c7c
19	aa|bxx::xbbbb:|b:ba	18 61617c7c6278787c3a7c3a78626262627c3a
8	:|||ab|x:x	6 7c3a7c7c7c7c
22	xx|a	5 78787c7c61
25	aaaaxa:b:bb|b:||xa:|b|bb|::a	24 6161616178617c3a627c3a62627c7c627c3a7c7c7c7c7861
23	b|xbab|bbb:xbaa:x:bax:xa	21 627c7c786261627c7c6262627c3a786261617c3a78
10		0 
20	ab:bxxx|xb|::	18 61627c3a627878787c7c78627c7c7c3a7c3a
32	bx:abaxaxbxaxax	16 62787c3a616261786178627861786178
27	a	1 61
13	|xaaax:|:|axxab:||b|	11 7c7c78616161787c3a7c7c
13	::b|a|a:a:::|:b	11 7c3a7c3a627c7c617c7c61
35	b:a::bba	11 627c3a617c3a7c3a626261
13	a|b:|b:a||:b|	11 617c7c627c3a7c7c627c3a
23	axxb|x::b|	14 617878627c7c787c3a7c3a627c7c
39	axa|b|ba|xxabba||a|ax:x::aa|b|	38 6178617c7c627c7c62617c7c7878616262617c7c7c7c617c7c61787c3a787c3a7c3a61617c7c
20	x:x:ax||:ababxxa|aab:::	19 787c3a787c3a61787c7c7c7c7c3a6162616278
29	:b|abxa:a|axxabxxbaaxabb|:::	28 7c3a627c7c616278617c3a617c7c6178786162787862616178616262
5	aaa|	3 616161
17	:ba|xa|||:::a|	16 7c3a62617c7c78617c7c7c7c7c7c7c3a
33	|bx:|xab|xxb|a:	21 7c7c62787c3a7c7c7861627c7c7878627c7c617c3a
12	::b|x|bxxxa||	10 7c3a7c3a627c7c787c7c
24	x:xx:bba:a:baa:x|xaxa	23 787c3a78787c3a6262617c3a617c3a6261617c3a787c7c
19	:b	3 7c3a62
27	a|	3 617c7c
16	:xb	4 7c3a7862
13	xba|bb|a:x|b||xb:bb	12 7862617c7c62627c7c617c3a
30	aa|x	5 61617c7c78
8	bxb|b|:ba|baa:bab:|	6 6278627c7c62
6	xxaxbb:b|x|:|xx:baba|:axb:	5 7878617862
29	xx	2 7878
17		0 
19	|a:	5 7c7c617c3a
10	ba:bx:baa|::	8 62617c3a62787c3a
7	b	1 62
27	a|xbxbabx|	12 617c7c786278626162787c7c
36	:b:::xb|xx:x|abxaxb	26 7c3a627c3a7c3a7c3a78627c7c78787c3a787c7c616278617862
4	:xb|::bxa:|xaba|xx|:x|ba	2 7c3a
17	ab|:baaa||b|||a	15 61627c7c7c3a626161617c7c7c7c62
13	:|abb|ax	11 7c3a7c7c6162627c7c6178
20	b::b	6 627c3a7c3a62
14	a::::bb	11 617c3a7c3a7c3a7c3a6262
10	|a:|:aabax||	9 7c7c617c3a7c7c7c3a
37	bxb:xxb:bb|bx:	18 6278627c3a7878627c3a62627c7c62787c3a
29	:b	3 7c3a62
9	bx|bb|b:xxabaa:a:|x:x|	8 62787c7c62627c7c
29	a|a:a|ba|::::	21 617c7c617c3a617c7c62617c7c7c3a7c3a7c3a7c3a
36	|bbbb	6 7c7c62626262
4	axb|x|xaaxb:|xa:||x:|aa:|	3 617862
13	x::b|||b	12 787c3a7c3a627c7c7c7c7c7c
15	axx:x|ax|:||	14 6178787c3a787c7c61787c7c7c3a
7	:bb|:a::	6 7c3a62627c7c
8	aaa|:baxabxb:aabb|aa:b:bx||x:x	7 6161617c7c7c3a
5	::b|x|||::abxba:	4 7c3a7c3a
8	::|:a:axb:	6 7c3a7c3a7c7c
4	:ba|axa|:a:|	2 7c3a
20	a|:|xx:aaa:b:xbbaa:ba|	19 617c7c7c3a7c7c78787c3a6161617c3a627c3a
38	||x:bax|ba::xbxaba:aab::x|ax	36 7c7c7c7c787c3a6261787c7c62617c3a7c3a7862786162617c3a6161627c3a7c3a787c7c
40	x|a|xa:a|baxa:xxa:xxx|x:aa|	36 787c7c617c7c78617c3a617c7c626178617c3a7878617c3a7878787c7c787c3a61617c7c
14	|bb:xa|bb|b|a	12 7c7c62627c3a78617c7c6262
25	:aaaxaxaxa|a:xb::||:|:ax::x|a	24 7c3a6161617861786178617c7c617c3a78627c3a7c3a7c7c
21	bba|ab|||abxa	17 6262617c7c61627c7c7c7c7c7c61627861
7	xx|b|:bbb:	5 78787c7c62
24	||bxb|bbx	12 7c7c7c7c6278627c7c626278
25	axa:x::b:x:ab||b|x:a|bbxbbb:a	23 6178617c3a787c3a7c3a627c3a787c3a61627c7c7c7c62
7	xxabax:||:xb|::	6 787861626178
12	|:a:|::b|ab|xxbb	11 7c7c7c3a617c3a7c7c7c3a
29	bb|ba|a||::b	18 62627c7c62617c7c617c7c7c7c7c3a7c3a62
14	xb:|	6 78627c3a7c7c
17	|bbx||::	13 7c7c6262787c7c7c7c7c3a7c3a
4	:bb:axbax|	2 7c3a
9	|x|bb|bbxbx||:b|:xa|a:	7 7c7c787c7c6262
39	|x|:|ba|a|a|bb|a	24 7c7c787c7c7c3a7c7c62617c7c617c7c617c7c62627c7c61
18	:x:::aabx|b	16 7c3a787c3a7c3a7c3a616162787c7c62
34	:|baxx|baaxxxxx:babx|ba|x:	33 7c3a7c7c626178787c7c62616178787878787c3a626162787c7c62617c7c787c3a
39	x:abxx:bxx|	14 787c3a616278787c3a6278787c7c
4	:|ab:::xxaa	2 7c3a
36	:x:|baxa	11 7c3a787c3a7c7c62617861
17		0 
9	:bba|aa|bax:aa:aa:	7 7c3a6262617c7c
30		0 
3	||bx::|b:b:x:	2 7c7c
13	xbx	3 786278
12	:xxbxa|x	10 7c3a78786278617c7c78
23	:xb	4 7c3a7862
34	x|:xaababba|||b:	22 787c7c7c3a78616162616262617c7c7c7c7c7c627c3a
29	|xaa||:a:x|ax|::a	26 7c7c7861617c7c7c7c7c3a617c3a787c7c61787c7c7c3a7c3a61
28	:a:|:xa	11 7c3a617c3a7c7c7c3a7861
24	aabbxbx|:b||bx	18 616162627862787c7c7c3a627c7c7c7c6278
30	:b|bx:abb|:a|a:xab|bab:aa	29 7c3a627c7c62787c3a6162627c7c7c3a617c7c617c3a7861627c7c6261
38	::||x::bbaba:::abx	27 7c3a7c3a7c7c7c7c787c3a7c3a62626162617c3a7c3a7c3a616278
29	a|b:axxba	11 617c7c627c3a6178786261
29	:||x|b|ax:::bxaxx	25 7c3a7c7c7c7c787c7c627c7c61787c3a7c3a7c3a6278617878
14	:b|ax|bxa|:	12 7c3a627c7c61787c7c627861
3	|xb:x	2 7c7c
33	abxb:bxx:xb|::bbab|	25 616278627c3a6278787c3a78627c7c7c3a7c3a626261627c7c
18	abxbx|:baxb|b	16 61627862787c7c7c3a626178627c7c62
26	bb|xax|baaax:b	17 62627c7c7861787c7c62616161787c3a62
6	x|b:b|::|:b	4 787c7c62
33	axbaaa|:bbxaxbx:b|aa	24 6178626161617c7c7c3a626278617862787c3a627c7c6161
17	|ababxa|xaxb:x	16 7c7c6162616278617c7c786178627c3a
8	|b|a:abxa|xbba|:a|b:bbxb||ba	6 7c7c627c7c61
11	b:||ab|:abb|xaa:b|:a|a||x	9 627c3a7c7c7c7c6162
3	::|::aa:a|::||:b|b:||aaa	2 7c3a
39	:xx:|xabx:x:ba|xab:a:|:b|	36 7c3a78787c3a7c7c786162787c3a787c3a62617c7c7861627c3a617c3a7c7c7c3a627c7c
30	aa||a|:b|xx	16 61617c7c7c7c617c7c7c3a627c7c7878
38	|x||x:::|a|a:|a	25 7c7c787c7c7c7c787c3a7c3a7c3a7c7c617c7c617c3a7c7c61
12	a:x:|:|	10 617c3a787c3a7c7c7c3a
17	xbb|xb:b|:ba|b:bxb	16 7862627c7c78627c3a627c7c7c3a6261
35	aa|bxbb|x||a:b::a:ax|b	31 61617c7c627862627c7c787c7c7c7c617c3a627c3a7c3a617c3a61787c7c62
27	axabx||:|ab||xbbbb|bxa::bxx:	26 61786162787c7c7c7c7c3a7c7c61627c7c7c7c78626262627c7c
37	xbbb:bxbxa:|ax|:bb	23 786262627c3a62786278617c3a7c7c61787c7c7c3a6262
12	b|xax:a::::|	11 627c7c7861787c3a617c3a
14	|bx	4 7c7c6278
13	axbbxaa||x|	11 617862627861617c7c7c7c
20	:xxbx	6 7c3a78786278
34	abxa|:|:xb|ba:b|||:bbx:x::|	32 616278617c7c7c3a7c7c7c3a78627c7c62617c3a627c7c7c7c7c7c7c3a626278
37	|x|aa:xb|a:xa|x::|bxaxaa	33 7c7c787c7c61617c3a78627c7c617c3a78617c7c787c3a7c3a7c7c627861786161
31	||x:b:bbb|aabaa::xx|xxb:	30 7c7c7c7c787c3a627c3a6262627c7c61616261617c3a7c3a78787c7c7878
27	a|axx:ax:|babx|x|xa	25 617c7c6178787c3a61787c3a7c7c626162787c7c787c7c7861
21	|b:xbx:|	12 7c7c627c3a7862787c3a7c7c
26	:b|:|b|::abbxxabxbx|aab:xaxaxx	25 7c3a627c7c7c3a7c7c627c7c7c3a7c3a616262787861627862
38	abxbxxbb|:|b	15 61627862787862627c7c7c3a7c7c62
33	:axa	5 7c3a617861
28	aa|x|||xabb|bx:xax|b:bx|bxaa	26 61617c7c787c7c7c7c7c7c786162627c7c62787c3a7861787c7c
6	baxa:|b:|||xb|:b:xa|b|	4 62617861
13	:bx:bba|::b:bb:|a:b|xbb|aaa:x	11 7c3a62787c3a6262617c7c
26	|bx:xa|x:bbbb:b	20 7c7c62787c3a78617c7c787c3a626262627c3a62
31	b||:b:ab||babaa::b|abb||b:ax	30 627c7c7c7c7c3a627c3a61627c7c7c7c62616261617c3a7c3a627c7c6162
27	babb|aaa:xba|::|xb|a:a	26 626162627c7c6161617c3a7862617c7c7c3a7c3a7c7c78627c7c
37	xb:xx|x:xbb:|xxbbb	23 78627c3a78787c7c787c3a7862627c3a7c7c7878626262
24	|bxbx:|	10 7c7c627862787c3a7c7c
33	xbxaabx|aa	11 786278616162787c7c6161
25	ab	2 6162
15	xa:|ba:b|a|:b|:b:bx|:|axx:::xb	13 78617c3a7c7c62617c3a627c7c
21	bbbb|bbabbabx:xbx::a|bb:a|b:x	19 626262627c7c62626162626162787c3a786278
24	|::|x:baaaxxxbaxb:x|::::axa	22 7c7c7c3a7c3a7c7c787c3a6261616178787862617862
4	x|x|||bbxaxx:xa|:b	3 787c7c
10	xb	2 7862
15	bb:|	6 62627c3a7c7c
7	ba:|	6 62617c3a7c7c
12	:b|:x|:b	10 7c3a627c7c7c3a787c7c
33	|bb:::aabx|x|baa	22 7c7c62627c3a7c3a7c3a616162787c7c787c7c626161
35	aa|a::axaa:x	16 61617c7c617c3a7c3a617861617c3a78
5	xaa|bb:a:xbbaa::xa	3 786161
31	xx:ab:x|:|x|b|||b::x|	30 78787c3a61627c3a787c7c7c3a7c7c787c7c627c7c7c7c7c7c627c3a7c3a
34	|||xbaabbxb|a:baxb:aax	28 7c7c7c7c7c7c78626161626278627c7c617c3a626178627c3a616178
20	|x:x:bbxxaxx:|bx:||a:bx:ax	19 7c7c787c3a787c3a626278786178787c3a7c7c
38	xx:x|:baxa|aax|:bx|	26 78787c3a787c7c7c3a626178617c7c6161787c7c7c3a62787c7c
32	a|||:	9 617c7c7c7c7c7c7c3a
32	x:xxb:xabaabxb|b|a:b|x	28 787c3a7878627c3a78616261616278627c7c627c7c617c3a627c7c78
38	|abbb	6 7c7c61626262
17	x|bb:bx:bb:|aa::axx||	15 787c7c62627c3a62787c3a62627c3a
11	::bx|b:|a||xabbbxa:	9 7c3a7c3a62787c7c62
5		0 
16	:|b|b	8 7c3a7c7c627c7c62
16	a:bbxxbba:	12 617c3a626278786262617c3a
17	xx:x:	7 78787c3a787c3a
35	|:xabx:bbxb:	16 7c7c7c3a786162787c3a626278627c3a
31	bxxx:|:bxbx:||x	21 627878787c3a7c7c7c3a627862787c3a7c7c7c7c78
12	:b:|a::bx||:bx	10 7c3a627c3a7c7c617c3a
38	a|xb|baaxxaba:x|:	22 617c7c78627c7c62616178786162617c3a787c7c7c3a
34	:abb|xxb|bb:|a::b:b|	29 7c3a6162627c7c7878627c7c62627c3a7c7c617c3a7c3a627c3a627c7c
31	|xba:xbba|xb:aa|ababa||:b|:x:x	30 7c7c7862617c3a786262617c7c78627c3a61617c7c61626162617c7c7c7c
26	bxx::ba:xa:	15 6278787c3a7c3a62617c3a78617c3a
5	:x|a|x:|x|xab|bbxxx|	3 7c3a78
35	xaax:aa|	10 786161787c3a61617c7c
23	bba:bxxb:b:bb	16 6262617c3a627878627c3a627c3a6262
13	||aaaaab::b:b::|bba:|	12 7c7c7c7c6161616161627c3a
36	ab:xb:a|::xxxb:b:|:	28 61627c3a78627c3a617c7c7c3a7c3a787878627c3a627c3a7c7c7c3a
36	|ba||x:ab|abb|ba|babb::||	34 7c7c62617c7c7c7c787c3a61627c7c6162627c7c62617c7c626162627c3a7c3a7c7c
10	xaxabx	6 786178616278
3	aa	2 6161
27	x|b||xxxbaxb:bba|aa	24 787c7c627c7c7c7c787878626178627c3a6262617c7c6161
22	baxaab|x::a	14 6261786161627c7c787c3a7c3a61
6	:||	4 7c3a7c7c
32	|bxx:|bxxx|	15 7c7c6278787c3a7c7c627878787c7c
33	::baba|b||ab||xb|:bx|xab:|:x	31 7c3a7c3a626162617c7c627c7c7c7c61627c7c7c7c78627c7c7c3a62787c7c
23	bxx:|:b|	12 6278787c3a7c7c7c3a627c7c
7	xxxx:b|xax	6 787878787c3a
5	xab:|bx:|a|bb|ax|bxxxa|a	3 786162
16	:x||bx:	11 7c3a787c7c7c7c62787c3a
28	abxaax||x	11 6162786161787c7c7c7c78
40	|x:|xab|b	13 7c7c787c3a7c7c7861627c7c62
28	aaxa|xb:|	12 616178617c7c78627c3a7c7c
16	a:axb|bb|abbaba::ax||::b|axb	15 617c3a6178627c7c62627c7c616262
12	x|::b:xb	10 787c7c7c3a7c3a627c3a
23	b:|:ax|abbxbx:a:	22 627c3a7c7c7c3a61787c7c6162627862787c3a617c3a
25	x|abxxxb	9 787c7c616278787862
10	|::a:a:	9 7c7c7c3a7c3a617c3a
14		0 
16	x:|x|	8 787c3a7c7c787c7c
10	bx|:bbx|a|:abbxx::baax	9 62787c7c7c3a626278
25	ab:||:|xa:||	20 61627c3a7c7c7c7c7c3a7c7c78617c3a7c7c7c7c
13	bx||x|:a|x|xb:a|xaxba|a	11 62787c7c7c7c787c7c7c3a
32	axax:bab	9 617861787c3a626162
32	b|a|bb|aa|:bbba|b|:	27 627c7c617c7c62627c7c61617c7c7c3a626262617c7c627c7c7c3a
19	a:ab|baaab	12 617c3a61627c7c6261616162
30	a|a||:baaxbbxa|xb:|x:::ax:xx	29 617c7c617c7c7c7c7c3a62616178626278617c7c78627c3a7c7c787c3a
23	b:abbb|ax|b:ba:|::b|x||a:xb	22 627c3a616262627c7c61787c7c627c3a62617c3a7c7c
17	:bb:aa|ax:baaa|bab:ab|:axa|||a	16 7c3a62627c3a61617c7c61787c3a6261
31	xxx|x:bb|xx	14 7878787c7c787c3a62627c7c7878
30	b||xbxxx|x|::|||x:baxb:xx	28 627c7c7c7c78627878787c7c787c7c7c3a7c3a7c7c7c7c7c7c787c3a
8	a:xbx:x:xa||:bb:||	6 617c3a786278
14	b|a|:b:x:b|x|b|xa	12 627c7c617c7c7c3a627c3a78
12	:xxb:bxxxx|xa:|:b|axa	11 7c3a7878627c3a62787878
7	aaxb|::x|xaa	6 616178627c7c
15	::bxxx|xa|:baxx:xa:xaxa::bax	14 7c3a7c3a627878787c7c78617c7c
8	x|b::abxxaa|ab:a:|x:	6 787c7c627c3a
37	:	2 7c3a
8	axx|bxxa|||:xxabb:bbb:	7 6178787c7c6278
7	:||bax:::x:ax:a	6 7c3a7c7c7c7c
9	:xab:bx|x:bb:|aaxbb:ab	7 7c3a7861627c3a
29	||a:aa:ba|::abx:a:x:|	27 7c7c7c7c617c3a61617c3a62617c7c7c3a7c3a6162787c3a617c3a
26	b||bb:xa||xbbxx:x:xaa:b:a	25 627c7c7c7c62627c3a78617c7c7c7c78626278787c3a787c3a
11	b:x||bxbxbxba||xx|||a	10 627c3a787c7c7c7c6278
39		0 
30	x:a|b|a|bx:	16 787c3a617c7c627c7c617c7c62787c3a
19	xab||abaxbabx|a||x	17 7861627c7c7c7c61626178626162787c7c
18	|:||bax:|:|xb|:aa	17 7c7c7c3a7c7c7c7c6261787c3a7c7c7c3a
6	ax|xba|x|:a:|::|a:axxx:b|b	4 61787c7c
20	:baaa:baaa|ax|a:|:bb|||:xba	18 7c3a626161617c3a626161617c7c61787c7c
20	a|x:xbxba:ax|:bab|bx|b	19 617c7c787c3a78627862617c3a61787c7c7c3a
34	:::bxb|xbab:|:x:a|axx	30 7c3a7c3a7c3a6278627c7c786261627c3a7c7c7c3a787c3a617c7c617878
4	|xxb:||x:|bxb|bbxx:b:|b|a:	2 7c7c
21	b|aax|bax|bbxx:b|b:	19 627c7c6161787c7c6261787c7c626278787c3a
6	|baxab:|bxaxb:a:ba:||bax	5 7c7c626178
13	b|||b:	10 627c7c7c7c7c7c627c3a
33	x:|b|x|x::::	20 787c3a7c7c627c7c787c7c787c3a7c3a7c3a7c3a
30	baxax:ab|:|xxxx:x	22 62617861787c3a61627c7c7c3a7c7c787878787c3a78
37	|x|:axb::	14 7c7c787c7c7c3a6178627c3a7c3a
21	axx:x:x|xxbxaaxb|:b:b	19 6178787c3a787c3a787c7c7878627861617862
4	ax||aabbxbbxxa	2 6178
38	b	1 62
9	bxbb:::x:bbx	8 627862627c3a7c3a
38		0 
16	xa:ab:|bbb|xxx:bxaab:x:xxaa|	15 78617c3a61627c3a7c7c6262627c7c
22	a:|abx|:|ba:a	19 617c3a7c7c6162787c7c7c3a7c7c62617c3a61
37	x|:xb:|a:|||:xabbxabx	30 787c7c7c3a78627c3a7c7c617c3a7c7c7c7c7c7c7c3a7861626278616278
28	xb	2 7862
7	:abxb	6 7c3a61627862
7	x|x|:|:x:a::xa::axxaxa::a||aa	6 787c7c787c7c
30	:bxb|a|xaa|b:|b:ab	25 7c3a6278627c7c617c7c7861617c7c627c3a7c7c627c3a6162
25	:bbx	5 7c3a626278
27	x:x|:b:a|a||xbb:|xbbxa	26 787c3a787c7c7c3a627c3a617c7c617c7c7c7c7862627c3a7c7c
9	|bx:a|:abx:a:xababbx||	7 7c7c62787c3a61
21	:b|xaaxb:abx|ba	19 7c3a627c7c78616178627c3a6162787c7c6261
17	x||	5 787c7c7c7c
28	|ab|b:|a:a:::b|xxaxax:|bab	27 7c7c61627c7c627c3a7c7c617c3a617c3a7c3a7c3a627c7c787861
26	xxxbba||:::bx::	22 7878786262617c7c7c7c7c3a7c3a7c3a62787c3a7c3a
40		0 
35	b	1 62
22		0 
26	b:::|ba|xb|a|axb|:xbb|:x	25 627c3a7c3a7c3a7c7c62617c7c78627c7c617c7c6178627c7c
12	bxa:	5 6278617c3a
14	x:||:|xa:xaxb::::	13 787c3a7c7c7c7c7c3a7c7c7861
22	b|::::|bababx||ab	21 627c7c7c3a7c3a7c3a7c3a7c7c6261626162787c7c
36	:b||b:	10 7c3a627c7c7c7c627c3a
25	|::abbb:a:|a:x|a:	23 7c7c7c3a7c3a616262627c3a617c3a7c7c617c3a787c7c
36	:aaxaxa:|ba|xxx:b	22 7c3a6161786178617c3a7c7c62617c7c7878787c3a62
3	:a:xb|||b::bxaxabxxaaab	2 7c3a
37	:bbxxb:bxxx|axbba|	22 7c3a62627878627c3a627878787c7c61786262617c7c
28	xabba|babaa:bx|baxxbbbx	26 78616262617c7c62616261617c3a62787c7c6261787862626278
4	aaa:x:b:a:xbb:baxx::|b:abaa|	3 616161
4	x|:::|xxb|	3 787c7c
3	:ba:a|:::b|:xxx:xab:|ab	2 7c3a
35	bax|a:|:xbb:|a:bxa:	27 6261787c7c617c3a7c7c7c3a7862627c3a7c7c617c3a6278617c3a
31	:xx	4 7c3a7878
8	ba||bba|x|:baba|b::x	6 62617c7c7c7c
29	xx:|:a|axx|xx:axxx	24 78787c3a7c7c7c3a617c7c6178787c7c78787c3a61787878
22	:|xx:bbax||b|babb:||aabbab	21 7c3a7c7c78787c3a626261787c7c7c7c627c7c6261
40	:b|a:bbaaaxbb|a:bbx||bb	30 7c3a627c7c617c3a62626161617862627c7c617c3a6262787c7c7c7c6262
16	:	2 7c3a
7	a|b:|x	6 617c7c627c3a
18	||:ba||:b|xx||||bb:aba:x:a|:bx	17 7c7c7c7c7c3a62617c7c7c7c7c3a627c7c
4	b|xxabb::x	3 627c7c
18	xbbb|x|a:|a|babbx:b|ba||bax	17 786262627c7c787c7c617c3a7c7c617c7c
19	:xxb|xx:|||xxa||a	17 7c3a7878627c7c78787c3a7c7c7c7c7c7c
37	|bb|a:a::xax|||a	24 7c7c62627c7c617c3a617c3a7c3a7861787c7c7c7c7c7c61
22	baxx|:::x	13 626178787c7c7c3a7c3a7c3a78
23	xx:xa	6 78787c3a7861
4	xax:aaxbb:bxx:b|b::|	3 786178
37	::	4 7c3a7c3a
17	|bba:ab	9 7c7c6262617c3a6162
4	b:b:|:x:b|xx:ax:b|:xa:aab:a	3 627c3a
33	aaaa|bbx:bb:|b:bxa::::xba:	31 616161617c7c6262787c3a62627c3a7c7c627c3a6278617c3a7c3a7c3a7c3a
4	::bxbaa|x||abb:a	2 7c3a
28	b:a|a|axaabb	15 627c3a617c7c617c7c617861616262
22	xxx:b::xb|b|x|x:	20 7878787c3a627c3a7c3a78627c7c627c7c787c7c
29	aa||baaax|	13 61617c7c7c7c62616161787c7c
28	|aa:b:|:ab:	17 7c7c61617c3a627c3a7c7c7c3a61627c3a
18	a|ab|xx||b:a:ax:xxxabb|xx|:x	16 617c7c61627c7c78787c7c7c7c627c3a
4	|xx:b:b:a:bxbxb:|b|b:a	2 7c7c
27	ax||b:bxa|ababxb:b:xbxxa:axx	25 61787c7c7c7c627c3a6278617c7c6162616278627c3a627c3a
40	a|xxaxxaa|b:a|b:|b||b	29 617c7c787861787861617c7c627c3a617c7c627c3a7c7c627c7c7c7c62
15	:abbxx|:x|a::bxx||::|:x:aa:bb:	14 7c3a61626278787c7c7c3a787c7c
11	bbaxbaaba|xaa:xbbbx:ba:a	9 626261786261616261
40	b:	3 627c3a
9	xa:||:xxbxbx::b|bxb	8 78617c3a7c7c7c7c
12	x	1 78
24	x||:|:baxa|b|b|x:xab:x	23 787c7c7c7c7c3a7c7c7c3a626178617c7c627c7c627c7c
30	||a|ax:b:x:ba|:bb::	29 7c7c7c7c617c7c61787c3a627c3a787c3a62617c7c7c3a62627c3a7c3a
28	a:aabbabb|a:aa|ba|:|:::|bb:b	27 617c3a616162626162627c7c617c3a61617c7c62617c7c7c3a7c7c
16	ba	2 6261
22	xaxbx|::|bbbbbbb:x|	20 78617862787c7c7c3a7c3a7c7c62626262626262
16	bx|x|bxb:xxaa:||:xb:	15 62787c7c787c7c6278627c3a787861
34	x|xa|::a|a|b||||:ba:|x:	32 787c7c78617c7c7c3a7c3a617c7c617c7c627c7c7c7c7c7c7c7c7c3a62617c3a
20	|:|xab:|a:xb:|x:a:b:xa|b:	18 7c7c7c3a7c7c7861627c3a7c7c617c3a7862
17	aa|:bbxbab:a|:	15 61617c7c7c3a6262786261627c3a61
14	:aab::b||:bxxa:	12 7c3a6161627c3a7c3a627c7c
18	x|x|x:ax	11 787c7c787c7c787c3a6178
9	:a:aax|x|x:::|:|x	8 7c3a617c3a616178
8	xab|a:xxxaaa:xb	6 7861627c7c61
33	aa::x:b:aax|xxa|:aax|bx:x||:b	31 61617c3a7c3a787c3a627c3a6161787c7c7878617c7c7c3a6161787c7c6278
29		0 
14	axb||bbxxb|bx:|:a	12 6178627c7c7c7c6262787862
40	abbbb:|::xxbaabba	21 61626262627c3a7c7c7c3a7c3a7878626161626261
5	|||bb:xxbx|b|xxbbax	4 7c7c7c7c
8	|:xbaa|bxx:a:b|xbbxx	7 7c7c7c3a786261
31	b|:abb|xaab:||bxa	23 627c7c7c3a6162627c7c786161627c3a7c7c7c7c627861
25	:axaaa|ba||xaab:baxabb	24 7c3a61786161617c7c62617c7c7c7c786161627c3a626178
12	:bbxb|:||xx|xxa	10 7c3a626278627c7c7c3a
39	||ax:a|:	13 7c7c7c7c61787c3a617c7c7c3a
24	::axaxxbaax	13 7c3a7c3a617861787862616178
35	x:a|:	8 787c3a617c7c7c3a
4		0 
7	|aabb|b::bxa:b:ab	6 7c7c61616262
35	b:ab	5 627c3a6162
5	bab:|xxbbx:x||bxx:||:ab:	3 626162
4	|axax|x:xaba::a:||bbb:ax|	2 7c7c
37	bxx|xaa:b|a|bbax|:||b:bb	33 6278787c7c7861617c3a627c7c617c7c626261787c7c7c3a7c7c7c7c627c3a6262
39	abaaba:aab:|xbb|:xb:ba:|	32 6162616162617c3a6161627c3a7c7c7862627c7c7c3a78627c3a62617c3a7c7c
16	:bx:ax|aaxxx:x::bb:x:|	15 7c3a62787c3a61787c7c6161787878
34	:x:abx:|babbb|	19 7c3a787c3a6162787c3a7c7c62616262627c7c
23	bx||xxba:	12 62787c7c7c7c787862617c3a
33	aba|||aax	12 6162617c7c7c7c7c7c616178
37	::aa:x|a|ax:x|||a|xbab:|bb:	36 7c3a7c3a61617c3a787c7c617c7c61787c3a787c7c7c7c7c7c617c7c786261627c3a7c7c
23	||bb:b:x|bx:a:bbxaba|b:x	21 7c7c7c7c62627c3a627c3a787c7c62787c3a617c3a
35	xx::bb|xx:|x|	19 78787c3a7c3a62627c7c78787c3a7c7c787c7c
5	xb|a|xaxaa:bb|	4 78627c7c
26		0 
23	xx||:x::bbxbb	18 78787c7c7c7c7c3a787c3a7c3a6262786262
36	||xbbxx::axb|x|:a|a:b:a|:xx|x|	35 7c7c7c7c78626278787c3a7c3a6178627c7c787c7c7c3a617c7c617c3a627c3a617c7c
29	axa	3 617861
16	xbx:x|bxx|xxx::xx|	15 7862787c3a787c7c6278787c7c7878
28	:b:::xabbabbxaaaba|:b:|b|axa	26 7c3a627c3a7c3a7c3a786162626162627861616162617c7c7c3a
7	xa::b:|abxb|bb|xbx	6 78617c3a7c3a
39	xxx:xxb:	10 7878787c3a7878627c3a
24	aaxx:x	7 616178787c3a78
20	a|abba:xxbb:::a	19 617c7c616262617c3a787862627c3a7c3a7c3a
24	aaxx:b||axx:xbxaaa|	22 616178787c3a627c7c7c7c6178787c3a786278616161
17	::x:ab::xb	15 7c3a7c3a787c3a61627c3a7c3a7862
21	|baxb:x:b:xxa|	19 7c7c626178627c3a787c3a627c3a7878617c7c
31	xb	2 7862
4	|xaxbx|xa:aaab|x|:|b:ba	2 7c7c
12	a|:x|	8 617c7c7c3a787c7c
4	:xbx|:||::baxxbb	2 7c3a
8	b|a|ax:bbaba	6 627c7c617c7c
10	|:|a::|bbbba|x|xxb|b:||:b:xa	9 7c7c7c3a7c7c617c3a
24	xx|xx||axaa|x|	19 78787c7c78787c7c7c7c617861617c7c787c7c
20	|:|xbx|:aaxxb|:|ax|a	18 7c7c7c3a7c7c7862787c7c7c3a6161787862
10	|:x:|:xaxaax	9 7c7c7c3a787c3a7c7c
17	xaba:b::b||||b:	16 786162617c3a627c3a7c3a627c7c7c7c
33	|:axx	7 7c7c7c3a617878
20	a|bxaxxx:|:xxx:ab|a	18 617c7c6278617878787c3a7c7c7c3a787878
34	:	2 7c3a
38	bb::|axbaaaxaxxb:xb:	25 62627c3a7c3a7c7c61786261616178617878627c3a78627c3a
22	b:::|ba	11 627c3a7c3a7c3a7c7c6261
24	a|xx:|bxba:|x|	20 617c7c78787c3a7c7c627862617c3a7c7c787c7c
36	|a|:babx:xa|xaaa|a|:xbaxaxbaxa	35 7c7c617c7c7c3a626162787c3a78617c7c786161617c7c617c7c7c3a78626178617862
16	ax|b|:::a:aa:|x:xbax:bxax|axx	14 61787c7c627c7c7c3a7c3a7c3a61
5	xx:bb|	4 78787c3a
33	b:ababaa:axxa:xababxa	24 627c3a6162616261617c3a617878617c3a78616261627861
18	x||:|:baa|x|aa|b:ab:ba:	16 787c7c7c7c7c3a7c7c7c3a6261617c7c
5	abx|x|::xxaxxbx::xxa:x|b:a	3 616278
8	a|:ab:xx:xaxb|b::::xa	7 617c7c7c3a6162
4	aa:|x|:|:xx|b|bx:b|:|b::xaax	2 6161
16	xxa|xaxa	9 7878617c7c78617861
31	xa|a:|bbba:bbbbb:::x	27 78617c7c617c3a7c7c626262617c3a62626262627c3a7c3a7c3a78
7	xbbaa:	5 7862626161
28	axbaa|ax|x	12 61786261617c7c61787c7c78
23	||ax:b	9 7c7c7c7c61787c3a62
40	b|ba:a::||axax||bbbb|||ax	36 627c7c62617c3a617c3a7c3a7c7c7c7c617861787c7c7c7c626262627c7c7c7c7c7c6178
20	:	2 7c3a
9	a|xx:|ax::aa|:aab	7 617c7c78787c3a
37	a:axbxa|x|xxab|a|x	23 617c3a61786278617c7c787c7c787861627c7c617c7c78
17	b:|||a:	12 627c3a7c7c7c7c7c7c617c3a
6	b::a:axa|::|:|	5 627c3a7c3a
6	::baaaa:b|:a:baaxbx|:bbbxba	4 7c3a7c3a
21	xxab::x:||b	16 787861627c3a7c3a787c3a7c7c7c7c62
19	x:	3 787c3a
8	b|::ba:|a::b	7 627c7c7c3a7c3a
37	a:xaa|x:xxa::|:	22 617c3a7861617c7c787c3a7878617c3a7c3a7c7c7c3a
6	bbaa|xbbxx|:x	4 62626161
32	||:bab	9 7c7c7c7c7c3a626162
12	:xb:||b:xaaa:babaa|	10 7c3a78627c3a7c7c7c7c
32	b|||b	8 627c7c7c7c7c7c62
28	::b:x|bb|bxxb:xa:xb	26 7c3a7c3a627c3a787c7c62627c7c627878627c3a78617c3a7862
29	bx|:aaa::xaaa|:xa:	25 62787c7c7c3a6161617c3a7c3a786161617c7c7c3a78617c3a
5	::::bbab|xx:|aabbab|bxba|x	4 7c3a7c3a
14	a|	3 617c7c
17	x:a|:abbb:aaaax|:|bx|xaa:ab|:x	16 787c3a617c7c7c3a616262627c3a6161
3	:||xaaabb|:x:b|b:bxaaaxxaaaxx	2 7c3a
28		0 
22	:bx:x|x:aa::bb:bb	20 7c3a62787c3a787c7c787c3a61617c3a7c3a6262
31	x|:baa|ab|:	16 787c7c7c3a6261617c7c61627c7c7c3a
8	b	1 62
14	b|baa|:|:abab:|:|b	12 627c7c6261617c7c7c3a7c7c
5	x||a|:b|a|bb||xaa:	3 787c7c
36	xb|axx:x|x:|a:a:a||a	29 78627c7c6178787c3a787c7c787c3a7c7c617c3a617c3a617c7c7c7c61
16	|xab||	9 7c7c7861627c7c7c7c
5	aaaaxxa||	4 61616161
10	|b:bx|||::	9 7c7c627c3a62787c7c
11	aa::|a:bb:||:ax|||	9 61617c3a7c3a7c7c61
9	bxxaxx:	8 6278786178787c3a
14	:axb	5 7c3a617862
16	a|axaax||b|	15 617c7c61786161787c7c7c7c627c7c
40	|xb:|:xba:xba|bb|b|a	28 7c7c78627c3a7c7c7c3a7862617c3a7862617c7c62627c7c627c7c61
14	a:b:a|a|:x|axb|:xa||axa	12 617c3a627c3a617c7c617c7c
30		0 
38	|:xbbxa|	11 7c7c7c3a78626278617c7c
11	xx:bb	6 78787c3a6262
25	|xb|x::|ba|:xa:x	23 7c7c78627c7c787c3a7c3a7c7c62617c7c7c3a78617c3a
18	:bbabxxxx	10 7c3a6262616278787878
25	x|ab:b||::a|b:bxbx|ba|abbbbx:b	24 787c7c61627c3a627c7c7c7c7c3a7c3a617c7c627c3a6278
23	|x:bb|b:|xax:bba|aaxbaxaxb|ba	22 7c7c787c3a62627c7c627c3a7c7c7861787c3a626261
22		0 
4	:|||bb	2 7c3a
4	:|||axa	2 7c3a
15	::xa:	8 7c3a7c3a78617c3a
24	:|bb||a:bb	15 7c3a7c7c62627c7c7c7c617c3a6262
36	:xx	4 7c3a7878
23	|bbabbaa:a:b:x||a:xa|	22 7c7c626261626261617c3a617c3a627c3a787c7c7c7c
37	a::ax::x||:bbaaaa|b:x|	32 617c3a7c3a61787c3a7c3a787c7c7c7c7c3a6262616161617c7c627c3a787c7c
5	ax:a|x:x::bxa|b:axb|	4 61787c3a
20	a|x:baa	9 617c7c787c3a626161
19	:xxa:bbxxba:aa|:bx	17 7c3a7878617c3a6262787862617c3a6161
29	ba|:xx:ax||a:bxba|:xx|:|:|||x	27 62617c7c7c3a78787c3a61787c7c7c7c617c3a627862617c7c7c3a
13	||xx	6 7c7c7c7c7878
21	a:bxx|aaxbx	13 617c3a6278787c7c6161786278
25	x:xbab:|b:|:xbb|a|xxaaxxx|a|b	23 787c3a786261627c3a7c7c627c3a7c7c7c3a7862627c7c
31	|::xab::|	15 7c7c7c3a7c3a7861627c3a7c3a7c7c
38	axx|:|	9 6178787c7c7c3a7c7c
21	x:x||:bx|axxaa:xax|b	19 787c3a787c7c7c7c7c3a62787c7c6178786161
3		0 
22	xxbb|xaxxa||babb:axaa|aaa:|bxa	21 787862627c7c78617878617c7c7c7c626162627c3a
24	bba|a|::|abbxxb	20 6262617c7c617c7c7c3a7c3a7c7c616262787862
33	b|xbbxb::b:abx|xab:bx:b|	32 627c7c78626278627c3a7c3a627c3a6162787c7c7861627c3a62787c3a627c7c
37	xxbbb:bbx:xa::baxxxa|bbba:bbba	36 78786262627c3a6262787c3a78617c3a7c3a6261787878617c7c626262617c3a62626261
17	bbb|	5 6262627c7c
13	bx	2 6278
17	:xa|xaa|x||aa:|b:xa:||:|ab:xab	16 7c3a78617c7c7861617c7c787c7c7c7c
6	b|:a:ax|:::abb||baxbx|a||::	5 627c7c7c3a
26	b||aab:b:|b:	18 627c7c7c7c6161627c3a627c3a7c7c627c3a
14	b|::a:bxx:aax|bax:abx|ax:aab	13 627c7c7c3a7c3a617c3a627878
22	b:	3 627c3a
17	xbxbxxxb|::|xabbx:	16 78627862787878627c7c7c3a7c3a7c7c
10	|a||x:||a:a	8 7c7c617c7c7c7c78
39	xx:|b|x:x:aab:::b:a	28 78787c3a7c7c627c7c787c3a787c3a6161627c3a7c3a7c3a627c3a61
8	|:ax|b|	6 7c7c7c3a6178
19	:ba:baabxaa|:bbx|	17 7c3a62617c3a626161627861617c7c7c3a
34	:a:b|a:aaxb:|bbb	22 7c3a617c3a627c7c617c3a616178627c3a7c7c626262
7	x|axbaaab:b|bxx|ab|bxbaa|	6 787c7c617862
17	xbbbx::b:baxbxaa:bxxa:x::	16 78626262787c3a7c3a627c3a62617862
10	:|b|b::|aa:|axb|xa||ax:bxbxxx	8 7c3a7c7c627c7c62
12	|	2 7c7c
19	|x|x:xaa:x	14 7c7c787c7c787c3a7861617c3a78
8	||	4 7c7c7c7c
23	xb|b:||bx|x	16 78627c7c627c3a7c7c7c7c62787c7c78
14	::aab:b|:baa|::ba|bx:ax:abb:x|	12 7c3a7c3a6161627c3a627c7c
38	b:ab:xx:|aax||x:x	24 627c3a61627c3a78787c3a7c7c6161787c7c7c7c787c3a78
31	|xxx:x|bb:b	15 7c7c7878787c3a787c7c62627c3a62
5	:xxb	4 7c3a7878
39	a|:	5 617c7c7c3a
17	|bbb|bab|:|bb||xb:bb|	16 7c7c6262627c7c6261627c7c7c3a7c7c
33	|xabxba|xaabxxbxbabb::	26 7c7c7861627862617c7c7861616278786278626162627c3a7c3a
40	|aabxb:|aa|xx|:b	22 7c7c61616278627c3a7c7c61617c7c78787c7c7c3a62
5	:bxax|bxx|b:xba|b|b|:a||:|	4 7c3a6278
31	aaxb::|x|||a:bbxbx:|xx:	29 616178627c3a7c3a7c7c787c7c7c7c7c7c617c3a62627862787c3a7c7c
27	:a|a|baa	11 7c3a617c7c617c7c626161
27	|xxb:|bb:baa|	18 7c7c7878627c3a7c7c62627c3a6261617c7c
20	b|xaxxxx::ax:b:b	18 627c7c7861787878787c3a7c3a61787c3a62
34	xa:x::ba||xbxxxa|abaaa::ba	32 78617c3a787c3a7c3a62617c7c7c7c7862787878617c7c61626161617c3a7c3a
24	xxxxaaxb|::x::||a	23 78787878616178627c7c7c3a7c3a787c3a7c3a7c7c7c7c
37	:x:|:b||:|||xx:|xx||b|a:ba:bbb	35 7c3a787c3a7c7c7c3a627c7c7c7c7c3a7c7c7c7c7c7c78787c3a7c7c78787c7c7c7c62
13	|aaxa::||bx|:|xbbab::xbx	12 7c7c616178617c3a7c3a7c7c
38	b:abx|b:|axx|a|b::x|xb|b	34 627c3a6162787c7c627c3a7c7c6178787c7c617c7c627c3a7c3a787c7c78627c7c62
25	|bx:|a|x:axbaba:xxbb:bb:	24 7c7c62787c3a7c7c617c7c787c3a6178626162617c3a7878
4	a:bbbxxb:a|ba|x|bbxbb	3 617c3a
16	::b||bbxaxbxbxbx||	15 7c3a7c3a627c7c7c7c626278617862
26	b:a|:b	9 627c3a617c7c7c3a62
31	:x	3 7c3a78
3	:b::b||xa|xxx	2 7c3a
26	a:xbabaxxxa:a|xab|b|xbxx|||:ab	25 617c3a7862616261787878617c3a617c7c7861627c7c627c7c
37	aa|||:b:b|:xxbxa|a|	28 61617c7c7c7c7c7c7c3a627c3a627c7c7c3a78786278617c7c617c7c
15	ba|x	5 62617c7c78
20	aax|:|bx|:|x:b|:bx	18 6161787c7c7c3a7c7c62787c7c7c3a7c7c78
18	|:|||bba|	15 7c7c7c3a7c7c7c7c7c7c6262617c7c
21	axaaaaax:a:x|||b|b:b||	20 61786161616161787c3a617c3a787c7c7c7c7c7c
25	abb||x:aax::xx:x	22 6162627c7c7c7c787c3a6161787c3a7c3a78787c3a78
25	a:bbx|aa	10 617c3a6262787c7c6161
28	:bx|xxbb:a||	17 7c3a62787c7c787862627c3a617c7c7c7c
24	baa|aa	7 6261617c7c6161
7	xa|:a|a|	6 78617c7c7c3a
8	x||	5 787c7c7c7c
32	a:a:xbx:axxbab:bbbxx:bx:xbaabb	30 617c3a617c3a7862787c3a6178786261627c3a62626278787c3a62787c3a
32	b|xaa|axbx:bx	16 627c7c7861617c7c617862787c3a6278
7	bbxxxxxxx|x|xaxb::x:	6 626278787878
8		0 
19	a:bxx::||bx|abb:bb|:xa|a	18 617c3a6278787c3a7c3a7c7c7c7c62787c7c
37	xbbxb:|axbb|b|bbba	22 78626278627c3a7c7c617862627c7c627c7c62626261
30	a|a::	8 617c7c617c3a7c3a
20	axx	3 617878
36	bb:b|ax:b|:a|||bb:axaxb:|b::a	34 62627c3a627c7c61787c3a627c7c7c3a617c7c7c7c7c7c62627c3a61786178627c3a
3	:x||	2 7c3a
16	b:bxab|ba:b|b::bbbaaabbaxb:a	14 627c3a627861627c7c62617c3a62
38	:xxb|bbb|	12 7c3a7878627c7c6262627c7c
30	bx:b|axx:|bx|x||a|aab:b:b:	29 62787c3a627c7c6178787c3a7c7c62787c7c787c7c7c7c617c7c616162
7	bx:bb::b:x	6 62787c3a6262
35	|axaabba:xaxa::baxb:a:b|	31 7c7c617861616262617c3a786178617c3a7c3a626178627c3a617c3a627c7c
18	xa	2 7861
25	b|aba|bbb:bxx||:a|bx:ba	23 627c7c6162617c7c6262627c3a6278787c7c7c7c7c3a61
18	||:	6 7c7c7c7c7c3a
16	x:ba|	7 787c3a62617c7c
40	xa::baxab	11 78617c3a7c3a6261786162
36	:baab||:aaaab|a:bxb|b	28 7c3a626161627c7c7c7c7c3a61616161627c7c617c3a6278627c7c62
34	x|a|::a|b:||ax|:	26 787c7c617c7c7c3a7c3a617c7c627c3a7c7c7c7c61787c7c7c3a
33	:|a::||x	14 7c3a7c7c617c3a7c3a7c7c7c7c78
6	ax|	4 61787c7c
28	x|ba::|:|:b|	20 787c7c62617c3a7c3a7c7c7c3a7c7c7c3a627c7c
28	a::|x:a:::|x:xba||a|bx|xab::x|	27 617c3a7c3a7c7c787c3a617c3a7c3a7c3a7c7c787c3a7862617c7c
11	|x:abx|a:bba|xa:x|	10 7c7c787c3a6162787c7c
18	bba:|::|abxa|b|bbx:|b|	17 6262617c3a7c7c7c3a7c3a7c7c61627861
12	::xb|||ba|ax|xaa	10 7c3a7c3a78627c7c7c7c
27	|:|	6 7c7c7c3a7c7c
6	:|:bxb:a	4 7c3a7c7c
36	aaxxxabxbx::a::a	20 616178787861627862787c3a7c3a617c3a7c3a61
33	||bb|x|b::xb:aa|bba||bxxa	31 7c7c7c7c62627c7c787c7c627c3a7c3a78627c3a61617c7c6262617c7c7c7c
24	a:||a:	10 617c3a7c7c7c7c617c3a
33	x:|xa	7 787c3a7c7c7861
4	|x::xx||x	2 7c7c
39	aaaabx|||x|bb::b:|bb:ab	32 6161616162787c7c7c7c7c7c787c7c62627c3a7c3a627c3a7c7c62627c3a6162
16	||:x|x:xbx	15 7c7c7c7c7c3a787c7c787c3a786278
23	::|||:xx:xa:x:::b|a:xa	21 7c3a7c3a7c7c7c7c7c7c7c3a78787c3a78617c3a78
37	::abb:|bbx|aax:||xx|:b:	34 7c3a7c3a6162627c3a7c7c6262787c7c6161787c3a7c7c7c7c78787c7c7c3a627c3a
15	|:x::xabbb::|bab:b|	14 7c7c7c3a787c3a7c3a7861626262
19	|xaxba::xaaa	15 7c7c78617862617c3a7c3a78616161
14	x|:b||b||b|||b|xxab|:a|xx|	13 787c7c7c3a627c7c7c7c627c7c
32	x|bxabbba:	12 787c7c627861626262617c3a
17	::|a::xx|x:x|	15 7c3a7c3a7c7c617c3a7c3a78787c7c
6	a:aabxb:b	5 617c3a6161
30	xb:a|:||b	14 78627c3a617c7c7c3a7c7c7c7c62
30	xbbbb|a|axb|	15 78626262627c7c617c7c6178627c7c
10	bxx	3 627878
38	|||b:|bba:a:	19 7c7c7c7c7c7c627c3a7c7c6262617c3a617c3a
30	|bxa:|bbxab|abxxba::|x:a	28 7c7c6278617c3a7c7c62627861627c7c6162787862617c3a7c3a7c7c
3	bxxbb||	2 6278
38	:xb|xabbx|xaxb|a:b|:b:bb::	36 7c3a78627c7c78616262787c7c786178627c7c617c3a627c7c7c3a627c3a62627c3a7c3a
20	bx|b:|baxba:|:::|::bax|a||xa|:	18 62787c7c627c3a7c7c62617862617c3a7c7c
5	|xbxbxb|ba|a:	4 7c7c7862
18	|||aabaaa:||	16 7c7c7c7c7c7c6161626161617c3a7c7c
30	b:|::|aaa:x:x:a	23 627c3a7c7c7c3a7c3a7c7c6161617c3a787c3a787c3a61
8	|b:|xaa|b|bx|x:|	7 7c7c627c3a7c7c
5	xabx|x:	4 78616278
21	|	2 7c7c
9	b	1 62
30	aabbb|b:a||bba:b:xbbb|b:	29 61616262627c7c627c3a617c7c7c7c6262617c3a627c3a786262627c7c
34	|b:a|xaxaaa|bx||:xba||x||:|	32 7c7c627c3a617c7c7861786161617c7c62787c7c7c7c7c3a7862617c7c7c7c78
14	|xbabab	8 7c7c786261626162
13	baaaxba:a|:|a|b|b:xbba:|	12 626161617862617c3a617c7c
19	|a|x|:axxb	14 7c7c617c7c787c7c7c3a61787862
19	:a||aa||a::b:|:bax:bb:::|a	18 7c3a617c7c7c7c61617c7c7c7c617c3a7c3a
30	::aa|ab:babx|b|||	25 7c3a7c3a61617c7c61627c3a626162787c7c627c7c7c7c7c7c
33	:xa:bbxba::x|aa:|:bb:x:ab::x	31 7c3a78617c3a62627862617c3a7c3a787c7c61617c3a7c7c7c3a62627c3a78
27	b|::axxxabbbaxx|:b|b|baaa	25 627c7c7c3a7c3a61787878616262626178787c7c7c3a627c7c
21	:xba|bxbbab:xa::bx|b|bxxb|xaxa	19 7c3a7862617c7c6278626261627c3a78617c3a
37	b:bab|bb|xba||bxxba|a:bbabxabx	36 627c3a6261627c7c62627c7c7862617c7c7c7c62787862617c7c617c3a62626162786162
27	axb|xx|bxa::|x	19 6178627c7c78787c7c6278617c3a7c3a7c7c78
13	b|:|||a:|abbbxx:|ax|::::xx:abx	11 627c7c7c3a7c7c7c7c7c7c
34	x||b|::aa|a|b|bxx|aaxbax::ax:	33 787c7c7c7c627c7c7c3a7c3a61617c7c617c7c627c7c6278787c7c616178626178
30	a:xbbax:b	11 617c3a78626261787c3a62
27	:::	6 7c3a7c3a7c3a
32	aa:|a:xababa:||abb|xbxa|xxbaa	30 61617c3a7c7c617c3a7861626162617c3a7c7c7c7c6162627c7c78627861
25	b|:xbbxxaa||:bb||xbx	24 627c7c7c3a786262787861617c7c7c7c7c3a62627c7c7c7c
9	bxxaaaaab::|bb||xbbb:|bb	8 6278786161616161
14	:|:aax	9 7c3a7c7c7c3a616178
37	:	2 7c3a
21	a:a:|x	9 617c3a617c3a7c7c78
7	bb:bab:|:x:|ax|	6 62627c3a6261
23	xxaba:	7 78786162617c3a
4	bbxa|abbaxbaababx:a:|:xx:|:axx	3 626278
15	a::aaxxxabb|:||:|	13 617c3a7c3a6161787878616262
7	a|	3 617c7c
14	x|:b:|axb:abxa	13 787c7c7c3a627c3a7c7c617862
14	bxb|x|:|	12 6278627c7c787c7c7c3a7c7c
39	xxb:abb:|xab::|||	25 7878627c3a6162627c3a7c7c7861627c3a7c3a7c7c7c7c7c7c
18	|:xb::ba::b|abbbb|:b||b::x	16 7c7c7c3a78627c3a7c3a62617c3a7c3a
19	:xbxb|xxxbxa:xabbb|:	18 7c3a786278627c7c7878786278617c3a7861
28	b::bx|aaxaba:ab:xab:ab:a:a|xa|	26 627c3a7c3a62787c7c6161786162617c3a61627c3a7861627c3a
5	a|aba::|a|:a|:::::axxb|:|x|a	3 617c7c
19	aa|:x::b|xa|:bbx||::abaa||a|a	18 61617c7c7c3a787c3a7c3a627c7c78617c7c
36	xaa::x:a|bbb|||||::b	31 7861617c3a7c3a787c3a617c7c6262627c7c7c7c7c7c7c7c7c7c7c3a7c3a62
13	||||xxbb:bb|b|	12 7c7c7c7c7c7c7c7c78786262
15	x:a:	6 787c3a617c3a
10	|xxx|::a:xb|a|:xxx::a|b::bx	9 7c7c7878787c7c7c3a
39	||bx::bb:|xb:|	22 7c7c7c7c62787c3a7c3a62627c3a7c7c78627c3a7c7c
31	xbxxa:bx|a|::axxx|aaa	27 78627878617c3a62787c7c617c7c7c3a7c3a617878787c7c616161
11	b:ax:x:|	10 627c3a61787c3a787c3a
9	x::a|b::b:b|:xx:a|abax:|axx	8 787c3a7c3a617c7c
37	|||x:b:	12 7c7c7c7c7c7c787c3a627c3a
21	b:bx|axa:||x|:b|:b|:a|x	19 627c3a62787c7c6178617c3a7c7c7c7c787c7c
20		0 
31	::|:xxbaab:|abbb||::xbaxxb|x|	30 7c3a7c3a7c7c7c3a7878626161627c3a7c7c616262627c7c7c7c7c3a7c3a
25	bbxab:|||xxa|:ab:|xab:|b:bx:	24 62627861627c3a7c7c7c7c7c7c7878617c7c7c3a61627c3a
3	:|x:bbxa:x::x	2 7c3a
10	ax:bb|x:x|x|:x|:b:	8 61787c3a62627c7c
36	||xaa	7 7c7c7c7c786161
25	|:x|:x	10 7c7c7c3a787c7c7c3a78
10	x:x:abxx:|bbxba|	9 787c3a787c3a616278
4	xxaxx:|baaa:bx:xb:|b|bx|:b:b	3 787861
34	abbxa||	9 61626278617c7c7c7c
8	x|x::b:xbxxbaaxa	6 787c7c787c3a
22	b::aa:baxax||xxx:bb|||a	21 627c3a7c3a61617c3a62617861787c7c7c7c787878
39	xxax::a|	11 787861787c3a7c3a617c7c
25	ababaax:bxbx|xaaxaxb:abxb:	24 616261626161787c3a627862787c7c786161786178627c3a
22	||bb|bbx:bxa|xx::a:	20 7c7c7c7c62627c7c6262787c3a6278617c7c7878
12	:|b|||xax	11 7c3a7c7c627c7c7c7c7c7c
38	:|:|a|bxa|xb:xa|:xa|a|axxx|	37 7c3a7c7c7c3a7c7c617c7c6278617c7c78627c3a78617c7c7c3a78617c7c617c7c61787878
36	abb:xx::xx|bbb|bx::b|ab	31 6162627c3a78787c3a7c3a78787c7c6262627c7c62787c3a7c3a627c7c6162
13	|:|aaxa|bxx|||aaxa:	12 7c7c7c3a7c7c616178617c7c
6	|bb|x|xxxaxa||b:x:x|xb:a|bx::	4 7c7c6262
5	x	1 78
21	aba::abx|:a::x	19 6162617c3a7c3a6162787c7c7c3a617c3a7c3a
37	x|xbb:|x|::aa:|aa:|::|::bx:	35 787c7c7862627c3a7c7c787c7c7c3a7c3a61617c3a7c7c61617c3a7c7c7c3a7c3a7c7c
29	x:ba:x:ba:|:|ba:x|xxxa:xb:xx|x	27 787c3a62617c3a787c3a62617c3a7c7c7c3a7c7c62617c3a787c7c
38	:|:|	8 7c3a7c7c7c3a7c7c
24	a|ba:a|babaab:	18 617c7c62617c3a617c7c6261626161627c3a
35	x:xabb:	9 787c3a786162627c3a
37	|b|:|bb|:|:xxb||:|:x:a|ax|a	35 7c7c627c7c7c3a7c7c62627c7c7c3a7c7c7c3a7878627c7c7c7c7c3a7c7c7c3a787c3a
30	b|axb|x:x||x:xa|ax::::	29 627c7c6178627c7c787c3a787c7c7c7c787c3a78617c7c61787c3a7c3a
19	bbxxxa:x:xaaba:||||:	18 6262787878617c3a787c3a78616162617c3a
21	:xxb	5 7c3a787862
29	bbx|::a:|x:ba:|xb::b	27 6262787c7c7c3a7c3a617c3a7c7c787c3a62617c3a7c7c78627c3a
18	|baxb|bxaa|a:x:xa:x:b:	17 7c7c626178627c7c627861617c7c617c3a
33	|:xbb:|::	15 7c7c7c3a7862627c3a7c7c7c3a7c3a
38		0 
10	ab|aa|x:x|x:|x::x|b|b	8 61627c7c61617c7c
23	b|:xx:bba	12 627c7c7c3a78787c3a626261
10	|bx::ba	8 7c7c62787c3a7c3a
32	bx|b|a:ab|:b|	19 62787c7c627c7c617c3a61627c7c7c3a627c7c
19	::a|a|::|b|:|b|||xx:bx:a	17 7c3a7c3a617c7c617c7c7c3a7c3a7c7c62
23	axbxb|:::xb:b:bab	22 61786278627c7c7c3a7c3a7c3a78627c3a627c3a6261
36	axbbx|:bxbxaxb	16 61786262787c7c7c3a62786278617862
25	||:|a|:a::ba	20 7c7c7c7c7c3a7c7c617c7c7c3a617c3a7c3a6261
11	|aabx|:a:|	10 7c7c616162787c7c7c3a
20	axb	3 617862
39	|babx:ba|xbxb:b::ax|	27 7c7c626162787c3a62617c7c786278627c3a627c3a7c3a61787c7c
34	|bxa	5 7c7c627861
17	|xbabaa:|xa|bb	16 7c7c7862616261617c3a7c7c78617c7c
35	:a:	5 7c3a617c3a
38	ax|abbxxax||::b||x::|xxab|xbb	37 61787c7c616262787861787c7c7c7c7c3a7c3a627c7c7c7c787c3a7c3a7c7c787861627c7c
4	:|x:xb	2 7c3a
21	a|:ab|xxxxb::b|	19 617c7c7c3a61627c7c78787878627c3a7c3a62
28	b:a|axab|bax:||a	22 627c3a617c7c617861627c7c6261787c3a7c7c7c7c61
11	xab||:x:bab	9 7861627c7c7c7c7c3a
7	b::xa:b|	5 627c3a7c3a
33	:x|x||xb|:a|a:ba|||bb|a:x|:a	32 7c3a787c7c787c7c7c7c78627c7c7c3a617c7c617c3a62617c7c7c7c7c7c6262
3	|bx:a||x	2 7c7c
9	|	2 7c7c
20	b|:|:x:a:x|x:::xx|xa::x|a	18 627c7c7c3a7c7c7c3a787c3a617c3a787c7c
33	ax||bb:b::aa|:axxba::x:ax|xa	31 61787c7c7c7c62627c3a627c3a7c3a61617c7c7c3a61787862617c3a7c3a78
10	xab|xxa|bb|x	8 7861627c7c787861
28	ax:|x	7 61787c3a7c7c78
32	xa|b||:|a|:x||ab:ab	29 78617c7c627c7c7c7c7c3a7c7c617c7c7c3a787c7c7c7c61627c3a6162
26	::xxx|ab:xx:|ab|||bx||:	25 7c3a7c3a7878787c7c61627c3a78787c3a7c7c61627c7c7c7c
23	:a::||aa	13 7c3a617c3a7c3a7c7c7c7c6161
32	xab	3 786162
30	x:|b::|bb||:b:b|:a:x::::|	28 787c3a7c7c627c3a7c3a7c7c62627c7c7c7c7c3a627c3a627c7c7c3a
7	:bbbb::axa|	6 7c3a62626262
31	bx||::|:::|xaa::xaaax	30 62787c7c7c7c7c3a7c3a7c7c7c3a7c3a7c3a7c7c7861617c3a7c3a786161
4	a::	3 617c3a
28	axa:|a|:||xbaabbba:x|x:x|bbxa:	26 6178617c3a7c7c617c7c7c3a7c7c7c7c78626161626262617c3a
23	|x:abx|a|x:x::b|b:xbb|	21 7c7c787c3a6162787c7c617c7c787c3a787c3a7c3a
8	|b|:axbb:x:a|bx	7 7c7c627c7c7c3a
4	xbbbx:|b::ax|xb|:|a|b	3 786262
3	b:b|::|x:|xa|::|:|::|ax|ba:|x	1 62
25	|x	3 7c7c78
28	:b:xabx||xxax|axab	23 7c3a627c3a786162787c7c7c7c787861787c7c61786162
35	a|:x|	8 617c7c7c3a787c7c
29	xaa|x|a:ba|x|:|a:b|||	28 7861617c7c787c7c617c3a62617c7c787c7c7c3a7c7c617c3a627c7c
19	|||xa|b|aa|bbaa:ba:a	17 7c7c7c7c7c7c78617c7c627c7c61617c7c
36	b:bx|bb|:x|	16 627c3a62787c7c62627c7c7c3a787c7c
9	::|:xa:xxba	8 7c3a7c3a7c7c7c3a
39	:||b::x::xaa:|bb::|:b|bx	38 7c3a7c7c7c7c627c3a7c3a787c3a7c3a7861617c3a7c7c62627c3a7c3a7c7c7c3a627c7c6278
25	xb|bxaxxb|b|xa:|ab	23 78627c7c6278617878627c7c627c7c78617c3a7c7c6162
28	bxxax|a:	10 62787861787c7c617c3a
35	aa|x	5 61617c7c78
9	a||	5 617c7c7c7c
28	||:b|||||:x	20 7c7c7c7c7c3a627c7c7c7c7c7c7c7c7c7c7c3a78
11	bx|:b:|axb|bxa|a:baaxxa	9 62787c7c7c3a627c3a
29	:bxxbba::|:	16 7c3a6278786262617c3a7c3a7c7c7c3a
17	abbaxb|:b:xa||ax|aabax:||a	15 6162626178627c7c7c3a627c3a7861
3	ax:bxbx:x|::|a:a:	2 6178
8	|::xbxaaabax|:|aba:x|b:|	6 7c7c7c3a7c3a
15	xa:|a|:b:aab	14 78617c3a7c7c617c7c7c3a627c3a
26	||xaxxbaababbx|:||:xa	24 7c7c7c7c7861787862616162616262787c7c7c3a7c7c7c7c
22	:xx|:aba|:b:a::xaax|a||abxx:b	21 7c3a78787c7c7c3a6162617c7c7c3a627c3a617c3a
4	x::x||:|:aa:xa	3 787c3a
19	a:xx::b:axaxx|::	17 617c3a78787c3a7c3a627c3a6178617878
31	:|aax|aaxbxaxaxb:xabxxxx:	30 7c3a7c7c6161787c7c616178627861786178627c3a786162787878787c3a
17	aax:x|a||b:bbab:::|ba	16 6161787c3a787c7c617c7c7c7c627c3a
8	a:|ba::b::|:aaabbbbbxxbb	7 617c3a7c7c6261
16	|b:|aa	9 7c7c627c3a7c7c6161
39	xabaa|bxba:aa::|:	23 78616261617c7c627862617c3a61617c3a7c3a7c7c7c3a
9	x:x|xx|x|a|xbaaaa:bxb::|:b	8 787c3a787c7c7878
3	:abxbaxbbx::b|x:xxaxx	2 7c3a
23	|a:|:||::|x|xaa|:bxaab	22 7c7c617c3a7c7c7c3a7c7c7c7c7c3a7c3a7c7c787c7c
11	a:||:bbabb||xaaxbx|x|xab	9 617c3a7c7c7c7c7c3a
35	a||axxbxbx|	14 617c7c7c7c617878627862787c7c
15	ax:x||bb:xb|xaaba:ax:aa:|xxx:|	13 61787c3a787c7c7c7c62627c3a
37	xx||a|xxx	12 78787c7c7c7c617c7c787878
7	babx|x	6 626162787c7c
25	a	1 61
37	x|:bx::bx|b:xx:axb:baxb:bba	36 787c7c7c3a62787c3a7c3a62787c7c627c3a78787c3a6178627c3a626178627c3a626261
35	aab:a::|a|bb:x|x||x|x:|:a:xba	33 6161627c3a617c3a7c3a7c7c617c7c62627c3a787c7c787c7c7c7c787c7c787c3a
21	x:b:::	10 787c3a627c3a7c3a7c3a
18	b:::ab|	11 627c3a7c3a7c3a61627c7c
10	|ba::a|:xxb|b:|:|xb::||:x	8 7c7c62617c3a7c3a
28	|baaxa:x|:xx:||ab|bbax|:x	26 7c7c62616178617c3a787c7c7c3a78787c3a7c7c7c7c61627c7c
30	b:a|b:xbaxa	14 627c3a617c7c627c3a7862617861
19	x:a:::bxaax:bb|:|b|:ax|::|	17 787c3a617c3a7c3a7c3a62786161787c3a
25	ba||:aaabax:|	18 62617c7c7c7c7c3a6161616261787c3a7c7c
23	x|b|a||:aabbxb:xx|:x	21 787c7c627c7c617c7c7c7c7c3a6161626278627c3a
11	:xxxaa::	9 7c3a78787861617c3a
6	xx|:b::|ba::xxb	4 78787c7c
40	a|a::xa|x:xx:|b:bx	26 617c7c617c3a7c3a78617c7c787c3a78787c3a7c7c627c3a6278
9	ax|||a|babxx|xx:bxaxb	8 61787c7c7c7c7c7c
7		0 
38	|:|xx|||:bx:xax|:aa::xa:b:b||	37 7c7c7c3a7c7c78787c7c7c7c7c7c7c3a62787c3a7861787c7c7c3a61617c3a7c3a78617c3a
36	|a	3 7c7c61
34	|	2 7c7c
6	xa:|axa	4 78617c3a
6	xaab:a:|:a|xxx|ba	4 78616162
5	abxxbx|babxxxbbaabx::xxabaab	4 61627878
9	|bbx|:xa|a::|::xbx:aab	7 7c7c6262787c7c
15	babax	5 6261626178
31	|xa:::ab:axa:a:::x|b||	29 7c7c78617c3a7c3a7c3a61627c3a6178617c3a617c3a7c3a7c3a787c7c
15	bbbb	4 62626262
17	||:b||baa|bax|xbxxaaxa	16 7c7c7c7c7c3a627c7c7c7c6261617c7c
22	b|a||xa:aaxbx:	19 627c7c617c7c7c7c78617c3a61617862787c3a
34	:bxa||axx:||:|a|xaabbb	31 7c3a6278617c7c7c7c6178787c3a7c7c7c7c7c3a7c7c617c7c786161626262
35	|x:xxxa|bbbx|b	18 7c7c787c3a787878617c7c626262787c7c62
13	xbbxx:xx|x|:|x:|babab|||ab:b|	11 78626278787c3a78787c7c
18	:|xx|:ab|||	16 7c3a7c7c78787c7c7c3a61627c7c7c7c
16	|x:||a:	12 7c7c787c3a7c7c7c7c617c3a
8	:ab|bbb|baxxa::x|x:ab	6 7c3a61627c7c
26	|x:bbab|ax	13 7c7c787c3a626261627c7c6178
37	xx	2 7878
15	:x|a:|bb|x:b:xaxbbaxxx|bb	14 7c3a787c7c617c3a7c7c62627c7c
22	|:b:a	8 7c7c7c3a627c3a61
11	|xa:bax|::xx||x	9 7c7c78617c3a626178
10	|	2 7c7c
38	|:ba:bxxbbb|aa:|:bxb|bb|b:ax	36 7c7c7c3a62617c3a6278786262627c7c61617c3a7c7c7c3a6278627c7c62627c7c627c3a
22	:ax:::|:xax:	19 7c3a61787c3a7c3a7c3a7c7c7c3a7861787c3a
30	:	2 7c3a
13	x:a:x|xbb|xaxa:	12 787c3a617c3a787c7c786262
23	xax|x:||bab:|:x:x:x	21 7861787c7c787c3a7c7c7c7c6261627c3a7c7c7c3a
28	a:b:bb:aa:abxx||ba|:bx	26 617c3a627c3a62627c3a61617c3a616278787c7c7c7c62617c7c
21		0 
29	|xxbxxabx|x	13 7c7c78786278786162787c7c78
20	:xabaxx||	12 7c3a7861626178787c7c7c7c
4	:a||||axax::a:xabb:xxb|::bxx:	2 7c3a
14	aabb::axxb||::a:aa:|	12 616162627c3a7c3a61787862
9		0 
7	:|x|:b||xa|xxaaa|:axx	5 7c3a7c7c78
32	:::|ab|b	13 7c3a7c3a7c3a7c7c61627c7c62
19	axx||ab|::a	16 6178787c7c7c7c61627c7c7c3a7c3a61
17	:|:xbxa	10 7c3a7c7c7c3a78627861
36	|:b|||:bxb:::b|ba:|xb:|:|x|	35 7c7c7c3a627c7c7c7c7c7c7c3a6278627c3a7c3a7c3a627c7c62617c3a7c7c78627c3a
38	b|||:xba:aa:a:::a:bxxxx:aa	37 627c7c7c7c7c7c7c3a7862617c3a61617c3a617c3a7c3a7c3a617c3a62787878787c3a6161
21	xb:|xxb:aa|x:xxxaxbxab|aa	20 78627c3a7c7c7878627c3a61617c7c787c3a7878
20	baabax|:ab:||::axbx|x:bbbxbbbb	18 6261616261787c7c7c3a61627c3a7c7c7c7c
17	xxaaa|:ab|b|ab:a:|||aa|||x:|a	16 78786161617c7c7c3a61627c7c627c7c
5	:xbaabx|b	4 7c3a7862
15	aba|xbxb:a|ab:x:ax|:|bxxx|	14 6162617c7c786278627c3a617c7c
17	b:|:bbx	10 627c3a7c7c7c3a626278
33	|aba	5 7c7c616261
8	ab:	4 61627c3a
20	axx|b|x||aab::|	18 6178787c7c627c7c787c7c7c7c6161627c3a
19	|x||:x|ab	14 7c7c787c7c7c7c7c3a787c7c6162
10	x	1 78
24	b::a:abx||b	16 627c3a7c3a617c3a6162787c7c7c7c62
15	xa:::x:|a|:b|aabax|xx:aba	13 78617c3a7c3a7c3a787c3a7c7c
31	abbxba||:ba	14 6162627862617c7c7c7c7c3a6261
22	x:xx|b||||::bx	20 787c3a78787c7c627c7c7c7c7c7c7c7c7c3a7c3a
16	:xb|:xa:	12 7c3a78627c7c7c3a78617c3a
11	:x	3 7c3a78
34	|:x|bb|abx|b||a|aa||xx	32 7c7c7c3a787c7c62627c7c6162787c7c627c7c7c7c617c7c61617c7c7c7c7878
5	:xb:bx:aa::x|b::	4 7c3a7862
24	ab:b|:|b:x|bxaa:xbxaab|	23 61627c3a627c7c7c3a7c7c627c3a787c7c627861617c3a
24	|||xa||:	14 7c7c7c7c7c7c78617c7c7c7c7c3a
37	:||xx:x:axbbaaba	21 7c3a7c7c7c7c78787c3a787c3a6178626261616261
5	aab|||::a:|||:b|b:axb|xxb:bab:	3 616162
16	:aaxa|	8 7c3a616178617c7c
15	bb|axax|b|:	13 62627c7c617861787c7c627c7c
15	xab|bb:bab|:|abxaxb:|abxbaaax	14 7861627c7c62627c3a6261627c7c
14	bb|a:ax||ax::|ba:abab|:|bx|ab:	13 62627c7c617c3a61787c7c7c7c
40	x|aa|:	9 787c7c61617c7c7c3a
4	x||aaxb|a|xa||a:ax::abb:a|:x:	3 787c7c
14	b:|ab:bbaab:aaaabbxbxaa	13 627c3a7c7c61627c3a62626161
11	:xabxx:a:|xb:b	9 7c3a78616278787c3a
21	||aa|	8 7c7c7c7c61617c7c
